n,path,true,answer,pred,correct,t_start,t_end,latency_s,E_im_J,Ppeak_W
0,/home/htj/resisc45/imgs_full/church_s0005000.png,church,Airport,airport,0,1782912940.8350194,1782912953.1352136,12.300194263458252,33.65589404529333,3.796
1,/home/htj/resisc45/imgs_full/church_s0005001.png,church,Dense residential,dense_residential,0,1782912953.139835,1782912964.5039263,11.364091396331787,35.90447557779533,3.644
2,/home/htj/resisc45/imgs_full/airport_s0005002.png,airport,Airport,airport,1,1782912964.5083187,1782912975.6720011,11.163682460784912,35.44219840168106,3.644
3,/home/htj/resisc45/imgs_full/dense_residential_s0005003.png,dense_residential,Dense residential,dense_residential,1,1782912975.6765132,1782912987.0099986,11.33348536491394,36.049311049529656,3.644
4,/home/htj/resisc45/imgs_full/stadium_s0005004.png,stadium,Stadium,stadium,1,1782912987.0120037,1782912998.1903634,11.178359746932983,36.84381669344343,4.35075
5,/home/htj/resisc45/imgs_full/commercial_area_s0005005.png,commercial_area,River,river,0,1782912998.1950212,1782913009.3879972,11.192975997924805,38.493723982467266,5.480199999999999
6,/home/htj/resisc45/imgs_full/sparse_residential_s0005006.png,sparse_residential,Church,church,0,1782913009.3924286,1782913020.52886,11.136431455612183,38.834952408305234,5.69025
7,/home/htj/resisc45/imgs_full/chaparral_s0005007.png,chaparral,Chaparral,chaparral,1,1782913020.5329285,1782913032.0067208,11.473792314529419,36.65088891586973,3.644
8,/home/htj/resisc45/imgs_full/railway_s0005008.png,railway,Railway,railway,1,1782913032.0085654,1782913043.21146,11.202894687652588,38.4912695197454,5.480199999999999
9,/home/htj/resisc45/imgs_full/basketball_court_s0005009.png,basketball_court,Basketball court,basketball_court,1,1782913043.2159934,1782913054.53233,11.316336631774902,36.09337038802621,3.644
10,/home/htj/resisc45/imgs_full/golf_course_s0005010.png,golf_course,Golf course,golf_course,1,1782913054.5340328,1782913065.8427582,11.308725357055664,36.158200221162346,3.644
11,/home/htj/resisc45/imgs_full/lake_s0005011.png,lake,Lake,lake,1,1782913065.8472054,1782913077.0294445,11.182239055633545,35.760515238715676,3.66875
12,/home/htj/resisc45/imgs_full/river_s0005012.png,river,River,river,1,1782913077.0338924,1782913088.2509904,11.217097997665405,35.55973802136044,3.642
13,/home/htj/resisc45/imgs_full/forest_s0005013.png,forest,Forest,forest,1,1782913088.2556958,1782913099.4728901,11.217194318771362,35.528897152709476,3.644
14,/home/htj/resisc45/imgs_full/chaparral_s0005014.png,chaparral,Rectangular farmland,rectangular_farmland,0,1782913099.4771218,1782913111.0198274,11.542705535888672,36.67254689807703,3.642
15,/home/htj/resisc45/imgs_full/commercial_area_s0005015.png,commercial_area,Industrial area,industrial_area,0,1782913111.0243642,1782913122.382945,11.358580827713013,37.79205323244339,4.767799999999999
16,/home/htj/resisc45/imgs_full/baseball_diamond_s0005016.png,baseball_diamond,Baseball diamond,baseball_diamond,1,1782913122.387272,1782913133.696497,11.309225082397461,39.45680653722562,5.662
17,/home/htj/resisc45/imgs_full/parking_lot_s0005017.png,parking_lot,Parking lot,parking_lot,1,1782913133.6980112,1782913145.046466,11.34845495223999,36.815357331067474,3.743
18,/home/htj/resisc45/imgs_full/wetland_s0005018.png,wetland,Forest,forest,0,1782913145.0479732,1782913156.1833498,11.135376691818237,39.04347133883408,5.561
19,/home/htj/resisc45/imgs_full/sparse_residential_s0005019.png,sparse_residential,Medium residential,medium_residential,0,1782913156.1848776,1782913167.5447545,11.359876871109009,39.34090078679681,5.571099999999997
20,/home/htj/resisc45/imgs_full/tennis_court_s0005020.png,tennis_court,Medium residential,medium_residential,0,1782913167.5458298,1782913178.905448,11.359618186950684,38.54746577145945,5.2681
21,/home/htj/resisc45/imgs_full/baseball_diamond_s0005021.png,baseball_diamond,Baseball diamond,baseball_diamond,1,1782913178.90705,1782913190.2637427,11.356692790985107,39.2293671244359,5.565899999999998
22,/home/htj/resisc45/imgs_full/ground_track_field_s0005022.png,ground_track_field,Medium residential,medium_residential,0,1782913190.2653074,1782913201.6592035,11.393896102905273,39.30284582060814,5.468099999999999
23,/home/htj/resisc45/imgs_full/chaparral_s0005023.png,chaparral,Desert,desert,0,1782913201.660372,1782913212.799638,11.139266014099121,39.20004326444256,5.68725
24,/home/htj/resisc45/imgs_full/mobile_home_park_s0005024.png,mobile_home_park,Mobile home park,mobile_home_park,1,1782913212.8012488,1782913224.3019757,11.50072693824768,37.09035678447473,3.644
25,/home/htj/resisc45/imgs_full/roundabout_s0005025.png,roundabout,Roundabout,roundabout,1,1782913224.3035638,1782913235.5872052,11.283641338348389,36.284999211224644,3.743
26,/home/htj/resisc45/imgs_full/golf_course_s0005026.png,golf_course,Forest,forest,0,1782913235.58855,1782913246.7846954,11.196145296096802,36.16201480932163,3.644
27,/home/htj/resisc45/imgs_full/baseball_diamond_s0005027.png,baseball_diamond,Baseball diamond,baseball_diamond,1,1782913246.7860389,1782913258.1495464,11.363507509231567,39.37146995463563,5.5614
28,/home/htj/resisc45/imgs_full/parking_lot_s0005028.png,parking_lot,Parking lot,parking_lot,1,1782913258.1541016,1782913269.4909794,11.336877822875977,39.38641087906837,5.566049999999998
29,/home/htj/resisc45/imgs_full/railway_station_s0005029.png,railway_station,Railway station,railway_station,1,1782913269.4952571,1782913280.831255,11.335997819900513,39.603020443987006,5.6624
30,/home/htj/resisc45/imgs_full/golf_course_s0005030.png,golf_course,Golf course,golf_course,1,1782913280.832859,1782913292.1512475,11.31838846206665,39.637280775777064,5.6624
31,/home/htj/resisc45/imgs_full/dense_residential_s0005031.png,dense_residential,Dense residential,dense_residential,1,1782913292.155458,1782913303.4658,11.310342073440552,39.80423551812437,5.6805499999999975
32,/home/htj/resisc45/imgs_full/desert_s0005032.png,desert,Beach,beach,0,1782913303.467256,1782913314.6335452,11.16628909111023,39.16900632624359,5.68725
33,/home/htj/resisc45/imgs_full/intersection_s0005033.png,intersection,Commercial area,commercial_area,0,1782913314.6353745,1782913326.0165396,11.381165027618408,36.42945898447752,3.642
34,/home/htj/resisc45/imgs_full/stadium_s0005034.png,stadium,Stadium,stadium,1,1782913326.0207987,1782913337.1568823,11.136083602905273,39.26800089244353,5.691399999999999
35,/home/htj/resisc45/imgs_full/beach_s0005035.png,beach,Beach,beach,1,1782913337.1609957,1782913348.3724012,11.211405515670776,38.87893481151828,5.561
36,/home/htj/resisc45/imgs_full/terrace_s0005036.png,terrace,Rectangular farmland,rectangular_farmland,0,1782913348.3763914,1782913359.8981166,11.521725177764893,40.507990118796286,5.755099999999999
37,/home/htj/resisc45/imgs_full/terrace_s0005037.png,terrace,Rectangular farmland,rectangular_farmland,0,1782913359.9025242,1782913371.456791,11.554266691207886,40.29035404551088,5.561
38,/home/htj/resisc45/imgs_full/ground_track_field_s0005038.png,ground_track_field,Stadium,stadium,0,1782913371.4610887,1782913382.6342034,11.173114776611328,36.09349316071491,3.642
39,/home/htj/resisc45/imgs_full/sparse_residential_s0005039.png,sparse_residential,Church,church,0,1782913382.638623,1782913393.788002,11.149379014968872,36.1093686696887,3.743
40,/home/htj/resisc45/imgs_full/overpass_s0005040.png,overpass,Roundabout,roundabout,0,1782913393.7895684,1782913405.1035054,11.313936948776245,39.77207017408304,5.662
41,/home/htj/resisc45/imgs_full/palace_s0005041.png,palace,Dense residential,dense_residential,0,1782913405.1082087,1782913416.4199462,11.311737537384033,40.00626193849765,5.763
42,/home/htj/resisc45/imgs_full/rectangular_farmland_s0005042.png,rectangular_farmland,Rectangular farmland,rectangular_farmland,1,1782913416.424,1782913427.9668944,11.54289436340332,39.995162322866506,5.652299999999998
43,/home/htj/resisc45/imgs_full/railway_s0005043.png,railway,Railway,railway,1,1782913427.9711823,1782913439.142692,11.171509742736816,39.297609440034755,5.68725
44,/home/htj/resisc45/imgs_full/airport_s0005044.png,airport,Airport,airport,1,1782913439.147306,1782913450.4440875,11.296781539916992,36.08555337426651,3.644
45,/home/htj/resisc45/imgs_full/bridge_s0005045.png,bridge,Bridge,bridge,1,1782913450.4453743,1782913461.63953,11.1941556930542,39.182286351573715,5.58925
46,/home/htj/resisc45/imgs_full/sparse_residential_s0005046.png,sparse_residential,Industrial area,industrial_area,0,1782913461.6435351,1782913472.9869561,11.34342098236084,39.92317014741897,5.667049999999998
47,/home/htj/resisc45/imgs_full/church_s0005047.png,church,Church,church,1,1782913472.9887867,1782913484.1282656,11.139478921890259,39.398508929672,5.666
48,/home/htj/resisc45/imgs_full/dense_residential_s0005048.png,dense_residential,Dense residential,dense_residential,1,1782913484.1328185,1782913495.5485594,11.415740966796875,39.801095038146975,5.570049999999998
49,/home/htj/resisc45/imgs_full/railway_s0005049.png,railway,Railway station,railway_station,0,1782913495.5530064,1782913506.9217632,11.368756771087646,39.95970211199283,5.767
50,/home/htj/resisc45/imgs_full/runway_s0005050.png,runway,Airport,airport,0,1782913506.9259758,1782913518.0595663,11.133590459823608,36.17837498306498,3.746
51,/home/htj/resisc45/imgs_full/snowberg_s0005051.png,snowberg,Mountain,mountain,0,1782913518.064115,1782913529.3179197,11.253804683685303,36.14642088122779,3.647
52,/home/htj/resisc45/imgs_full/chaparral_s0005052.png,chaparral,Beach,beach,0,1782913529.3221207,1782913540.5262923,11.204171657562256,36.05593437752022,3.644
53,/home/htj/resisc45/imgs_full/overpass_s0005053.png,overpass,Freeway,freeway,0,1782913540.5301752,1782913551.884092,11.353916883468628,37.15194620857954,3.746
54,/home/htj/resisc45/imgs_full/railway_station_s0005054.png,railway_station,Railway,railway,0,1782913551.8884737,1782913563.013632,11.125158309936523,39.33901620068672,5.695099999999998
55,/home/htj/resisc45/imgs_full/sea_ice_s0005055.png,sea_ice,Sea ice,sea_ice,1,1782913563.017907,1782913574.451051,11.433144092559814,39.63262426831829,5.561
56,/home/htj/resisc45/imgs_full/airplane_s0005056.png,airplane,Airport,airport,0,1782913574.4553394,1782913585.6083074,11.152967929840088,36.1501832344678,3.743
57,/home/htj/resisc45/imgs_full/bridge_s0005057.png,bridge,Bridge,bridge,1,1782913585.6123865,1782913596.728193,11.115806579589844,36.142761527042,3.746
58,/home/htj/resisc45/imgs_full/commercial_area_s0005058.png,commercial_area,Commercial area,commercial_area,1,1782913596.7326715,1782913608.0776973,11.345025777816772,36.516046337465546,3.644
59,/home/htj/resisc45/imgs_full/dense_residential_s0005059.png,dense_residential,Dense residential,dense_residential,1,1782913608.081998,1782913619.4551296,11.373131513595581,39.78600045177817,5.667049999999998
60,/home/htj/resisc45/imgs_full/forest_s0005060.png,forest,Forest,forest,1,1782913619.4594054,1782913630.6088037,11.14939832687378,39.236609906885086,5.666
61,/home/htj/resisc45/imgs_full/ship_s0005061.png,ship,Harbor,harbor,0,1782913630.610308,1782913641.9373448,11.32703685760498,40.03213888567058,5.7634
62,/home/htj/resisc45/imgs_full/baseball_diamond_s0005062.png,baseball_diamond,Baseball diamond,baseball_diamond,1,1782913641.9415014,1782913653.338382,11.396880626678467,39.770668603663445,5.570049999999998
63,/home/htj/resisc45/imgs_full/basketball_court_s0005063.png,basketball_court,Basketball court,basketball_court,1,1782913653.3424914,1782913664.682071,11.339579582214355,40.24212681295395,5.763
64,/home/htj/resisc45/imgs_full/sparse_residential_s0005064.png,sparse_residential,Church,church,0,1782913664.6863873,1782913675.8191118,11.132724523544312,39.498278609690296,5.666
65,/home/htj/resisc45/imgs_full/overpass_s0005065.png,overpass,freeway,freeway,0,1782913675.823598,1782913687.23461,11.411012172698975,39.97890693108715,5.666
66,/home/htj/resisc45/imgs_full/airport_s0005066.png,airport,Airport,airport,1,1782913687.236297,1782913698.4593399,11.223042964935303,39.37863836661208,5.565
67,/home/htj/resisc45/imgs_full/airplane_s0005067.png,airplane,Airport,airport,0,1782913698.4608784,1782913709.7531219,11.292243480682373,39.393561697687765,5.666
68,/home/htj/resisc45/imgs_full/island_s0005068.png,island,Island,island,1,1782913709.7543352,1782913720.9749107,11.22057557106018,39.44015312355577,5.676699999999998
69,/home/htj/resisc45/imgs_full/wetland_s0005069.png,wetland,Forest,forest,0,1782913720.979211,1782913732.2028995,11.22368836402893,39.383466685078474,5.604599999999998
70,/home/htj/resisc45/imgs_full/baseball_diamond_s0005070.png,baseball_diamond,Baseball diamond,baseball_diamond,1,1782913732.207153,1782913743.5429578,11.33580470085144,40.149084732864374,5.676099999999999
71,/home/htj/resisc45/imgs_full/tennis_court_s0005071.png,tennis_court,Dense residential,dense_residential,0,1782913743.5474386,1782913754.9029133,11.355474710464478,36.83988527467727,3.743
72,/home/htj/resisc45/imgs_full/parking_lot_s0005072.png,parking_lot,Parking lot,parking_lot,1,1782913754.9073563,1782913766.3167586,11.40940237045288,39.572428228690626,5.570049999999998
73,/home/htj/resisc45/imgs_full/roundabout_s0005073.png,roundabout,Roundabout,roundabout,1,1782913766.3209653,1782913777.7204294,11.399464130401611,39.86216793770576,5.666
74,/home/htj/resisc45/imgs_full/bridge_s0005074.png,bridge,Bridge,bridge,1,1782913777.72449,1782913788.9883687,11.26387882232666,38.91441424914423,5.480199999999999
75,/home/htj/resisc45/imgs_full/meadow_s0005075.png,meadow,Rectangular farmland,rectangular_farmland,0,1782913788.992745,1782913800.4537113,11.460966348648071,38.44857707359423,4.353
76,/home/htj/resisc45/imgs_full/sparse_residential_s0005076.png,sparse_residential,Sparse residential,sparse_residential,1,1782913800.4580224,1782913811.832961,11.374938726425171,39.8360022897327,5.570049999999998
77,/home/htj/resisc45/imgs_full/wetland_s0005077.png,wetland,Lake,lake,0,1782913811.8371809,1782913823.009544,11.172363042831421,39.44892988201063,5.662
78,/home/htj/resisc45/imgs_full/tennis_court_s0005078.png,tennis_court,Sparse residential,sparse_residential,0,1782913823.0140638,1782913834.3412285,11.327164649963379,40.21946028734811,5.7730999999999995
79,/home/htj/resisc45/imgs_full/harbor_s0005079.png,harbor,Harbor,harbor,1,1782913834.3454595,1782913845.7098176,11.364358186721802,36.848874598654504,3.644
80,/home/htj/resisc45/imgs_full/sparse_residential_s0005080.png,sparse_residential,Dense residential,dense_residential,0,1782913845.7140164,1782913857.104134,11.390117645263672,40.179266450138094,5.662
81,/home/htj/resisc45/imgs_full/ship_s0005081.png,ship,Industrial area,industrial_area,0,1782913857.1080353,1782913868.461407,11.353371620178223,36.56489570737838,3.644
82,/home/htj/resisc45/imgs_full/dense_residential_s0005082.png,dense_residential,Lake,lake,0,1782913868.4659133,1782913879.684308,11.218394756317139,37.030383544113434,3.968199999999999
83,/home/htj/resisc45/imgs_full/runway_s0005083.png,runway,Rectangular farmland,rectangular_farmland,0,1782913879.6856012,1782913891.1830823,11.497481107711792,40.25359204967187,5.660949999999999
84,/home/htj/resisc45/imgs_full/mountain_s0005084.png,mountain,Mountain,mountain,1,1782913891.1874309,1782913902.3586028,11.17117190361023,36.31975968963759,3.746
85,/home/htj/resisc45/imgs_full/storage_tank_s0005085.png,storage_tank,Industrial area,industrial_area,0,1782913902.3631303,1782913913.7087448,11.345614433288574,39.92289133978367,5.767
86,/home/htj/resisc45/imgs_full/mobile_home_park_s0005086.png,mobile_home_park,Mobile home park,mobile_home_park,1,1782913913.7107115,1782913925.2578747,11.547163248062134,37.20945370888475,3.647
87,/home/htj/resisc45/imgs_full/wetland_s0005087.png,wetland,Forest,forest,0,1782913925.262284,1782913936.5162776,11.253993511199951,36.18318869088507,3.644
88,/home/htj/resisc45/imgs_full/commercial_area_s0005088.png,commercial_area,Commercial area,commercial_area,1,1782913936.520882,1782913947.8750153,11.354133367538452,39.788686954532864,5.673899999999999
89,/home/htj/resisc45/imgs_full/railway_s0005089.png,railway,Railway,railway,1,1782913947.8792655,1782913959.133019,11.253753423690796,39.43377720513609,5.666
90,/home/htj/resisc45/imgs_full/ship_s0005090.png,ship,Harbor,harbor,0,1782913959.1372502,1782913970.5271075,11.389857292175293,39.67645397871971,5.6621999999999995
91,/home/htj/resisc45/imgs_full/golf_course_s0005091.png,golf_course,Golf course,golf_course,1,1782913970.53149,1782913981.8956413,11.364151239395142,39.582134257400035,5.570049999999998
92,/home/htj/resisc45/imgs_full/baseball_diamond_s0005092.png,baseball_diamond,Baseball diamond,baseball_diamond,1,1782913981.9001896,1782913993.331242,11.431052446365356,39.80224216735185,5.666
93,/home/htj/resisc45/imgs_full/desert_s0005093.png,desert,Desert,desert,1,1782913993.3355958,1782914004.5280044,11.192408561706543,39.20169650800374,5.666
94,/home/htj/resisc45/imgs_full/airport_s0005094.png,airport,Airport,airport,1,1782914004.5320792,1782914015.7613993,11.229320049285889,39.25827002967969,5.580149999999998
95,/home/htj/resisc45/imgs_full/circular_farmland_s0005095.png,circular_farmland,Circular farmland,circular_farmland,1,1782914015.7656283,1782914027.1264582,11.360829830169678,39.669049107901415,5.585199999999999
96,/home/htj/resisc45/imgs_full/terrace_s0005096.png,terrace,Rectangular farmland,rectangular_farmland,0,1782914027.1306343,1782914038.6495624,11.518928050994873,40.22029494038239,5.5547999999999975
97,/home/htj/resisc45/imgs_full/thermal_power_station_s0005097.png,thermal_power_station,Industrial area,industrial_area,0,1782914038.6537445,1782914050.036555,11.382810592651367,39.74342466856003,5.570049999999998
98,/home/htj/resisc45/imgs_full/golf_course_s0005098.png,golf_course,Golf course,golf_course,1,1782914050.0408213,1782914061.4030612,11.362239837646484,39.69281439082467,5.575099999999999
99,/home/htj/resisc45/imgs_full/mountain_s0005099.png,mountain,Forest,forest,0,1782914061.4072523,1782914072.5986176,11.191365242004395,39.310070104156225,5.59025
100,/home/htj/resisc45/imgs_full/baseball_diamond_s0005100.png,baseball_diamond,Baseball diamond,baseball_diamond,1,1782914072.6029823,1782914083.9620519,11.359069585800171,39.59408167383194,5.569849999999999
101,/home/htj/resisc45/imgs_full/commercial_area_s0005101.png,commercial_area,Commercial area,commercial_area,1,1782914083.9663897,1782914095.3410535,11.374663829803467,36.635915376265054,3.647
102,/home/htj/resisc45/imgs_full/desert_s0005102.png,desert,Beach,beach,0,1782914095.3453212,1782914106.5484338,11.203112602233887,39.434842622679504,5.605399999999998
103,/home/htj/resisc45/imgs_full/mobile_home_park_s0005103.png,mobile_home_park,Mobile home park,mobile_home_park,1,1782914106.5526679,1782914118.1243324,11.571664571762085,40.27697414514114,5.565
104,/home/htj/resisc45/imgs_full/ground_track_field_s0005104.png,ground_track_field,Stadium,stadium,0,1782914118.1287405,1782914129.3371358,11.20839524269104,35.9266049543008,3.644
105,/home/htj/resisc45/imgs_full/intersection_s0005105.png,intersection,Commercial area,commercial_area,0,1782914129.3413124,1782914140.7190325,11.37772011756897,39.787375253733394,5.570049999999998
106,/home/htj/resisc45/imgs_full/golf_course_s0005106.png,golf_course,Golf course,golf_course,1,1782914140.7232518,1782914152.0982294,11.374977588653564,40.17283772518396,5.574899999999997
107,/home/htj/resisc45/imgs_full/terrace_s0005107.png,terrace,Terrace,terrace,1,1782914152.102511,1782914163.4557261,11.353215217590332,39.57365696322379,5.5747
108,/home/htj/resisc45/imgs_full/thermal_power_station_s0005108.png,thermal_power_station,Industrial area,industrial_area,0,1782914163.4600976,1782914174.838312,11.378214359283447,39.8627775327444,5.6621999999999995
109,/home/htj/resisc45/imgs_full/terrace_s0005109.png,terrace,Rectangular farmland,rectangular_farmland,0,1782914174.839599,1782914186.3578272,11.51822829246521,40.109761836733135,5.5547999999999975
110,/home/htj/resisc45/imgs_full/commercial_area_s0005110.png,commercial_area,Commercial area,commercial_area,1,1782914186.3622606,1782914197.7162375,11.353976964950562,39.94545905879993,5.6720999999999995
111,/home/htj/resisc45/imgs_full/snowberg_s0005111.png,snowberg,Mountain,mountain,0,1782914197.7203507,1782914208.9937215,11.273370742797852,39.11523724077205,5.561
112,/home/htj/resisc45/imgs_full/ship_s0005112.png,ship,Harbor,harbor,0,1782914208.9947088,1782914220.3537836,11.359074831008911,39.581718565385344,5.566049999999998
113,/home/htj/resisc45/imgs_full/terrace_s0005113.png,terrace,Rectangular farmland,rectangular_farmland,0,1782914220.3580916,1782914231.9380836,11.579992055892944,40.24824915359885,5.565
114,/home/htj/resisc45/imgs_full/cloud_s0005114.png,cloud,Cloud,cloud,1,1782914231.942525,1782914243.2107522,11.268227338790894,39.244390309054445,5.5761499999999975
115,/home/htj/resisc45/imgs_full/meadow_s0005115.png,meadow,Sparse residential,sparse_residential,0,1782914243.212469,1782914254.6329083,11.42043924331665,39.7016723722887,5.565
116,/home/htj/resisc45/imgs_full/palace_s0005116.png,palace,Airport,airport,0,1782914254.6368809,1782914265.8508613,11.213980436325073,39.353785090405324,5.6628
117,/home/htj/resisc45/imgs_full/roundabout_s0005117.png,roundabout,Roundabout,roundabout,1,1782914265.8550253,1782914277.2530222,11.39799690246582,37.34375059768335,4.151
118,/home/htj/resisc45/imgs_full/overpass_s0005118.png,overpass,Freeway,freeway,0,1782914277.2545497,1782914288.6832511,11.428701400756836,37.421968436117176,4.049
119,/home/htj/resisc45/imgs_full/industrial_area_s0005119.png,industrial_area,Industrial area,industrial_area,1,1782914288.6877913,1782914300.0712364,11.383445024490356,38.107562067334655,4.861099999999999
120,/home/htj/resisc45/imgs_full/mobile_home_park_s0005120.png,mobile_home_park,Mobile home park,mobile_home_park,1,1782914300.0757275,1782914311.6518242,11.576096773147583,40.14687303609919,5.561
121,/home/htj/resisc45/imgs_full/rectangular_farmland_s0005121.png,rectangular_farmland,Rectangular farmland,rectangular_farmland,1,1782914311.6562068,1782914323.1888888,11.532681941986084,40.29751996618421,5.561
122,/home/htj/resisc45/imgs_full/storage_tank_s0005122.png,storage_tank,Industrial area,industrial_area,0,1782914323.1932704,1782914334.5518816,11.358611106872559,39.803198927079016,5.666
123,/home/htj/resisc45/imgs_full/rectangular_farmland_s0005123.png,rectangular_farmland,Rectangular farmland,rectangular_farmland,1,1782914334.5531812,1782914346.0502813,11.497100114822388,40.28817237216294,5.5648
124,/home/htj/resisc45/imgs_full/storage_tank_s0005124.png,storage_tank,Industrial area,industrial_area,0,1782914346.054484,1782914357.4274623,11.372978448867798,39.761922928470376,5.570049999999998
125,/home/htj/resisc45/imgs_full/palace_s0005125.png,palace,Stadium,stadium,0,1782914357.4317937,1782914368.6261923,11.194398641586304,39.26477941805336,5.584399999999999
126,/home/htj/resisc45/imgs_full/beach_s0005126.png,beach,Beach,beach,1,1782914368.63012,1782914379.8456466,11.215526580810547,39.032423628715094,5.483399999999999
127,/home/htj/resisc45/imgs_full/stadium_s0005127.png,stadium,Stadium,stadium,1,1782914379.8500566,1782914391.0683236,11.21826696395874,39.16103382358212,5.585199999999999
128,/home/htj/resisc45/imgs_full/medium_residential_s0005128.png,medium_residential,Dense residential,dense_residential,0,1782914391.0722573,1782914402.4275146,11.355257272720337,39.587379219594006,5.662
129,/home/htj/resisc45/imgs_full/tennis_court_s0005129.png,tennis_court,Dense residential,dense_residential,0,1782914402.4297101,1782914413.7689002,11.339190006256104,39.51929942512033,5.5710999999999995
130,/home/htj/resisc45/imgs_full/commercial_area_s0005130.png,commercial_area,Industrial area,industrial_area,0,1782914413.7733996,1782914425.158466,11.385066509246826,39.634092009317875,5.566049999999998
131,/home/htj/resisc45/imgs_full/bridge_s0005131.png,bridge,Bridge,bridge,1,1782914425.1594262,1782914436.3447857,11.185359477996826,38.827221671852364,5.480199999999999
132,/home/htj/resisc45/imgs_full/commercial_area_s0005132.png,commercial_area,Railway station,railway_station,0,1782914436.3493664,1782914447.7045496,11.355183124542236,39.62108698261443,5.662
133,/home/htj/resisc45/imgs_full/cloud_s0005133.png,cloud,Cloud,cloud,1,1782914447.7060018,1782914458.904695,11.19869327545166,39.653947580627985,5.581199999999999
134,/home/htj/resisc45/imgs_full/roundabout_s0005134.png,roundabout,Roundabout,roundabout,1,1782914458.90919,1782914470.2325149,11.323324918746948,40.72522003779219,5.5747
135,/home/htj/resisc45/imgs_full/basketball_court_s0005135.png,basketball_court,Basketball court,basketball_court,1,1782914470.2365792,1782914481.6135805,11.377001285552979,36.79117429724693,3.649099999999998
136,/home/htj/resisc45/imgs_full/commercial_area_s0005136.png,commercial_area,Stadium,stadium,0,1782914481.618113,1782914492.8240247,11.205911636352539,38.940486053524886,5.662
137,/home/htj/resisc45/imgs_full/commercial_area_s0005137.png,commercial_area,Commercial area,commercial_area,1,1782914492.8257422,1782914504.186251,11.360508680343628,39.7550208785379,5.570049999999998
138,/home/htj/resisc45/imgs_full/golf_course_s0005138.png,golf_course,Golf course,golf_course,1,1782914504.190627,1782914515.5660279,11.37540078163147,39.62315041205032,5.662
139,/home/htj/resisc45/imgs_full/ship_s0005139.png,ship,Harbor,harbor,0,1782914515.5704346,1782914526.9255009,11.355066299438477,36.49598193528065,3.644
140,/home/htj/resisc45/imgs_full/thermal_power_station_s0005140.png,thermal_power_station,Industrial area,industrial_area,0,1782914526.9296505,1782914538.3380518,11.408401250839233,39.60633661714241,5.565
141,/home/htj/resisc45/imgs_full/tennis_court_s0005141.png,tennis_court,Medium residential,medium_residential,0,1782914538.3396368,1782914549.7414513,11.401814460754395,36.57798994432926,3.647
142,/home/htj/resisc45/imgs_full/freeway_s0005142.png,freeway,Freeway,freeway,1,1782914549.7453647,1782914561.0831535,11.337788820266724,36.38478748625727,3.644
143,/home/htj/resisc45/imgs_full/medium_residential_s0005143.png,medium_residential,Medium residential,medium_residential,1,1782914561.0869825,1782914572.4647052,11.37772274017334,36.36661519441605,3.644
144,/home/htj/resisc45/imgs_full/island_s0005144.png,island,Island,island,1,1782914572.4656446,1782914583.6853,11.219655513763428,39.04519852382157,5.587599999999998
145,/home/htj/resisc45/imgs_full/stadium_s0005145.png,stadium,Industrial area,industrial_area,0,1782914583.6896462,1782914595.0735903,11.383944034576416,39.57093098250866,5.575099999999996
146,/home/htj/resisc45/imgs_full/runway_s0005146.png,runway,Runway,runway,1,1782914595.0778775,1782914606.425359,11.347481489181519,39.45405838973522,5.572899999999999
147,/home/htj/resisc45/imgs_full/church_s0005147.png,church,Church,church,1,1782914606.4297519,1782914617.6583502,11.228598356246948,38.85351522086841,5.487199999999999
148,/home/htj/resisc45/imgs_full/railway_station_s0005148.png,railway_station,Industrial area,industrial_area,0,1782914617.6625807,1782914629.0855176,11.422936916351318,37.82532226727376,4.758
149,/home/htj/resisc45/imgs_full/stadium_s0005149.png,stadium,Stadium,stadium,1,1782914629.089604,1782914640.2783542,11.188750267028809,38.93230727432948,5.587599999999998
150,/home/htj/resisc45/imgs_full/cloud_s0005150.png,cloud,Commercial area,commercial_area,0,1782914640.2827606,1782914651.6464677,11.363707065582275,39.40202678432177,5.575099999999999
151,/home/htj/resisc45/imgs_full/airport_s0005151.png,airport,Airport,airport,1,1782914651.6505518,1782914662.805285,11.154733180999756,39.169162622232825,5.69125
152,/home/htj/resisc45/imgs_full/sea_ice_s0005152.png,sea_ice,Cloud,cloud,0,1782914662.809577,1782914674.0243387,11.214761734008789,38.81998313385823,5.585199999999999
153,/home/htj/resisc45/imgs_full/snowberg_s0005153.png,snowberg,Mountain,mountain,0,1782914674.0259151,1782914685.2016358,11.175720691680908,38.74145835613841,5.565600000000001
154,/home/htj/resisc45/imgs_full/industrial_area_s0005154.png,industrial_area,Industrial area,industrial_area,1,1782914685.2059245,1782914696.5959046,11.38998007774353,39.22521204103589,5.565
155,/home/htj/resisc45/imgs_full/dense_residential_s0005155.png,dense_residential,Dense residential,dense_residential,1,1782914696.600497,1782914707.9421449,11.341647863388062,39.421174258512465,5.565
156,/home/htj/resisc45/imgs_full/lake_s0005156.png,lake,Lake,lake,1,1782914707.9437473,1782914719.1407537,11.197006464004517,38.81035901933878,5.5618
157,/home/htj/resisc45/imgs_full/desert_s0005157.png,desert,Beach,beach,0,1782914719.1447673,1782914730.3585727,11.213805437088013,38.879515753529404,5.565
158,/home/htj/resisc45/imgs_full/stadium_s0005158.png,stadium,Stadium,stadium,1,1782914730.3632534,1782914741.5610287,11.19777536392212,38.89521693983659,5.587599999999998
159,/home/htj/resisc45/imgs_full/bridge_s0005159.png,bridge,River,river,0,1782914741.5655448,1782914752.7793736,11.213828802108765,39.39924672781513,5.587599999999998
160,/home/htj/resisc45/imgs_full/stadium_s0005160.png,stadium,Stadium,stadium,1,1782914752.7836185,1782914763.9800107,11.196392297744751,35.662157668198425,3.647
161,/home/htj/resisc45/imgs_full/terrace_s0005161.png,terrace,Terrace,terrace,1,1782914763.984103,1782914775.404387,11.420284032821655,39.395754408142565,5.568
162,/home/htj/resisc45/imgs_full/sea_ice_s0005162.png,sea_ice,Sea ice,sea_ice,1,1782914775.4057016,1782914786.7448115,11.339109897613525,39.423122130511395,5.578099999999999
163,/home/htj/resisc45/imgs_full/bridge_s0005163.png,bridge,Bridge,bridge,1,1782914786.7492595,1782914797.9441423,11.194882869720459,38.823853792190555,5.59025
164,/home/htj/resisc45/imgs_full/intersection_s0005164.png,intersection,Intersection,intersection,1,1782914797.94839,1782914809.16228,11.213890075683594,38.87269379250773,5.585199999999999
165,/home/htj/resisc45/imgs_full/sea_ice_s0005165.png,sea_ice,Sea ice,sea_ice,1,1782914809.1665208,1782914820.5470734,11.380552530288696,39.212604187312124,5.565
166,/home/htj/resisc45/imgs_full/snowberg_s0005166.png,snowberg,Mountain,mountain,0,1782914820.5515225,1782914831.8222003,11.2706778049469,38.82059740160571,5.565
167,/home/htj/resisc45/imgs_full/medium_residential_s0005167.png,medium_residential,Dense residential,dense_residential,0,1782914831.8266792,1782914843.2629445,11.436265230178833,39.13421685556867,5.463
168,/home/htj/resisc45/imgs_full/industrial_area_s0005168.png,industrial_area,Industrial area,industrial_area,1,1782914843.2647018,1782914854.6352,11.370498180389404,36.5113553154121,3.746
169,/home/htj/resisc45/imgs_full/wetland_s0005169.png,wetland,River,river,0,1782914854.6396432,1782914865.8500857,11.210442543029785,35.82479942258524,3.644
170,/home/htj/resisc45/imgs_full/island_s0005170.png,island,Island,island,1,1782914865.8544443,1782914877.0789578,11.224513530731201,35.6193698388332,3.644
171,/home/htj/resisc45/imgs_full/runway_s0005171.png,runway,Freeway,freeway,0,1782914877.0830612,1782914888.433005,11.34994387626648,36.1602367710588,3.644
172,/home/htj/resisc45/imgs_full/sparse_residential_s0005172.png,sparse_residential,Rectangular farmland,rectangular_farmland,0,1782914888.4372082,1782914899.9582152,11.521007061004639,36.807517671923335,3.644
173,/home/htj/resisc45/imgs_full/bridge_s0005173.png,bridge,Bridge,bridge,1,1782914899.9623773,1782914911.1616952,11.199317932128906,35.86703793822932,3.647
174,/home/htj/resisc45/imgs_full/river_s0005174.png,river,River,river,1,1782914911.165931,1782914922.3235004,11.157569408416748,38.92944278246043,5.59025
175,/home/htj/resisc45/imgs_full/chaparral_s0005175.png,chaparral,Forest,forest,0,1782914922.3254335,1782914933.5601766,11.234743118286133,38.84381067113344,5.585199999999999
176,/home/htj/resisc45/imgs_full/roundabout_s0005176.png,roundabout,Roundabout,roundabout,1,1782914933.5648773,1782914944.9272778,11.362400531768799,36.11186774606228,3.647
177,/home/htj/resisc45/imgs_full/basketball_court_s0005177.png,basketball_court,Tennis court,tennis_court,0,1782914944.9315376,1782914956.3380122,11.406474590301514,39.15129822188616,5.4720499999999985
178,/home/htj/resisc45/imgs_full/freeway_s0005178.png,freeway,Wetland,wetland,0,1782914956.3426743,1782914967.7045665,11.361892223358154,38.95305448909998,5.467
179,/home/htj/resisc45/imgs_full/mountain_s0005179.png,mountain,Forest,forest,0,1782914967.7090776,1782914978.9058626,11.196784973144531,38.636978936364805,5.486599999999998
180,/home/htj/resisc45/imgs_full/baseball_diamond_s0005180.png,baseball_diamond,Baseball diamond,baseball_diamond,1,1782914978.9098072,1782914990.2639241,11.354116916656494,38.980908553573954,5.477099999999999
181,/home/htj/resisc45/imgs_full/basketball_court_s0005181.png,basketball_court,Basketball court,basketball_court,1,1782914990.2678602,1782915001.557785,11.28992486000061,39.18523005730423,5.578099999999999
182,/home/htj/resisc45/imgs_full/intersection_s0005182.png,intersection,Parking lot,parking_lot,0,1782915001.56221,1782915012.91942,11.357209920883179,38.864144063635685,5.467
183,/home/htj/resisc45/imgs_full/parking_lot_s0005183.png,parking_lot,Commercial area,commercial_area,0,1782915012.923877,1782915024.2993493,11.3754723072052,39.19259726835251,5.565
184,/home/htj/resisc45/imgs_full/rectangular_farmland_s0005184.png,rectangular_farmland,Rectangular farmland,rectangular_farmland,1,1782915024.3036034,1782915035.8464081,11.542804718017578,39.584883127748085,5.467
185,/home/htj/resisc45/imgs_full/medium_residential_s0005185.png,medium_residential,Dense residential,dense_residential,0,1782915035.8508787,1782915047.194622,11.343743324279785,35.97990266399767,3.644
186,/home/htj/resisc45/imgs_full/parking_lot_s0005186.png,parking_lot,Parking lot,parking_lot,1,1782915047.1992853,1782915058.5495586,11.350273370742798,36.84618140820882,4.1632
187,/home/htj/resisc45/imgs_full/dense_residential_s0005187.png,dense_residential,Dense residential,dense_residential,1,1782915058.5539565,1782915069.9471476,11.39319109916687,39.25831609377622,5.565
188,/home/htj/resisc45/imgs_full/medium_residential_s0005188.png,medium_residential,Dense residential,dense_residential,0,1782915069.9516943,1782915081.2652252,11.313530921936035,36.207449139930496,3.6569
189,/home/htj/resisc45/imgs_full/church_s0005189.png,church,Church,church,1,1782915081.26959,1782915092.4955802,11.225990295410156,38.65228126626572,5.587599999999998
190,/home/htj/resisc45/imgs_full/intersection_s0005190.png,intersection,Roundabout,roundabout,0,1782915092.499868,1782915103.85033,11.350462198257446,39.08429503810167,5.570049999999998
191,/home/htj/resisc45/imgs_full/palace_s0005191.png,palace,Dense residential,dense_residential,0,1782915103.8548722,1782915115.2286403,11.373768091201782,36.03886470494151,3.5529499999999983
192,/home/htj/resisc45/imgs_full/commercial_area_s0005192.png,commercial_area,Dense residential,dense_residential,0,1782915115.2328715,1782915126.5913355,11.358464002609253,36.08475565982703,3.545
193,/home/htj/resisc45/imgs_full/mobile_home_park_s0005193.png,mobile_home_park,Mobile home park,mobile_home_park,1,1782915126.5924287,1782915138.122188,11.529759407043457,39.65589751997135,5.467
194,/home/htj/resisc45/imgs_full/palace_s0005194.png,palace,Medium residential,medium_residential,0,1782915138.1240594,1782915149.4916801,11.367620706558228,37.99917095495105,4.657
195,/home/htj/resisc45/imgs_full/medium_residential_s0005195.png,medium_residential,Dense residential,dense_residential,0,1782915149.4960322,1782915160.7912042,11.295171976089478,39.31432926718033,5.666
196,/home/htj/resisc45/imgs_full/island_s0005196.png,island,Island,island,1,1782915160.7924654,1782915171.970611,11.17814564704895,38.43097541125898,5.565600000000001
197,/home/htj/resisc45/imgs_full/meadow_s0005197.png,meadow,Wetland,wetland,0,1782915171.9751074,1782915183.3812714,11.406163930892944,39.135403909188504,5.572899999999999
198,/home/htj/resisc45/imgs_full/lake_s0005198.png,lake,Lake,lake,1,1782915183.383201,1782915194.5910974,11.20789647102356,38.52114192077956,5.568
199,/home/htj/resisc45/imgs_full/basketball_court_s0005199.png,basketball_court,Basketball court,basketball_court,1,1782915194.5953567,1782915205.972051,11.376694202423096,39.14327979103803,5.4720499999999985
200,/home/htj/resisc45/imgs_full/bridge_s0005200.png,bridge,Harbor,harbor,0,1782915205.973748,1782915217.3251886,11.351440668106079,36.03226775892416,3.647
201,/home/htj/resisc45/imgs_full/storage_tank_s0005201.png,storage_tank,Industrial area,industrial_area,0,1782915217.3298817,1782915228.674349,11.344467401504517,36.05020907753077,3.647
202,/home/htj/resisc45/imgs_full/mobile_home_park_s0005202.png,mobile_home_park,Mobile home park,mobile_home_park,1,1782915228.6782262,1782915240.1866415,11.508415222167969,39.88776835356609,5.663949999999999
203,/home/htj/resisc45/imgs_full/mobile_home_park_s0005203.png,mobile_home_park,Mobile home park,mobile_home_park,1,1782915240.190988,1782915251.7069714,11.51598334312439,36.61769149111639,3.644
204,/home/htj/resisc45/imgs_full/snowberg_s0005204.png,snowberg,Mountain,mountain,0,1782915251.7120152,1782915262.948789,11.23677372932434,38.71216852349678,5.588199999999999
205,/home/htj/resisc45/imgs_full/golf_course_s0005205.png,golf_course,Golf course,golf_course,1,1782915262.9530296,1782915274.2514262,11.298396587371826,39.04351139904866,5.5817
206,/home/htj/resisc45/imgs_full/industrial_area_s0005206.png,industrial_area,Industrial area,industrial_area,1,1782915274.2558665,1782915285.6343923,11.378525733947754,39.363895991334914,5.467
207,/home/htj/resisc45/imgs_full/airplane_s0005207.png,airplane,Airport,airport,0,1782915285.6385915,1782915296.8233936,11.184802055358887,38.603944836854936,5.669
208,/home/htj/resisc45/imgs_full/storage_tank_s0005208.png,storage_tank,Industrial area,industrial_area,0,1782915296.8274536,1782915308.2152472,11.38779354095459,39.25138983799458,5.570049999999998
209,/home/htj/resisc45/imgs_full/railway_s0005209.png,railway,Railway,railway,1,1782915308.2195692,1782915319.428222,11.20865273475647,35.43362371714224,3.644
210,/home/htj/resisc45/imgs_full/harbor_s0005210.png,harbor,Harbor,harbor,1,1782915319.432536,1782915330.8220544,11.38951849937439,35.987347707288265,3.644
211,/home/htj/resisc45/imgs_full/dense_residential_s0005211.png,dense_residential,Dense residential,dense_residential,1,1782915330.8265414,1782915342.2375526,11.411011219024658,36.20554105639458,3.644
212,/home/htj/resisc45/imgs_full/overpass_s0005212.png,overpass,Freeway,freeway,0,1782915342.2415698,1782915353.5366347,11.295064926147461,39.491293083746825,5.575099999999999
213,/home/htj/resisc45/imgs_full/tennis_court_s0005213.png,tennis_court,Parking lot,parking_lot,0,1782915353.541056,1782915364.9268248,11.38576889038086,36.40855782499313,3.644
214,/home/htj/resisc45/imgs_full/railway_station_s0005214.png,railway_station,Railway,railway,0,1782915364.9282198,1782915376.0723653,11.144145488739014,35.61383150880765,3.6449000000000003
215,/home/htj/resisc45/imgs_full/church_s0005215.png,church,Church,church,1,1782915376.0769756,1782915387.2534983,11.176522731781006,35.301959417532906,3.644
216,/home/htj/resisc45/imgs_full/sea_ice_s0005216.png,sea_ice,Sea ice,sea_ice,1,1782915387.2551494,1782915398.6384993,11.383349895477295,38.12824589115381,4.864099999999999
217,/home/htj/resisc45/imgs_full/circular_farmland_s0005217.png,circular_farmland,Circular farmland,circular_farmland,1,1782915398.6428413,1782915409.9956808,11.352839469909668,38.945602029579966,5.463
218,/home/htj/resisc45/imgs_full/stadium_s0005218.png,stadium,Stadium,stadium,1,1782915409.9999435,1782915421.2602525,11.260308980941772,35.50443665987795,3.5433000000000003
219,/home/htj/resisc45/imgs_full/lake_s0005219.png,lake,Lake,lake,1,1782915421.26441,1782915432.4724689,11.208058834075928,35.24445217499757,3.545
220,/home/htj/resisc45/imgs_full/river_s0005220.png,river,River,river,1,1782915432.4766893,1782915443.6880248,11.21133542060852,35.31189358266719,3.543
221,/home/htj/resisc45/imgs_full/rectangular_farmland_s0005221.png,rectangular_farmland,Rectangular farmland,rectangular_farmland,1,1782915443.691945,1782915455.2364092,11.544464111328125,36.38308951286729,3.5448000000000004
222,/home/htj/resisc45/imgs_full/wetland_s0005222.png,wetland,River,river,0,1782915455.2373943,1782915466.4384458,11.201051473617554,35.37087366102916,3.5653999999999986
223,/home/htj/resisc45/imgs_full/church_s0005223.png,church,Commercial area,commercial_area,0,1782915466.4425812,1782915477.760061,11.317479848861694,39.18759861717511,5.666300000000001
224,/home/htj/resisc45/imgs_full/ship_s0005224.png,ship,Harbor,harbor,0,1782915477.7617047,1782915489.117584,11.355879306793213,38.78700440495457,5.568
225,/home/htj/resisc45/imgs_full/stadium_s0005225.png,stadium,Stadium,stadium,1,1782915489.1218424,1782915500.347235,11.225392580032349,35.35257900763284,3.5647999999999986
226,/home/htj/resisc45/imgs_full/ship_s0005226.png,ship,Bridge,bridge,0,1782915500.3511887,1782915511.5763588,11.225170135498047,35.36492700216613,3.563199999999999
227,/home/htj/resisc45/imgs_full/palace_s0005227.png,palace,Stadium,stadium,0,1782915511.5805721,1782915522.7767198,11.196147680282593,35.29326964980939,3.563199999999999
228,/home/htj/resisc45/imgs_full/baseball_diamond_s0005228.png,baseball_diamond,Baseball diamond,baseball_diamond,1,1782915522.7807038,1782915534.1360614,11.355357646942139,35.764069812685996,3.5548999999999995
229,/home/htj/resisc45/imgs_full/railway_station_s0005229.png,railway_station,Railway station,railway_station,1,1782915534.1404648,1782915545.562995,11.422530174255371,36.026944312143094,3.644
230,/home/htj/resisc45/imgs_full/mobile_home_park_s0005230.png,mobile_home_park,Mobile home park,mobile_home_park,1,1782915545.5670097,1782915557.0451813,11.478171586990356,39.548665251923076,5.565
231,/home/htj/resisc45/imgs_full/baseball_diamond_s0005231.png,baseball_diamond,Baseball diamond,baseball_diamond,1,1782915557.046983,1782915568.3821883,11.335205316543579,38.69628339994254,5.565
232,/home/htj/resisc45/imgs_full/commercial_area_s0005232.png,commercial_area,Commercial area,commercial_area,1,1782915568.3863628,1782915579.7930467,11.406683921813965,39.0096105198362,5.463
233,/home/htj/resisc45/imgs_full/mountain_s0005233.png,mountain,Desert,desert,0,1782915579.796797,1782915590.9972568,11.200459718704224,38.27408523131025,5.49225
234,/home/htj/resisc45/imgs_full/medium_residential_s0005234.png,medium_residential,Dense residential,dense_residential,0,1782915591.0016985,1782915602.408219,11.40652060508728,35.9695831208324,3.647
235,/home/htj/resisc45/imgs_full/golf_course_s0005235.png,golf_course,Golf course,golf_course,1,1782915602.4097118,1782915613.7648437,11.35513186454773,35.7847565652138,3.5551999999999992
236,/home/htj/resisc45/imgs_full/forest_s0005236.png,forest,Forest,forest,1,1782915613.7687414,1782915624.9921014,11.223360061645508,35.29939463752208,3.644
237,/home/htj/resisc45/imgs_full/lake_s0005237.png,lake,Lake,lake,1,1782915624.9935324,1782915636.2510443,11.257511854171753,38.56006391597036,5.463
238,/home/htj/resisc45/imgs_full/meadow_s0005238.png,meadow,Forest,forest,0,1782915636.2520292,1782915647.5132196,11.261190414428711,38.08494785870446,5.478299999999997
239,/home/htj/resisc45/imgs_full/airplane_s0005239.png,airplane,Airport,airport,0,1782915647.5172791,1782915658.7370486,11.219769477844238,37.369634942025705,4.856
240,/home/htj/resisc45/imgs_full/river_s0005240.png,river,Industrial area,industrial_area,0,1782915658.7383478,1782915670.1766796,11.438331842422485,39.3696569662699,5.16
241,/home/htj/resisc45/imgs_full/mountain_s0005241.png,mountain,Forest,forest,0,1782915670.1810496,1782915681.395805,11.214755296707153,37.68994616763966,5.483399999999999
242,/home/htj/resisc45/imgs_full/overpass_s0005242.png,overpass,Roundabout,roundabout,0,1782915681.3999875,1782915692.7742286,11.37424111366272,36.64934810696535,3.748
243,/home/htj/resisc45/imgs_full/overpass_s0005243.png,overpass,Freeway,freeway,0,1782915692.7786458,1782915704.142447,11.36380124092102,37.11571667512697,4.4742999999999995
244,/home/htj/resisc45/imgs_full/meadow_s0005244.png,meadow,Forest,forest,0,1782915704.1466074,1782915715.380859,11.234251499176025,35.879248878883594,3.647
245,/home/htj/resisc45/imgs_full/stadium_s0005245.png,stadium,Stadium,stadium,1,1782915715.3852265,1782915726.57092,11.185693502426147,38.25330261248837,5.568
246,/home/htj/resisc45/imgs_full/bridge_s0005246.png,bridge,Bridge,bridge,1,1782915726.5752113,1782915737.8105056,11.235294342041016,39.15057475696911,5.56545
247,/home/htj/resisc45/imgs_full/basketball_court_s0005247.png,basketball_court,Basketball court,basketball_court,1,1782915737.8142927,1782915749.1281817,11.313889026641846,39.298651399756196,5.578099999999999
248,/home/htj/resisc45/imgs_full/railway_s0005248.png,railway,Railway,railway,1,1782915749.13253,1782915760.2805583,11.148028373718262,38.35133287251301,5.597399999999999
249,/home/htj/resisc45/imgs_full/dense_residential_s0005249.png,dense_residential,Medium residential,medium_residential,0,1782915760.2849324,1782915771.6472845,11.362352132797241,38.546636867397396,5.565300000000001
250,/home/htj/resisc45/imgs_full/desert_s0005250.png,desert,Desert,desert,1,1782915771.6514647,1782915782.8369355,11.185470819473267,36.11913441495242,3.767799999999999
251,/home/htj/resisc45/imgs_full/ship_s0005251.png,ship,River,river,0,1782915782.840699,1782915794.0476584,11.20695948600769,38.7440518104667,5.487199999999999
252,/home/htj/resisc45/imgs_full/storage_tank_s0005252.png,storage_tank,Industrial area,industrial_area,0,1782915794.0519059,1782915805.4078856,11.355979681015015,39.047735861455976,5.577799999999999
253,/home/htj/resisc45/imgs_full/sparse_residential_s0005253.png,sparse_residential,chaparral,chaparral,0,1782915805.412195,1782915816.9718049,11.55960988998413,40.61767890274114,5.669
254,/home/htj/resisc45/imgs_full/beach_s0005254.png,beach,Beach,beach,1,1782915816.975979,1782915828.1082253,11.132246255874634,37.242216243499364,4.2852999999999986
255,/home/htj/resisc45/imgs_full/mobile_home_park_s0005255.png,mobile_home_park,Mobile home park,mobile_home_park,1,1782915828.1127703,1782915839.6157372,11.50296688079834,38.49057859918859,5.4579499999999985
256,/home/htj/resisc45/imgs_full/island_s0005256.png,island,Island,island,1,1782915839.61704,1782915850.8278,11.210760116577148,38.78496194747499,5.588199999999999
257,/home/htj/resisc45/imgs_full/cloud_s0005257.png,cloud,Forest,forest,0,1782915850.831972,1782915861.9684157,11.136443853378296,38.251695985666345,5.5925
258,/home/htj/resisc45/imgs_full/runway_s0005258.png,runway,Industrial area,industrial_area,0,1782915861.9728627,1782915873.3497021,11.376839399337769,39.169206599586005,5.568
259,/home/htj/resisc45/imgs_full/golf_course_s0005259.png,golf_course,Golf course,golf_course,1,1782915873.353485,1782915884.7267642,11.373279094696045,38.9649679112196,5.366
260,/home/htj/resisc45/imgs_full/meadow_s0005260.png,meadow,Forest,forest,0,1782915884.7310576,1782915895.9244814,11.193423748016357,38.35747676923674,5.486599999999998
261,/home/htj/resisc45/imgs_full/medium_residential_s0005261.png,medium_residential,Medium residential,medium_residential,1,1782915895.9288158,1782915907.2943127,11.36549687385559,39.388985590459114,5.578099999999999
262,/home/htj/resisc45/imgs_full/basketball_court_s0005262.png,basketball_court,Basketball court,basketball_court,1,1782915907.296427,1782915918.580493,11.284065961837769,38.98525711731935,5.666
263,/home/htj/resisc45/imgs_full/railway_station_s0005263.png,railway_station,Railway,railway,0,1782915918.584865,1782915929.7756684,11.190803289413452,36.62989719552653,4.255
264,/home/htj/resisc45/imgs_full/medium_residential_s0005264.png,medium_residential,Dense residential,dense_residential,0,1782915929.7798924,1782915941.1275582,11.347665786743164,35.77794198236465,3.647
265,/home/htj/resisc45/imgs_full/palace_s0005265.png,palace,Church,church,0,1782915941.1321719,1782915952.3730297,11.24085783958435,38.74324275960171,5.467
266,/home/htj/resisc45/imgs_full/ship_s0005266.png,ship,Ship,ship,1,1782915952.377419,1782915963.6064656,11.22904658317566,35.6798985315453,3.5602999999999976
267,/home/htj/resisc45/imgs_full/bridge_s0005267.png,bridge,Bridge,bridge,1,1782915963.6108804,1782915974.8269684,11.216088056564331,38.74651706874431,5.483399999999999
268,/home/htj/resisc45/imgs_full/sea_ice_s0005268.png,sea_ice,Sea ice,sea_ice,1,1782915974.831286,1782915986.1909654,11.359679460525513,39.255798438042255,5.666
269,/home/htj/resisc45/imgs_full/basketball_court_s0005269.png,basketball_court,Basketball court,basketball_court,1,1782915986.195446,1782915997.5671158,11.37166976928711,39.048380803871154,5.572899999999999
270,/home/htj/resisc45/imgs_full/roundabout_s0005270.png,roundabout,Roundabout,roundabout,1,1782915997.568776,1782916008.8995063,11.330730438232422,36.32267773096285,3.748
271,/home/htj/resisc45/imgs_full/baseball_diamond_s0005271.png,baseball_diamond,Baseball diamond,baseball_diamond,1,1782916008.9039035,1782916020.2436771,11.339773654937744,38.592594980981346,5.4720499999999985
272,/home/htj/resisc45/imgs_full/commercial_area_s0005272.png,commercial_area,Stadium,stadium,0,1782916020.2480648,1782916031.4965534,11.248488664627075,38.34940959549313,5.483399999999999
273,/home/htj/resisc45/imgs_full/bridge_s0005273.png,bridge,Bridge,bridge,1,1782916031.500546,1782916042.6954532,11.194907188415527,38.12070474639641,5.483399999999999
274,/home/htj/resisc45/imgs_full/roundabout_s0005274.png,roundabout,Roundabout,roundabout,1,1782916042.699709,1782916054.0666606,11.366951704025269,38.997055889067646,5.565
275,/home/htj/resisc45/imgs_full/snowberg_s0005275.png,snowberg,Cloud,cloud,0,1782916054.0707126,1782916065.32296,11.252247333526611,38.669825529495874,5.482149999999998
276,/home/htj/resisc45/imgs_full/railway_s0005276.png,railway,Railway,railway,1,1782916065.3276548,1782916076.5467417,11.21908688545227,38.49160506007393,5.3013999999999974
277,/home/htj/resisc45/imgs_full/island_s0005277.png,island,Island,island,1,1782916076.5479982,1782916087.6703544,11.122356176376343,38.3966550298104,5.565
278,/home/htj/resisc45/imgs_full/parking_lot_s0005278.png,parking_lot,Parking lot,parking_lot,1,1782916087.674623,1782916098.965263,11.290639877319336,39.45806300080841,5.666
279,/home/htj/resisc45/imgs_full/parking_lot_s0005279.png,parking_lot,Parking lot,parking_lot,1,1782916098.969695,1782916110.2893622,11.319667100906372,38.66980306467219,5.568
280,/home/htj/resisc45/imgs_full/baseball_diamond_s0005280.png,baseball_diamond,Baseball diamond,baseball_diamond,1,1782916110.293687,1782916121.6648726,11.371185541152954,38.72077244161002,5.476799999999999
281,/home/htj/resisc45/imgs_full/island_s0005281.png,island,Island,island,1,1782916121.6661797,1782916132.9010472,11.234867572784424,38.275083718445096,5.4895999999999985
282,/home/htj/resisc45/imgs_full/railway_station_s0005282.png,railway_station,Railway,railway,0,1782916132.9054005,1782916144.1049006,11.19950008392334,38.276423421341754,5.487199999999999
283,/home/htj/resisc45/imgs_full/dense_residential_s0005283.png,dense_residential,Medium residential,medium_residential,0,1782916144.109472,1782916155.4830184,11.373546361923218,39.530011470963956,5.669
284,/home/htj/resisc45/imgs_full/church_s0005284.png,church,Church,church,1,1782916155.4871933,1782916166.66934,11.182146549224854,38.45443210272643,5.5925
285,/home/htj/resisc45/imgs_full/storage_tank_s0005285.png,storage_tank,Industrial area,industrial_area,0,1782916166.6737232,1782916177.9567757,11.283052444458008,38.87860645304786,5.482149999999998
286,/home/htj/resisc45/imgs_full/terrace_s0005286.png,terrace,Rectangular farmland,rectangular_farmland,0,1782916177.9582207,1782916189.4141946,11.455973863601685,37.33774103308904,3.746
287,/home/htj/resisc45/imgs_full/church_s0005287.png,church,Industrial area,industrial_area,0,1782916189.4187212,1782916200.8131871,11.394465923309326,36.025825937397485,3.5499499999999986
288,/home/htj/resisc45/imgs_full/storage_tank_s0005288.png,storage_tank,Industrial area,industrial_area,0,1782916200.8147676,1782916212.2019484,11.387180805206299,35.98781847315788,3.543
289,/home/htj/resisc45/imgs_full/circular_farmland_s0005289.png,circular_farmland,Circular farmland,circular_farmland,1,1782916212.2034295,1782916223.5831993,11.379769802093506,35.73219268432855,3.543
290,/home/htj/resisc45/imgs_full/palace_s0005290.png,palace,Palace,palace,1,1782916223.5874882,1782916234.9294121,11.341923952102661,36.057515097737905,3.644
291,/home/htj/resisc45/imgs_full/intersection_s0005291.png,intersection,Medium residential,medium_residential,0,1782916234.9341812,1782916246.2823634,11.348182201385498,37.88323945650816,5.077199999999995
292,/home/htj/resisc45/imgs_full/cloud_s0005292.png,cloud,Airport,airport,0,1782916246.2870872,1782916257.460108,11.173020839691162,38.43747189687223,5.467
293,/home/htj/resisc45/imgs_full/medium_residential_s0005293.png,medium_residential,Dense residential,dense_residential,0,1782916257.4651098,1782916268.747867,11.28275728225708,38.45095645065883,5.463
294,/home/htj/resisc45/imgs_full/snowberg_s0005294.png,snowberg,Mountain,mountain,0,1782916268.7523413,1782916279.975322,11.222980737686157,38.22632693423959,5.486599999999998
295,/home/htj/resisc45/imgs_full/overpass_s0005295.png,overpass,Freeway,freeway,0,1782916279.9796863,1782916291.3478365,11.368150234222412,38.988264884040355,5.56515
296,/home/htj/resisc45/imgs_full/lake_s0005296.png,lake,Lake,lake,1,1782916291.3518748,1782916302.6022089,11.250334024429321,38.19322787239588,5.463
297,/home/htj/resisc45/imgs_full/commercial_area_s0005297.png,commercial_area,Commercial area,commercial_area,1,1782916302.6067533,1782916313.9838302,11.377076864242554,38.00933478344202,5.372149999999997
298,/home/htj/resisc45/imgs_full/beach_s0005298.png,beach,Beach,beach,1,1782916313.9852016,1782916325.2234786,11.238276958465576,35.98172755945812,3.746
299,/home/htj/resisc45/imgs_full/sparse_residential_s0005299.png,sparse_residential,Rectangular farmland,rectangular_farmland,0,1782916325.2252376,1782916336.7657592,11.540521621704102,39.57432468621014,5.463
300,/home/htj/resisc45/imgs_full/circular_farmland_s0005300.png,circular_farmland,Rectangular farmland,rectangular_farmland,0,1782916336.7703066,1782916348.2462234,11.475916862487793,39.39602327132818,5.565
301,/home/htj/resisc45/imgs_full/bridge_s0005301.png,bridge,Bridge,bridge,1,1782916348.2479563,1782916359.4199383,11.171982049942017,37.95502263176139,5.486599999999998
302,/home/htj/resisc45/imgs_full/commercial_area_s0005302.png,commercial_area,Commercial area,commercial_area,1,1782916359.421559,1782916370.792859,11.371299982070923,35.89473695094262,3.647
303,/home/htj/resisc45/imgs_full/golf_course_s0005303.png,golf_course,Golf course,golf_course,1,1782916370.796992,1782916382.186353,11.389360904693604,35.8317793584724,3.545
304,/home/htj/resisc45/imgs_full/ship_s0005304.png,ship,Airport,airport,0,1782916382.1904643,1782916393.4225948,11.232130527496338,35.25657442388195,3.644
305,/home/htj/resisc45/imgs_full/forest_s0005305.png,forest,Forest,forest,1,1782916393.4244628,1782916404.6232755,11.19881272315979,35.7317163598719,3.746
306,/home/htj/resisc45/imgs_full/airplane_s0005306.png,airplane,Airport,airport,0,1782916404.627805,1782916415.8521717,11.224366664886475,39.35120511507866,5.669
307,/home/htj/resisc45/imgs_full/commercial_area_s0005307.png,commercial_area,Industrial area,industrial_area,0,1782916415.8567488,1782916427.174702,11.317953109741211,37.26814274388222,4.6671
308,/home/htj/resisc45/imgs_full/mobile_home_park_s0005308.png,mobile_home_park,Mobile home park,mobile_home_park,1,1782916427.1792986,1782916438.7429729,11.563674211502075,36.22921916028549,3.545
309,/home/htj/resisc45/imgs_full/island_s0005309.png,island,Island,island,1,1782916438.743914,1782916449.9246228,11.180708885192871,35.361630950758304,3.5677999999999988
310,/home/htj/resisc45/imgs_full/intersection_s0005310.png,intersection,Commercial area,commercial_area,0,1782916449.9296637,1782916461.2804766,11.350812911987305,37.36505084991455,4.657
311,/home/htj/resisc45/imgs_full/basketball_court_s0005311.png,basketball_court,Basketball court,basketball_court,1,1782916461.285397,1782916472.6512775,11.365880489349365,38.99133497154236,5.467
312,/home/htj/resisc45/imgs_full/mobile_home_park_s0005312.png,mobile_home_park,Mobile home park,mobile_home_park,1,1782916472.6536787,1782916484.2240474,11.570368766784668,39.08550365066529,5.355799999999998
313,/home/htj/resisc45/imgs_full/river_s0005313.png,river,River,river,1,1782916484.2286854,1782916495.4486406,11.219955205917358,38.68304525885001,5.585199999999999
314,/home/htj/resisc45/imgs_full/rectangular_farmland_s0005314.png,rectangular_farmland,Rectangular farmland,rectangular_farmland,1,1782916495.4526281,1782916506.9295845,11.476956367492676,39.176249660742165,5.568
315,/home/htj/resisc45/imgs_full/palace_s0005315.png,palace,Church,church,0,1782916506.9340584,1782916518.148747,11.214688539505005,38.12367902548785,5.565
316,/home/htj/resisc45/imgs_full/mobile_home_park_s0005316.png,mobile_home_park,Mobile home park,mobile_home_park,1,1782916518.1530423,1782916529.720357,11.567314624786377,39.373201600027784,5.463
317,/home/htj/resisc45/imgs_full/desert_s0005317.png,desert,Desert,desert,1,1782916529.7245271,1782916540.8638906,11.139363527297974,38.503352844458355,5.568
318,/home/htj/resisc45/imgs_full/forest_s0005318.png,forest,Forest,forest,1,1782916540.8681586,1782916552.0229027,11.154744148254395,38.85681138496496,5.59325
319,/home/htj/resisc45/imgs_full/mobile_home_park_s0005319.png,mobile_home_park,Mobile home park,mobile_home_park,1,1782916552.027348,1782916563.5053158,11.477967739105225,39.23595535394697,5.660949999999999
320,/home/htj/resisc45/imgs_full/storage_tank_s0005320.png,storage_tank,Industrial area,industrial_area,0,1782916563.5096061,1782916574.8824763,11.372870206832886,37.01044719234109,4.1511000000000005
321,/home/htj/resisc45/imgs_full/railway_s0005321.png,railway,Railway,railway,1,1782916574.884362,1782916586.0422304,11.157868385314941,38.427471007424955,5.66675
322,/home/htj/resisc45/imgs_full/forest_s0005322.png,forest,Forest,forest,1,1782916586.043957,1782916597.2688446,11.224887609481812,38.41994133101018,5.487199999999999
323,/home/htj/resisc45/imgs_full/mobile_home_park_s0005323.png,mobile_home_park,Parking lot,parking_lot,0,1782916597.2705717,1782916608.662319,11.391747236251831,39.07295255677342,5.56515
324,/home/htj/resisc45/imgs_full/commercial_area_s0005324.png,commercial_area,Commercial area,commercial_area,1,1782916608.663869,1782916619.9807625,11.316893577575684,39.14695468681661,5.669
325,/home/htj/resisc45/imgs_full/island_s0005325.png,island,Island,island,1,1782916619.985149,1782916631.1286433,11.143494367599487,38.51322418937513,5.568
326,/home/htj/resisc45/imgs_full/island_s0005326.png,island,Island,island,1,1782916631.1328447,1782916642.3156922,11.182847499847412,35.536307834070946,3.647
327,/home/htj/resisc45/imgs_full/airplane_s0005327.png,airplane,Airport,airport,0,1782916642.3198218,1782916653.47996,11.160138130187988,38.58703167732881,5.59325
328,/home/htj/resisc45/imgs_full/mountain_s0005328.png,mountain,Desert,desert,0,1782916653.4815707,1782916664.616623,11.13505220413208,38.704242302094976,5.568
329,/home/htj/resisc45/imgs_full/terrace_s0005329.png,terrace,Rectangular farmland,rectangular_farmland,0,1782916664.6208146,1782916676.0797226,11.458908081054688,39.82164390442502,5.666
330,/home/htj/resisc45/imgs_full/baseball_diamond_s0005330.png,baseball_diamond,Baseball diamond,baseball_diamond,1,1782916676.0838869,1782916687.4615695,11.37768268585205,38.976243134856226,5.4720499999999985
331,/home/htj/resisc45/imgs_full/baseball_diamond_s0005331.png,baseball_diamond,Baseball diamond,baseball_diamond,1,1782916687.4655159,1782916698.796069,11.33055305480957,39.31001579352719,5.568
332,/home/htj/resisc45/imgs_full/island_s0005332.png,island,Island,island,1,1782916698.7999883,1782916709.994249,11.194260835647583,38.77578306150195,5.587599999999998
333,/home/htj/resisc45/imgs_full/overpass_s0005333.png,overpass,Freeway,freeway,0,1782916709.9986985,1782916721.300637,11.301938533782959,36.27813816398803,3.6588499999999975
334,/home/htj/resisc45/imgs_full/dense_residential_s0005334.png,dense_residential,Dense residential,dense_residential,1,1782916721.3055468,1782916732.6373992,11.331852436065674,39.491904347563505,5.575099999999999
335,/home/htj/resisc45/imgs_full/circular_farmland_s0005335.png,circular_farmland,Rectangular farmland,rectangular_farmland,0,1782916732.641771,1782916744.120367,11.478595972061157,39.77870314280074,5.568
336,/home/htj/resisc45/imgs_full/storage_tank_s0005336.png,storage_tank,Industrial area,industrial_area,0,1782916744.1246538,1782916755.4375424,11.312888622283936,39.23144913017091,5.666
337,/home/htj/resisc45/imgs_full/island_s0005337.png,island,Lake,lake,0,1782916755.441686,1782916766.656353,11.214667081832886,38.60435665755708,5.565600000000001
338,/home/htj/resisc45/imgs_full/thermal_power_station_s0005338.png,thermal_power_station,Industrial area,industrial_area,0,1782916766.6608198,1782916778.017156,11.356336116790771,39.022755727877616,5.4720499999999985
339,/home/htj/resisc45/imgs_full/storage_tank_s0005339.png,storage_tank,Industrial area,industrial_area,0,1782916778.0182927,1782916789.3979592,11.379666566848755,39.193619996209144,5.568
340,/home/htj/resisc45/imgs_full/tennis_court_s0005340.png,tennis_court,Medium residential,medium_residential,0,1782916789.3995662,1782916800.7367573,11.337191104888916,36.01045113932068,3.6471999999999998
341,/home/htj/resisc45/imgs_full/forest_s0005341.png,forest,Forest,forest,1,1782916800.7383816,1782916811.8908877,11.152506113052368,38.62687562418106,5.59325
342,/home/htj/resisc45/imgs_full/railway_s0005342.png,railway,Railway,railway,1,1782916811.8925266,1782916823.0628757,11.17034912109375,38.31378456115723,5.568
343,/home/htj/resisc45/imgs_full/airport_s0005343.png,airport,Airport,airport,1,1782916823.064391,1782916834.275529,11.211138010025024,38.21085907930529,5.568
344,/home/htj/resisc45/imgs_full/mountain_s0005344.png,mountain,Forest,forest,0,1782916834.276533,1782916845.5052755,11.228742599487305,38.388050016896976,5.487199999999999
345,/home/htj/resisc45/imgs_full/storage_tank_s0005345.png,storage_tank,Industrial area,industrial_area,0,1782916845.506997,1782916856.8742223,11.367225170135498,36.369436931848526,3.647
346,/home/htj/resisc45/imgs_full/basketball_court_s0005346.png,basketball_court,Basketball court,basketball_court,1,1782916856.8760302,1782916868.2393556,11.363325357437134,39.51499804783225,5.4720499999999985
347,/home/htj/resisc45/imgs_full/basketball_court_s0005347.png,basketball_court,Basketball court,basketball_court,1,1782916868.2407372,1782916879.5553548,11.31461763381958,39.32608573790411,5.666
348,/home/htj/resisc45/imgs_full/palace_s0005348.png,palace,Stadium,stadium,0,1782916879.5570474,1782916890.7466676,11.18962025642395,38.94256171762092,5.59025
349,/home/htj/resisc45/imgs_full/baseball_diamond_s0005349.png,baseball_diamond,Baseball diamond,baseball_diamond,1,1782916890.7483761,1782916902.0537045,11.305328369140625,35.85635440615553,3.647
350,/home/htj/resisc45/imgs_full/mountain_s0005350.png,mountain,Forest,forest,0,1782916902.0553021,1782916913.2921963,11.236894130706787,38.59816093826052,5.487199999999999
351,/home/htj/resisc45/imgs_full/thermal_power_station_s0005351.png,thermal_power_station,Industrial area,industrial_area,0,1782916913.293271,1782916924.6337662,11.340495109558105,39.121646194295884,5.471899999999999
352,/home/htj/resisc45/imgs_full/stadium_s0005352.png,stadium,Stadium,stadium,1,1782916924.6354275,1782916935.8435905,11.208163022994995,36.955077207899336,4.657
353,/home/htj/resisc45/imgs_full/cloud_s0005353.png,cloud,Desert,desert,0,1782916935.8445911,1782916947.0296557,11.185064554214478,35.49391916315531,3.56975
354,/home/htj/resisc45/imgs_full/bridge_s0005354.png,bridge,Bridge,bridge,1,1782916947.0307229,1782916958.2686455,11.237922668457031,38.49726357354058,5.568
355,/home/htj/resisc45/imgs_full/dense_residential_s0005355.png,dense_residential,Dense residential,dense_residential,1,1782916958.272811,1782916969.5911655,11.318354606628418,39.09336815766614,5.582699999999998
356,/home/htj/resisc45/imgs_full/wetland_s0005356.png,wetland,Forest,forest,0,1782916969.5956104,1782916980.7492938,11.153683423995972,38.659925111853774,5.598299999999998
357,/home/htj/resisc45/imgs_full/beach_s0005357.png,beach,Beach,beach,1,1782916980.7534487,1782916991.9489298,11.195481061935425,38.395816218728925,5.464
358,/home/htj/resisc45/imgs_full/baseball_diamond_s0005358.png,baseball_diamond,Baseball diamond,baseball_diamond,1,1782916991.9530344,1782917003.3103724,11.357337951660156,39.03040045791626,5.4720499999999985
359,/home/htj/resisc45/imgs_full/intersection_s0005359.png,intersection,Commercial area,commercial_area,0,1782917003.3148866,1782917014.6992397,11.384353160858154,39.195815636942385,5.467
360,/home/htj/resisc45/imgs_full/commercial_area_s0005360.png,commercial_area,Dense residential,dense_residential,0,1782917014.703881,1782917026.0898025,11.385921478271484,39.06037143453598,5.565
361,/home/htj/resisc45/imgs_full/meadow_s0005361.png,meadow,Forest,forest,0,1782917026.0946984,1782917037.293863,11.199164628982544,35.73346450930683,3.644
362,/home/htj/resisc45/imgs_full/tennis_court_s0005362.png,tennis_court,Golf course,golf_course,0,1782917037.298914,1782917048.6316037,11.332689762115479,39.43810206130042,5.575099999999999
363,/home/htj/resisc45/imgs_full/palace_s0005363.png,palace,Church,church,0,1782917048.6360602,1782917059.7873802,11.151319980621338,38.84966266126292,5.666
364,/home/htj/resisc45/imgs_full/storage_tank_s0005364.png,storage_tank,Industrial area,industrial_area,0,1782917059.7916307,1782917071.1709707,11.379339933395386,38.96468062633514,5.4770999999999965
365,/home/htj/resisc45/imgs_full/ship_s0005365.png,ship,Ship,ship,1,1782917071.1752334,1782917082.3682072,11.192973852157593,38.50973903254204,5.565
366,/home/htj/resisc45/imgs_full/wetland_s0005366.png,wetland,Wetland,wetland,1,1782917082.372334,1782917093.7089736,11.336639642715454,39.03170848163887,5.476799999999999
367,/home/htj/resisc45/imgs_full/railway_s0005367.png,railway,Railway,railway,1,1782917093.7130632,1782917104.969503,11.256439685821533,38.65944619107728,5.496849999999996
368,/home/htj/resisc45/imgs_full/runway_s0005368.png,runway,Airport,airport,0,1782917104.973371,1782917116.1496987,11.1763277053833,38.74074421790667,5.59025
369,/home/htj/resisc45/imgs_full/island_s0005369.png,island,Island,island,1,1782917116.1509776,1782917127.2922974,11.141319751739502,36.86827551908152,4.4525
370,/home/htj/resisc45/imgs_full/mobile_home_park_s0005370.png,mobile_home_park,Mobile home park,mobile_home_park,1,1782917127.2968085,1782917138.8255792,11.528770685195923,36.8253924153638,3.647
371,/home/htj/resisc45/imgs_full/sea_ice_s0005371.png,sea_ice,Sea ice,sea_ice,1,1782917138.8300486,1782917150.2015824,11.371533870697021,38.84567142132521,5.4720499999999985
372,/home/htj/resisc45/imgs_full/forest_s0005372.png,forest,Forest,forest,1,1782917150.2054968,1782917161.4074895,11.201992750167847,38.6517329951391,5.5175
373,/home/htj/resisc45/imgs_full/meadow_s0005373.png,meadow,Forest,forest,0,1782917161.4117525,1782917172.6260114,11.214258909225464,35.42322533632535,3.545
374,/home/htj/resisc45/imgs_full/medium_residential_s0005374.png,medium_residential,Medium residential,medium_residential,1,1782917172.6279092,1782917183.9895744,11.36166524887085,39.070825601829355,5.577799999999999
375,/home/htj/resisc45/imgs_full/runway_s0005375.png,runway,Runway,runway,1,1782917183.9933627,1782917195.3476422,11.354279518127441,38.80239868223667,5.568
376,/home/htj/resisc45/imgs_full/cloud_s0005376.png,cloud,Forest,forest,0,1782917195.3518069,1782917206.5770772,11.22527027130127,38.37652094741279,5.507399999999998
377,/home/htj/resisc45/imgs_full/chaparral_s0005377.png,chaparral,Desert,desert,0,1782917206.5816507,1782917217.8013349,11.21968412399292,38.8994421958415,5.666600000000001
378,/home/htj/resisc45/imgs_full/forest_s0005378.png,forest,Forest,forest,1,1782917217.8058023,1782917229.0543036,11.248501300811768,38.744837813907196,5.463
379,/home/htj/resisc45/imgs_full/ship_s0005379.png,ship,Harbor,harbor,0,1782917229.0581114,1782917240.4333413,11.375229835510254,39.004696211428644,5.473149999999997
380,/home/htj/resisc45/imgs_full/cloud_s0005380.png,cloud,Desert,desert,0,1782917240.4371183,1782917251.6441538,11.207035541534424,38.58764380167221,5.486599999999998
381,/home/htj/resisc45/imgs_full/palace_s0005381.png,palace,Dense residential,dense_residential,0,1782917251.6482005,1782917263.0392876,11.391087055206299,38.96879490499019,5.467
382,/home/htj/resisc45/imgs_full/freeway_s0005382.png,freeway,Roundabout,roundabout,0,1782917263.0436537,1782917274.4066062,11.362952470779419,38.80976646061063,5.467
383,/home/htj/resisc45/imgs_full/runway_s0005383.png,runway,Airport,airport,0,1782917274.4106896,1782917285.6481397,11.237450122833252,35.40715179286269,3.647
384,/home/htj/resisc45/imgs_full/rectangular_farmland_s0005384.png,rectangular_farmland,Rectangular farmland,rectangular_farmland,1,1782917285.6522276,1782917297.1207461,11.468518495559692,39.539363983919124,5.562949999999999
385,/home/htj/resisc45/imgs_full/railway_station_s0005385.png,railway_station,Railway station,railway_station,1,1782917297.1252065,1782917308.47883,11.353623628616333,38.928095166036236,5.568
386,/home/htj/resisc45/imgs_full/railway_station_s0005386.png,railway_station,Railway station,railway_station,1,1782917308.4830906,1782917319.9310417,11.447951078414917,39.335387725355616,5.467
387,/home/htj/resisc45/imgs_full/golf_course_s0005387.png,golf_course,Golf course,golf_course,1,1782917319.9353018,1782917331.269776,11.334474325180054,39.02846818829901,5.473199999999999
388,/home/htj/resisc45/imgs_full/dense_residential_s0005388.png,dense_residential,Dense residential,dense_residential,1,1782917331.2747679,1782917342.6647131,11.389945268630981,36.07696824167252,3.644
389,/home/htj/resisc45/imgs_full/meadow_s0005389.png,meadow,Rectangular farmland,rectangular_farmland,0,1782917342.6689591,1782917354.3227658,11.653806686401367,36.88060305302317,3.5474
390,/home/htj/resisc45/imgs_full/runway_s0005390.png,runway,Roundabout,roundabout,0,1782917354.3240607,1782917365.6804566,11.356395959854126,35.79672968105335,3.5548999999999995
391,/home/htj/resisc45/imgs_full/storage_tank_s0005391.png,storage_tank,Storage tank,storage_tank,1,1782917365.684641,1782917376.9713173,11.286676406860352,36.098988204687686,3.647
392,/home/htj/resisc45/imgs_full/dense_residential_s0005392.png,dense_residential,Dense residential,dense_residential,1,1782917376.9758427,1782917388.304059,11.328216314315796,37.985900181725995,4.872199999999999
393,/home/htj/resisc45/imgs_full/mobile_home_park_s0005393.png,mobile_home_park,Mobile home park,mobile_home_park,1,1782917388.308587,1782917399.8084943,11.49990725517273,38.53169172360283,4.950849999999997
394,/home/htj/resisc45/imgs_full/airport_s0005394.png,airport,Airport,airport,1,1782917399.8127484,1782917411.0454817,11.232733249664307,38.340967793936656,5.463
395,/home/htj/resisc45/imgs_full/railway_station_s0005395.png,railway_station,Railway,railway,0,1782917411.0499077,1782917422.2250261,11.175118446350098,38.475592451845934,5.587599999999998
396,/home/htj/resisc45/imgs_full/lake_s0005396.png,lake,Lake,lake,1,1782917422.2287698,1782917433.4641137,11.235343933105469,38.37052456204177,5.565
397,/home/htj/resisc45/imgs_full/beach_s0005397.png,beach,Coastal area,,0,1782917433.4681447,1782917444.8473155,11.379170894622803,35.883532665939335,3.647
398,/home/htj/resisc45/imgs_full/palace_s0005398.png,palace,Fortress,,0,1782917444.8517003,1782917456.2162108,11.364510536193848,39.4654789164877,5.568
399,/home/htj/resisc45/imgs_full/railway_station_s0005399.png,railway_station,Railway station,railway_station,1,1782917456.2206862,1782917467.5630515,11.342365264892578,35.901720887955705,3.6471999999999998
400,/home/htj/resisc45/imgs_full/freeway_s0005400.png,freeway,Freeway,freeway,1,1782917467.5673397,1782917478.9241858,11.35684609413147,35.739029326313734,3.647
401,/home/htj/resisc45/imgs_full/parking_lot_s0005401.png,parking_lot,Parking lot,parking_lot,1,1782917478.9280941,1782917490.2829447,11.35485053062439,38.95021853576353,5.463
402,/home/htj/resisc45/imgs_full/commercial_area_s0005402.png,commercial_area,Stadium,stadium,0,1782917490.287381,1782917501.4843388,11.19695782661438,38.49633459223708,5.5067999999999975
403,/home/htj/resisc45/imgs_full/overpass_s0005403.png,overpass,Roundabout,roundabout,0,1782917501.4885097,1782917512.8475368,11.35902714729309,39.114185235210655,5.4767499999999965
404,/home/htj/resisc45/imgs_full/meadow_s0005404.png,meadow,Stadium,stadium,0,1782917512.851355,1782917524.0650904,11.213735342025757,38.46800755938902,5.585199999999999
405,/home/htj/resisc45/imgs_full/bridge_s0005405.png,bridge,Bridge,bridge,1,1782917524.0691452,1782917535.2233386,11.15419340133667,38.47798359411104,5.49225
406,/home/htj/resisc45/imgs_full/cloud_s0005406.png,cloud,Forest,forest,0,1782917535.2278073,1782917546.4461977,11.218390464782715,38.324356619621895,5.487199999999999
407,/home/htj/resisc45/imgs_full/meadow_s0005407.png,meadow,Rectangular farmland,rectangular_farmland,0,1782917546.4500682,1782917557.9870808,11.537012577056885,36.30572826336405,3.545
408,/home/htj/resisc45/imgs_full/intersection_s0005408.png,intersection,Dense residential,dense_residential,0,1782917557.9912412,1782917569.340479,11.34923768043518,35.772854200076814,3.548
409,/home/htj/resisc45/imgs_full/cloud_s0005409.png,cloud,Cloud,cloud,1,1782917569.341716,1782917580.5432389,11.201522827148438,35.373044435607596,3.548
410,/home/htj/resisc45/imgs_full/palace_s0005410.png,palace,Church,church,0,1782917580.5473146,1782917591.761038,11.213723421096802,37.489185070344035,5.0821999999999985
411,/home/htj/resisc45/imgs_full/desert_s0005411.png,desert,Mountain,mountain,0,1782917591.762321,1782917602.9836688,11.22134780883789,35.21839946208508,3.644
412,/home/htj/resisc45/imgs_full/stadium_s0005412.png,stadium,Stadium,stadium,1,1782917602.9875834,1782917614.124437,11.136853694915771,38.534763839415135,5.669
413,/home/htj/resisc45/imgs_full/runway_s0005413.png,runway,Airport,airport,0,1782917614.1286385,1782917625.3823454,11.253706932067871,38.3315467332156,5.467
414,/home/htj/resisc45/imgs_full/commercial_area_s0005414.png,commercial_area,Commercial area,commercial_area,1,1782917625.3867733,1782917636.7256672,11.33889389038086,38.8819788199765,5.477099999999999
415,/home/htj/resisc45/imgs_full/circular_farmland_s0005415.png,circular_farmland,Circular farmland,circular_farmland,1,1782917636.7296753,1782917648.047341,11.317665815353394,38.905016530856415,5.565
416,/home/htj/resisc45/imgs_full/desert_s0005416.png,desert,Desert,desert,1,1782917648.051449,1782917659.209293,11.157843828201294,38.72614339450428,5.59025
417,/home/htj/resisc45/imgs_full/basketball_court_s0005417.png,basketball_court,Basketball court,basketball_court,1,1782917659.2135537,1782917670.5965536,11.382999897003174,38.68336078498125,5.4720499999999985
418,/home/htj/resisc45/imgs_full/bridge_s0005418.png,bridge,Bridge,bridge,1,1782917670.6005764,1782917681.8025117,11.201935291290283,38.06593886089083,5.366
419,/home/htj/resisc45/imgs_full/intersection_s0005419.png,intersection,Roundabout,roundabout,0,1782917681.8069544,1782917693.157111,11.350156545639038,35.970575619742874,3.647
420,/home/htj/resisc45/imgs_full/airport_s0005420.png,airport,Airport,airport,1,1782917693.1614146,1782917704.3659115,11.20449686050415,35.2667255264399,3.56975
421,/home/htj/resisc45/imgs_full/wetland_s0005421.png,wetland,River,river,0,1782917704.36975,1782917715.5751216,11.205371618270874,38.27629170221942,5.463
422,/home/htj/resisc45/imgs_full/commercial_area_s0005422.png,commercial_area,Commercial area,commercial_area,1,1782917715.5792444,1782917726.9085462,11.329301834106445,39.05170490400995,5.568
423,/home/htj/resisc45/imgs_full/ship_s0005423.png,ship,Harbor,harbor,0,1782917726.9126828,1782917738.22476,11.312077283859253,39.02535260013498,5.568
424,/home/htj/resisc45/imgs_full/stadium_s0005424.png,stadium,Stadium,stadium,1,1782917738.229048,1782917749.436103,11.20705509185791,38.1539923956963,5.486599999999998
425,/home/htj/resisc45/imgs_full/freeway_s0005425.png,freeway,Freeway,freeway,1,1782917749.4402883,1782917760.8382576,11.397969245910645,36.006071435202415,3.545
426,/home/htj/resisc45/imgs_full/desert_s0005426.png,desert,Desert,desert,1,1782917760.8421152,1782917771.9667437,11.12462854385376,35.353156722332876,3.6786999999999983
427,/home/htj/resisc45/imgs_full/railway_s0005427.png,railway,Railway,railway,1,1782917771.9716344,1782917783.1647844,11.193150043487549,38.15250533046335,5.463
428,/home/htj/resisc45/imgs_full/airport_s0005428.png,airport,Airport,airport,1,1782917783.1661365,1782917794.3829923,11.216855764389038,38.17107404292416,5.467
429,/home/htj/resisc45/imgs_full/bridge_s0005429.png,bridge,Bridge,bridge,1,1782917794.3874958,1782917805.5193377,11.131841897964478,37.698834514132564,5.2895
430,/home/htj/resisc45/imgs_full/snowberg_s0005430.png,snowberg,Snowberg,snowberg,1,1782917805.5208604,1782917816.8796387,11.358778238296509,36.0145760849289,3.6443000000000003
431,/home/htj/resisc45/imgs_full/roundabout_s0005431.png,roundabout,Roundabout,roundabout,1,1782917816.8840668,1782917828.2670429,11.382976055145264,36.37913774904013,3.849
432,/home/htj/resisc45/imgs_full/meadow_s0005432.png,meadow,Rectangular farmland,rectangular_farmland,0,1782917828.2711024,1782917839.7692904,11.498188018798828,39.268532031389746,5.467
433,/home/htj/resisc45/imgs_full/chaparral_s0005433.png,chaparral,Chaparral,chaparral,1,1782917839.7736385,1782917851.3261511,11.552512645721436,39.01744482787372,5.355799999999998
434,/home/htj/resisc45/imgs_full/overpass_s0005434.png,overpass,Bridge,bridge,0,1782917851.330256,1782917862.5423634,11.212107419967651,38.2892330106878,5.486599999999998
435,/home/htj/resisc45/imgs_full/desert_s0005435.png,desert,Desert,desert,1,1782917862.546397,1782917873.7184668,11.172069787979126,35.19786106659192,3.545
436,/home/htj/resisc45/imgs_full/stadium_s0005436.png,stadium,Stadium,stadium,1,1782917873.7229075,1782917884.9250739,11.202166318893433,38.53260894757236,5.568
437,/home/htj/resisc45/imgs_full/sparse_residential_s0005437.png,sparse_residential,Forest,forest,0,1782917884.9293106,1782917896.0957413,11.166430711746216,38.59619803929815,5.59325
438,/home/htj/resisc45/imgs_full/overpass_s0005438.png,overpass,Freeway,freeway,0,1782917896.1002185,1782917907.4767637,11.376545190811157,38.61148243307948,5.463
439,/home/htj/resisc45/imgs_full/basketball_court_s0005439.png,basketball_court,Basketball court,basketball_court,1,1782917907.480886,1782917918.7881255,11.307239532470703,39.0021351857401,5.577799999999999
440,/home/htj/resisc45/imgs_full/parking_lot_s0005440.png,parking_lot,Roundabout,roundabout,0,1782917918.792708,1782917930.1883698,11.3956618309021,38.8515147716403,5.56515
441,/home/htj/resisc45/imgs_full/sea_ice_s0005441.png,sea_ice,Sea ice,sea_ice,1,1782917930.1926823,1782917941.5819547,11.389272451400757,38.906210264883036,5.4720499999999985
442,/home/htj/resisc45/imgs_full/desert_s0005442.png,desert,Desert,desert,1,1782917941.5858495,1782917952.7233613,11.137511730194092,35.33921107182697,3.647
443,/home/htj/resisc45/imgs_full/ground_track_field_s0005443.png,ground_track_field,Stadium,stadium,0,1782917952.7277575,1782917963.9071643,11.179406881332397,35.32778131186354,3.647
444,/home/htj/resisc45/imgs_full/sparse_residential_s0005444.png,sparse_residential,Sparse residential,sparse_residential,1,1782917963.9116476,1782917975.2488642,11.33721661567688,38.644754390012075,5.568
445,/home/htj/resisc45/imgs_full/rectangular_farmland_s0005445.png,rectangular_farmland,Rectangular farmland,rectangular_farmland,1,1782917975.2530842,1782917986.7692652,11.516180992126465,39.22023572498737,5.366
446,/home/htj/resisc45/imgs_full/river_s0005446.png,river,River,river,1,1782917986.773267,1782917997.9464664,11.17319941520691,35.128253930813194,3.647
447,/home/htj/resisc45/imgs_full/stadium_s0005447.png,stadium,Stadium,stadium,1,1782917997.9508145,1782918009.146776,11.195961475372314,38.02455411411905,5.386199999999999
448,/home/htj/resisc45/imgs_full/river_s0005448.png,river,Industrial area,industrial_area,0,1782918009.1510236,1782918020.541069,11.390045404434204,37.82024711383462,5.166
449,/home/htj/resisc45/imgs_full/cloud_s0005449.png,cloud,Cloud,cloud,1,1782918020.5453763,1782918031.7811968,11.235820531845093,35.5437805471035,3.649
450,/home/htj/resisc45/imgs_full/medium_residential_s0005450.png,medium_residential,Dense residential,dense_residential,0,1782918031.785927,1782918043.096578,11.310650825500488,38.63187064149163,5.383699999999998
451,/home/htj/resisc45/imgs_full/sea_ice_s0005451.png,sea_ice,Desert,desert,0,1782918043.1006866,1782918054.2222388,11.121552228927612,38.325268216092766,5.568
452,/home/htj/resisc45/imgs_full/railway_station_s0005452.png,railway_station,Industrial area,industrial_area,0,1782918054.2265136,1782918065.5881133,11.361599683761597,36.21595111196637,3.6538499999999985
453,/home/htj/resisc45/imgs_full/chaparral_s0005453.png,chaparral,Forest,forest,0,1782918065.5924432,1782918076.7653434,11.172900199890137,38.19484435628871,5.59325
454,/home/htj/resisc45/imgs_full/freeway_s0005454.png,freeway,Bridge,bridge,0,1782918076.7696862,1782918087.9776423,11.207956075668335,38.14232442766277,5.467
455,/home/htj/resisc45/imgs_full/circular_farmland_s0005455.png,circular_farmland,Rectangular farmland,rectangular_farmland,0,1782918087.981993,1782918099.5483432,11.566350221633911,39.04492158512294,5.456899999999997
456,/home/htj/resisc45/imgs_full/river_s0005456.png,river,Rectangular farmland,rectangular_farmland,0,1782918099.5522914,1782918111.086226,11.533934593200684,36.513311964424965,3.545
457,/home/htj/resisc45/imgs_full/mobile_home_park_s0005457.png,mobile_home_park,Mobile home park,mobile_home_park,1,1782918111.0877347,1782918122.5643625,11.476627826690674,36.493801594231385,3.6468499999999997
458,/home/htj/resisc45/imgs_full/forest_s0005458.png,forest,Forest,forest,1,1782918122.5688996,1782918133.7352326,11.166332960128784,35.236446106330476,3.67175
459,/home/htj/resisc45/imgs_full/medium_residential_s0005459.png,medium_residential,Dense residential,dense_residential,0,1782918133.7395155,1782918145.1097372,11.370221614837646,38.888829924824236,5.468099999999999
460,/home/htj/resisc45/imgs_full/airplane_s0005460.png,airplane,Airport,airport,0,1782918145.110734,1782918156.2460349,11.135300874710083,38.08364265722128,5.568
461,/home/htj/resisc45/imgs_full/baseball_diamond_s0005461.png,baseball_diamond,Baseball diamond,baseball_diamond,1,1782918156.2504697,1782918167.5840287,11.333559036254883,38.774768849401475,5.565
462,/home/htj/resisc45/imgs_full/freeway_s0005462.png,freeway,Freeway,freeway,1,1782918167.588198,1782918178.9792857,11.391087770462036,35.725128153795005,3.545
463,/home/htj/resisc45/imgs_full/industrial_area_s0005463.png,industrial_area,Industrial area,industrial_area,1,1782918178.9831686,1782918190.3619833,11.378814697265625,38.79806000289917,5.4720499999999985
464,/home/htj/resisc45/imgs_full/lake_s0005464.png,lake,Forest,forest,0,1782918190.3658283,1782918201.544804,11.178975820541382,37.20779512889896,4.912
465,/home/htj/resisc45/imgs_full/golf_course_s0005465.png,golf_course,Golf course,golf_course,1,1782918201.5489402,1782918212.8695648,11.320624589920044,35.81379142252524,3.6443000000000003
466,/home/htj/resisc45/imgs_full/tennis_court_s0005466.png,tennis_court,Stadium,stadium,0,1782918212.8738873,1782918224.1266701,11.252782821655273,38.4026788295399,5.56545
467,/home/htj/resisc45/imgs_full/forest_s0005467.png,forest,Forest,forest,1,1782918224.1310062,1782918235.2460866,11.1150803565979,38.18742607642443,5.5659
468,/home/htj/resisc45/imgs_full/rectangular_farmland_s0005468.png,rectangular_farmland,Rectangular farmland,rectangular_farmland,1,1782918235.2502897,1782918246.7449772,11.494687557220459,39.271258612880615,5.4668
469,/home/htj/resisc45/imgs_full/sea_ice_s0005469.png,sea_ice,Desert,desert,0,1782918246.7489293,1782918257.958286,11.209356784820557,36.099932676523466,4.373199999999999
470,/home/htj/resisc45/imgs_full/freeway_s0005470.png,freeway,Freeway,freeway,1,1782918257.9627268,1782918269.3489778,11.386250972747803,37.515419705009464,4.65715
471,/home/htj/resisc45/imgs_full/lake_s0005471.png,lake,Lake,lake,1,1782918269.3532922,1782918280.5663986,11.213106393814087,38.355881862746884,5.463
472,/home/htj/resisc45/imgs_full/runway_s0005472.png,runway,Airport,airport,0,1782918280.5678194,1782918291.7055228,11.13770341873169,38.21962900386957,5.565
473,/home/htj/resisc45/imgs_full/roundabout_s0005473.png,roundabout,Roundabout,roundabout,1,1782918291.7098773,1782918303.1214888,11.411611557006836,35.81491706526458,3.647
474,/home/htj/resisc45/imgs_full/cloud_s0005474.png,cloud,Forest,forest,0,1782918303.1262932,1782918314.3574364,11.231143236160278,35.298114930146845,3.5456
475,/home/htj/resisc45/imgs_full/island_s0005475.png,island,Island,island,1,1782918314.3582966,1782918325.559826,11.201529264450073,34.93899128968583,3.545
476,/home/htj/resisc45/imgs_full/industrial_area_s0005476.png,industrial_area,Industrial area,industrial_area,1,1782918325.5642037,1782918336.9472184,11.383014678955078,35.88404313423157,3.548
477,/home/htj/resisc45/imgs_full/baseball_diamond_s0005477.png,baseball_diamond,Stadium,stadium,0,1782918336.9517298,1782918348.1657975,11.214067697525024,35.15872074501043,3.545
478,/home/htj/resisc45/imgs_full/mobile_home_park_s0005478.png,mobile_home_park,Dense residential,dense_residential,0,1782918348.1696563,1782918359.5282712,11.358614921569824,36.184798797197345,3.644
479,/home/htj/resisc45/imgs_full/freeway_s0005479.png,freeway,Freeway,freeway,1,1782918359.532254,1782918370.8505335,11.318279504776001,38.894670322510464,5.568
480,/home/htj/resisc45/imgs_full/cloud_s0005480.png,cloud,Cloud,cloud,1,1782918370.8548982,1782918382.0215015,11.166603326797485,37.89711582004659,5.4915
481,/home/htj/resisc45/imgs_full/terrace_s0005481.png,terrace,Rectangular farmland,rectangular_farmland,0,1782918382.025611,1782918393.5451248,11.519513845443726,37.38355973868559,4.454
482,/home/htj/resisc45/imgs_full/golf_course_s0005482.png,golf_course,Golf course,golf_course,1,1782918393.5495157,1782918404.925902,11.376386165618896,35.59637102063655,3.545
483,/home/htj/resisc45/imgs_full/cloud_s0005483.png,cloud,Forest,forest,0,1782918404.9300563,1782918416.1345515,11.204495191574097,34.914742658417836,3.545
484,/home/htj/resisc45/imgs_full/snowberg_s0005484.png,snowberg,Mountain,mountain,0,1782918416.1388476,1782918427.3262486,11.187401056289673,35.06301857554731,3.548
485,/home/htj/resisc45/imgs_full/railway_station_s0005485.png,railway_station,Industrial area,industrial_area,0,1782918427.3303108,1782918438.690343,11.360032081604004,38.73299498495579,5.467
486,/home/htj/resisc45/imgs_full/intersection_s0005486.png,intersection,Intersection,intersection,1,1782918438.6919906,1782918449.8299112,11.137920618057251,38.34477634072304,5.568
487,/home/htj/resisc45/imgs_full/mobile_home_park_s0005487.png,mobile_home_park,Mobile home park,mobile_home_park,1,1782918449.8345013,1782918461.2984352,11.463933944702148,39.38048592094383,5.562949999999999
488,/home/htj/resisc45/imgs_full/palace_s0005488.png,palace,Church,church,0,1782918461.3029618,1782918472.4452767,11.142314910888672,35.25400013532444,3.649
489,/home/htj/resisc45/imgs_full/commercial_area_s0005489.png,commercial_area,Commercial area,commercial_area,1,1782918472.4496186,1782918483.76961,11.31999135017395,35.780103513996806,3.647
490,/home/htj/resisc45/imgs_full/sparse_residential_s0005490.png,sparse_residential,Sparse residential,sparse_residential,1,1782918483.771273,1782918495.1253555,11.354082584381104,35.807010795507004,3.5551999999999992
491,/home/htj/resisc45/imgs_full/cloud_s0005491.png,cloud,Desert,desert,0,1782918495.126819,1782918506.339408,11.212589025497437,35.09893248493175,3.545
492,/home/htj/resisc45/imgs_full/industrial_area_s0005492.png,industrial_area,Rectangular farmland,rectangular_farmland,0,1782918506.3408422,1782918517.903275,11.562432765960693,36.17896604028476,3.545
493,/home/htj/resisc45/imgs_full/stadium_s0005493.png,stadium,Stadium,stadium,1,1782918517.9076402,1782918529.0308788,11.123238563537598,38.32909105587005,5.568
494,/home/htj/resisc45/imgs_full/rectangular_farmland_s0005494.png,rectangular_farmland,Rectangular farmland,rectangular_farmland,1,1782918529.035025,1782918540.5098455,11.474820613861084,39.4628215096246,5.666
495,/home/htj/resisc45/imgs_full/overpass_s0005495.png,overpass,Freeway,freeway,0,1782918540.514201,1782918551.8512948,11.337093830108643,38.2079901988864,5.362
496,/home/htj/resisc45/imgs_full/island_s0005496.png,island,Island,island,1,1782918551.8525357,1782918563.0599854,11.207449674606323,38.532975590128586,5.565
497,/home/htj/resisc45/imgs_full/baseball_diamond_s0005497.png,baseball_diamond,Baseball diamond,baseball_diamond,1,1782918563.061216,1782918574.439471,11.378254890441895,37.11826889335211,4.657
498,/home/htj/resisc45/imgs_full/snowberg_s0005498.png,snowberg,River,river,0,1782918574.4436722,1782918585.6278298,11.184157609939575,35.07562955982952,3.54575
499,/home/htj/resisc45/imgs_full/beach_s0005499.png,beach,Mountain,mountain,0,1782918585.6320286,1782918596.8070676,11.175039052963257,38.28186375659217,5.4915
500,/home/htj/resisc45/imgs_full/golf_course_s0005500.png,golf_course,Golf course,golf_course,1,1782918596.8111782,1782918608.1007597,11.289581537246704,38.89329261287776,5.582699999999998
501,/home/htj/resisc45/imgs_full/harbor_s0005501.png,harbor,Harbor,harbor,1,1782918608.102439,1782918619.4652123,11.362773418426514,35.68802831099271,3.545
502,/home/htj/resisc45/imgs_full/lake_s0005502.png,lake,Lake,lake,1,1782918619.469029,1782918630.6057954,11.13676643371582,35.04991687830411,3.649
503,/home/htj/resisc45/imgs_full/desert_s0005503.png,desert,Forest,forest,0,1782918630.6100786,1782918641.8110359,11.200957298278809,35.22240523333477,3.545
504,/home/htj/resisc45/imgs_full/overpass_s0005504.png,overpass,Freeway,freeway,0,1782918641.8155844,1782918653.189465,11.373880624771118,38.34783469805956,5.3710499999999985
505,/home/htj/resisc45/imgs_full/runway_s0005505.png,runway,Airport,airport,0,1782918653.1935892,1782918664.4306562,11.237066984176636,35.69635936687089,3.7463
506,/home/htj/resisc45/imgs_full/tennis_court_s0005506.png,tennis_court,Tennis court,tennis_court,1,1782918664.4350185,1782918675.7304986,11.295480012893677,38.9077372874431,5.669
507,/home/htj/resisc45/imgs_full/church_s0005507.png,church,Church,church,1,1782918675.7350988,1782918686.872105,11.137006044387817,38.372383861559996,5.568
508,/home/htj/resisc45/imgs_full/railway_station_s0005508.png,railway_station,Railway,railway,0,1782918686.876359,1782918698.110938,11.234579086303711,38.119440094710605,5.3885999999999985
509,/home/htj/resisc45/imgs_full/sparse_residential_s0005509.png,sparse_residential,Forest,forest,0,1782918698.1152363,1782918709.2505274,11.13529109954834,35.15314818520935,3.64475
510,/home/htj/resisc45/imgs_full/church_s0005510.png,church,Church,church,1,1782918709.2552319,1782918720.4883788,11.233146905899048,38.32464619041336,5.568
511,/home/htj/resisc45/imgs_full/runway_s0005511.png,runway,Runway,runway,1,1782918720.4925086,1782918731.8418083,11.349299669265747,38.78906894463301,5.47
512,/home/htj/resisc45/imgs_full/chaparral_s0005512.png,chaparral,Chaparral,chaparral,1,1782918731.8461785,1782918743.4009628,11.554784297943115,38.62770082814353,5.253899999999998
513,/home/htj/resisc45/imgs_full/storage_tank_s0005513.png,storage_tank,Industrial area,industrial_area,0,1782918743.4028487,1782918754.7584019,11.355553150177002,35.78682603199877,3.649
514,/home/htj/resisc45/imgs_full/airplane_s0005514.png,airplane,Airport,airport,0,1782918754.7630048,1782918765.9205914,11.157586574554443,35.28962468852802,3.647
515,/home/htj/resisc45/imgs_full/commercial_area_s0005515.png,commercial_area,Commercial area,commercial_area,1,1782918765.9248824,1782918777.2898033,11.364920854568481,35.58082590821161,3.5551999999999992
516,/home/htj/resisc45/imgs_full/intersection_s0005516.png,intersection,Commercial area,commercial_area,0,1782918777.2941337,1782918788.6184487,11.324315071105957,38.78213712776127,5.568
517,/home/htj/resisc45/imgs_full/beach_s0005517.png,beach,Beach,beach,1,1782918788.6201386,1782918799.8091075,11.188968896865845,38.07742427914881,5.4895999999999985
518,/home/htj/resisc45/imgs_full/intersection_s0005518.png,intersection,Commercial area,commercial_area,0,1782918799.8134785,1782918811.1323035,11.318825006484985,38.84592302966836,5.568
519,/home/htj/resisc45/imgs_full/intersection_s0005519.png,intersection,Commercial area,commercial_area,0,1782918811.1367257,1782918822.5118682,11.375142574310303,38.7027282191205,5.467149999999999
520,/home/htj/resisc45/imgs_full/beach_s0005520.png,beach,Beach,beach,1,1782918822.5160947,1782918833.6870468,11.170952081680298,38.15148010765168,5.467
521,/home/htj/resisc45/imgs_full/railway_station_s0005521.png,railway_station,Industrial area,industrial_area,0,1782918833.6917894,1782918844.984986,11.293196678161621,37.12453971316467,4.4699
522,/home/htj/resisc45/imgs_full/tennis_court_s0005522.png,tennis_court,Tennis court,tennis_court,1,1782918844.9894557,1782918856.2728887,11.283432960510254,38.899293209148176,5.484699999999998
523,/home/htj/resisc45/imgs_full/terrace_s0005523.png,terrace,Forest,forest,0,1782918856.2772396,1782918867.4411466,11.163907051086426,38.40777040668896,5.568
524,/home/htj/resisc45/imgs_full/stadium_s0005524.png,stadium,Stadium,stadium,1,1782918867.4456792,1782918878.6488411,11.20316195487976,38.23451508020508,5.568
525,/home/htj/resisc45/imgs_full/runway_s0005525.png,runway,runway,runway,1,1782918878.653234,1782918889.9305615,11.277327537536621,38.85853810336855,5.482149999999998
526,/home/htj/resisc45/imgs_full/island_s0005526.png,island,Island,island,1,1782918889.931916,1782918901.080566,11.14864993095398,38.544181901593596,5.568
527,/home/htj/resisc45/imgs_full/terrace_s0005527.png,terrace,Desert,desert,0,1782918901.084667,1782918912.230158,11.145491123199463,38.490214352211176,5.56575
528,/home/htj/resisc45/imgs_full/industrial_area_s0005528.png,industrial_area,Industrial area,industrial_area,1,1782918912.2318633,1782918923.5226736,11.290810346603394,38.82156957507134,5.484699999999998
529,/home/htj/resisc45/imgs_full/sea_ice_s0005529.png,sea_ice,Lake,lake,0,1782918923.524096,1782918934.7134917,11.189395666122437,38.38570462381658,5.568
530,/home/htj/resisc45/imgs_full/bridge_s0005530.png,bridge,Bridge,bridge,1,1782918934.717731,1782918945.9189694,11.20123839378357,37.98538946105502,5.467
531,/home/htj/resisc45/imgs_full/roundabout_s0005531.png,roundabout,Roundabout,roundabout,1,1782918945.9235325,1782918957.305109,11.381576538085938,38.935576626434326,5.474899999999999
532,/home/htj/resisc45/imgs_full/sparse_residential_s0005532.png,sparse_residential,Church,church,0,1782918957.3092625,1782918968.4782095,11.168946981430054,38.23609220899854,5.59325
533,/home/htj/resisc45/imgs_full/palace_s0005533.png,palace,Church,church,0,1782918968.4827511,1782918979.6208515,11.138100385665894,38.29943788992507,5.568
534,/home/htj/resisc45/imgs_full/lake_s0005534.png,lake,Lake,lake,1,1782918979.6251574,1782918990.7897756,11.164618253707886,38.29036843486586,5.49225
535,/home/htj/resisc45/imgs_full/palace_s0005535.png,palace,Church,church,0,1782918990.79438,1782919001.93753,11.143150091171265,38.25301294282626,5.565
536,/home/htj/resisc45/imgs_full/stadium_s0005536.png,stadium,Stadium,stadium,1,1782919001.9392705,1782919013.1409895,11.201719045639038,38.204401020198915,5.467
537,/home/htj/resisc45/imgs_full/ship_s0005537.png,ship,Harbor,harbor,0,1782919013.142399,1782919024.5312798,11.388880729675293,38.844397171125415,5.4720499999999985
538,/home/htj/resisc45/imgs_full/mobile_home_park_s0005538.png,mobile_home_park,Mobile home park,mobile_home_park,1,1782919024.5353246,1782919036.1236339,11.588309288024902,39.14155961606082,5.366
539,/home/htj/resisc45/imgs_full/ship_s0005539.png,ship,Ship,ship,1,1782919036.127616,1782919047.249135,11.121519088745117,38.5193528471531,5.597399999999999
540,/home/htj/resisc45/imgs_full/terrace_s0005540.png,terrace,Rectangular farmland,rectangular_farmland,0,1782919047.2533731,1782919058.713376,11.460002899169922,39.51925267091128,5.56785
541,/home/htj/resisc45/imgs_full/dense_residential_s0005541.png,dense_residential,Dense residential,dense_residential,1,1782919058.7180057,1782919070.0048628,11.28685712814331,38.727258962501175,5.582699999999998
542,/home/htj/resisc45/imgs_full/airport_s0005542.png,airport,Airport,airport,1,1782919070.00922,1782919081.1730614,11.163841485977173,35.24430452960487,3.647
543,/home/htj/resisc45/imgs_full/sparse_residential_s0005543.png,sparse_residential,Dense residential,dense_residential,0,1782919081.1778853,1782919092.492512,11.314626693725586,38.72581658092096,5.568
544,/home/htj/resisc45/imgs_full/terrace_s0005544.png,terrace,Rectangular farmland,rectangular_farmland,0,1782919092.4968543,1782919104.0529168,11.556062459945679,39.529931016926696,5.466600000000001
545,/home/htj/resisc45/imgs_full/cloud_s0005545.png,cloud,Forest,forest,0,1782919104.0568655,1782919115.2736683,11.216802835464478,38.391585944496434,5.487199999999999
546,/home/htj/resisc45/imgs_full/golf_course_s0005546.png,golf_course,Forest,forest,0,1782919115.277795,1782919126.4492586,11.17146348953247,38.54773020396499,5.568
547,/home/htj/resisc45/imgs_full/intersection_s0005547.png,intersection,Commercial area,commercial_area,0,1782919126.4536936,1782919137.768656,11.314962387084961,39.02724824639523,5.482149999999998
548,/home/htj/resisc45/imgs_full/commercial_area_s0005548.png,commercial_area,Commercial area,commercial_area,1,1782919137.7731247,1782919149.0697637,11.29663896560669,38.994171989845505,5.568
549,/home/htj/resisc45/imgs_full/dense_residential_s0005549.png,dense_residential,Dense residential,dense_residential,1,1782919149.0741158,1782919160.3977804,11.323664665222168,36.472954858305464,3.7580999999999993
550,/home/htj/resisc45/imgs_full/meadow_s0005550.png,meadow,Rectangular farmland,rectangular_farmland,0,1782919160.4021509,1782919171.8849914,11.482840538024902,36.585353177561615,3.649
551,/home/htj/resisc45/imgs_full/circular_farmland_s0005551.png,circular_farmland,Circular farmland,circular_farmland,1,1782919171.8866863,1782919183.2963953,11.409708976745605,35.809143429336544,3.54515
552,/home/htj/resisc45/imgs_full/golf_course_s0005552.png,golf_course,Golf course,golf_course,1,1782919183.3005733,1782919194.6887617,11.388188362121582,38.95250111945152,5.4720499999999985
553,/home/htj/resisc45/imgs_full/roundabout_s0005553.png,roundabout,Dense residential,dense_residential,0,1782919194.6926174,1782919206.0090752,11.316457748413086,35.77463786470047,3.647
554,/home/htj/resisc45/imgs_full/terrace_s0005554.png,terrace,Rectangular farmland,rectangular_farmland,0,1782919206.013253,1782919217.481498,11.468245029449463,36.262250142177734,3.647
555,/home/htj/resisc45/imgs_full/ground_track_field_s0005555.png,ground_track_field,Baseball diamond,baseball_diamond,0,1782919217.4860125,1782919228.8000336,11.314021110534668,38.768147160587596,5.477099999999999
556,/home/htj/resisc45/imgs_full/forest_s0005556.png,forest,Forest,forest,1,1782919228.8044434,1782919239.9638767,11.159433364868164,38.052415184741115,5.47
557,/home/htj/resisc45/imgs_full/palace_s0005557.png,palace,Palace,palace,1,1782919239.9686112,1782919251.2670007,11.298389434814453,38.73789767901103,5.482149999999998
558,/home/htj/resisc45/imgs_full/harbor_s0005558.png,harbor,Harbor,harbor,1,1782919251.271281,1782919262.6555886,11.384307622909546,35.795735380252594,3.548
559,/home/htj/resisc45/imgs_full/golf_course_s0005559.png,golf_course,Golf course,golf_course,1,1782919262.659968,1782919274.0082083,11.348240375518799,38.63807824096488,5.477099999999999
560,/home/htj/resisc45/imgs_full/desert_s0005560.png,desert,Desert,desert,1,1782919274.0125563,1782919285.1580386,11.145482301712036,38.30662461804492,5.568
561,/home/htj/resisc45/imgs_full/parking_lot_s0005561.png,parking_lot,Parking lot,parking_lot,1,1782919285.1624358,1782919296.4629586,11.300522804260254,38.92162591185715,5.568
562,/home/htj/resisc45/imgs_full/overpass_s0005562.png,overpass,Railway,railway,0,1782919296.4678476,1782919307.6045706,11.136723041534424,38.3695517848993,5.467
563,/home/htj/resisc45/imgs_full/sparse_residential_s0005563.png,sparse_residential,Church,church,0,1782919307.6089993,1782919318.7545543,11.145555019378662,38.50487874289191,5.59325
564,/home/htj/resisc45/imgs_full/lake_s0005564.png,lake,Lake,lake,1,1782919318.7590034,1782919329.9330869,11.174083471298218,35.336727733491635,3.647
565,/home/htj/resisc45/imgs_full/chaparral_s0005565.png,chaparral,Desert,desert,0,1782919329.9381063,1782919341.1548283,11.216722011566162,38.35805770742107,5.483399999999999
566,/home/htj/resisc45/imgs_full/runway_s0005566.png,runway,Stadium,stadium,0,1782919341.159366,1782919352.357395,11.198029041290283,38.12997447920819,5.4885
567,/home/htj/resisc45/imgs_full/rectangular_farmland_s0005567.png,rectangular_farmland,Rectangular farmland,rectangular_farmland,1,1782919352.3614256,1782919363.9239566,11.562530994415283,39.373493783145115,5.467
568,/home/htj/resisc45/imgs_full/palace_s0005568.png,palace,Airport,airport,0,1782919363.9282184,1782919375.0802195,11.152001142501831,38.647032367480044,5.59325
569,/home/htj/resisc45/imgs_full/snowberg_s0005569.png,snowberg,Mountain,mountain,0,1782919375.0847485,1782919386.236137,11.15138840675354,38.259958464860915,5.49225
570,/home/htj/resisc45/imgs_full/storage_tank_s0005570.png,storage_tank,Industrial area,industrial_area,0,1782919386.2407126,1782919397.5497901,11.309077501296997,38.31789616893999,5.467
571,/home/htj/resisc45/imgs_full/lake_s0005571.png,lake,Lake,lake,1,1782919397.5545847,1782919408.6875787,11.132993936538696,35.17203955163222,3.647
572,/home/htj/resisc45/imgs_full/commercial_area_s0005572.png,commercial_area,Commercial area,commercial_area,1,1782919408.6919365,1782919419.992492,11.30055546760559,38.64858113974183,5.476799999999999
573,/home/htj/resisc45/imgs_full/industrial_area_s0005573.png,industrial_area,Industrial area,industrial_area,1,1782919419.9967792,1782919431.3500626,11.353283405303955,35.59379861248678,3.545
574,/home/htj/resisc45/imgs_full/storage_tank_s0005574.png,storage_tank,Industrial area,industrial_area,0,1782919431.3517632,1782919442.7183292,11.366565942764282,35.714204854803086,3.5499499999999986
575,/home/htj/resisc45/imgs_full/airplane_s0005575.png,airplane,Airport,airport,0,1782919442.722187,1782919453.8556185,11.133431434631348,35.13381502084343,3.647
576,/home/htj/resisc45/imgs_full/storage_tank_s0005576.png,storage_tank,Industrial area,industrial_area,0,1782919453.860046,1782919465.2200897,11.36004376411438,35.851670177427366,3.748
577,/home/htj/resisc45/imgs_full/airport_s0005577.png,airport,Airport,airport,1,1782919465.2244997,1782919476.3723586,11.14785885810852,38.09223371815681,5.568
578,/home/htj/resisc45/imgs_full/meadow_s0005578.png,meadow,Forest,forest,0,1782919476.377069,1782919487.5090532,11.131984233856201,35.114310778075335,3.644
579,/home/htj/resisc45/imgs_full/palace_s0005579.png,palace,Stadium,stadium,0,1782919487.5132585,1782919498.6587849,11.14552640914917,35.35309798544524,3.644
580,/home/htj/resisc45/imgs_full/baseball_diamond_s0005580.png,baseball_diamond,Baseball diamond,baseball_diamond,1,1782919498.6631763,1782919510.0276408,11.364464521408081,38.58860750566721,5.56515
581,/home/htj/resisc45/imgs_full/church_s0005581.png,church,Church,church,1,1782919510.0317798,1782919521.1714408,11.139661073684692,38.05205395130011,5.565
582,/home/htj/resisc45/imgs_full/sparse_residential_s0005582.png,sparse_residential,Forest,forest,0,1782919521.1758618,1782919532.3207185,11.144856691360474,35.25300128321258,3.647
583,/home/htj/resisc45/imgs_full/wetland_s0005583.png,wetland,Industrial area,industrial_area,0,1782919532.3249881,1782919543.620669,11.29568076133728,38.61641326568953,5.5614
584,/home/htj/resisc45/imgs_full/ground_track_field_s0005584.png,ground_track_field,Stadium,stadium,0,1782919543.624943,1782919554.7784412,11.15349817276001,35.42863170094879,3.644
585,/home/htj/resisc45/imgs_full/mobile_home_park_s0005585.png,mobile_home_park,Mobile home park,mobile_home_park,1,1782919554.7831132,1782919566.2651737,11.482060432434082,36.42109569168091,3.644
586,/home/htj/resisc45/imgs_full/terrace_s0005586.png,terrace,Terrace,terrace,1,1782919566.269517,1782919577.5976222,11.328105211257935,39.08498001188609,5.575099999999999
587,/home/htj/resisc45/imgs_full/cloud_s0005587.png,cloud,Cloud,cloud,1,1782919577.6020806,1782919588.7309368,11.128856182098389,38.50806816129684,5.595299999999998
588,/home/htj/resisc45/imgs_full/sea_ice_s0005588.png,sea_ice,Sea ice,sea_ice,1,1782919588.735122,1782919600.0897503,11.354628324508667,38.735008746804,5.565
589,/home/htj/resisc45/imgs_full/mobile_home_park_s0005589.png,mobile_home_park,Mobile home park,mobile_home_park,1,1782919600.0942447,1782919611.5400681,11.445823431015015,39.31355626577762,5.568
590,/home/htj/resisc45/imgs_full/palace_s0005590.png,palace,Church,church,0,1782919611.544487,1782919622.6948464,11.150359392166138,38.35274203154141,5.5925
591,/home/htj/resisc45/imgs_full/chaparral_s0005591.png,chaparral,Desert,desert,0,1782919622.699142,1782919633.8490846,11.149942636489868,38.00657053766081,5.467
592,/home/htj/resisc45/imgs_full/parking_lot_s0005592.png,parking_lot,Parking lot,parking_lot,1,1782919633.8532786,1782919645.1905758,11.337297201156616,38.886815457281756,5.577799999999999
593,/home/htj/resisc45/imgs_full/river_s0005593.png,river,Industrial area,industrial_area,0,1782919645.1948245,1782919656.526156,11.331331491470337,38.60550474325377,5.473199999999999
594,/home/htj/resisc45/imgs_full/palace_s0005594.png,palace,Dense residential,dense_residential,0,1782919656.530636,1782919667.9191055,11.388469457626343,35.75757334540248,3.5499499999999986
595,/home/htj/resisc45/imgs_full/stadium_s0005595.png,stadium,Stadium,stadium,1,1782919667.9234588,1782919679.176286,11.252827167510986,35.294406729473074,3.563199999999999
596,/home/htj/resisc45/imgs_full/mobile_home_park_s0005596.png,mobile_home_park,Industrial area,industrial_area,0,1782919679.1800857,1782919690.479382,11.299296379089355,35.739276984372935,3.647
597,/home/htj/resisc45/imgs_full/meadow_s0005597.png,meadow,Forest,forest,0,1782919690.4839349,1782919701.6553397,11.171404838562012,35.12819753004094,3.647
598,/home/htj/resisc45/imgs_full/thermal_power_station_s0005598.png,thermal_power_station,Industrial area,industrial_area,0,1782919701.6598084,1782919712.9970324,11.337224006652832,35.509780776134086,3.545
599,/home/htj/resisc45/imgs_full/bridge_s0005599.png,bridge,Bridge,bridge,1,1782919713.0011625,1782919724.1476307,11.146468162536621,35.1982147981342,3.647
600,/home/htj/resisc45/imgs_full/snowberg_s0005600.png,snowberg,Forest,forest,0,1782919724.1522763,1782919735.3025913,11.150315046310425,35.15711400910421,3.644
601,/home/htj/resisc45/imgs_full/river_s0005601.png,river,River,river,1,1782919735.304315,1782919746.5412593,11.236944198608398,35.1388325449433,3.644
602,/home/htj/resisc45/imgs_full/freeway_s0005602.png,freeway,Commercial area,commercial_area,0,1782919746.542332,1782919757.934261,11.391929149627686,35.50630781391382,3.5499499999999986
603,/home/htj/resisc45/imgs_full/desert_s0005603.png,desert,Desert,desert,1,1782919757.9387505,1782919769.1341295,11.19537901878357,35.15371743632089,3.644
604,/home/htj/resisc45/imgs_full/mountain_s0005604.png,mountain,Desert,desert,0,1782919769.1355734,1782919780.3140616,11.17848825454712,35.2227320928379,3.647
605,/home/htj/resisc45/imgs_full/railway_station_s0005605.png,railway_station,Railway station,railway_station,1,1782919780.3183904,1782919791.688938,11.370547533035278,38.52983940127969,5.471899999999999
606,/home/htj/resisc45/imgs_full/meadow_s0005606.png,meadow,Rectangular farmland,rectangular_farmland,0,1782919791.6929474,1782919803.151308,11.45836067199707,39.19882383182393,5.568
607,/home/htj/resisc45/imgs_full/terrace_s0005607.png,terrace,Rectangular farmland,rectangular_farmland,0,1782919803.1555583,1782919814.6092327,11.45367431640625,38.87263660272277,5.562949999999999
608,/home/htj/resisc45/imgs_full/baseball_diamond_s0005608.png,baseball_diamond,Baseball diamond,baseball_diamond,1,1782919814.613459,1782919825.9912877,11.377828598022461,35.57016421113968,3.545
609,/home/htj/resisc45/imgs_full/bridge_s0005609.png,bridge,Bridge,bridge,1,1782919825.9955356,1782919837.1700652,11.174529552459717,38.072021275571416,5.4915
610,/home/htj/resisc45/imgs_full/roundabout_s0005610.png,roundabout,Roundabout,roundabout,1,1782919837.1746979,1782919848.5366244,11.361926555633545,38.542211310184,5.4632
611,/home/htj/resisc45/imgs_full/harbor_s0005611.png,harbor,Harbor,harbor,1,1782919848.540898,1782919859.8671925,11.326294422149658,39.01367725933018,5.568
612,/home/htj/resisc45/imgs_full/mobile_home_park_s0005612.png,mobile_home_park,Mobile home park,mobile_home_park,1,1782919859.871688,1782919871.437994,11.566306114196777,39.311196568916586,5.467
613,/home/htj/resisc45/imgs_full/runway_s0005613.png,runway,Airport,airport,0,1782919871.4422967,1782919882.5767672,11.134470462799072,38.237475824935096,5.4885
614,/home/htj/resisc45/imgs_full/mountain_s0005614.png,mountain,Forest,forest,0,1782919882.5785644,1782919893.7575436,11.17897915840149,35.2338038473555,3.647
615,/home/htj/resisc45/imgs_full/basketball_court_s0005615.png,basketball_court,Stadium,stadium,0,1782919893.7618704,1782919904.9691646,11.207294225692749,38.126816727077895,5.467
616,/home/htj/resisc45/imgs_full/railway_s0005616.png,railway,Railway,railway,1,1782919904.9732022,1782919916.1810193,11.207817077636719,38.02254788211881,5.467
617,/home/htj/resisc45/imgs_full/circular_farmland_s0005617.png,circular_farmland,Lake,lake,0,1782919916.1849766,1782919927.4213374,11.236360788345337,38.047168868790976,5.482149999999998
618,/home/htj/resisc45/imgs_full/circular_farmland_s0005618.png,circular_farmland,Rectangular farmland,rectangular_farmland,0,1782919927.4253662,1782919938.9381676,11.5128014087677,39.13754041284028,5.5600999999999985
619,/home/htj/resisc45/imgs_full/stadium_s0005619.png,stadium,Stadium,stadium,1,1782919938.9401162,1782919950.1605797,11.220463514328003,36.45238116800483,4.373199999999999
620,/home/htj/resisc45/imgs_full/airport_s0005620.png,airport,Airport,airport,1,1782919950.1624703,1782919961.3632836,11.200813293457031,35.330947113540574,3.647
621,/home/htj/resisc45/imgs_full/bridge_s0005621.png,bridge,Bridge,bridge,1,1782919961.3645437,1782919972.5062344,11.141690731048584,38.258576382790295,5.49225
622,/home/htj/resisc45/imgs_full/river_s0005622.png,river,Industrial area,industrial_area,0,1782919972.510639,1782919983.8804333,11.369794368743896,38.697923586373356,5.476799999999999
623,/home/htj/resisc45/imgs_full/palace_s0005623.png,palace,Commercial area,commercial_area,0,1782919983.8848777,1782919995.2617693,11.376891613006592,38.617000545288455,5.477099999999999
624,/home/htj/resisc45/imgs_full/ship_s0005624.png,ship,Harbor,harbor,0,1782919995.2632804,1782920006.6105392,11.347258806228638,37.97394201280832,5.26115
625,/home/htj/resisc45/imgs_full/palace_s0005625.png,palace,Palace,palace,1,1782920006.6148162,1782920017.9429076,11.328091382980347,38.652870925787106,5.477099999999999
626,/home/htj/resisc45/imgs_full/roundabout_s0005626.png,roundabout,Roundabout,roundabout,1,1782920017.9474354,1782920029.3319817,11.384546279907227,38.75453245055199,5.467
627,/home/htj/resisc45/imgs_full/sparse_residential_s0005627.png,sparse_residential,Forest,forest,0,1782920029.336686,1782920040.466757,11.13007116317749,38.274213645304954,5.666
628,/home/htj/resisc45/imgs_full/airport_s0005628.png,airport,Airport,airport,1,1782920040.4710357,1782920051.6299236,11.15888786315918,38.05499586704799,5.4915
629,/home/htj/resisc45/imgs_full/dense_residential_s0005629.png,dense_residential,Dense residential,dense_residential,1,1782920051.6345596,1782920063.032304,11.397744417190552,38.640462156993145,5.3710499999999985
630,/home/htj/resisc45/imgs_full/stadium_s0005630.png,stadium,Stadium,stadium,1,1782920063.0364554,1782920074.2697399,11.23328447341919,38.108350238474934,5.467
631,/home/htj/resisc45/imgs_full/sparse_residential_s0005631.png,sparse_residential,Rectangular farmland,rectangular_farmland,0,1782920074.2740958,1782920085.7920628,11.517966985702515,39.11752474754164,5.461949999999999
632,/home/htj/resisc45/imgs_full/beach_s0005632.png,beach,Beach,beach,1,1782920085.7962825,1782920096.9451337,11.148851156234741,35.11199843300727,3.6475
633,/home/htj/resisc45/imgs_full/lake_s0005633.png,lake,Lake,lake,1,1782920096.9494298,1782920108.1427321,11.193302392959595,35.137992144461215,3.545
634,/home/htj/resisc45/imgs_full/railway_station_s0005634.png,railway_station,Railway station,railway_station,1,1782920108.1445975,1782920119.4701493,11.325551748275757,38.67704378196343,5.476799999999999
635,/home/htj/resisc45/imgs_full/commercial_area_s0005635.png,commercial_area,Commercial area,commercial_area,1,1782920119.4717097,1782920130.7746024,11.302892684936523,38.853979031052255,5.568
636,/home/htj/resisc45/imgs_full/church_s0005636.png,church,Church,church,1,1782920130.7791026,1782920141.9712532,11.192150592803955,38.19625339061718,5.487199999999999
637,/home/htj/resisc45/imgs_full/thermal_power_station_s0005637.png,thermal_power_station,Industrial area,industrial_area,0,1782920141.975749,1782920153.332427,11.356678009033203,38.865788800144195,5.4720499999999985
638,/home/htj/resisc45/imgs_full/wetland_s0005638.png,wetland,Forest,forest,0,1782920153.3364537,1782920164.509452,11.172998428344727,38.15043115395916,5.4915
639,/home/htj/resisc45/imgs_full/cloud_s0005639.png,cloud,Forest,forest,0,1782920164.5137627,1782920175.6811347,11.167371988296509,38.52851591098917,5.568
640,/home/htj/resisc45/imgs_full/overpass_s0005640.png,overpass,Freeway,freeway,0,1782920175.685324,1782920187.0313652,11.346041202545166,38.64620478163719,5.4720499999999985
641,/home/htj/resisc45/imgs_full/parking_lot_s0005641.png,parking_lot,Parking lot,parking_lot,1,1782920187.035515,1782920198.3528757,11.317360639572144,38.69205548314976,5.565
642,/home/htj/resisc45/imgs_full/island_s0005642.png,island,Island,island,1,1782920198.3569908,1782920209.4907353,11.133744478225708,38.391149325315766,5.568
643,/home/htj/resisc45/imgs_full/terrace_s0005643.png,terrace,Medium residential,medium_residential,0,1782920209.4954202,1782920220.8631983,11.367778062820435,35.64179243259311,3.5499499999999986
644,/home/htj/resisc45/imgs_full/rectangular_farmland_s0005644.png,rectangular_farmland,Rectangular farmland,rectangular_farmland,1,1782920220.867008,1782920232.368133,11.50112509727478,35.97267249113262,3.545
645,/home/htj/resisc45/imgs_full/airplane_s0005645.png,airplane,runway,runway,0,1782920232.372608,1782920243.7284865,11.355878591537476,38.600164376245736,5.467
646,/home/htj/resisc45/imgs_full/stadium_s0005646.png,stadium,Stadium,stadium,1,1782920243.732838,1782920254.9150774,11.182239532470703,38.319823310501725,5.568
647,/home/htj/resisc45/imgs_full/beach_s0005647.png,beach,Beach,beach,1,1782920254.9191997,1782920266.096109,11.17690920829773,38.02248347271517,5.467
648,/home/htj/resisc45/imgs_full/circular_farmland_s0005648.png,circular_farmland,Circular farmland,circular_farmland,1,1782920266.1001885,1782920277.417542,11.31735348701477,38.748400365739606,5.578099999999999
649,/home/htj/resisc45/imgs_full/airplane_s0005649.png,airplane,airport,airport,0,1782920277.4189873,1782920288.5545118,11.13552451133728,38.152933817521124,5.568
650,/home/htj/resisc45/imgs_full/airplane_s0005650.png,airplane,Airport,airport,0,1782920288.5587473,1782920299.774843,11.216095685958862,35.046598276390036,3.548
651,/home/htj/resisc45/imgs_full/parking_lot_s0005651.png,parking_lot,Parking lot,parking_lot,1,1782920299.7791135,1782920311.158964,11.379850387573242,35.63748086923599,3.545
652,/home/htj/resisc45/imgs_full/rectangular_farmland_s0005652.png,rectangular_farmland,Rectangular farmland,rectangular_farmland,1,1782920311.1629686,1782920322.6848266,11.521857976913452,39.02458972572693,5.456899999999997
653,/home/htj/resisc45/imgs_full/forest_s0005653.png,forest,Forest,forest,1,1782920322.6890852,1782920333.8999214,11.210836172103882,37.94293275499102,5.386199999999999
654,/home/htj/resisc45/imgs_full/beach_s0005654.png,beach,Mountain,mountain,0,1782920333.9038577,1782920345.0807188,11.176861047744751,38.23130858582988,5.467
655,/home/htj/resisc45/imgs_full/meadow_s0005655.png,meadow,Rectangular farmland,rectangular_farmland,0,1782920345.082103,1782920356.567112,11.485008955001831,39.550334030948065,5.467
656,/home/htj/resisc45/imgs_full/commercial_area_s0005656.png,commercial_area,Commercial area,commercial_area,1,1782920356.5686424,1782920367.8974009,11.328758478164673,36.95139294874129,4.5563
657,/home/htj/resisc45/imgs_full/wetland_s0005657.png,wetland,Lake,lake,0,1782920367.90175,1782920379.1232693,11.221519231796265,37.876386901065175,5.486599999999998
658,/home/htj/resisc45/imgs_full/freeway_s0005658.png,freeway,Freeway,freeway,1,1782920379.1272285,1782920390.461039,11.333810567855835,38.28317532894492,5.468099999999999
659,/home/htj/resisc45/imgs_full/forest_s0005659.png,forest,Forest,forest,1,1782920390.4632301,1782920401.644115,11.180884838104248,35.00067612440002,3.5705
660,/home/htj/resisc45/imgs_full/sparse_residential_s0005660.png,sparse_residential,Medium residential,medium_residential,0,1782920401.6480458,1782920413.0589542,11.410908460617065,36.48112851410363,3.748
661,/home/htj/resisc45/imgs_full/ship_s0005661.png,ship,Harbor,harbor,0,1782920413.0632718,1782920424.439959,11.376687288284302,38.8695329057157,5.4720499999999985
662,/home/htj/resisc45/imgs_full/ship_s0005662.png,ship,Airplane,airplane,0,1782920424.4439332,1782920435.5785687,11.13463544845581,37.99525899736453,5.425699999999996
663,/home/htj/resisc45/imgs_full/bridge_s0005663.png,bridge,Bridge,bridge,1,1782920435.580242,1782920446.7296777,11.149435758590698,37.31778721764258,5.467
664,/home/htj/resisc45/imgs_full/ship_s0005664.png,ship,Harbor,harbor,0,1782920446.7337544,1782920458.0901287,11.356374263763428,36.70113287253141,3.7460999999999998
665,/home/htj/resisc45/imgs_full/commercial_area_s0005665.png,commercial_area,Commercial area,commercial_area,1,1782920458.0946035,1782920469.4119692,11.317365646362305,38.36643825300974,5.568
666,/home/htj/resisc45/imgs_full/forest_s0005666.png,forest,Forest,forest,1,1782920469.4168332,1782920480.6215286,11.204695463180542,38.14999737019466,5.486599999999998
667,/home/htj/resisc45/imgs_full/snowberg_s0005667.png,snowberg,Mountain,mountain,0,1782920480.6256504,1782920491.8138585,11.188208103179932,38.334910915491534,5.49225
668,/home/htj/resisc45/imgs_full/sparse_residential_s0005668.png,sparse_residential,Medium residential,medium_residential,0,1782920491.8155808,1782920503.1967785,11.381197690963745,39.28334195013046,5.468099999999999
669,/home/htj/resisc45/imgs_full/tennis_court_s0005669.png,tennis_court,Airport,airport,0,1782920503.200891,1782920514.3567128,11.155821800231934,38.19588323770738,5.562
670,/home/htj/resisc45/imgs_full/intersection_s0005670.png,intersection,Intersection,intersection,1,1782920514.3610423,1782920525.4750314,11.113989114761353,37.558705540866264,5.58925
671,/home/htj/resisc45/imgs_full/bridge_s0005671.png,bridge,Bridge,bridge,1,1782920525.4765658,1782920536.6683865,11.191820621490479,35.451005436581006,3.647
672,/home/htj/resisc45/imgs_full/palace_s0005672.png,palace,Commercial area,commercial_area,0,1782920536.6728814,1782920547.9828482,11.309966802597046,38.62058126265919,5.568
673,/home/htj/resisc45/imgs_full/ground_track_field_s0005673.png,ground_track_field,Stadium,stadium,0,1782920547.9871423,1782920559.1771,11.189957618713379,37.13060825331925,5.104799999999997
674,/home/htj/resisc45/imgs_full/bridge_s0005674.png,bridge,Bridge,bridge,1,1782920559.180914,1782920570.4201415,11.239227533340454,35.13496630755052,3.545
675,/home/htj/resisc45/imgs_full/wetland_s0005675.png,wetland,Lake,lake,0,1782920570.4241738,1782920581.6402817,11.216107845306396,38.35521728103173,5.4638
676,/home/htj/resisc45/imgs_full/chaparral_s0005676.png,chaparral,Desert,desert,0,1782920581.6446455,1782920592.78151,11.13686466217041,38.263141838623554,5.5925
677,/home/htj/resisc45/imgs_full/river_s0005677.png,river,Lake,lake,0,1782920592.7855601,1782920603.9071748,11.121614694595337,38.349029754928175,5.59025
678,/home/htj/resisc45/imgs_full/wetland_s0005678.png,wetland,Forest,forest,0,1782920603.9113789,1782920615.0951607,11.183781862258911,38.24271383754818,5.56575
679,/home/htj/resisc45/imgs_full/church_s0005679.png,church,Stadium,stadium,0,1782920615.0996027,1782920626.2454042,11.145801544189453,38.16237149228855,5.568
680,/home/htj/resisc45/imgs_full/tennis_court_s0005680.png,tennis_court,Sparse residential,sparse_residential,0,1782920626.2496786,1782920637.6086364,11.358957767486572,38.61665115860224,5.4632
681,/home/htj/resisc45/imgs_full/harbor_s0005681.png,harbor,Harbor,harbor,1,1782920637.6130998,1782920648.9483845,11.33528470993042,38.70703530046808,5.467
682,/home/htj/resisc45/imgs_full/medium_residential_s0005682.png,medium_residential,Dense residential,dense_residential,0,1782920648.952843,1782920660.3318202,11.378977298736572,39.17389309238196,5.4720499999999985
683,/home/htj/resisc45/imgs_full/medium_residential_s0005683.png,medium_residential,Medium residential,medium_residential,1,1782920660.335958,1782920671.653936,11.317977905273438,39.19933304369749,5.666
684,/home/htj/resisc45/imgs_full/mobile_home_park_s0005684.png,mobile_home_park,Mobile home park,mobile_home_park,1,1782920671.6583188,1782920683.1341014,11.475782632827759,39.1160900524054,5.463
685,/home/htj/resisc45/imgs_full/palace_s0005685.png,palace,Industrial area,industrial_area,0,1782920683.1382427,1782920694.4353955,11.297152757644653,39.10777591795873,5.565
686,/home/htj/resisc45/imgs_full/industrial_area_s0005686.png,industrial_area,Industrial area,industrial_area,1,1782920694.4397225,1782920705.7872012,11.34747862815857,38.26301366408266,5.3690999999999995
687,/home/htj/resisc45/imgs_full/tennis_court_s0005687.png,tennis_court,Tennis court,tennis_court,1,1782920705.7913005,1782920717.17627,11.384969472885132,37.552500502543666,5.261
688,/home/htj/resisc45/imgs_full/terrace_s0005688.png,terrace,Terrace,terrace,1,1782920717.1804826,1782920728.5587614,11.378278732299805,36.872941784499275,4.657
689,/home/htj/resisc45/imgs_full/bridge_s0005689.png,bridge,Bridge,bridge,1,1782920728.5625963,1782920739.7893472,11.22675085067749,38.51875421434248,5.565
690,/home/htj/resisc45/imgs_full/desert_s0005690.png,desert,Desert,desert,1,1782920739.793677,1782920750.9386914,11.14501428604126,38.119815495870554,5.49225
691,/home/htj/resisc45/imgs_full/river_s0005691.png,river,River,river,1,1782920750.9432852,1782920762.0991921,11.155906915664673,38.035780039496565,5.467
692,/home/htj/resisc45/imgs_full/harbor_s0005692.png,harbor,Harbor,harbor,1,1782920762.10357,1782920773.441262,11.337692022323608,37.22221264255587,5.291399999999998
693,/home/htj/resisc45/imgs_full/beach_s0005693.png,beach,Beach,beach,1,1782920773.4428957,1782920784.7068992,11.26400351524353,35.092263395954866,3.5598499999999977
694,/home/htj/resisc45/imgs_full/overpass_s0005694.png,overpass,Freeway,freeway,0,1782920784.7087283,1782920796.0652077,11.356479406356812,36.30478142684428,3.746
695,/home/htj/resisc45/imgs_full/commercial_area_s0005695.png,commercial_area,Commercial area,commercial_area,1,1782920796.069282,1782920807.4473498,11.3780677318573,38.770394150875326,5.3757
696,/home/htj/resisc45/imgs_full/palace_s0005696.png,palace,Stadium,stadium,0,1782920807.4514396,1782920818.6686468,11.217207193374634,38.7926327632478,5.666
697,/home/htj/resisc45/imgs_full/industrial_area_s0005697.png,industrial_area,Rectangular farmland,rectangular_farmland,0,1782920818.6725705,1782920830.1301916,11.457621097564697,37.05235054300318,3.746
698,/home/htj/resisc45/imgs_full/baseball_diamond_s0005698.png,baseball_diamond,Baseball diamond,baseball_diamond,1,1782920830.134544,1782920841.426065,11.291521072387695,35.63250477563492,3.644
699,/home/htj/resisc45/imgs_full/railway_station_s0005699.png,railway_station,Railway station,railway_station,1,1782920841.430453,1782920852.7117298,11.28127670288086,37.03932259702443,5.366
700,/home/htj/resisc45/imgs_full/dense_residential_s0005700.png,dense_residential,Dense residential,dense_residential,1,1782920852.7164521,1782920864.0727656,11.356313467025757,38.30330451792808,5.3757
701,/home/htj/resisc45/imgs_full/lake_s0005701.png,lake,Lake,lake,1,1782920864.076884,1782920875.2704704,11.193586349487305,38.21450605550272,5.565
702,/home/htj/resisc45/imgs_full/medium_residential_s0005702.png,medium_residential,Dense residential,dense_residential,0,1782920875.2747774,1782920886.613787,11.339009523391724,38.433430329667864,5.467
703,/home/htj/resisc45/imgs_full/intersection_s0005703.png,intersection,Roundabout,roundabout,0,1782920886.618033,1782920897.9557674,11.337734460830688,36.98958543314934,3.9611499999999946
704,/home/htj/resisc45/imgs_full/medium_residential_s0005704.png,medium_residential,Dense residential,dense_residential,0,1782920897.960002,1782920909.2770455,11.317043542861938,37.105099213124525,5.1928499999999955
705,/home/htj/resisc45/imgs_full/commercial_area_s0005705.png,commercial_area,Stadium,stadium,0,1782920909.281572,1782920920.475895,11.19432282447815,38.80683348781235,5.666
706,/home/htj/resisc45/imgs_full/storage_tank_s0005706.png,storage_tank,Industrial area,industrial_area,0,1782920920.479871,1782920931.7710233,11.291152238845825,38.847464605312254,5.575099999999999
707,/home/htj/resisc45/imgs_full/ship_s0005707.png,ship,Harbor,harbor,0,1782920931.7722468,1782920943.0721152,11.29986834526062,38.276363638137326,5.467
708,/home/htj/resisc45/imgs_full/railway_s0005708.png,railway,Railway,railway,1,1782920943.076471,1782920954.3193018,11.242830753326416,38.46433597791075,5.481699999999998
709,/home/htj/resisc45/imgs_full/thermal_power_station_s0005709.png,thermal_power_station,Industrial area,industrial_area,0,1782920954.323349,1782920965.6835227,11.36017370223999,38.86612272296359,5.473199999999999
710,/home/htj/resisc45/imgs_full/sea_ice_s0005710.png,sea_ice,Island,island,0,1782920965.6849806,1782920976.861921,11.176940441131592,38.19881092610819,5.483399999999999
711,/home/htj/resisc45/imgs_full/mobile_home_park_s0005711.png,mobile_home_park,Mobile home park,mobile_home_park,1,1782920976.8634872,1782920988.309352,11.4458646774292,36.079529358071476,3.545
712,/home/htj/resisc45/imgs_full/intersection_s0005712.png,intersection,Intersection,intersection,1,1782920988.3136284,1782920999.5629747,11.249346256256104,37.850470814856614,5.4636000000000005
713,/home/htj/resisc45/imgs_full/chaparral_s0005713.png,chaparral,Forest,forest,0,1782920999.5674071,1782921010.8078523,11.240445137023926,38.47393255443863,5.565
714,/home/htj/resisc45/imgs_full/chaparral_s0005714.png,chaparral,Desert,desert,0,1782921010.8122764,1782921021.9692338,11.156957387924194,37.798974704759466,5.4885
715,/home/htj/resisc45/imgs_full/ship_s0005715.png,ship,Ship,ship,1,1782921021.9737685,1782921033.1997519,11.225983381271362,36.08354230989471,3.963149999999998
716,/home/htj/resisc45/imgs_full/ground_track_field_s0005716.png,ground_track_field,Stadium,stadium,0,1782921033.2039962,1782921044.3895392,11.185543060302734,37.676161965642656,5.467
717,/home/htj/resisc45/imgs_full/circular_farmland_s0005717.png,circular_farmland,Circular farmland,circular_farmland,1,1782921044.3938735,1782921055.7302413,11.336367845535278,38.94731651679715,5.568
718,/home/htj/resisc45/imgs_full/terrace_s0005718.png,terrace,Rectangular farmland,rectangular_farmland,0,1782921055.7343836,1782921067.1925213,11.45813775062561,38.82826550290359,5.463
719,/home/htj/resisc45/imgs_full/airport_s0005719.png,airport,Airport,airport,1,1782921067.1939979,1782921078.391336,11.197338104248047,38.27227428320095,5.483399999999999
720,/home/htj/resisc45/imgs_full/mobile_home_park_s0005720.png,mobile_home_park,Mobile home park,mobile_home_park,1,1782921078.392852,1782921089.931928,11.53907585144043,38.725995419502254,5.4579499999999985
721,/home/htj/resisc45/imgs_full/airplane_s0005721.png,airplane,Airport,airport,0,1782921089.9334679,1782921101.169861,11.236393213272095,38.31314988530284,5.4636000000000005
722,/home/htj/resisc45/imgs_full/runway_s0005722.png,runway,Roundabout,roundabout,0,1782921101.1740978,1782921112.5405793,11.36648154258728,38.502194420875306,5.467899999999998
723,/home/htj/resisc45/imgs_full/palace_s0005723.png,palace,Palace,palace,1,1782921112.5445447,1782921123.8920627,11.347517967224121,35.8259959717372,3.644
724,/home/htj/resisc45/imgs_full/parking_lot_s0005724.png,parking_lot,Parking lot,parking_lot,1,1782921123.8966823,1782921135.269449,11.372766733169556,35.88608306051254,3.644
725,/home/htj/resisc45/imgs_full/mobile_home_park_s0005725.png,mobile_home_park,Mobile home park,mobile_home_park,1,1782921135.2735379,1782921146.7247777,11.451239824295044,36.21354894584091,3.644
726,/home/htj/resisc45/imgs_full/snowberg_s0005726.png,snowberg,Mountain,mountain,0,1782921146.729297,1782921157.849873,11.12057614326477,34.74516214459648,3.5435
727,/home/htj/resisc45/imgs_full/island_s0005727.png,island,Island,island,1,1782921157.851389,1782921169.042969,11.191580057144165,35.00058173065161,3.545
728,/home/htj/resisc45/imgs_full/beach_s0005728.png,beach,Beach,beach,1,1782921169.0446455,1782921180.2300932,11.185447692871094,34.95991803784056,3.545
729,/home/htj/resisc45/imgs_full/baseball_diamond_s0005729.png,baseball_diamond,Baseball diamond,baseball_diamond,1,1782921180.2339647,1782921191.6047523,11.370787620544434,37.985309979128836,5.468099999999999
730,/home/htj/resisc45/imgs_full/river_s0005730.png,river,River,river,1,1782921191.6089785,1782921202.8234076,11.214429140090942,37.815111986422906,5.487199999999999
731,/home/htj/resisc45/imgs_full/island_s0005731.png,island,Island,island,1,1782921202.827199,1782921214.0355227,11.20832371711731,38.45416561219051,5.585199999999999
732,/home/htj/resisc45/imgs_full/dense_residential_s0005732.png,dense_residential,Dense residential,dense_residential,1,1782921214.03974,1782921225.3583572,11.318617105484009,38.70716789194807,5.477099999999999
733,/home/htj/resisc45/imgs_full/medium_residential_s0005733.png,medium_residential,Industrial area,industrial_area,0,1782921225.3630507,1782921236.6858191,11.322768449783325,38.364384424561834,5.386199999999999
734,/home/htj/resisc45/imgs_full/desert_s0005734.png,desert,Desert,desert,1,1782921236.6872249,1782921247.9157693,11.228544473648071,37.64668772650854,5.386199999999999
735,/home/htj/resisc45/imgs_full/industrial_area_s0005735.png,industrial_area,Industrial area,industrial_area,1,1782921247.919891,1782921259.2770176,11.357126474380493,38.750572316218616,5.471899999999999
736,/home/htj/resisc45/imgs_full/harbor_s0005736.png,harbor,Harbor,harbor,1,1782921259.281018,1782921270.6186905,11.337672472000122,38.36503142162184,5.376099999999999
737,/home/htj/resisc45/imgs_full/beach_s0005737.png,beach,Beach,beach,1,1782921270.6230233,1782921281.8314512,11.208427906036377,37.871798609595615,5.386199999999999
738,/home/htj/resisc45/imgs_full/stadium_s0005738.png,stadium,Stadium,stadium,1,1782921281.8358085,1782921293.0233903,11.187581777572632,36.310495328588146,3.7465
739,/home/htj/resisc45/imgs_full/overpass_s0005739.png,overpass,Commercial area,commercial_area,0,1782921293.0249593,1782921304.337188,11.312228679656982,35.509540588405265,3.5548999999999995
740,/home/htj/resisc45/imgs_full/airplane_s0005740.png,airplane,Airport,airport,0,1782921304.341344,1782921315.53518,11.193835973739624,35.416046947859265,3.644
741,/home/htj/resisc45/imgs_full/rectangular_farmland_s0005741.png,rectangular_farmland,Rectangular farmland,rectangular_farmland,1,1782921315.5392184,1782921327.0169826,11.477764129638672,36.10143198949984,3.543
742,/home/htj/resisc45/imgs_full/airport_s0005742.png,airport,Airport,airport,1,1782921327.0214539,1782921338.2102797,11.188825845718384,37.35703480746916,5.4885
743,/home/htj/resisc45/imgs_full/bridge_s0005743.png,bridge,Bridge,bridge,1,1782921338.2146611,1782921349.4227643,11.20810317993164,36.38861466265451,4.353
744,/home/htj/resisc45/imgs_full/golf_course_s0005744.png,golf_course,Golf course,golf_course,1,1782921349.4269512,1782921360.784009,11.357057809829712,37.529908600183724,5.266049999999998
745,/home/htj/resisc45/imgs_full/medium_residential_s0005745.png,medium_residential,Medium residential,medium_residential,1,1782921360.788332,1782921372.144587,11.356255054473877,38.55654030783811,5.4764
746,/home/htj/resisc45/imgs_full/baseball_diamond_s0005746.png,baseball_diamond,Baseball diamond,baseball_diamond,1,1782921372.1487904,1782921383.441608,11.29281759262085,38.35092185443098,5.463
747,/home/htj/resisc45/imgs_full/overpass_s0005747.png,overpass,Bridge,bridge,0,1782921383.4459133,1782921394.6333473,11.187433958053589,38.69591433578578,5.685399999999999
748,/home/htj/resisc45/imgs_full/runway_s0005748.png,runway,Airport,airport,0,1782921394.6374707,1782921405.7836127,11.14614200592041,37.73300595279107,5.392299999999999
749,/home/htj/resisc45/imgs_full/terrace_s0005749.png,terrace,Rectangular farmland,rectangular_farmland,0,1782921405.7876863,1782921417.330858,11.543171644210815,38.535164201775395,5.261
750,/home/htj/resisc45/imgs_full/baseball_diamond_s0005750.png,baseball_diamond,Baseball diamond,baseball_diamond,1,1782921417.3350613,1782921428.6847134,11.34965205192566,38.751173749150034,5.467899999999998
751,/home/htj/resisc45/imgs_full/wetland_s0005751.png,wetland,Lake,lake,0,1782921428.6889782,1782921439.956589,11.267610788345337,37.75133324659834,5.362
752,/home/htj/resisc45/imgs_full/forest_s0005752.png,forest,Forest,forest,1,1782921439.960474,1782921451.1645353,11.204061269760132,38.2228540787128,5.482599999999999
753,/home/htj/resisc45/imgs_full/mountain_s0005753.png,mountain,Forest,forest,0,1782921451.1686265,1782921462.3048651,11.13623857498169,37.59668384504318,5.362
754,/home/htj/resisc45/imgs_full/church_s0005754.png,church,Storage tank,storage_tank,0,1782921462.3089721,1782921473.6675997,11.358627557754517,39.50228148375683,5.676099999999999
755,/home/htj/resisc45/imgs_full/mountain_s0005755.png,mountain,Forest,forest,0,1782921473.6720383,1782921484.806338,11.134299755096436,37.848382057815186,5.362
756,/home/htj/resisc45/imgs_full/thermal_power_station_s0005756.png,thermal_power_station,Industrial area,industrial_area,0,1782921484.8107328,1782921496.1729844,11.36225152015686,38.24014281338903,5.362
757,/home/htj/resisc45/imgs_full/railway_station_s0005757.png,railway_station,Railway station,railway_station,1,1782921496.1777067,1782921507.5509431,11.373236417770386,37.375998289184956,4.9983999999999975
758,/home/htj/resisc45/imgs_full/commercial_area_s0005758.png,commercial_area,Commercial area,commercial_area,1,1782921507.555521,1782921518.9149253,11.35940432548523,36.252346167331936,3.743
759,/home/htj/resisc45/imgs_full/tennis_court_s0005759.png,tennis_court,Tennis court,tennis_court,1,1782921518.9196217,1782921530.2925522,11.372930526733398,37.99354901065826,5.468099999999999
760,/home/htj/resisc45/imgs_full/desert_s0005760.png,desert,Desert,desert,1,1782921530.2934973,1782921541.4726725,11.17917513847351,35.87220488451817,4.024
761,/home/htj/resisc45/imgs_full/dense_residential_s0005761.png,dense_residential,Dense residential,dense_residential,1,1782921541.474852,1782921552.8470984,11.372246265411377,39.711372207734584,5.662
762,/home/htj/resisc45/imgs_full/airport_s0005762.png,airport,Airport,airport,1,1782921552.8487496,1782921564.0248346,11.176084995269775,37.47068988213563,4.958
763,/home/htj/resisc45/imgs_full/cloud_s0005763.png,cloud,Cloud,cloud,1,1782921564.0261989,1782921575.2341042,11.207905292510986,37.311688550671754,5.362
764,/home/htj/resisc45/imgs_full/palace_s0005764.png,palace,Airport,airport,0,1782921575.2385662,1782921586.4651482,11.226582050323486,38.384880772305024,5.565
765,/home/htj/resisc45/imgs_full/basketball_court_s0005765.png,basketball_court,Basketball court,basketball_court,1,1782921586.4694583,1782921597.8585038,11.389045476913452,38.77616924479246,5.463
766,/home/htj/resisc45/imgs_full/intersection_s0005766.png,intersection,Medium residential,medium_residential,0,1782921597.8624678,1782921609.2172601,11.354792356491089,38.568463723967426,5.472799999999999
767,/home/htj/resisc45/imgs_full/freeway_s0005767.png,freeway,Parking lot,parking_lot,0,1782921609.221491,1782921620.5583708,11.33687973022461,38.689979026257696,5.463
768,/home/htj/resisc45/imgs_full/parking_lot_s0005768.png,parking_lot,Parking lot,parking_lot,1,1782921620.5629456,1782921631.9191186,11.356173038482666,38.91555061981786,5.472799999999999
769,/home/htj/resisc45/imgs_full/church_s0005769.png,church,Church,church,1,1782921631.9235063,1782921643.0580335,11.134527206420898,36.77808187736784,4.78025
770,/home/htj/resisc45/imgs_full/river_s0005770.png,river,River,river,1,1782921643.0624652,1782921654.2586024,11.196137189865112,37.828223907164514,5.483399999999999
771,/home/htj/resisc45/imgs_full/snowberg_s0005771.png,snowberg,Forest,forest,0,1782921654.2631576,1782921665.479893,11.216735363006592,37.94450760076252,5.463
772,/home/htj/resisc45/imgs_full/intersection_s0005772.png,intersection,Commercial area,commercial_area,0,1782921665.4838443,1782921676.853965,11.370120763778687,38.55443084246278,5.467899999999998
773,/home/htj/resisc45/imgs_full/ground_track_field_s0005773.png,ground_track_field,Stadium,stadium,0,1782921676.8582375,1782921688.0621002,11.20386266708374,38.055312922533396,5.3628
774,/home/htj/resisc45/imgs_full/mobile_home_park_s0005774.png,mobile_home_park,Mobile home park,mobile_home_park,1,1782921688.066562,1782921699.5695481,11.502986192703247,39.012035999695854,5.362
775,/home/htj/resisc45/imgs_full/storage_tank_s0005775.png,storage_tank,Industrial area,industrial_area,0,1782921699.5735755,1782921710.9276745,11.354099035263062,38.54488399375623,5.463
776,/home/htj/resisc45/imgs_full/thermal_power_station_s0005776.png,thermal_power_station,Thermal power station,thermal_power_station,1,1782921710.9319606,1782921722.4486787,11.51671814918518,39.10714394812279,5.456899999999997
777,/home/htj/resisc45/imgs_full/church_s0005777.png,church,Church,church,1,1782921722.45325,1782921733.6537144,11.200464487075806,35.03300613018462,3.545
778,/home/htj/resisc45/imgs_full/roundabout_s0005778.png,roundabout,Roundabout,roundabout,1,1782921733.6579554,1782921745.071928,11.413972616195679,39.40839548344493,5.468099999999999
779,/home/htj/resisc45/imgs_full/storage_tank_s0005779.png,storage_tank,Rectangular farmland,rectangular_farmland,0,1782921745.0738845,1782921756.622456,11.548571586608887,39.29904954553238,5.4627
780,/home/htj/resisc45/imgs_full/thermal_power_station_s0005780.png,thermal_power_station,Thermal power station,thermal_power_station,1,1782921756.6268744,1782921768.17237,11.545495510101318,39.20213282374678,5.452899999999998
781,/home/htj/resisc45/imgs_full/railway_s0005781.png,railway,Railway,railway,1,1782921768.1769385,1782921779.371375,11.19443655014038,38.11870436520746,5.4638
782,/home/htj/resisc45/imgs_full/railway_s0005782.png,railway,Railway,railway,1,1782921779.3759239,1782921790.5884397,11.212515830993652,38.050896173443284,5.487199999999999
783,/home/htj/resisc45/imgs_full/snowberg_s0005783.png,snowberg,River,river,0,1782921790.590281,1782921801.7899144,11.199633359909058,38.10228970902583,5.467
784,/home/htj/resisc45/imgs_full/harbor_s0005784.png,harbor,Harbor,harbor,1,1782921801.7944217,1782921813.145062,11.350640296936035,38.402923620108986,5.463
785,/home/htj/resisc45/imgs_full/church_s0005785.png,church,Church,church,1,1782921813.149327,1782921824.3643284,11.215001344680786,37.8769876379047,5.486599999999998
786,/home/htj/resisc45/imgs_full/palace_s0005786.png,palace,Industrial area,industrial_area,0,1782921824.3662076,1782921835.737963,11.371755361557007,38.30177782102823,5.468099999999999
787,/home/htj/resisc45/imgs_full/snowberg_s0005787.png,snowberg,Mountain,mountain,0,1782921835.7400072,1782921846.9767385,11.23673129081726,37.98298932136911,5.463
788,/home/htj/resisc45/imgs_full/baseball_diamond_s0005788.png,baseball_diamond,Medium residential,medium_residential,0,1782921846.9809792,1782921858.3739927,11.39301347732544,37.631864061481956,4.6699499999999965
789,/home/htj/resisc45/imgs_full/beach_s0005789.png,beach,Beach,beach,1,1782921858.375824,1782921869.6078615,11.232037544250488,37.64437338352203,5.482599999999999
790,/home/htj/resisc45/imgs_full/basketball_court_s0005790.png,basketball_court,Basketball court,basketball_court,1,1782921869.6122038,1782921880.9796326,11.36742877960205,38.6711969881916,5.367049999999998
791,/home/htj/resisc45/imgs_full/baseball_diamond_s0005791.png,baseball_diamond,Parking lot,parking_lot,0,1782921880.9835973,1782921892.3213437,11.337746381759644,38.19379098575319,5.476799999999999
792,/home/htj/resisc45/imgs_full/railway_station_s0005792.png,railway_station,Railway,railway,0,1782921892.3232808,1782921903.540222,11.216941118240356,37.71938440854779,5.362
793,/home/htj/resisc45/imgs_full/forest_s0005793.png,forest,Forest,forest,1,1782921903.5445511,1782921914.7775733,11.233022212982178,37.53026473523391,4.761
794,/home/htj/resisc45/imgs_full/overpass_s0005794.png,overpass,Intersection,intersection,0,1782921914.7814622,1782921925.985437,11.203974723815918,37.04136415036197,5.2875999999999985
795,/home/htj/resisc45/imgs_full/tennis_court_s0005795.png,tennis_court,Medium residential,medium_residential,0,1782921925.9872725,1782921937.3438635,11.356590986251831,38.679407533245474,5.476799999999999
796,/home/htj/resisc45/imgs_full/chaparral_s0005796.png,chaparral,Forest,forest,0,1782921937.3455513,1782921948.563812,11.218260765075684,37.83799770539182,5.386199999999999
797,/home/htj/resisc45/imgs_full/river_s0005797.png,river,River,river,1,1782921948.56528,1782921959.7721117,11.206831693649292,37.95048490004491,5.486599999999998
798,/home/htj/resisc45/imgs_full/industrial_area_s0005798.png,industrial_area,Railway,railway,0,1782921959.7766778,1782921970.9859955,11.209317684173584,37.234565242426044,4.983599999999998
799,/home/htj/resisc45/imgs_full/lake_s0005799.png,lake,Lake,lake,1,1782921970.990032,1782921982.1669354,11.176903486251831,37.751551752459584,5.366
800,/home/htj/resisc45/imgs_full/golf_course_s0005800.png,golf_course,Golf course,golf_course,1,1782921982.1711578,1782921993.5093868,11.338228940963745,37.680296356287435,5.062
801,/home/htj/resisc45/imgs_full/chaparral_s0005801.png,chaparral,Desert,desert,0,1782921993.5142312,1782922004.7093651,11.195133924484253,38.92241193851844,5.666
802,/home/htj/resisc45/imgs_full/railway_station_s0005802.png,railway_station,Railway station,railway_station,1,1782922004.7109332,1782922016.025777,11.314843893051147,36.387514506836034,3.968299999999999
803,/home/htj/resisc45/imgs_full/wetland_s0005803.png,wetland,River,river,0,1782922016.0300007,1782922027.2104619,11.180461168289185,35.12895194759539,3.56975
804,/home/htj/resisc45/imgs_full/basketball_court_s0005804.png,basketball_court,Basketball court,basketball_court,1,1782922027.2148137,1782922038.516035,11.301221370697021,36.835961922415535,4.677199999999999
805,/home/htj/resisc45/imgs_full/sea_ice_s0005805.png,sea_ice,Sea ice,sea_ice,1,1782922038.520273,1782922049.886571,11.366297960281372,38.31453384845461,5.376099999999999
806,/home/htj/resisc45/imgs_full/overpass_s0005806.png,overpass,Freeway,freeway,0,1782922049.8908684,1782922061.2560725,11.365204095840454,37.14754081251394,4.565799999999999
807,/home/htj/resisc45/imgs_full/lake_s0005807.png,lake,Lake,lake,1,1782922061.2600088,1782922072.4841032,11.22409439086914,34.9105799619026,3.545
808,/home/htj/resisc45/imgs_full/intersection_s0005808.png,intersection,Commercial area,commercial_area,0,1782922072.488824,1782922083.8513494,11.362525463104248,35.8363204463906,3.647
809,/home/htj/resisc45/imgs_full/bridge_s0005809.png,bridge,Bridge,bridge,1,1782922083.8553767,1782922095.0061698,11.150793075561523,35.06093801963573,3.647
810,/home/htj/resisc45/imgs_full/chaparral_s0005810.png,chaparral,Chaparral,chaparral,1,1782922095.0106425,1782922106.5524833,11.54184079170227,38.954679230091024,5.463
811,/home/htj/resisc45/imgs_full/circular_farmland_s0005811.png,circular_farmland,Circular farmland,circular_farmland,1,1782922106.55685,1782922117.878738,11.321887969970703,38.523833249058555,5.467
812,/home/htj/resisc45/imgs_full/thermal_power_station_s0005812.png,thermal_power_station,Industrial area,industrial_area,0,1782922117.8804288,1782922129.2718527,11.39142394065857,38.8185553625822,5.565
813,/home/htj/resisc45/imgs_full/overpass_s0005813.png,overpass,Bridge,bridge,0,1782922129.2760408,1782922140.4814024,11.205361604690552,38.330243009173934,5.487199999999999
814,/home/htj/resisc45/imgs_full/industrial_area_s0005814.png,industrial_area,Industrial area,industrial_area,1,1782922140.4829566,1782922151.8258245,11.342867851257324,38.13095975975535,5.467
815,/home/htj/resisc45/imgs_full/airplane_s0005815.png,airplane,Airport,airport,0,1782922151.8300672,1782922163.065359,11.235291957855225,38.48166937023702,5.565
816,/home/htj/resisc45/imgs_full/cloud_s0005816.png,cloud,Forest,forest,0,1782922163.0695643,1782922174.24433,11.174765586853027,37.74419612234953,5.4915
817,/home/htj/resisc45/imgs_full/mountain_s0005817.png,mountain,Forest,forest,0,1782922174.248537,1782922185.4641762,11.215639114379883,38.398135346446544,5.565
818,/home/htj/resisc45/imgs_full/meadow_s0005818.png,meadow,Forest,forest,0,1782922185.4684157,1782922196.6271617,11.158746004104614,35.51415356427159,3.7464
819,/home/htj/resisc45/imgs_full/forest_s0005819.png,forest,Forest,forest,1,1782922196.6313713,1782922207.8063068,11.174935579299927,35.27106146709773,3.647
820,/home/htj/resisc45/imgs_full/snowberg_s0005820.png,snowberg,Mountain,mountain,0,1782922207.8109758,1782922218.9651763,11.154200553894043,37.36008420828411,5.4915
821,/home/htj/resisc45/imgs_full/parking_lot_s0005821.png,parking_lot,Parking lot,parking_lot,1,1782922218.9694839,1782922230.2925644,11.32308053970337,38.273150222241576,5.376099999999999
822,/home/htj/resisc45/imgs_full/snowberg_s0005822.png,snowberg,Snowberg,snowberg,1,1782922230.2970634,1782922241.6824484,11.385385036468506,38.733990724868775,5.565
823,/home/htj/resisc45/imgs_full/industrial_area_s0005823.png,industrial_area,Industrial area,industrial_area,1,1782922241.6867287,1782922252.9837883,11.297059535980225,36.95495250792719,4.4624
824,/home/htj/resisc45/imgs_full/freeway_s0005824.png,freeway,Freeway,freeway,1,1782922252.9882114,1782922264.3562095,11.367998123168945,38.230063557648776,5.473199999999999
825,/home/htj/resisc45/imgs_full/intersection_s0005825.png,intersection,Intersection,intersection,1,1782922264.3601627,1782922275.4969487,11.136785984039307,37.780978247486814,5.4885
826,/home/htj/resisc45/imgs_full/church_s0005826.png,church,Commercial area,commercial_area,0,1782922275.500945,1782922286.8780866,11.37714147567749,36.403439579725266,3.746
827,/home/htj/resisc45/imgs_full/snowberg_s0005827.png,snowberg,Mountain,mountain,0,1782922286.882689,1782922298.0264478,11.143758773803711,37.57186497682455,5.467
828,/home/htj/resisc45/imgs_full/river_s0005828.png,river,River,river,1,1782922298.0309553,1782922309.1800466,11.149091243743896,37.674599572405526,5.39125
829,/home/htj/resisc45/imgs_full/railway_station_s0005829.png,railway_station,Railway station,railway_station,1,1782922309.1845057,1782922320.5384583,11.353952646255493,38.43969103699353,5.467
830,/home/htj/resisc45/imgs_full/parking_lot_s0005830.png,parking_lot,Parking lot,parking_lot,1,1782922320.5431,1782922331.9428277,11.399727582931519,38.54891980397582,5.4720499999999985
831,/home/htj/resisc45/imgs_full/stadium_s0005831.png,stadium,Stadium,stadium,1,1782922331.9471707,1782922343.1545234,11.207352638244629,35.136643444114526,3.647
832,/home/htj/resisc45/imgs_full/airport_s0005832.png,airport,Airport,airport,1,1782922343.158546,1782922354.3485389,11.189992904663086,34.783750393342,3.56975
833,/home/htj/resisc45/imgs_full/airplane_s0005833.png,airplane,Airport,airport,0,1782922354.352834,1782922365.5408847,11.188050746917725,37.71006710707655,5.565
834,/home/htj/resisc45/imgs_full/lake_s0005834.png,lake,Lake,lake,1,1782922365.545169,1782922376.6810486,11.135879516601562,37.96465634770296,5.4915
835,/home/htj/resisc45/imgs_full/thermal_power_station_s0005835.png,thermal_power_station,Industrial area,industrial_area,0,1782922376.6854649,1782922387.9879956,11.302530765533447,38.051796493807224,5.380549999999998
836,/home/htj/resisc45/imgs_full/industrial_area_s0005836.png,industrial_area,Industrial area,industrial_area,1,1782922387.992323,1782922399.3686328,11.376309871673584,39.10460741552755,5.666
837,/home/htj/resisc45/imgs_full/golf_course_s0005837.png,golf_course,Golf course,golf_course,1,1782922399.3705244,1782922410.6417384,11.271214008331299,36.37061369583341,3.8772999999999955
838,/home/htj/resisc45/imgs_full/railway_station_s0005838.png,railway_station,Railway,railway,0,1782922410.6461434,1782922421.877817,11.2316734790802,36.86235235834122,5.261
839,/home/htj/resisc45/imgs_full/rectangular_farmland_s0005839.png,rectangular_farmland,Rectangular farmland,rectangular_farmland,1,1782922421.8820775,1782922433.4329572,11.550879716873169,39.023253051766034,5.450199999999998
840,/home/htj/resisc45/imgs_full/airplane_s0005840.png,airplane,Airport,airport,0,1782922433.4344351,1782922444.6280313,11.193596124649048,38.35721516293317,5.486599999999998
841,/home/htj/resisc45/imgs_full/airport_s0005841.png,airport,Airport,airport,1,1782922444.6321342,1782922455.7704365,11.138302326202393,38.320558040061364,5.666
842,/home/htj/resisc45/imgs_full/railway_s0005842.png,railway,Railway,railway,1,1782922455.7748601,1782922466.9128587,11.137998580932617,38.11974331671851,5.4885
843,/home/htj/resisc45/imgs_full/church_s0005843.png,church,Church,church,1,1782922466.91698,1782922478.0710948,11.154114723205566,38.85131811713686,5.6935
844,/home/htj/resisc45/imgs_full/ground_track_field_s0005844.png,ground_track_field,Baseball diamond,baseball_diamond,0,1782922478.0755076,1782922489.3978145,11.322306871414185,38.09421439695239,5.3721
845,/home/htj/resisc45/imgs_full/terrace_s0005845.png,terrace,Rectangular farmland,rectangular_farmland,0,1782922489.4020917,1782922500.940174,11.538082361221313,38.9990594079929,5.463
846,/home/htj/resisc45/imgs_full/chaparral_s0005846.png,chaparral,Forest,forest,0,1782922500.9444969,1782922512.1568446,11.212347745895386,37.001772039929016,4.657
847,/home/htj/resisc45/imgs_full/roundabout_s0005847.png,roundabout,Roundabout,roundabout,1,1782922512.1613338,1782922523.537634,11.37630009651184,36.075043947045806,3.84415
848,/home/htj/resisc45/imgs_full/desert_s0005848.png,desert,Desert,desert,1,1782922523.5417705,1782922534.7390258,11.197255373001099,37.556106070783535,5.565
849,/home/htj/resisc45/imgs_full/island_s0005849.png,island,Island,island,1,1782922534.740234,1782922545.8794508,11.139216899871826,36.62928686651083,4.587499999999999
850,/home/htj/resisc45/imgs_full/stadium_s0005850.png,stadium,Stadium,stadium,1,1782922545.883943,1782922557.0405881,11.156645059585571,38.16506125577129,5.39125
851,/home/htj/resisc45/imgs_full/thermal_power_station_s0005851.png,thermal_power_station,Industrial area,industrial_area,0,1782922557.044971,1782922568.3423088,11.297337770462036,38.33289408588409,5.380549999999998
852,/home/htj/resisc45/imgs_full/snowberg_s0005852.png,snowberg,Mountain,mountain,0,1782922568.3470192,1782922579.5408235,11.193804264068604,37.55663383948622,5.281199999999999
853,/home/htj/resisc45/imgs_full/runway_s0005853.png,runway,Runway,runway,1,1782922579.544825,1782922590.924385,11.379559993743896,38.318790651533604,5.367049999999998
854,/home/htj/resisc45/imgs_full/tennis_court_s0005854.png,tennis_court,Medium residential,medium_residential,0,1782922590.9285243,1782922602.3378417,11.40931749343872,38.81164578330517,5.367049999999998
855,/home/htj/resisc45/imgs_full/roundabout_s0005855.png,roundabout,Roundabout,roundabout,1,1782922602.3391683,1782922613.68999,11.350821733474731,39.049891485021114,5.565
856,/home/htj/resisc45/imgs_full/tennis_court_s0005856.png,tennis_court,Commercial area,commercial_area,0,1782922613.6942074,1782922625.0091708,11.314963340759277,38.89197394401704,5.565
857,/home/htj/resisc45/imgs_full/thermal_power_station_s0005857.png,thermal_power_station,Industrial area,industrial_area,0,1782922625.0130718,1782922636.3338623,11.320790529251099,36.902420710076036,4.674199999999999
858,/home/htj/resisc45/imgs_full/dense_residential_s0005858.png,dense_residential,Dense residential,dense_residential,1,1782922636.338534,1782922647.7309427,11.392408609390259,36.5777202462554,3.768249999999993
859,/home/htj/resisc45/imgs_full/stadium_s0005859.png,stadium,Stadium,stadium,1,1782922647.7349815,1782922658.950374,11.215392351150513,38.265153843430696,5.487199999999999
860,/home/htj/resisc45/imgs_full/island_s0005860.png,island,Island,island,1,1782922658.9513187,1782922670.2120883,11.260769605636597,38.23656879425049,5.366
861,/home/htj/resisc45/imgs_full/beach_s0005861.png,beach,Beach,beach,1,1782922670.2161672,1782922681.3917115,11.175544261932373,36.738119290945484,4.68225
862,/home/htj/resisc45/imgs_full/terrace_s0005862.png,terrace,Rice terrace,terrace,1,1782922681.3959038,1782922692.7920146,11.396110773086548,38.749283772864345,5.463
863,/home/htj/resisc45/imgs_full/tennis_court_s0005863.png,tennis_court,Medium residential,medium_residential,0,1782922692.7965758,1782922704.1571257,11.360549926757812,38.543776932912856,5.463
864,/home/htj/resisc45/imgs_full/palace_s0005864.png,palace,Church,church,0,1782922704.1616607,1782922715.3149211,11.153260469436646,38.10721985626585,5.565
865,/home/htj/resisc45/imgs_full/roundabout_s0005865.png,roundabout,Roundabout,roundabout,1,1782922715.3193526,1782922726.6553483,11.3359956741333,36.846884913938126,4.4642
866,/home/htj/resisc45/imgs_full/tennis_court_s0005866.png,tennis_court,Medium residential,medium_residential,0,1782922726.659322,1782922738.0187151,11.359393119812012,36.5514032264471,3.9530499999999984
867,/home/htj/resisc45/imgs_full/sparse_residential_s0005867.png,sparse_residential,Medium residential,medium_residential,0,1782922738.0228312,1782922749.4031978,11.380366563796997,38.61762378109336,5.367049999999998
868,/home/htj/resisc45/imgs_full/ground_track_field_s0005868.png,ground_track_field,Stadium,stadium,0,1782922749.4074504,1782922760.6517327,11.244282245635986,38.65097085467974,5.582699999999998
869,/home/htj/resisc45/imgs_full/railway_s0005869.png,railway,Railway station,railway_station,0,1782922760.6560607,1782922771.9950945,11.339033842086792,37.88399696675977,5.2738
870,/home/htj/resisc45/imgs_full/storage_tank_s0005870.png,storage_tank,Industrial area,industrial_area,0,1782922771.9992785,1782922783.345689,11.346410512924194,38.96842015813343,5.577799999999999
871,/home/htj/resisc45/imgs_full/storage_tank_s0005871.png,storage_tank,Industrial area,industrial_area,0,1782922783.3499172,1782922794.6829805,11.33306336402893,38.074729673742056,5.362
872,/home/htj/resisc45/imgs_full/terrace_s0005872.png,terrace,Forest,forest,0,1782922794.6844385,1782922805.8637085,11.179270029067993,37.403670107766075,5.2895
873,/home/htj/resisc45/imgs_full/mountain_s0005873.png,mountain,Forest,forest,0,1782922805.8677459,1782922817.0551865,11.187440633773804,38.06467047150849,5.565
874,/home/htj/resisc45/imgs_full/rectangular_farmland_s0005874.png,rectangular_farmland,Rectangular farmland,rectangular_farmland,1,1782922817.0592184,1782922828.5860083,11.526789903640747,38.885340423350286,5.4579499999999985
875,/home/htj/resisc45/imgs_full/mobile_home_park_s0005875.png,mobile_home_park,Mobile home park,mobile_home_park,1,1782922828.5905578,1782922840.130042,11.53948426246643,39.83333331328307,5.854299999999998
876,/home/htj/resisc45/imgs_full/wetland_s0005876.png,wetland,Lake,lake,0,1782922840.13416,1782922851.260893,11.12673306465149,37.55999053111855,5.28625
877,/home/htj/resisc45/imgs_full/snowberg_s0005877.png,snowberg,Mountain,mountain,0,1782922851.265288,1782922862.5108528,11.245564699172974,38.65100587105751,5.565
878,/home/htj/resisc45/imgs_full/golf_course_s0005878.png,golf_course,Golf course,golf_course,1,1782922862.5149062,1782922873.8725526,11.357646465301514,38.8091347601676,5.662
879,/home/htj/resisc45/imgs_full/ship_s0005879.png,ship,Harbor,harbor,0,1782922873.876707,1782922885.211828,11.335120916366577,36.59427019015389,3.8743999999999983
880,/home/htj/resisc45/imgs_full/sea_ice_s0005880.png,sea_ice,Sea ice,sea_ice,1,1782922885.2158847,1782922896.5562172,11.340332508087158,37.20153339331354,5.0691
881,/home/htj/resisc45/imgs_full/industrial_area_s0005881.png,industrial_area,Parking lot,parking_lot,0,1782922896.560201,1782922907.9132183,11.353017330169678,39.288819423651695,5.561
882,/home/htj/resisc45/imgs_full/palace_s0005882.png,palace,Industrial area,industrial_area,0,1782922907.9149396,1782922919.2975786,11.382638931274414,38.84769458215713,5.463
883,/home/htj/resisc45/imgs_full/thermal_power_station_s0005883.png,thermal_power_station,Industrial area,industrial_area,0,1782922919.301515,1782922930.6190248,11.317509651184082,38.09428251062326,5.473199999999999
884,/home/htj/resisc45/imgs_full/beach_s0005884.png,beach,Beach,beach,1,1782922930.6233613,1782922941.8284805,11.205119132995605,38.1952365491838,5.487199999999999
885,/home/htj/resisc45/imgs_full/ship_s0005885.png,ship,Harbor,harbor,0,1782922941.8326507,1782922953.1417692,11.309118509292603,38.38057796633244,5.380549999999998
886,/home/htj/resisc45/imgs_full/runway_s0005886.png,runway,Runway,runway,1,1782922953.1433496,1782922964.5219026,11.378552913665771,36.88136045182943,4.259899999999999
887,/home/htj/resisc45/imgs_full/freeway_s0005887.png,freeway,Freeway,freeway,1,1782922964.5262437,1782922975.8612373,11.334993600845337,37.3154790335989,4.971099999999996
888,/home/htj/resisc45/imgs_full/harbor_s0005888.png,harbor,Harbor,harbor,1,1782922975.8651724,1782922987.2427275,11.377555131912231,38.28092199683189,5.375949999999996
889,/home/htj/resisc45/imgs_full/overpass_s0005889.png,overpass,Freeway,freeway,0,1782922987.24726,1782922998.6275845,11.380324363708496,38.360740463566785,5.366
890,/home/htj/resisc45/imgs_full/cloud_s0005890.png,cloud,Cloud,cloud,1,1782922998.6319878,1782923009.7801883,11.148200511932373,35.72930009785477,3.7465
891,/home/htj/resisc45/imgs_full/church_s0005891.png,church,Church,church,1,1782923009.7845511,1782923020.989353,11.204801797866821,36.83429955922828,4.834
892,/home/htj/resisc45/imgs_full/baseball_diamond_s0005892.png,baseball_diamond,Baseball diamond,baseball_diamond,1,1782923020.9934866,1782923032.3100827,11.316596031188965,36.740929341966456,4.267149999999998
893,/home/htj/resisc45/imgs_full/parking_lot_s0005893.png,parking_lot,Parking lot,parking_lot,1,1782923032.3143518,1782923043.6708624,11.356510639190674,35.550193774709705,3.647
894,/home/htj/resisc45/imgs_full/desert_s0005894.png,desert,Lake,lake,0,1782923043.674894,1782923054.8467178,11.171823740005493,37.035564682830355,5.264
895,/home/htj/resisc45/imgs_full/basketball_court_s0005895.png,basketball_court,Basketball court,basketball_court,1,1782923054.8511214,1782923066.2257564,11.374634981155396,38.96398274747252,5.463
896,/home/htj/resisc45/imgs_full/wetland_s0005896.png,wetland,Lake,lake,0,1782923066.2302418,1782923077.4116368,11.181395053863525,37.893747837543486,5.366
897,/home/htj/resisc45/imgs_full/intersection_s0005897.png,intersection,Intersection,intersection,1,1782923077.4140158,1782923088.585454,11.171438217163086,38.57982092023382,5.38725
898,/home/htj/resisc45/imgs_full/golf_course_s0005898.png,golf_course,Golf course,golf_course,1,1782923088.5897355,1782923099.9700727,11.380337238311768,38.62531980031967,5.463
899,/home/htj/resisc45/imgs_full/railway_s0005899.png,railway,Railway,railway,1,1782923099.975071,1782923111.212759,11.237688064575195,37.96210215814186,5.380549999999998
900,/home/htj/resisc45/imgs_full/sparse_residential_s0005900.png,sparse_residential,Medium residential,medium_residential,0,1782923111.2169127,1782923122.5873592,11.37044644355774,38.756938064811216,5.3757
901,/home/htj/resisc45/imgs_full/railway_station_s0005901.png,railway_station,Railway station,railway_station,1,1782923122.5918348,1782923133.9578784,11.36604356765747,36.01313855346918,3.6441500000000002
902,/home/htj/resisc45/imgs_full/beach_s0005902.png,beach,Beach,beach,1,1782923133.962045,1782923145.1561677,11.194122791290283,37.794313337229234,5.366
903,/home/htj/resisc45/imgs_full/tennis_court_s0005903.png,tennis_court,Medium residential,medium_residential,0,1782923145.1601055,1782923156.5129797,11.352874279022217,38.49189171821508,5.3721
904,/home/htj/resisc45/imgs_full/island_s0005904.png,island,Island,island,1,1782923156.5144649,1782923167.6990833,11.184618473052979,37.38484273238836,5.021599999999997
905,/home/htj/resisc45/imgs_full/runway_s0005905.png,runway,Airport,airport,0,1782923167.701071,1782923178.9020739,11.201002836227417,37.97179761998787,5.386199999999999
906,/home/htj/resisc45/imgs_full/cloud_s0005906.png,cloud,Commercial area,commercial_area,0,1782923178.906144,1782923190.262112,11.355967998504639,38.46517447823136,5.3721
907,/home/htj/resisc45/imgs_full/overpass_s0005907.png,overpass,Freeway,freeway,0,1782923190.2665956,1782923201.613819,11.347223281860352,35.743242712812425,3.6421
908,/home/htj/resisc45/imgs_full/airplane_s0005908.png,airplane,Airport,airport,0,1782923201.6182182,1782923212.7978547,11.179636478424072,35.104743009791086,3.644
909,/home/htj/resisc45/imgs_full/parking_lot_s0005909.png,parking_lot,Parking lot,parking_lot,1,1782923212.8022106,1782923224.156556,11.354345321655273,35.77373840285301,3.644
910,/home/htj/resisc45/imgs_full/wetland_s0005910.png,wetland,Lake,lake,0,1782923224.1606896,1782923235.320631,11.15994143486023,35.13718948461085,3.644
911,/home/htj/resisc45/imgs_full/church_s0005911.png,church,Church,church,1,1782923235.324628,1782923246.5317867,11.20715856552124,37.16197068806227,5.0821999999999985
912,/home/htj/resisc45/imgs_full/terrace_s0005912.png,terrace,Sparse residential,sparse_residential,0,1782923246.5362012,1782923257.936534,11.400332689285278,36.089919191143515,3.6441500000000002
913,/home/htj/resisc45/imgs_full/meadow_s0005913.png,meadow,Forest,forest,0,1782923257.9404962,1782923269.1552172,11.214720964431763,35.270126650585134,3.5653999999999986
914,/home/htj/resisc45/imgs_full/island_s0005914.png,island,Island,island,1,1782923269.1565378,1782923280.393039,11.236501216888428,37.951566610071396,5.380549999999998
915,/home/htj/resisc45/imgs_full/medium_residential_s0005915.png,medium_residential,Medium residential,medium_residential,1,1782923280.3973806,1782923291.7662077,11.368827104568481,38.6675979039228,5.3710499999999985
916,/home/htj/resisc45/imgs_full/wetland_s0005916.png,wetland,Forest,forest,0,1782923291.7706575,1782923302.962613,11.19195556640625,37.99497609352579,5.39025
917,/home/htj/resisc45/imgs_full/sparse_residential_s0005917.png,sparse_residential,Sparse residential,sparse_residential,1,1782923302.9670048,1782923314.3855934,11.418588638305664,38.080822682053295,4.761
918,/home/htj/resisc45/imgs_full/dense_residential_s0005918.png,dense_residential,Dense residential,dense_residential,1,1782923314.3899353,1782923325.760502,11.370566844940186,38.83167968498945,5.366
919,/home/htj/resisc45/imgs_full/railway_s0005919.png,railway,Dense residential,dense_residential,0,1782923325.7648048,1782923337.1202898,11.355484962463379,38.434778708151235,5.3624
920,/home/htj/resisc45/imgs_full/snowberg_s0005920.png,snowberg,Mountain,mountain,0,1782923337.1247375,1782923348.327124,11.202386617660522,38.42069964151601,5.4885
921,/home/htj/resisc45/imgs_full/freeway_s0005921.png,freeway,Sparse residential,sparse_residential,0,1782923348.3317552,1782923359.6131334,11.281378269195557,38.2660382567099,5.3757
922,/home/htj/resisc45/imgs_full/ship_s0005922.png,ship,Harbor,harbor,0,1782923359.617369,1782923370.9916775,11.374308586120605,38.525863740506175,5.463
923,/home/htj/resisc45/imgs_full/ship_s0005923.png,ship,Industrial area,industrial_area,0,1782923370.9957623,1782923382.3484612,11.352698802947998,35.76767593159747,3.644
924,/home/htj/resisc45/imgs_full/cloud_s0005924.png,cloud,Mountain,mountain,0,1782923382.3499618,1782923393.6054845,11.255522727966309,35.67517513133058,3.647
925,/home/htj/resisc45/imgs_full/palace_s0005925.png,palace,Dense residential,dense_residential,0,1782923393.610055,1782923405.0227523,11.412697315216064,38.843343566284176,5.374049999999999
926,/home/htj/resisc45/imgs_full/ground_track_field_s0005926.png,ground_track_field,Stadium,stadium,0,1782923405.0271719,1782923416.1851323,11.157960414886475,37.82389990346202,5.3885999999999985
927,/home/htj/resisc45/imgs_full/dense_residential_s0005927.png,dense_residential,Dense residential,dense_residential,1,1782923416.1897552,1782923427.5536048,11.363849639892578,38.61087768525933,5.467
928,/home/htj/resisc45/imgs_full/cloud_s0005928.png,cloud,Forest,forest,0,1782923427.5581167,1782923438.6969144,11.138797760009766,37.769787794366174,5.29325
929,/home/htj/resisc45/imgs_full/airport_s0005929.png,airport,Airport,airport,1,1782923438.7014272,1782923449.896478,11.195050716400146,37.71510296551709,5.3628
930,/home/htj/resisc45/imgs_full/terrace_s0005930.png,terrace,Rectangular farmland,rectangular_farmland,0,1782923449.9004564,1782923461.4579062,11.55744981765747,36.17265446575522,3.545
931,/home/htj/resisc45/imgs_full/sparse_residential_s0005931.png,sparse_residential,Medium residential,medium_residential,0,1782923461.4596314,1782923472.89397,11.434338569641113,39.07278462290408,5.467
932,/home/htj/resisc45/imgs_full/storage_tank_s0005932.png,storage_tank,Industrial area,industrial_area,0,1782923472.8981009,1782923484.1759539,11.277853012084961,38.59890760468955,5.467
933,/home/htj/resisc45/imgs_full/mobile_home_park_s0005933.png,mobile_home_park,Mobile home park,mobile_home_park,1,1782923484.180481,1782923495.668954,11.488472938537598,35.996343145115546,3.545
934,/home/htj/resisc45/imgs_full/wetland_s0005934.png,wetland,Forest,forest,0,1782923495.673271,1782923506.9052482,11.231977224349976,35.482443217962526,3.644
935,/home/htj/resisc45/imgs_full/roundabout_s0005935.png,roundabout,Roundabout,roundabout,1,1782923506.909354,1782923518.2135706,11.304216623306274,38.247390906641826,5.3721
936,/home/htj/resisc45/imgs_full/tennis_court_s0005936.png,tennis_court,Tennis court,tennis_court,1,1782923518.2179425,1782923529.6009078,11.382965326309204,36.10414793302775,3.647
937,/home/htj/resisc45/imgs_full/river_s0005937.png,river,River,river,1,1782923529.6050339,1782923540.7927604,11.187726497650146,35.53329837584375,3.647
938,/home/htj/resisc45/imgs_full/circular_farmland_s0005938.png,circular_farmland,Rectangular farmland,rectangular_farmland,0,1782923540.7972639,1782923552.2464824,11.449218511581421,36.48911508669901,3.644
939,/home/htj/resisc45/imgs_full/ground_track_field_s0005939.png,ground_track_field,Stadium,stadium,0,1782923552.2505164,1782923563.4005954,11.150079011917114,38.610561868256454,5.51675
940,/home/htj/resisc45/imgs_full/golf_course_s0005940.png,golf_course,Golf course,golf_course,1,1782923563.4049282,1782923574.693014,11.288085699081421,38.563464369558325,5.366
941,/home/htj/resisc45/imgs_full/overpass_s0005941.png,overpass,Freeway,freeway,0,1782923574.697223,1782923586.0240202,11.326797246932983,38.65830208520315,5.376099999999999
942,/home/htj/resisc45/imgs_full/ground_track_field_s0005942.png,ground_track_field,Stadium,stadium,0,1782923586.028314,1782923597.2166932,11.188379049301147,37.836371842227,5.385399999999999
943,/home/htj/resisc45/imgs_full/snowberg_s0005943.png,snowberg,Ice sheet,,0,1782923597.2207878,1782923608.5686526,11.347864866256714,39.05022695820535,5.568
944,/home/htj/resisc45/imgs_full/dense_residential_s0005944.png,dense_residential,Medium residential,medium_residential,0,1782923608.5732,1782923619.8735545,11.300354480743408,38.512635375326326,5.381149999999998
945,/home/htj/resisc45/imgs_full/terrace_s0005945.png,terrace,Rectangular farmland,rectangular_farmland,0,1782923619.8777518,1782923631.4224994,11.544747591018677,39.56771720051061,5.457199999999998
946,/home/htj/resisc45/imgs_full/chaparral_s0005946.png,chaparral,Desert,desert,0,1782923631.424237,1782923642.5715697,11.147332668304443,38.95930206011509,5.49225
947,/home/htj/resisc45/imgs_full/mountain_s0005947.png,mountain,Mountain,mountain,1,1782923642.5756075,1782923653.7101898,11.134582281112671,35.11813166006974,3.647
948,/home/htj/resisc45/imgs_full/beach_s0005948.png,beach,Beach,beach,1,1782923653.714874,1782923664.9365335,11.221659421920776,35.60586964384916,3.647
949,/home/htj/resisc45/imgs_full/railway_s0005949.png,railway,Railway,railway,1,1782923664.9411335,1782923676.0971184,11.155984878540039,35.138961799212865,3.647
950,/home/htj/resisc45/imgs_full/mobile_home_park_s0005950.png,mobile_home_park,Mobile home park,mobile_home_park,1,1782923676.10148,1782923687.6253068,11.523826837539673,36.79078700585649,3.647
951,/home/htj/resisc45/imgs_full/railway_s0005951.png,railway,Railway,railway,1,1782923687.629845,1782923698.821492,11.191647052764893,35.517004379100605,3.647
952,/home/htj/resisc45/imgs_full/beach_s0005952.png,beach,Beach,beach,1,1782923698.8255453,1782923709.9585588,11.133013486862183,35.43712034284217,3.647
953,/home/htj/resisc45/imgs_full/church_s0005953.png,church,Commercial area,commercial_area,0,1782923709.9629922,1782923721.262474,11.299481868743896,38.836547455233756,5.481699999999998
954,/home/htj/resisc45/imgs_full/basketball_court_s0005954.png,basketball_court,Basketball court,basketball_court,1,1782923721.2670288,1782923732.581703,11.314674139022827,38.68185742539257,5.463
955,/home/htj/resisc45/imgs_full/church_s0005955.png,church,Rectangular farmland,rectangular_farmland,0,1782923732.586264,1782923744.0751376,11.488873720169067,39.1435596500281,5.360899999999999
956,/home/htj/resisc45/imgs_full/baseball_diamond_s0005956.png,baseball_diamond,Stadium,stadium,0,1782923744.076796,1782923755.2796886,11.202892541885376,37.94595993108556,5.3628
957,/home/htj/resisc45/imgs_full/river_s0005957.png,river,River,river,1,1782923755.2840147,1782923766.5003495,11.216334819793701,38.504197107898406,5.467
958,/home/htj/resisc45/imgs_full/wetland_s0005958.png,wetland,Desert,desert,0,1782923766.5041974,1782923777.6557753,11.151577949523926,35.35402963995447,3.644
959,/home/htj/resisc45/imgs_full/mountain_s0005959.png,mountain,Mountain,mountain,1,1782923777.657248,1782923788.8422894,11.185041427612305,38.35316639412236,5.467
960,/home/htj/resisc45/imgs_full/thermal_power_station_s0005960.png,thermal_power_station,Industrial area,industrial_area,0,1782923788.8466122,1782923800.2337933,11.387181043624878,36.009682614254956,3.647
961,/home/htj/resisc45/imgs_full/overpass_s0005961.png,overpass,Freeway,freeway,0,1782923800.2383435,1782923811.5351825,11.296838998794556,39.52695499987313,5.4636000000000005
962,/home/htj/resisc45/imgs_full/medium_residential_s0005962.png,medium_residential,Medium residential,medium_residential,1,1782923811.5397086,1782923822.878898,11.339189291000366,38.51281937957883,5.362
963,/home/htj/resisc45/imgs_full/terrace_s0005963.png,terrace,Rectangular farmland,rectangular_farmland,0,1782923822.883219,1782923834.416687,11.533468008041382,39.168057029942474,5.360899999999999
964,/home/htj/resisc45/imgs_full/mountain_s0005964.png,mountain,Desert,desert,0,1782923834.4209087,1782923845.6120377,11.191128969192505,38.38369770820855,5.486599999999998
965,/home/htj/resisc45/imgs_full/thermal_power_station_s0005965.png,thermal_power_station,Industrial area,industrial_area,0,1782923845.6162472,1782923856.91544,11.299192905426025,38.55613942541669,5.477099999999999
966,/home/htj/resisc45/imgs_full/baseball_diamond_s0005966.png,baseball_diamond,Stadium,stadium,0,1782923856.9195876,1782923868.0956042,11.176016569137573,38.035405614337144,5.467
967,/home/htj/resisc45/imgs_full/rectangular_farmland_s0005967.png,rectangular_farmland,Rectangular farmland,rectangular_farmland,1,1782923868.0972793,1782923879.5869684,11.489689111709595,39.0908232201385,5.366
968,/home/htj/resisc45/imgs_full/parking_lot_s0005968.png,parking_lot,Parking lot,parking_lot,1,1782923879.5912805,1782923890.9148443,11.323563814163208,38.594574837157474,5.3721
969,/home/htj/resisc45/imgs_full/terrace_s0005969.png,terrace,Rectangular farmland,rectangular_farmland,0,1782923890.9192858,1782923902.3767118,11.457426071166992,38.88371098167268,5.366
970,/home/htj/resisc45/imgs_full/storage_tank_s0005970.png,storage_tank,Roundabout,roundabout,0,1782923902.3809583,1782923913.771895,11.390936613082886,35.69555024568558,3.647
971,/home/htj/resisc45/imgs_full/runway_s0005971.png,runway,Freeway,freeway,0,1782923913.7758248,1782923925.184483,11.408658266067505,36.09579684471965,3.647
972,/home/htj/resisc45/imgs_full/church_s0005972.png,church,Church,church,1,1782923925.1891148,1782923936.3257053,11.136590480804443,35.10645372989956,3.647
973,/home/htj/resisc45/imgs_full/mountain_s0005973.png,mountain,Forest,forest,0,1782923936.3300524,1782923947.5667257,11.236673355102539,35.63325941651242,3.644
974,/home/htj/resisc45/imgs_full/meadow_s0005974.png,meadow,Rectangular farmland,rectangular_farmland,0,1782923947.5676632,1782923959.0603786,11.49271535873413,36.59491080353756,3.644
975,/home/htj/resisc45/imgs_full/church_s0005975.png,church,Commercial area,commercial_area,0,1782923959.064657,1782923970.3793035,11.314646482467651,38.694555816999035,5.3721
976,/home/htj/resisc45/imgs_full/medium_residential_s0005976.png,medium_residential,Medium residential,medium_residential,1,1782923970.383801,1782923981.7312207,11.347419738769531,38.58881106571217,5.3593
977,/home/htj/resisc45/imgs_full/intersection_s0005977.png,intersection,Intersection,intersection,1,1782923981.735661,1782923992.9226558,11.186994791030884,37.73078051781654,5.362
978,/home/htj/resisc45/imgs_full/palace_s0005978.png,palace,Church,church,0,1782923992.9267783,1782924004.2032325,11.276454210281372,38.44974736403456,5.467
979,/home/htj/resisc45/imgs_full/railway_station_s0005979.png,railway_station,Railway,railway,0,1782924004.2046223,1782924015.4287722,11.224149942398071,38.14376373165876,5.386199999999999
980,/home/htj/resisc45/imgs_full/freeway_s0005980.png,freeway,Runway,runway,0,1782924015.4304268,1782924026.7852647,11.354837894439697,36.157891597538,3.6519499999999985
981,/home/htj/resisc45/imgs_full/roundabout_s0005981.png,roundabout,Roundabout,roundabout,1,1782924026.7894964,1782924038.093715,11.304218530654907,38.59180679200043,5.4634
982,/home/htj/resisc45/imgs_full/airplane_s0005982.png,airplane,Airport,airport,0,1782924038.0981038,1782924049.2511573,11.153053522109985,38.82326718045619,5.59025
983,/home/htj/resisc45/imgs_full/snowberg_s0005983.png,snowberg,Mountain,mountain,0,1782924049.2555535,1782924060.3881402,11.13258671760559,35.03750454103763,3.5746999999999987
984,/home/htj/resisc45/imgs_full/desert_s0005984.png,desert,Desert,desert,1,1782924060.3925374,1782924071.5785105,11.185973167419434,35.16779113293179,3.647
985,/home/htj/resisc45/imgs_full/intersection_s0005985.png,intersection,Commercial area,commercial_area,0,1782924071.582929,1782924082.9564638,11.373534917831421,38.84198656858444,5.3710499999999985
986,/home/htj/resisc45/imgs_full/island_s0005986.png,island,Island,island,1,1782924082.9577653,1782924094.131211,11.173445701599121,37.98424267733827,5.39025
987,/home/htj/resisc45/imgs_full/wetland_s0005987.png,wetland,Forest,forest,0,1782924094.1353252,1782924105.3288398,11.193514585494995,38.51864510468904,5.4638
988,/home/htj/resisc45/imgs_full/rectangular_farmland_s0005988.png,rectangular_farmland,Rectangular farmland,rectangular_farmland,1,1782924105.3330204,1782924116.8152547,11.482234239578247,39.339612416132844,5.458149999999999
989,/home/htj/resisc45/imgs_full/bridge_s0005989.png,bridge,Bridge,bridge,1,1782924116.8169584,1782924127.974449,11.157490491867065,38.054329101669545,5.463
990,/home/htj/resisc45/imgs_full/bridge_s0005990.png,bridge,Bridge,bridge,1,1782924127.9786468,1782924139.106072,11.127425193786621,38.201706092086205,5.496399999999999
991,/home/htj/resisc45/imgs_full/chaparral_s0005991.png,chaparral,Desert,desert,0,1782924139.1104577,1782924150.2559104,11.145452737808228,35.01804580476211,3.644
992,/home/htj/resisc45/imgs_full/parking_lot_s0005992.png,parking_lot,Parking lot,parking_lot,1,1782924150.260566,1782924161.7039845,11.443418502807617,39.25143785650339,5.467
993,/home/htj/resisc45/imgs_full/ground_track_field_s0005993.png,ground_track_field,Stadium,stadium,0,1782924161.7083523,1782924172.899392,11.191039562225342,38.446276746604646,5.487199999999999
994,/home/htj/resisc45/imgs_full/island_s0005994.png,island,Island,island,1,1782924172.9035642,1782924184.0620015,11.158437252044678,38.102021128768826,5.463
995,/home/htj/resisc45/imgs_full/stadium_s0005995.png,stadium,Stadium,stadium,1,1782924184.0666258,1782924195.213881,11.147255182266235,38.205852167195204,5.4885
996,/home/htj/resisc45/imgs_full/meadow_s0005996.png,meadow,Medium residential,medium_residential,0,1782924195.2179978,1782924206.5248647,11.306866884231567,38.68226889004659,5.473199999999999
997,/home/htj/resisc45/imgs_full/medium_residential_s0005997.png,medium_residential,Medium residential,medium_residential,1,1782924206.5295746,1782924217.8777494,11.348174810409546,35.71954924884753,3.647
998,/home/htj/resisc45/imgs_full/mobile_home_park_s0005998.png,mobile_home_park,Mobile home park,mobile_home_park,1,1782924217.8821602,1782924229.360974,11.478813886642456,39.11428562197945,5.4579499999999985
999,/home/htj/resisc45/imgs_full/sea_ice_s0005999.png,sea_ice,Desert,desert,0,1782924229.3622336,1782924240.503729,11.1414954662323,38.05775687044007,5.39125
1000,/home/htj/resisc45/imgs_full/harbor_s0006000.png,harbor,Parking lot,parking_lot,0,1782924240.5083513,1782924251.802488,11.294136762619019,35.79990372933282,3.644
1001,/home/htj/resisc45/imgs_full/snowberg_s0006001.png,snowberg,Mountain,mountain,0,1782924251.807172,1782924262.9891927,11.182020664215088,38.15895770502817,5.467
1002,/home/htj/resisc45/imgs_full/industrial_area_s0006002.png,industrial_area,Industrial area,industrial_area,1,1782924262.9935243,1782924274.344969,11.351444721221924,36.928816587745246,4.264799999999999
1003,/home/htj/resisc45/imgs_full/beach_s0006003.png,beach,Beach,beach,1,1782924274.3492897,1782924285.5651498,11.21586012840271,38.58142017570244,5.8648
1004,/home/htj/resisc45/imgs_full/railway_station_s0006004.png,railway_station,Industrial area,industrial_area,0,1782924285.5695834,1782924296.8894274,11.319844007492065,38.951412578865515,5.473199999999999
1005,/home/htj/resisc45/imgs_full/medium_residential_s0006005.png,medium_residential,Dense residential,dense_residential,0,1782924296.8937054,1782924308.2081351,11.314429759979248,35.85389278573846,3.644
1006,/home/htj/resisc45/imgs_full/river_s0006006.png,river,River,river,1,1782924308.2125096,1782924319.3312263,11.118716716766357,38.16437112068887,5.467
1007,/home/htj/resisc45/imgs_full/desert_s0006007.png,desert,Desert,desert,1,1782924319.3354642,1782924330.5016346,11.166170358657837,38.38530577508041,5.565
1008,/home/htj/resisc45/imgs_full/palace_s0006008.png,palace,Industrial area,industrial_area,0,1782924330.5060337,1782924341.8139875,11.307953834533691,38.57120323403996,5.3721
1009,/home/htj/resisc45/imgs_full/beach_s0006009.png,beach,Beach,beach,1,1782924341.8153133,1782924353.005281,11.189967632293701,38.005925779683245,5.463
1010,/home/htj/resisc45/imgs_full/parking_lot_s0006010.png,parking_lot,Parking lot,parking_lot,1,1782924353.0095544,1782924364.3742046,11.364650249481201,38.223296416592596,5.362
1011,/home/htj/resisc45/imgs_full/bridge_s0006011.png,bridge,Freeway,freeway,0,1782924364.375845,1782924375.7559338,11.380088806152344,36.831145317115784,4.049
1012,/home/htj/resisc45/imgs_full/baseball_diamond_s0006012.png,baseball_diamond,Baseball diamond,baseball_diamond,1,1782924375.760303,1782924387.0811524,11.320849418640137,38.83062728331676,5.473199999999999
1013,/home/htj/resisc45/imgs_full/golf_course_s0006013.png,golf_course,Golf course,golf_course,1,1782924387.0853312,1782924398.4794278,11.394096612930298,38.85358459767699,5.467
1014,/home/htj/resisc45/imgs_full/river_s0006014.png,river,River,river,1,1782924398.4839115,1782924409.6191938,11.135282278060913,38.150726963259736,5.464
1015,/home/htj/resisc45/imgs_full/ground_track_field_s0006015.png,ground_track_field,Industrial area,industrial_area,0,1782924409.623543,1782924420.9605434,11.337000370025635,35.94136754494097,3.647
1016,/home/htj/resisc45/imgs_full/wetland_s0006016.png,wetland,Forest,forest,0,1782924420.965091,1782924432.133131,11.168040037155151,35.48205977376018,3.64475
1017,/home/htj/resisc45/imgs_full/airplane_s0006017.png,airplane,Airport,airport,0,1782924432.1373935,1782924443.2802713,11.14287781715393,37.70971573852884,5.38725
1018,/home/htj/resisc45/imgs_full/island_s0006018.png,island,Island,island,1,1782924443.2844663,1782924454.4824991,11.198032855987549,38.4273855512711,5.483399999999999
1019,/home/htj/resisc45/imgs_full/overpass_s0006019.png,overpass,Freeway,freeway,0,1782924454.486647,1782924465.8078568,11.321209907531738,38.81087116858228,5.473199999999999
1020,/home/htj/resisc45/imgs_full/basketball_court_s0006020.png,basketball_court,Basketball court,basketball_court,1,1782924465.8120632,1782924477.115707,11.303643703460693,38.71492288212321,5.3757
1021,/home/htj/resisc45/imgs_full/rectangular_farmland_s0006021.png,rectangular_farmland,Rectangular farmland,rectangular_farmland,1,1782924477.120053,1782924488.5871923,11.46713924407959,39.25207468292844,5.463
1022,/home/htj/resisc45/imgs_full/bridge_s0006022.png,bridge,Bridge,bridge,1,1782924488.5911796,1782924499.7413995,11.150219917297363,35.23890471556722,3.644
1023,/home/htj/resisc45/imgs_full/railway_s0006023.png,railway,Railway,railway,1,1782924499.7459166,1782924510.8962743,11.150357723236084,37.99103234005218,5.38725
1024,/home/htj/resisc45/imgs_full/ground_track_field_s0006024.png,ground_track_field,Stadium,stadium,0,1782924510.90049,1782924522.1023562,11.201866149902344,35.18739292969679,3.644
1025,/home/htj/resisc45/imgs_full/mobile_home_park_s0006025.png,mobile_home_park,Medium residential,medium_residential,0,1782924522.1067767,1782924533.4420192,11.335242509841919,37.73075023894095,4.657
1026,/home/htj/resisc45/imgs_full/cloud_s0006026.png,cloud,Forest,forest,0,1782924533.4436467,1782924544.6060615,11.162414789199829,37.97726876545925,5.39125
1027,/home/htj/resisc45/imgs_full/beach_s0006027.png,beach,Rectangular farmland,rectangular_farmland,0,1782924544.6104167,1782924556.1263359,11.515919208526611,38.31868224404481,5.150199999999998
1028,/home/htj/resisc45/imgs_full/mountain_s0006028.png,mountain,Desert,desert,0,1782924556.1304755,1782924567.2472947,11.116819143295288,37.99603362654661,5.463
1029,/home/htj/resisc45/imgs_full/river_s0006029.png,river,River,river,1,1782924567.2515867,1782924578.4089198,11.157333135604858,38.224283295384474,5.467
1030,/home/htj/resisc45/imgs_full/sparse_residential_s0006030.png,sparse_residential,Medium residential,medium_residential,0,1782924578.4130504,1782924589.6875486,11.274498224258423,36.15703109564564,3.743
1031,/home/htj/resisc45/imgs_full/church_s0006031.png,church,Industrial area,industrial_area,0,1782924589.691939,1782924600.9693806,11.277441501617432,38.47806369791558,5.463
1032,/home/htj/resisc45/imgs_full/baseball_diamond_s0006032.png,baseball_diamond,Baseball diamond,baseball_diamond,1,1782924600.9737067,1782924612.289998,11.316291332244873,38.600784182071685,5.46045
1033,/home/htj/resisc45/imgs_full/roundabout_s0006033.png,roundabout,Roundabout,roundabout,1,1782924612.29442,1782924623.6108828,11.316462755203247,35.79957277223318,3.644
1034,/home/htj/resisc45/imgs_full/stadium_s0006034.png,stadium,Stadium,stadium,1,1782924623.6155353,1782924634.7514071,11.135871887207031,35.26219285622422,3.644
1035,/home/htj/resisc45/imgs_full/lake_s0006035.png,lake,Lake,lake,1,1782924634.7557547,1782924645.9400957,11.184340953826904,35.32122742496772,3.644
1036,/home/htj/resisc45/imgs_full/meadow_s0006036.png,meadow,Rectangular farmland,rectangular_farmland,0,1782924645.9412844,1782924657.4148903,11.473605871200562,39.20268546154369,5.362
1037,/home/htj/resisc45/imgs_full/church_s0006037.png,church,Church,church,1,1782924657.4194689,1782924668.5898817,11.17041277885437,38.324665597396454,5.483399999999999
1038,/home/htj/resisc45/imgs_full/meadow_s0006038.png,meadow,Meadow,meadow,1,1782924668.5941596,1782924679.8935325,11.299372911453247,38.235708311398824,5.377149999999998
1039,/home/htj/resisc45/imgs_full/forest_s0006039.png,forest,Forest,forest,1,1782924679.897743,1782924691.1046352,11.206892251968384,35.43135783960009,3.6446
1040,/home/htj/resisc45/imgs_full/baseball_diamond_s0006040.png,baseball_diamond,Baseball diamond,baseball_diamond,1,1782924691.108343,1782924702.395829,11.28748607635498,38.581875271763636,5.476799999999999
1041,/home/htj/resisc45/imgs_full/harbor_s0006041.png,harbor,Harbor,harbor,1,1782924702.400348,1782924713.6952314,11.294883489608765,38.699008988972864,5.467
1042,/home/htj/resisc45/imgs_full/overpass_s0006042.png,overpass,Roundabout,roundabout,0,1782924713.6994755,1782924725.0356705,11.33619499206543,38.554627031230446,5.568
1043,/home/htj/resisc45/imgs_full/ship_s0006043.png,ship,Harbor,harbor,0,1782924725.039801,1782924736.3393915,11.299590587615967,38.66237253253065,5.577799999999999
1044,/home/htj/resisc45/imgs_full/basketball_court_s0006044.png,basketball_court,Basketball court,basketball_court,1,1782924736.3409436,1782924747.6578548,11.316911220550537,38.77657169815763,5.463
1045,/home/htj/resisc45/imgs_full/basketball_court_s0006045.png,basketball_court,Basketball court,basketball_court,1,1782924747.6596458,1782924758.9789677,11.319321870803833,35.436075653289436,3.5431999999999997
1046,/home/htj/resisc45/imgs_full/mountain_s0006046.png,mountain,Rectangular farmland,rectangular_farmland,0,1782924758.9832146,1782924770.5233939,11.540179252624512,39.39594391404992,5.4579499999999985
1047,/home/htj/resisc45/imgs_full/tennis_court_s0006047.png,tennis_court,Medium residential,medium_residential,0,1782924770.527817,1782924781.9122732,11.384456157684326,38.55408692308664,5.468099999999999
1048,/home/htj/resisc45/imgs_full/island_s0006048.png,island,Desert,desert,0,1782924781.9162533,1782924793.1727395,11.256486177444458,38.401416885066155,5.565
1049,/home/htj/resisc45/imgs_full/sea_ice_s0006049.png,sea_ice,Sea ice,sea_ice,1,1782924793.176745,1782924804.4914072,11.314662218093872,38.86762730472412,5.575099999999999
1050,/home/htj/resisc45/imgs_full/rectangular_farmland_s0006050.png,rectangular_farmland,Rectangular farmland,rectangular_farmland,1,1782924804.4956162,1782924815.9835,11.487883806228638,38.92453319035308,5.46
1051,/home/htj/resisc45/imgs_full/snowberg_s0006051.png,snowberg,Mountain,mountain,0,1782924815.9880543,1782924827.1992652,11.21121096611023,38.50146102623528,5.568
1052,/home/htj/resisc45/imgs_full/lake_s0006052.png,lake,Mountain,mountain,0,1782924827.2004447,1782924838.319744,11.119299411773682,38.08286298077204,5.565
1053,/home/htj/resisc45/imgs_full/railway_station_s0006053.png,railway_station,Railway station,railway_station,1,1782924838.3215227,1782924849.6213179,11.299795150756836,38.63285822698805,5.56545
1054,/home/htj/resisc45/imgs_full/mobile_home_park_s0006054.png,mobile_home_park,Dense residential,dense_residential,0,1782924849.6259575,1782924860.9622931,11.3363356590271,38.76229264235377,5.473199999999999
1055,/home/htj/resisc45/imgs_full/stadium_s0006055.png,stadium,Airport,airport,0,1782924860.9641767,1782924872.1010122,11.13683557510376,38.397252136422665,5.58925
1056,/home/htj/resisc45/imgs_full/snowberg_s0006056.png,snowberg,Mountain,mountain,0,1782924872.1053853,1782924883.2716293,11.16624402999878,38.12355109056405,5.4885
1057,/home/htj/resisc45/imgs_full/forest_s0006057.png,forest,Forest,forest,1,1782924883.2759085,1782924894.4313996,11.15549111366272,35.24679865749515,3.746
1058,/home/htj/resisc45/imgs_full/harbor_s0006058.png,harbor,Harbor,harbor,1,1782924894.4359145,1782924905.8209906,11.38507604598999,38.65899344562292,5.471699999999998
1059,/home/htj/resisc45/imgs_full/parking_lot_s0006059.png,parking_lot,Parking lot,parking_lot,1,1782924905.8250566,1782924917.1357005,11.310643911361694,38.14194762107218,5.478299999999997
1060,/home/htj/resisc45/imgs_full/industrial_area_s0006060.png,industrial_area,Industrial area,industrial_area,1,1782924917.1400363,1782924928.4964077,11.356371402740479,38.78569916106462,5.572899999999999
1061,/home/htj/resisc45/imgs_full/chaparral_s0006061.png,chaparral,Desert,desert,0,1782924928.5007787,1782924939.6441624,11.143383741378784,38.2606943680267,5.59025
1062,/home/htj/resisc45/imgs_full/storage_tank_s0006062.png,storage_tank,Industrial area,industrial_area,0,1782924939.6483936,1782924950.9240212,11.275627613067627,38.53981044339411,5.56545
1063,/home/htj/resisc45/imgs_full/railway_station_s0006063.png,railway_station,Railway station,railway_station,1,1782924950.9282923,1782924962.2607691,11.33247685432434,38.77381329503131,5.575099999999999
1064,/home/htj/resisc45/imgs_full/medium_residential_s0006064.png,medium_residential,Dense residential,dense_residential,0,1782924962.2653146,1782924973.566339,11.301024436950684,38.38963680138899,5.473199999999999
1065,/home/htj/resisc45/imgs_full/medium_residential_s0006065.png,medium_residential,Medium residential,medium_residential,1,1782924973.5708408,1782924984.92526,11.354419231414795,38.91496109165978,5.477099999999999
1066,/home/htj/resisc45/imgs_full/harbor_s0006066.png,harbor,Harbor,harbor,1,1782924984.9294605,1782924996.2270858,11.297625303268433,38.51144732335705,5.463
1067,/home/htj/resisc45/imgs_full/baseball_diamond_s0006067.png,baseball_diamond,Baseball diamond,baseball_diamond,1,1782924996.2312489,1782925007.6068947,11.375645875930786,39.411550797685386,5.669
1068,/home/htj/resisc45/imgs_full/airplane_s0006068.png,airplane,Industrial area,industrial_area,0,1782925007.6113327,1782925018.8879633,11.276630640029907,38.70726248262265,5.568
1069,/home/htj/resisc45/imgs_full/dense_residential_s0006069.png,dense_residential,Dense residential,dense_residential,1,1782925018.8924754,1782925030.1895516,11.297076225280762,38.701957357714875,5.568
1070,/home/htj/resisc45/imgs_full/industrial_area_s0006070.png,industrial_area,Industrial area,industrial_area,1,1782925030.1939807,1782925041.500947,11.306966304779053,38.64235682904841,5.5616
1071,/home/htj/resisc45/imgs_full/beach_s0006071.png,beach,Beach,beach,1,1782925041.5050979,1782925052.6880105,11.182912588119507,37.86074397301916,5.386199999999999
1072,/home/htj/resisc45/imgs_full/chaparral_s0006072.png,chaparral,Desert,desert,0,1782925052.6924255,1782925063.9485989,11.256173372268677,38.32022101187706,5.565
1073,/home/htj/resisc45/imgs_full/lake_s0006073.png,lake,Lake,lake,1,1782925063.9530199,1782925075.1276839,11.17466402053833,38.39990847163784,5.568
1074,/home/htj/resisc45/imgs_full/intersection_s0006074.png,intersection,Intersection,intersection,1,1782925075.131896,1782925086.2648234,11.132927417755127,37.67524639793562,5.4915
1075,/home/htj/resisc45/imgs_full/bridge_s0006075.png,bridge,Bridge,bridge,1,1782925086.268973,1782925097.5087116,11.239738464355469,38.733793328958114,5.587599999999998
1076,/home/htj/resisc45/imgs_full/meadow_s0006076.png,meadow,Rectangular farmland,rectangular_farmland,0,1782925097.5129027,1782925109.024843,11.511940240859985,39.55508365739808,5.562949999999999
1077,/home/htj/resisc45/imgs_full/snowberg_s0006077.png,snowberg,Forest,forest,0,1782925109.029041,1782925120.1695762,11.140535116195679,38.471809875081135,5.597399999999999
1078,/home/htj/resisc45/imgs_full/airport_s0006078.png,airport,Airport,airport,1,1782925120.1738114,1782925131.3308947,11.15708327293396,38.152841653576914,5.49225
1079,/home/htj/resisc45/imgs_full/freeway_s0006079.png,freeway,Freeway,freeway,1,1782925131.3352149,1782925142.6949255,11.359710693359375,38.78210910568237,5.572899999999999
1080,/home/htj/resisc45/imgs_full/lake_s0006080.png,lake,Lake,lake,1,1782925142.6993978,1782925153.8718634,11.172465562820435,38.2090341915914,5.568
1081,/home/htj/resisc45/imgs_full/circular_farmland_s0006081.png,circular_farmland,Rectangular farmland,rectangular_farmland,0,1782925153.8761334,1782925165.343928,11.46779465675354,35.9684540846041,3.545
1082,/home/htj/resisc45/imgs_full/forest_s0006082.png,forest,Forest,forest,1,1782925165.3483064,1782925176.5716722,11.223365783691406,38.255440473411284,5.483399999999999
1083,/home/htj/resisc45/imgs_full/commercial_area_s0006083.png,commercial_area,Dense residential,dense_residential,0,1782925176.5758464,1782925187.865315,11.28946852684021,38.58269475193719,5.477099999999999
1084,/home/htj/resisc45/imgs_full/railway_station_s0006084.png,railway_station,Railway,railway,0,1782925187.8696113,1782925198.9890625,11.11945128440857,34.73522703637098,3.548
1085,/home/htj/resisc45/imgs_full/circular_farmland_s0006085.png,circular_farmland,Circular farmland,circular_farmland,1,1782925198.9932666,1782925210.3963277,11.403061151504517,39.02030600025058,5.568
1086,/home/htj/resisc45/imgs_full/river_s0006086.png,river,River,river,1,1782925210.400068,1782925221.55459,11.154521942138672,38.3771327419281,5.568
1087,/home/htj/resisc45/imgs_full/sea_ice_s0006087.png,sea_ice,Sea ice,sea_ice,1,1782925221.5588682,1782925232.867327,11.308458805084229,38.70577036467465,5.56545
1088,/home/htj/resisc45/imgs_full/airport_s0006088.png,airport,Airport,airport,1,1782925232.872061,1782925244.015071,11.143009901046753,37.616129377641236,5.49225
1089,/home/htj/resisc45/imgs_full/golf_course_s0006089.png,golf_course,Golf course,golf_course,1,1782925244.0193033,1782925255.3793428,11.360039472579956,39.28153969105005,5.568
1090,/home/htj/resisc45/imgs_full/airport_s0006090.png,airport,Airport,airport,1,1782925255.3840413,1782925266.5132203,11.129179000854492,34.95954780461238,3.545
1091,/home/htj/resisc45/imgs_full/rectangular_farmland_s0006091.png,rectangular_farmland,Rectangular farmland,rectangular_farmland,1,1782925266.5173798,1782925278.0684187,11.551038980484009,36.00271074706345,3.545
1092,/home/htj/resisc45/imgs_full/rectangular_farmland_s0006092.png,rectangular_farmland,Rectangular farmland,rectangular_farmland,1,1782925278.0724578,1782925289.6093912,11.536933422088623,36.38049765459305,3.6466999999999996
1093,/home/htj/resisc45/imgs_full/commercial_area_s0006093.png,commercial_area,Commercial area,commercial_area,1,1782925289.6136756,1782925300.902827,11.289151430130005,35.511451221381776,3.647
1094,/home/htj/resisc45/imgs_full/parking_lot_s0006094.png,parking_lot,Parking lot,parking_lot,1,1782925300.9069145,1782925312.2158937,11.308979272842407,38.48405665308418,5.467
1095,/home/htj/resisc45/imgs_full/commercial_area_s0006095.png,commercial_area,Commercial area,commercial_area,1,1782925312.2205026,1782925323.5495198,11.329017162322998,38.29150871130689,5.376099999999999
1096,/home/htj/resisc45/imgs_full/freeway_s0006096.png,freeway,Freeway,freeway,1,1782925323.5536551,1782925334.9154663,11.36181116104126,38.60732070710659,5.4720499999999985
1097,/home/htj/resisc45/imgs_full/harbor_s0006097.png,harbor,Harbor,harbor,1,1782925334.9194403,1782925346.2983055,11.378865242004395,35.51247121675014,3.5431
1098,/home/htj/resisc45/imgs_full/chaparral_s0006098.png,chaparral,Forest,forest,0,1782925346.302168,1782925357.534578,11.232410192489624,35.082808242888625,3.6446
1099,/home/htj/resisc45/imgs_full/terrace_s0006099.png,terrace,Rectangular farmland,rectangular_farmland,0,1782925357.5388117,1782925369.0815184,11.542706727981567,36.71740724382188,3.647
1100,/home/htj/resisc45/imgs_full/circular_farmland_s0006100.png,circular_farmland,Circular farmland,circular_farmland,1,1782925369.0853744,1782925380.4098737,11.324499368667603,36.02124074561153,3.647
1101,/home/htj/resisc45/imgs_full/railway_s0006101.png,railway,Railway,railway,1,1782925380.4143045,1782925391.5379698,11.12366533279419,37.338171784571244,5.2895
1102,/home/htj/resisc45/imgs_full/ground_track_field_s0006102.png,ground_track_field,Stadium,stadium,0,1782925391.5424542,1782925402.7395852,11.197130918502808,37.96384396006977,5.463
1103,/home/htj/resisc45/imgs_full/airplane_s0006103.png,airplane,airport,airport,0,1782925402.743649,1782925413.9487975,11.205148458480835,37.9851688796191,5.4638
1104,/home/htj/resisc45/imgs_full/mobile_home_park_s0006104.png,mobile_home_park,Mobile home park,mobile_home_park,1,1782925413.9533832,1782925425.5018048,11.548421621322632,38.91414176072863,5.355799999999998
1105,/home/htj/resisc45/imgs_full/wetland_s0006105.png,wetland,Forest,forest,0,1782925425.5059316,1782925436.7096655,11.203733921051025,37.76247099044128,5.4885
1106,/home/htj/resisc45/imgs_full/lake_s0006106.png,lake,Lake,lake,1,1782925436.7139258,1782925447.9201727,11.206246852874756,38.17796778587906,5.463
1107,/home/htj/resisc45/imgs_full/medium_residential_s0006107.png,medium_residential,Medium residential,medium_residential,1,1782925447.9240987,1782925459.232321,11.30822229385376,38.57802876810093,5.473199999999999
1108,/home/htj/resisc45/imgs_full/ground_track_field_s0006108.png,ground_track_field,Stadium,stadium,0,1782925459.2349331,1782925470.3786511,11.143718004226685,34.8100754042949,3.5435
1109,/home/htj/resisc45/imgs_full/medium_residential_s0006109.png,medium_residential,Medium residential,medium_residential,1,1782925470.3829896,1782925481.7410476,11.358057975769043,38.334467893438344,5.4720499999999985
1110,/home/htj/resisc45/imgs_full/mountain_s0006110.png,mountain,Forest,forest,0,1782925481.7452343,1782925492.9576812,11.212446928024292,35.885578683077384,3.647
1111,/home/htj/resisc45/imgs_full/airport_s0006111.png,airport,Airport,airport,1,1782925492.961909,1782925504.143884,11.1819748878479,37.27562674667154,5.49225
1112,/home/htj/resisc45/imgs_full/sparse_residential_s0006112.png,sparse_residential,Sparse residential,sparse_residential,1,1782925504.1482778,1782925515.5337512,11.385473489761353,38.92790162674069,5.568
1113,/home/htj/resisc45/imgs_full/parking_lot_s0006113.png,parking_lot,Parking lot,parking_lot,1,1782925515.5377185,1782925526.845721,11.308002471923828,38.81258757989011,5.568
1114,/home/htj/resisc45/imgs_full/rectangular_farmland_s0006114.png,rectangular_farmland,Rectangular farmland,rectangular_farmland,1,1782925526.8499198,1782925538.3174386,11.46751880645752,36.42333760469267,3.647
1115,/home/htj/resisc45/imgs_full/freeway_s0006115.png,freeway,Industrial area,industrial_area,0,1782925538.3217533,1782925549.6404412,11.318687915802002,35.372328864143356,3.545
1116,/home/htj/resisc45/imgs_full/parking_lot_s0006116.png,parking_lot,Parking lot,parking_lot,1,1782925549.644952,1782925561.0076385,11.362686395645142,38.247202100227824,5.476799999999999
1117,/home/htj/resisc45/imgs_full/beach_s0006117.png,beach,Beach,beach,1,1782925561.0118892,1782925572.1841295,11.172240257263184,35.15297191850304,3.5647999999999986
1118,/home/htj/resisc45/imgs_full/baseball_diamond_s0006118.png,baseball_diamond,Baseball diamond,baseball_diamond,1,1782925572.1880124,1782925583.537221,11.34920859336853,38.13488071609022,5.473199999999999
1119,/home/htj/resisc45/imgs_full/thermal_power_station_s0006119.png,thermal_power_station,Thermal power station,thermal_power_station,1,1782925583.541231,1782925595.0696828,11.528451919555664,39.382327565273044,5.463
1120,/home/htj/resisc45/imgs_full/industrial_area_s0006120.png,industrial_area,Industrial area,industrial_area,1,1782925595.0740938,1782925606.3886275,11.314533710479736,37.36070460022339,4.585849999999996
1121,/home/htj/resisc45/imgs_full/bridge_s0006121.png,bridge,Bridge,bridge,1,1782925606.3928208,1782925617.524207,11.131386280059814,38.209254040740085,5.565
1122,/home/htj/resisc45/imgs_full/rectangular_farmland_s0006122.png,rectangular_farmland,Rectangular farmland,rectangular_farmland,1,1782925617.5285184,1782925628.9885495,11.460031032562256,38.61423416725716,5.362
1123,/home/htj/resisc45/imgs_full/rectangular_farmland_s0006123.png,rectangular_farmland,Rectangular farmland,rectangular_farmland,1,1782925628.992625,1782925640.5112467,11.518621683120728,39.01317248057257,5.461949999999999
1124,/home/htj/resisc45/imgs_full/bridge_s0006124.png,bridge,Bridge,bridge,1,1782925640.5153797,1782925651.7321866,11.216806888580322,35.03783149545689,3.567199999999999
1125,/home/htj/resisc45/imgs_full/beach_s0006125.png,beach,Beach,beach,1,1782925651.736268,1782925662.9194915,11.183223485946655,34.849478925645656,3.5647999999999986
1126,/home/htj/resisc45/imgs_full/dense_residential_s0006126.png,dense_residential,Dense residential,dense_residential,1,1782925662.9240973,1782925674.315038,11.39094066619873,35.93568397609711,3.644
1127,/home/htj/resisc45/imgs_full/church_s0006127.png,church,Church,church,1,1782925674.3168266,1782925685.4832268,11.16640019416809,35.231075069762014,3.64475
1128,/home/htj/resisc45/imgs_full/runway_s0006128.png,runway,Airport,airport,0,1782925685.487692,1782925696.6390266,11.151334524154663,35.24453239292149,3.644
1129,/home/htj/resisc45/imgs_full/church_s0006129.png,church,Industrial area,industrial_area,0,1782925696.6404421,1782925707.9205837,11.280141592025757,38.08500532816757,5.380549999999998
1130,/home/htj/resisc45/imgs_full/sparse_residential_s0006130.png,sparse_residential,Rectangular farmland,rectangular_farmland,0,1782925707.9251747,1782925719.4691882,11.544013500213623,37.41989132741167,4.4438999999999975
1131,/home/htj/resisc45/imgs_full/church_s0006131.png,church,Palace,palace,0,1782925719.4733524,1782925730.8433907,11.370038270950317,38.34892193045258,5.269099999999998
1132,/home/htj/resisc45/imgs_full/forest_s0006132.png,forest,Forest,forest,1,1782925730.8477845,1782925742.0367744,11.188989877700806,38.32938994399182,5.487199999999999
1133,/home/htj/resisc45/imgs_full/circular_farmland_s0006133.png,circular_farmland,Circular farmland,circular_farmland,1,1782925742.0408897,1782925753.3399334,11.299043655395508,38.522605630267755,5.482149999999998
1134,/home/htj/resisc45/imgs_full/industrial_area_s0006134.png,industrial_area,Railway,railway,0,1782925753.3442109,1782925764.4835374,11.139326572418213,35.13718700713041,3.746
1135,/home/htj/resisc45/imgs_full/desert_s0006135.png,desert,Desert,desert,1,1782925764.4878023,1782925775.6922054,11.204403162002563,35.130012673456655,3.5653999999999986
1136,/home/htj/resisc45/imgs_full/sparse_residential_s0006136.png,sparse_residential,Rectangular farmland,rectangular_farmland,0,1782925775.6939776,1782925787.1684453,11.474467754364014,35.98046581564091,3.545
1137,/home/htj/resisc45/imgs_full/rectangular_farmland_s0006137.png,rectangular_farmland,Rectangular farmland,rectangular_farmland,1,1782925787.1701849,1782925798.7300673,11.559882402420044,38.08343464982099,5.253899999999998
1138,/home/htj/resisc45/imgs_full/lake_s0006138.png,lake,Lake,lake,1,1782925798.7310827,1782925809.9079823,11.176899671554565,38.253680450873716,5.41575
1139,/home/htj/resisc45/imgs_full/river_s0006139.png,river,River,river,1,1782925809.9121876,1782925821.105518,11.193330526351929,35.35120829224344,3.7464
1140,/home/htj/resisc45/imgs_full/church_s0006140.png,church,Stadium,stadium,0,1782925821.109922,1782925832.3232868,11.213364839553833,35.02389204462288,3.647
1141,/home/htj/resisc45/imgs_full/stadium_s0006141.png,stadium,Stadium,stadium,1,1782925832.3272262,1782925843.5484772,11.221251010894775,38.432955594309696,5.568
1142,/home/htj/resisc45/imgs_full/palace_s0006142.png,palace,Commercial area,commercial_area,0,1782925843.5528004,1782925854.8513985,11.298598051071167,38.15002859225225,5.376099999999999
1143,/home/htj/resisc45/imgs_full/tennis_court_s0006143.png,tennis_court,Dense residential,dense_residential,0,1782925854.8551097,1782925866.213423,11.35831332206726,38.30582606324479,5.3624
1144,/home/htj/resisc45/imgs_full/wetland_s0006144.png,wetland,Rectangular farmland,rectangular_farmland,0,1782925866.2174723,1782925877.7472868,11.52981448173523,36.31874522611895,3.644
1145,/home/htj/resisc45/imgs_full/industrial_area_s0006145.png,industrial_area,Industrial area,industrial_area,1,1782925877.7490788,1782925889.1304712,11.381392478942871,35.5310570173502,3.5500999999999983
1146,/home/htj/resisc45/imgs_full/mountain_s0006146.png,mountain,Forest,forest,0,1782925889.1347625,1782925900.337763,11.203000545501709,35.12169105026323,3.5653999999999986
1147,/home/htj/resisc45/imgs_full/airplane_s0006147.png,airplane,Airport,airport,0,1782925900.3418546,1782925911.5471792,11.205324649810791,37.71882916587984,5.386199999999999
1148,/home/htj/resisc45/imgs_full/overpass_s0006148.png,overpass,Roundabout,roundabout,0,1782925911.5511675,1782925922.9106658,11.359498262405396,38.3627952022241,5.366
1149,/home/htj/resisc45/imgs_full/medium_residential_s0006149.png,medium_residential,Medium residential,medium_residential,1,1782925922.9145994,1782925934.3115444,11.396944999694824,38.72761292602767,5.366
1150,/home/htj/resisc45/imgs_full/tennis_court_s0006150.png,tennis_court,Tennis court,tennis_court,1,1782925934.3153377,1782925945.68944,11.374102354049683,38.456920598765606,5.366
1151,/home/htj/resisc45/imgs_full/church_s0006151.png,church,Commercial area,commercial_area,0,1782925945.6912873,1782925957.0718887,11.380601406097412,35.90317989791394,3.644
1152,/home/htj/resisc45/imgs_full/rectangular_farmland_s0006152.png,rectangular_farmland,Rectangular farmland,rectangular_farmland,1,1782925957.075851,1782925968.5935166,11.51766562461853,39.35979769144082,5.366
1153,/home/htj/resisc45/imgs_full/railway_s0006153.png,railway,Railway,railway,1,1782925968.5977232,1782925979.7910078,11.193284511566162,37.9221661007489,5.366
1154,/home/htj/resisc45/imgs_full/golf_course_s0006154.png,golf_course,Golf course,golf_course,1,1782925979.7947838,1782925991.1745744,11.379790544509888,38.337091870635746,5.366
1155,/home/htj/resisc45/imgs_full/desert_s0006155.png,desert,Desert,desert,1,1782925991.178813,1782926002.3900595,11.211246490478516,35.16472908101348,3.644
1156,/home/htj/resisc45/imgs_full/desert_s0006156.png,desert,Beach,beach,0,1782926002.3912852,1782926013.613143,11.221857786178589,37.85884552713457,5.386199999999999
1157,/home/htj/resisc45/imgs_full/airport_s0006157.png,airport,Airport,airport,1,1782926013.6143906,1782926024.8424819,11.2280912399292,37.933564797924255,5.406399999999998
1158,/home/htj/resisc45/imgs_full/roundabout_s0006158.png,roundabout,Roundabout,roundabout,1,1782926024.8465865,1782926036.1978104,11.351223945617676,38.25856247914791,5.373899999999999
1159,/home/htj/resisc45/imgs_full/chaparral_s0006159.png,chaparral,Desert,desert,0,1782926036.2019017,1782926047.4127212,11.210819482803345,37.65287456425314,5.366
1160,/home/htj/resisc45/imgs_full/mountain_s0006160.png,mountain,Forest,forest,0,1782926047.416689,1782926058.6130183,11.196329355239868,35.30671063567911,3.748
1161,/home/htj/resisc45/imgs_full/cloud_s0006161.png,cloud,Rectangular farmland,rectangular_farmland,0,1782926058.6174753,1782926070.1367986,11.519323348999023,38.631875694171036,5.366
1162,/home/htj/resisc45/imgs_full/mountain_s0006162.png,mountain,Forest,forest,0,1782926070.1410086,1782926081.3728764,11.231867790222168,38.18510065698865,5.386199999999999
1163,/home/htj/resisc45/imgs_full/airport_s0006163.png,airport,Airport,airport,1,1782926081.3771396,1782926092.573916,11.196776390075684,37.61849735852063,5.268
1164,/home/htj/resisc45/imgs_full/snowberg_s0006164.png,snowberg,Mountain,mountain,0,1782926092.578415,1782926103.7941947,11.215779781341553,38.02786994268447,5.467
1165,/home/htj/resisc45/imgs_full/ship_s0006165.png,ship,Harbor,harbor,0,1782926103.7987747,1782926115.175671,11.376896381378174,38.5486224314332,5.4632
1166,/home/htj/resisc45/imgs_full/railway_station_s0006166.png,railway_station,Railway,railway,0,1782926115.1796308,1782926126.394598,11.214967250823975,37.80759018063182,5.366
1167,/home/htj/resisc45/imgs_full/wetland_s0006167.png,wetland,Lake,lake,0,1782926126.3986132,1782926137.5929916,11.19437837600708,38.18487700439589,5.483399999999999
1168,/home/htj/resisc45/imgs_full/wetland_s0006168.png,wetland,Forest,forest,0,1782926137.5971422,1782926148.7132714,11.116129159927368,37.631517553787965,5.425699999999996
1169,/home/htj/resisc45/imgs_full/basketball_court_s0006169.png,basketball_court,Basketball court,basketball_court,1,1782926148.7173193,1782926160.0757446,11.358425378799438,38.790556056026226,5.468099999999999
1170,/home/htj/resisc45/imgs_full/palace_s0006170.png,palace,Dense residential,dense_residential,0,1782926160.0801504,1782926171.4737182,11.39356780052185,38.48337034575462,5.467
1171,/home/htj/resisc45/imgs_full/beach_s0006171.png,beach,Mountain,mountain,0,1782926171.4779038,1782926182.6964169,11.218513011932373,38.03315087464618,5.486599999999998
1172,/home/htj/resisc45/imgs_full/wetland_s0006172.png,wetland,Forest,forest,0,1782926182.6980834,1782926193.9187276,11.220644235610962,37.94544197873756,5.467
1173,/home/htj/resisc45/imgs_full/forest_s0006173.png,forest,Mountain,mountain,0,1782926193.9226713,1782926205.1016376,11.178966283798218,36.230801583620966,4.151
1174,/home/htj/resisc45/imgs_full/overpass_s0006174.png,overpass,Industrial area,industrial_area,0,1782926205.10566,1782926216.4415445,11.33588457107544,38.43992761627274,5.575099999999999
1175,/home/htj/resisc45/imgs_full/parking_lot_s0006175.png,parking_lot,Parking lot,parking_lot,1,1782926216.4458961,1782926227.7530816,11.307185411453247,38.110555919153605,5.3721
1176,/home/htj/resisc45/imgs_full/baseball_diamond_s0006176.png,baseball_diamond,Baseball diamond,baseball_diamond,1,1782926227.7572408,1782926239.1446455,11.387404680252075,38.49939179834723,5.3719499999999965
1177,/home/htj/resisc45/imgs_full/bridge_s0006177.png,bridge,Bridge,bridge,1,1782926239.1485593,1782926250.341246,11.192686557769775,38.01911316302827,5.463
1178,/home/htj/resisc45/imgs_full/terrace_s0006178.png,terrace,Rice terrace,terrace,1,1782926250.3452132,1782926261.7044404,11.359227180480957,38.47432721778392,5.463
1179,/home/htj/resisc45/imgs_full/thermal_power_station_s0006179.png,thermal_power_station,Industrial area,industrial_area,0,1782926261.7086482,1782926273.0650775,11.3564293384552,38.51570104001755,5.463
1180,/home/htj/resisc45/imgs_full/overpass_s0006180.png,overpass,Freeway,freeway,0,1782926273.0695038,1782926284.4043736,11.334869861602783,38.332707179299554,5.473199999999999
1181,/home/htj/resisc45/imgs_full/bridge_s0006181.png,bridge,Bridge,bridge,1,1782926284.405548,1782926295.5829625,11.177414417266846,38.0249964660993,5.483399999999999
1182,/home/htj/resisc45/imgs_full/stadium_s0006182.png,stadium,Stadium,stadium,1,1782926295.5874307,1782926306.7345214,11.147090673446655,37.519059782003865,5.366
1183,/home/htj/resisc45/imgs_full/ground_track_field_s0006183.png,ground_track_field,Stadium,stadium,0,1782926306.7388246,1782926317.936128,11.197303295135498,37.86031047569245,5.464
1184,/home/htj/resisc45/imgs_full/terrace_s0006184.png,terrace,Rectangular farmland,rectangular_farmland,0,1782926317.9402423,1782926329.4590158,11.518773555755615,39.34988949099433,5.565
1185,/home/htj/resisc45/imgs_full/circular_farmland_s0006185.png,circular_farmland,Circular farmland,circular_farmland,1,1782926329.4630387,1782926340.827076,11.364037275314331,38.63431752488613,5.367049999999998
1186,/home/htj/resisc45/imgs_full/wetland_s0006186.png,wetland,Forest,forest,0,1782926340.8314912,1782926352.0682757,11.2367844581604,38.01444109856175,5.4606
1187,/home/htj/resisc45/imgs_full/island_s0006187.png,island,Island,island,1,1782926352.0695362,1782926363.2647517,11.195215463638306,37.78936455475376,5.483399999999999
1188,/home/htj/resisc45/imgs_full/island_s0006188.png,island,Island,island,1,1782926363.2687984,1782926374.486315,11.217516660690308,38.34676752517066,5.565
1189,/home/htj/resisc45/imgs_full/forest_s0006189.png,forest,Forest,forest,1,1782926374.4901407,1782926385.6083162,11.118175506591797,37.44145380342924,5.392299999999999
1190,/home/htj/resisc45/imgs_full/terrace_s0006190.png,terrace,Rectangular farmland,rectangular_farmland,0,1782926385.6125586,1782926397.1125686,11.500010013580322,38.580768742540094,5.3618500000000004
1191,/home/htj/resisc45/imgs_full/river_s0006191.png,river,River,river,1,1782926397.1168976,1782926408.3292053,11.212307691574097,36.95975022015112,4.6576
1192,/home/htj/resisc45/imgs_full/stadium_s0006192.png,stadium,Stadium,stadium,1,1782926408.3331726,1782926419.529726,11.196553468704224,36.95850911891826,5.18525
1193,/home/htj/resisc45/imgs_full/industrial_area_s0006193.png,industrial_area,Industrial area,industrial_area,1,1782926419.5339653,1782926430.9342058,11.400240421295166,39.19799680139532,5.666
1194,/home/htj/resisc45/imgs_full/baseball_diamond_s0006194.png,baseball_diamond,Baseball diamond,baseball_diamond,1,1782926430.938449,1782926442.3418002,11.403351306915283,36.59472274604797,3.748
1195,/home/htj/resisc45/imgs_full/cloud_s0006195.png,cloud,Mountain,mountain,0,1782926442.3430238,1782926453.471966,11.128942251205444,37.65761512283403,5.4915
1196,/home/htj/resisc45/imgs_full/railway_s0006196.png,railway,Railway,railway,1,1782926453.476738,1782926464.6339262,11.157188177108765,37.57934521110447,5.38725
1197,/home/htj/resisc45/imgs_full/church_s0006197.png,church,Commercial area,commercial_area,0,1782926464.6380577,1782926475.9920003,11.353942632675171,35.70398456563183,3.647
1198,/home/htj/resisc45/imgs_full/sea_ice_s0006198.png,sea_ice,Snowberg,snowberg,0,1782926475.9959135,1782926487.3543646,11.358451128005981,35.50010070125938,3.647
1199,/home/htj/resisc45/imgs_full/lake_s0006199.png,lake,Forest,forest,0,1782926487.3557947,1782926498.5633676,11.207572937011719,34.98099700327452,3.647
1200,/home/htj/resisc45/imgs_full/medium_residential_s0006200.png,medium_residential,Medium residential,medium_residential,1,1782926498.5673857,1782926509.9330094,11.365623712539673,35.736135045678616,3.647
1201,/home/htj/resisc45/imgs_full/basketball_court_s0006201.png,basketball_court,Basketball court,basketball_court,1,1782926509.9370987,1782926521.3111475,11.374048709869385,38.231035515054394,5.467
1202,/home/htj/resisc45/imgs_full/baseball_diamond_s0006202.png,baseball_diamond,Baseball diamond,baseball_diamond,1,1782926521.3151965,1782926532.6259944,11.310797929763794,35.8968737388199,3.748
1203,/home/htj/resisc45/imgs_full/palace_s0006203.png,palace,Dense residential,dense_residential,0,1782926532.6304398,1782926543.9441316,11.313691854476929,38.086832969060495,5.467
1204,/home/htj/resisc45/imgs_full/industrial_area_s0006204.png,industrial_area,Industrial area,industrial_area,1,1782926543.9483528,1782926555.2690365,11.320683717727661,38.038236833717356,5.366
1205,/home/htj/resisc45/imgs_full/baseball_diamond_s0006205.png,baseball_diamond,Baseball diamond,baseball_diamond,1,1782926555.27339,1782926566.6398842,11.366494178771973,38.07866481842041,5.264
1206,/home/htj/resisc45/imgs_full/commercial_area_s0006206.png,commercial_area,Commercial area,commercial_area,1,1782926566.6438842,1782926578.002029,11.358144760131836,36.475968445859365,3.847
1207,/home/htj/resisc45/imgs_full/ship_s0006207.png,ship,Harbor,harbor,0,1782926578.006353,1782926589.3391066,11.332753658294678,37.27917858172662,4.588999999999998
1208,/home/htj/resisc45/imgs_full/storage_tank_s0006208.png,storage_tank,Industrial area,industrial_area,0,1782926589.3435934,1782926600.7410133,11.397419929504395,38.15525667220116,5.467
1209,/home/htj/resisc45/imgs_full/island_s0006209.png,island,Island,island,1,1782926600.7422316,1782926611.8756247,11.133393049240112,38.18725414376478,5.5925
1210,/home/htj/resisc45/imgs_full/beach_s0006210.png,beach,Sea ice,sea_ice,0,1782926611.8798673,1782926623.1631784,11.283311128616333,38.80290806637268,5.56545
1211,/home/htj/resisc45/imgs_full/chaparral_s0006211.png,chaparral,Desert,desert,0,1782926623.1674273,1782926634.361466,11.19403862953186,37.812439684998566,5.366
1212,/home/htj/resisc45/imgs_full/dense_residential_s0006212.png,dense_residential,Dense residential,dense_residential,1,1782926634.365872,1782926645.763693,11.397821187973022,38.85676812476635,5.471899999999999
1213,/home/htj/resisc45/imgs_full/desert_s0006213.png,desert,Desert,desert,1,1782926645.7680502,1782926656.9915118,11.223461627960205,37.840840914794036,5.389199999999999
1214,/home/htj/resisc45/imgs_full/railway_s0006214.png,railway,Railway,railway,1,1782926656.9944181,1782926668.2329926,11.238574504852295,37.91605559502948,5.366
1215,/home/htj/resisc45/imgs_full/ship_s0006215.png,ship,Harbor,harbor,0,1782926668.236875,1782926679.603341,11.366466045379639,38.8112838142673,5.477099999999999
1216,/home/htj/resisc45/imgs_full/cloud_s0006216.png,cloud,Cloud,cloud,1,1782926679.6074204,1782926690.7564292,11.149008750915527,35.3454862887762,3.748
1217,/home/htj/resisc45/imgs_full/runway_s0006217.png,runway,Runway,runway,1,1782926690.760613,1782926702.1175098,11.356896877288818,37.487924117758276,4.760049999999999
1218,/home/htj/resisc45/imgs_full/commercial_area_s0006218.png,commercial_area,Industrial area,industrial_area,0,1782926702.1216037,1782926713.4456658,11.32406210899353,35.92817621076167,3.7433
1219,/home/htj/resisc45/imgs_full/industrial_area_s0006219.png,industrial_area,Dense residential,dense_residential,0,1782926713.4498706,1782926724.7936077,11.343737125396729,35.625661984906124,3.647
1220,/home/htj/resisc45/imgs_full/snowberg_s0006220.png,snowberg,Mountain,mountain,0,1782926724.7977703,1782926735.9924777,11.19470739364624,35.0335242458237,3.545
1221,/home/htj/resisc45/imgs_full/lake_s0006221.png,lake,Lake,lake,1,1782926735.9971097,1782926747.2063234,11.209213733673096,36.79387423362828,5.186399999999999
1222,/home/htj/resisc45/imgs_full/industrial_area_s0006222.png,industrial_area,Industrial area,industrial_area,1,1782926747.210358,1782926758.5768607,11.36650276184082,38.699759283294675,5.467
1223,/home/htj/resisc45/imgs_full/mountain_s0006223.png,mountain,Desert,desert,0,1782926758.5812902,1782926769.7277033,11.146413087844849,38.21468109931264,5.565
1224,/home/htj/resisc45/imgs_full/mobile_home_park_s0006224.png,mobile_home_park,Mobile home park,mobile_home_park,1,1782926769.7321632,1782926781.2079272,11.475764036178589,37.37433682505053,4.049
1225,/home/htj/resisc45/imgs_full/cloud_s0006225.png,cloud,Forest,forest,0,1782926781.2120392,1782926792.3901873,11.178148031234741,36.67658728646381,5.18825
1226,/home/htj/resisc45/imgs_full/roundabout_s0006226.png,roundabout,Roundabout,roundabout,1,1782926792.3949115,1782926803.7667,11.371788501739502,36.84089891437292,3.9581499999999963
1227,/home/htj/resisc45/imgs_full/rectangular_farmland_s0006227.png,rectangular_farmland,Rectangular farmland,rectangular_farmland,1,1782926803.7708552,1782926815.3067281,11.53587293624878,36.30799511415736,3.647
1228,/home/htj/resisc45/imgs_full/church_s0006228.png,church,Industrial area,industrial_area,0,1782926815.3111985,1782926826.6654718,11.354273319244385,35.60551765625441,3.647
1229,/home/htj/resisc45/imgs_full/harbor_s0006229.png,harbor,Harbor,harbor,1,1782926826.6699088,1782926838.0275602,11.357651472091675,35.79358182603955,3.647
1230,/home/htj/resisc45/imgs_full/forest_s0006230.png,forest,Forest,forest,1,1782926838.0291078,1782926849.2515912,11.222483396530151,35.113213672435826,3.5677999999999988
1231,/home/htj/resisc45/imgs_full/baseball_diamond_s0006231.png,baseball_diamond,Baseball diamond,baseball_diamond,1,1782926849.2558575,1782926860.6323674,11.37650990486145,38.99799336327076,5.467
1232,/home/htj/resisc45/imgs_full/circular_farmland_s0006232.png,circular_farmland,Circular farmland,circular_farmland,1,1782926860.6362069,1782926871.9520652,11.315858364105225,38.11715614963416,5.376099999999999
1233,/home/htj/resisc45/imgs_full/beach_s0006233.png,beach,River,river,0,1782926871.9562135,1782926883.1686502,11.21243667602539,35.212799670863276,3.644
1234,/home/htj/resisc45/imgs_full/ground_track_field_s0006234.png,ground_track_field,Stadium,stadium,0,1782926883.1726668,1782926894.3876452,11.214978456497192,34.98987885190145,3.644
1235,/home/htj/resisc45/imgs_full/palace_s0006235.png,palace,Industrial area,industrial_area,0,1782926894.392085,1782926905.7709906,11.378905534744263,35.70069027545571,3.647
1236,/home/htj/resisc45/imgs_full/roundabout_s0006236.png,roundabout,Roundabout,roundabout,1,1782926905.775209,1782926917.1936407,11.418431758880615,38.54016120836865,5.366
1237,/home/htj/resisc45/imgs_full/church_s0006237.png,church,Palace,palace,0,1782926917.1981218,1782926928.5948956,11.39677381515503,38.567195445306304,5.367049999999998
1238,/home/htj/resisc45/imgs_full/stadium_s0006238.png,stadium,Stadium,stadium,1,1782926928.5966783,1782926939.8123324,11.215654134750366,38.36351502756782,5.565
1239,/home/htj/resisc45/imgs_full/sea_ice_s0006239.png,sea_ice,Sea ice,sea_ice,1,1782926939.8165061,1782926951.0937312,11.277225017547607,38.665788554482994,5.568
1240,/home/htj/resisc45/imgs_full/industrial_area_s0006240.png,industrial_area,Industrial area,industrial_area,1,1782926951.097982,1782926962.4151616,11.317179679870605,37.88167138200789,5.2711
1241,/home/htj/resisc45/imgs_full/desert_s0006241.png,desert,Desert,desert,1,1782926962.4192178,1782926973.5941691,11.174951314926147,37.54589790618906,5.16
1242,/home/htj/resisc45/imgs_full/terrace_s0006242.png,terrace,Rectangular farmland,rectangular_farmland,0,1782926973.59841,1782926985.0946221,11.496212244033813,38.51885589082052,5.264
1243,/home/htj/resisc45/imgs_full/railway_station_s0006243.png,railway_station,Railway station,railway_station,1,1782926985.0962625,1782926996.4558685,11.35960602760315,38.14384453727013,5.2741999999999996
1244,/home/htj/resisc45/imgs_full/sparse_residential_s0006244.png,sparse_residential,Rectangular farmland,rectangular_farmland,0,1782926996.459933,1782927007.957898,11.497964859008789,37.375387027806575,3.9430499999999986
1245,/home/htj/resisc45/imgs_full/chaparral_s0006245.png,chaparral,Desert,desert,0,1782927007.9623415,1782927019.1938968,11.231555223464966,37.520995599908055,5.380549999999998
1246,/home/htj/resisc45/imgs_full/forest_s0006246.png,forest,Forest,forest,1,1782927019.1981184,1782927030.3939748,11.19585633277893,38.074137058549994,5.366
1247,/home/htj/resisc45/imgs_full/mountain_s0006247.png,mountain,Mountain,mountain,1,1782927030.3982022,1782927041.6168883,11.2186861038208,37.840458248095075,5.3626000000000005
1248,/home/htj/resisc45/imgs_full/circular_farmland_s0006248.png,circular_farmland,Circular farmland,circular_farmland,1,1782927041.6211805,1782927052.9886603,11.367479801177979,38.38146726497334,5.3757
1249,/home/htj/resisc45/imgs_full/mobile_home_park_s0006249.png,mobile_home_park,Mobile home park,mobile_home_park,1,1782927052.9931185,1782927064.498399,11.505280494689941,39.02704496316017,5.355799999999998
1250,/home/htj/resisc45/imgs_full/mobile_home_park_s0006250.png,mobile_home_park,Mobile home park,mobile_home_park,1,1782927064.5027125,1782927076.0306287,11.527916193008423,38.939588833221116,5.461949999999999
1251,/home/htj/resisc45/imgs_full/mountain_s0006251.png,mountain,Forest,forest,0,1782927076.0347476,1782927087.2490149,11.214267253875732,37.101976270339215,4.879399999999999
1252,/home/htj/resisc45/imgs_full/harbor_s0006252.png,harbor,Harbor,harbor,1,1782927087.2531743,1782927098.6156886,11.36251425743103,35.842539911924604,3.644
1253,/home/htj/resisc45/imgs_full/golf_course_s0006253.png,golf_course,Golf course,golf_course,1,1782927098.619965,1782927109.9590995,11.339134454727173,38.419095813896185,5.477099999999999
1254,/home/htj/resisc45/imgs_full/forest_s0006254.png,forest,Forest,forest,1,1782927109.9635043,1782927121.156895,11.193390607833862,38.0260502067532,5.467
1255,/home/htj/resisc45/imgs_full/beach_s0006255.png,beach,Beach,beach,1,1782927121.1610358,1782927132.3410637,11.180027961730957,38.06731071818605,5.46775
1256,/home/htj/resisc45/imgs_full/overpass_s0006256.png,overpass,Freeway,freeway,0,1782927132.3452766,1782927143.6703188,11.325042247772217,35.65838264387064,3.644
1257,/home/htj/resisc45/imgs_full/meadow_s0006257.png,meadow,Forest,forest,0,1782927143.6745327,1782927154.8683074,11.193774700164795,38.00709132811975,5.38725
1258,/home/htj/resisc45/imgs_full/ground_track_field_s0006258.png,ground_track_field,Stadium,stadium,0,1782927154.8722112,1782927166.0582325,11.186021327972412,37.97341940758797,5.382199999999999
1259,/home/htj/resisc45/imgs_full/forest_s0006259.png,forest,Forest,forest,1,1782927166.0623353,1782927177.2598665,11.19753122329712,37.90063065707986,5.386199999999999
1260,/home/htj/resisc45/imgs_full/terrace_s0006260.png,terrace,Rectangular farmland,rectangular_farmland,0,1782927177.2642407,1782927188.7935483,11.52930760383606,38.85159774527927,5.3658
1261,/home/htj/resisc45/imgs_full/meadow_s0006261.png,meadow,Forest,forest,0,1782927188.7947845,1782927199.9985673,11.203782796859741,35.252446646346655,3.647
1262,/home/htj/resisc45/imgs_full/church_s0006262.png,church,Church,church,1,1782927200.0033987,1782927211.2290735,11.225674867630005,35.35455070658626,3.649
1263,/home/htj/resisc45/imgs_full/chaparral_s0006263.png,chaparral,Sparse residential,sparse_residential,0,1782927211.233404,1782927222.58415,11.350746154785156,38.18396681842804,5.3760999999999965
1264,/home/htj/resisc45/imgs_full/thermal_power_station_s0006264.png,thermal_power_station,Industrial area,industrial_area,0,1782927222.5884097,1782927233.9453216,11.356911897659302,35.74111486047836,3.647
1265,/home/htj/resisc45/imgs_full/palace_s0006265.png,palace,Dense residential,dense_residential,0,1782927233.9496937,1782927245.3009586,11.351264953613281,36.05794910277554,3.647
1266,/home/htj/resisc45/imgs_full/lake_s0006266.png,lake,Lake,lake,1,1782927245.305384,1782927256.5024703,11.197086334228516,37.624199413067196,5.382199999999999
1267,/home/htj/resisc45/imgs_full/snowberg_s0006267.png,snowberg,Mountain,mountain,0,1782927256.506959,1782927267.7419624,11.235003471374512,35.28213115522704,3.6446
1268,/home/htj/resisc45/imgs_full/harbor_s0006268.png,harbor,Harbor,harbor,1,1782927267.7458096,1782927279.1212153,11.37540578842163,38.17011724601984,5.362
1269,/home/htj/resisc45/imgs_full/mobile_home_park_s0006269.png,mobile_home_park,Mobile home park,mobile_home_park,1,1782927279.125312,1782927290.6824617,11.557149648666382,38.59165687953545,4.859
1270,/home/htj/resisc45/imgs_full/freeway_s0006270.png,freeway,Freeway,freeway,1,1782927290.6866164,1782927301.9879506,11.301334142684937,37.91677111744162,5.366
1271,/home/htj/resisc45/imgs_full/roundabout_s0006271.png,roundabout,Roundabout,roundabout,1,1782927301.9924662,1782927313.3459394,11.35347318649292,35.928265582858614,3.746
1272,/home/htj/resisc45/imgs_full/airplane_s0006272.png,airplane,Airport,airport,0,1782927313.350005,1782927324.5441272,11.194122314453125,37.23444934844971,5.363
1273,/home/htj/resisc45/imgs_full/dense_residential_s0006273.png,dense_residential,Dense residential,dense_residential,1,1782927324.5483048,1782927335.9371345,11.388829708099365,38.54634830929041,5.366
1274,/home/htj/resisc45/imgs_full/meadow_s0006274.png,meadow,Rectangular farmland,rectangular_farmland,0,1782927335.941392,1782927347.468284,11.526891946792603,37.05191655178845,3.748
1275,/home/htj/resisc45/imgs_full/industrial_area_s0006275.png,industrial_area,Rectangular farmland,rectangular_farmland,0,1782927347.472977,1782927358.968453,11.495476007461548,38.10084469397823,5.3569499999999985
1276,/home/htj/resisc45/imgs_full/beach_s0006276.png,beach,Beach,beach,1,1782927358.9726036,1782927370.1433854,11.17078185081482,37.86023042516441,5.39125
1277,/home/htj/resisc45/imgs_full/wetland_s0006277.png,wetland,Forest,forest,0,1782927370.1474342,1782927381.2883751,11.14094090461731,37.321697298186166,5.261
1278,/home/htj/resisc45/imgs_full/freeway_s0006278.png,freeway,Freeway,freeway,1,1782927381.292657,1782927392.6886299,11.395972967147827,38.185170379400255,5.264
1279,/home/htj/resisc45/imgs_full/bridge_s0006279.png,bridge,Industrial area,industrial_area,0,1782927392.6930537,1782927404.0452044,11.352150678634644,37.16291130835891,4.565949999999996
1280,/home/htj/resisc45/imgs_full/parking_lot_s0006280.png,parking_lot,Parking lot,parking_lot,1,1782927404.0494926,1782927415.4353712,11.385878562927246,35.954270396618845,3.644
1281,/home/htj/resisc45/imgs_full/cloud_s0006281.png,cloud,Cloud,cloud,1,1782927415.4396613,1782927426.5806153,11.14095401763916,34.877609176251354,3.5705
1282,/home/htj/resisc45/imgs_full/harbor_s0006282.png,harbor,Harbor,harbor,1,1782927426.581814,1782927437.9283292,11.34651517868042,36.10341392761259,3.647
1283,/home/htj/resisc45/imgs_full/lake_s0006283.png,lake,Lake,lake,1,1782927437.9325619,1782927449.0712163,11.138654470443726,36.12407719439268,3.847
1284,/home/htj/resisc45/imgs_full/baseball_diamond_s0006284.png,baseball_diamond,Baseball diamond,baseball_diamond,1,1782927449.0748658,1782927460.4027824,11.327916622161865,37.9507976524075,5.477099999999999
1285,/home/htj/resisc45/imgs_full/commercial_area_s0006285.png,commercial_area,Dense residential,dense_residential,0,1782927460.4072683,1782927471.8314955,11.424227237701416,38.26991083336826,5.366
1286,/home/htj/resisc45/imgs_full/stadium_s0006286.png,stadium,Stadium,stadium,1,1782927471.8357656,1782927483.050024,11.214258432388306,35.19984946417567,3.647
1287,/home/htj/resisc45/imgs_full/desert_s0006287.png,desert,Rectangular farmland,rectangular_farmland,0,1782927483.0514982,1782927494.6105285,11.559030294418335,36.60323530576382,3.6367999999999974
1288,/home/htj/resisc45/imgs_full/forest_s0006288.png,forest,Forest,forest,1,1782927494.6150315,1782927505.8347738,11.21974229812622,35.5423780572596,3.647
1289,/home/htj/resisc45/imgs_full/forest_s0006289.png,forest,Forest,forest,1,1782927505.8392448,1782927517.0554152,11.216170310974121,36.15358848374749,3.748
1290,/home/htj/resisc45/imgs_full/river_s0006290.png,river,Harbor,harbor,0,1782927517.0595393,1782927528.352615,11.293075799942017,38.63389605722475,5.477099999999999
1291,/home/htj/resisc45/imgs_full/river_s0006291.png,river,River,river,1,1782927528.356694,1782927539.490304,11.133610010147095,37.78416083915417,5.497299999999998
1292,/home/htj/resisc45/imgs_full/tennis_court_s0006292.png,tennis_court,Medium residential,medium_residential,0,1782927539.494646,1782927550.8319585,11.337312459945679,38.554952305369646,5.376099999999999
1293,/home/htj/resisc45/imgs_full/medium_residential_s0006293.png,medium_residential,Medium residential,medium_residential,1,1782927550.8361008,1782927562.2142904,11.37818956375122,35.93414315265655,3.647
1294,/home/htj/resisc45/imgs_full/stadium_s0006294.png,stadium,Stadium,stadium,1,1782927562.2187042,1782927573.3523407,11.133636474609375,38.21663541588416,5.467
1295,/home/htj/resisc45/imgs_full/sparse_residential_s0006295.png,sparse_residential,Sparse residential,sparse_residential,1,1782927573.3564365,1782927584.672999,11.316562414169312,38.68029466736976,5.467
1296,/home/htj/resisc45/imgs_full/airplane_s0006296.png,airplane,Airport,airport,0,1782927584.6771712,1782927595.8720965,11.194925308227539,37.979608100126235,5.385399999999999
1297,/home/htj/resisc45/imgs_full/terrace_s0006297.png,terrace,Rectangular farmland,rectangular_farmland,0,1782927595.8760655,1782927607.3299136,11.453848123550415,39.24703797773816,5.366
1298,/home/htj/resisc45/imgs_full/river_s0006298.png,river,River,river,1,1782927607.3316677,1782927618.4691772,11.13750958442688,35.1813471121788,3.644
1299,/home/htj/resisc45/imgs_full/island_s0006299.png,island,River,river,0,1782927618.4734426,1782927629.593749,11.120306491851807,35.090611866347,3.647
