n,path,true,answer,pred,correct,t_start,t_end,latency_s,E_im_J,Ppeak_W
0,/home/htj/resisc45/imgs_full/church_s0005000.png,church,airport,airport,0,1782894266.1686673,1782894270.564223,4.395555734634399,8.193372974497931,3.651
1,/home/htj/resisc45/imgs_full/church_s0005001.png,church,church,church,1,1782894270.5668445,1782894273.055779,2.4889345169067383,7.9923739091740105,3.5498000000000003
2,/home/htj/resisc45/imgs_full/airport_s0005002.png,airport,airport,airport,1,1782894273.05744,1782894275.5563903,2.498950242996216,8.08450159635869,3.6338500000000002
3,/home/htj/resisc45/imgs_full/dense_residential_s0005003.png,dense_residential,dense residential,dense_residential,1,1782894275.5582194,1782894278.2835474,2.725327968597412,8.95065838086605,3.71465
4,/home/htj/resisc45/imgs_full/stadium_s0005004.png,stadium,stadium,stadium,1,1782894278.2853053,1782894281.0218792,2.7365739345550537,9.004639519696434,3.71465
5,/home/htj/resisc45/imgs_full/commercial_area_s0005005.png,commercial_area,airport,airport,0,1782894281.0232413,1782894283.5201128,2.4968714714050293,8.087990913748742,3.446
6,/home/htj/resisc45/imgs_full/sparse_residential_s0005006.png,sparse_residential,circular farmland,circular_farmland,0,1782894283.5217414,1782894286.7309105,3.2091691493988037,10.493589010042056,3.6494
7,/home/htj/resisc45/imgs_full/chaparral_s0005007.png,chaparral,chaparral,chaparral,1,1782894286.7324607,1782894289.7167218,2.9842610359191895,9.841232051931895,3.5934499999999994
8,/home/htj/resisc45/imgs_full/railway_s0005008.png,railway,railway,railway,1,1782894289.718316,1782894292.4575405,2.739224433898926,9.0187823142608,3.61365
9,/home/htj/resisc45/imgs_full/basketball_court_s0005009.png,basketball_court,basketball court,basketball_court,1,1782894292.4592032,1782894295.4319985,2.972795248031616,9.776380187988282,3.6944499999999993
10,/home/htj/resisc45/imgs_full/golf_course_s0005010.png,golf_course,golf course,golf_course,1,1782894295.4336975,1782894298.4147172,2.9810197353363037,9.811548370788682,3.5883999999999996
11,/home/htj/resisc45/imgs_full/lake_s0005011.png,lake,lake,lake,1,1782894298.416281,1782894300.9190962,2.5028152465820312,8.15815382489291,3.446
12,/home/htj/resisc45/imgs_full/river_s0005012.png,river,river,river,1,1782894300.9207296,1782894303.4208713,2.5001416206359863,8.160689535357735,3.6338500000000002
13,/home/htj/resisc45/imgs_full/forest_s0005013.png,forest,forest,forest,1,1782894303.4224331,1782894305.916835,2.4944019317626953,8.107212343659512,3.6388999999999996
14,/home/htj/resisc45/imgs_full/chaparral_s0005014.png,chaparral,desert,desert,0,1782894305.9181166,1782894308.663718,2.7456014156341553,9.00137019213365,3.649
15,/home/htj/resisc45/imgs_full/commercial_area_s0005015.png,commercial_area,airport,airport,0,1782894308.6656716,1782894311.178469,2.5127973556518555,8.144318883852526,3.6185500000000004
16,/home/htj/resisc45/imgs_full/baseball_diamond_s0005016.png,baseball_diamond,baseball diamond,baseball_diamond,1,1782894311.1800992,1782894314.1529403,2.9728410243988037,9.76475370479547,3.5934499999999994
17,/home/htj/resisc45/imgs_full/parking_lot_s0005017.png,parking_lot,parking lot,parking_lot,1,1782894314.1544652,1782894317.139179,2.9847137928009033,9.837903652782623,3.5934499999999994
18,/home/htj/resisc45/imgs_full/wetland_s0005018.png,wetland,forest,forest,0,1782894317.1406584,1782894319.644767,2.5041086673736572,8.221045666548338,3.6188500000000006
19,/home/htj/resisc45/imgs_full/sparse_residential_s0005019.png,sparse_residential,church,church,0,1782894319.6463006,1782894322.145066,2.498765468597412,8.501254445162687,3.651
20,/home/htj/resisc45/imgs_full/tennis_court_s0005020.png,tennis_court,tennis court,tennis_court,1,1782894322.146637,1782894325.1199646,2.97332763671875,9.737705189631535,3.5934499999999994
21,/home/htj/resisc45/imgs_full/baseball_diamond_s0005021.png,baseball_diamond,baseball diamond,baseball_diamond,1,1782894325.121635,1782894328.1069372,2.985302209854126,9.84862464322234,3.5883999999999996
22,/home/htj/resisc45/imgs_full/ground_track_field_s0005022.png,ground_track_field,stadium,stadium,0,1782894328.1085281,1782894330.8583682,2.749840021133423,9.118240356743335,3.649
23,/home/htj/resisc45/imgs_full/chaparral_s0005023.png,chaparral,chaparral,chaparral,1,1782894330.860193,1782894333.8409016,2.980708599090576,9.700238097568727,3.488
24,/home/htj/resisc45/imgs_full/mobile_home_park_s0005024.png,mobile_home_park,mobile home park,mobile_home_park,1,1782894333.8425672,1782894336.8302171,2.987649917602539,9.868150223035078,3.647
25,/home/htj/resisc45/imgs_full/roundabout_s0005025.png,roundabout,roundabout,roundabout,1,1782894336.8318517,1782894339.5792851,2.7474334239959717,9.063210483799377,3.6112999999999995
26,/home/htj/resisc45/imgs_full/golf_course_s0005026.png,golf_course,forest,forest,0,1782894339.5806403,1782894342.0733252,2.492684841156006,8.227559533661061,3.649
27,/home/htj/resisc45/imgs_full/baseball_diamond_s0005027.png,baseball_diamond,baseball diamond,baseball_diamond,1,1782894342.0742915,1782894345.0503511,2.976059675216675,9.676200178632369,3.5934499999999994
28,/home/htj/resisc45/imgs_full/parking_lot_s0005028.png,parking_lot,parking lot,parking_lot,1,1782894345.0517793,1782894348.039952,2.988172769546509,9.856628831894893,3.5883999999999996
29,/home/htj/resisc45/imgs_full/railway_station_s0005029.png,railway_station,airport,airport,0,1782894348.040997,1782894350.5470006,2.5060036182403564,8.340492633153092,3.6338500000000002
30,/home/htj/resisc45/imgs_full/golf_course_s0005030.png,golf_course,golf course,golf_course,1,1782894350.5486078,1782894353.5278978,2.979290008544922,9.67724959410154,3.5934499999999994
31,/home/htj/resisc45/imgs_full/dense_residential_s0005031.png,dense_residential,dense residential,dense_residential,1,1782894353.5294747,1782894356.27585,2.746375322341919,9.156644189298154,3.75
32,/home/htj/resisc45/imgs_full/desert_s0005032.png,desert,desert,desert,1,1782894356.2772532,1782894359.024603,2.747349739074707,9.019605261744285,3.6085999999999996
33,/home/htj/resisc45/imgs_full/intersection_s0005033.png,intersection,intersection,intersection,1,1782894359.0261612,1782894361.5258658,2.499704599380493,8.245332432524725,3.6338500000000002
34,/home/htj/resisc45/imgs_full/stadium_s0005034.png,stadium,stadium,stadium,1,1782894361.5274537,1782894364.266967,2.739513397216797,9.004666390260061,3.71465
35,/home/htj/resisc45/imgs_full/beach_s0005035.png,beach,beach,beach,1,1782894364.2684226,1782894367.0160947,2.7476720809936523,9.088555082738399,3.75
36,/home/htj/resisc45/imgs_full/terrace_s0005036.png,terrace,circular farmland,circular_farmland,0,1782894367.0176263,1782894370.2456176,3.2279913425445557,10.582771406537608,3.568199999999999
37,/home/htj/resisc45/imgs_full/terrace_s0005037.png,terrace,circular farmland,circular_farmland,0,1782894370.247223,1782894373.4667752,3.2195522785186768,10.72248889558656,3.67425
38,/home/htj/resisc45/imgs_full/ground_track_field_s0005038.png,ground_track_field,ground track field,ground_track_field,1,1782894373.4683988,1782894376.4596562,2.991257429122925,9.953380875996823,3.5883999999999996
39,/home/htj/resisc45/imgs_full/sparse_residential_s0005039.png,sparse_residential,sparse residential,sparse_residential,1,1782894376.4611962,1782894379.2128177,2.7516214847564697,9.163243496924638,3.71465
40,/home/htj/resisc45/imgs_full/overpass_s0005040.png,overpass,freeway,freeway,0,1782894379.2144284,1782894381.9508321,2.736403703689575,9.05937753675878,3.649
41,/home/htj/resisc45/imgs_full/palace_s0005041.png,palace,palace,palace,1,1782894381.952731,1782894384.7003882,2.747657299041748,9.090395202438037,3.649
42,/home/htj/resisc45/imgs_full/rectangular_farmland_s0005042.png,rectangular_farmland,circular farmland,circular_farmland,0,1782894384.7017286,1782894387.9285767,3.2268481254577637,10.616670000979775,3.568199999999999
43,/home/htj/resisc45/imgs_full/railway_s0005043.png,railway,railway,railway,1,1782894387.9301548,1782894390.6809545,2.7507996559143066,9.180621926635505,3.649
44,/home/htj/resisc45/imgs_full/airport_s0005044.png,airport,airport,airport,1,1782894390.682503,1782894393.184034,2.5015311241149902,8.36676881546324,3.7348500000000002
45,/home/htj/resisc45/imgs_full/bridge_s0005045.png,bridge,bridge,bridge,1,1782894393.185339,1782894395.6934159,2.5080769062042236,8.277679821935568,3.7348500000000002
46,/home/htj/resisc45/imgs_full/sparse_residential_s0005046.png,sparse_residential,airport,airport,0,1782894395.6950362,1782894398.2111259,2.516089677810669,8.256240755663978,3.6287999999999996
47,/home/htj/resisc45/imgs_full/church_s0005047.png,church,church,church,1,1782894398.2129574,1782894400.713464,2.500506639480591,8.268379841013388,3.73315
48,/home/htj/resisc45/imgs_full/dense_residential_s0005048.png,dense_residential,medium residential,medium_residential,0,1782894400.71536,1782894403.4654465,2.750086545944214,9.058498614991706,3.61365
49,/home/htj/resisc45/imgs_full/railway_s0005049.png,railway,industrial area,industrial_area,0,1782894403.4672112,1782894406.4621792,2.9949679374694824,9.876713111327245,3.5934499999999994
50,/home/htj/resisc45/imgs_full/runway_s0005050.png,runway,runway,runway,1,1782894406.463619,1782894409.21497,2.7513511180877686,9.164525974259085,3.7075999999999993
51,/home/htj/resisc45/imgs_full/snowberg_s0005051.png,snowberg,mountain,mountain,0,1782894409.2168093,1782894411.9731507,2.7563414573669434,9.078412556300561,3.548
52,/home/htj/resisc45/imgs_full/chaparral_s0005052.png,chaparral,desert,desert,0,1782894411.9745822,1782894414.7225907,2.7480084896087646,8.84772858388722,3.446
53,/home/htj/resisc45/imgs_full/overpass_s0005053.png,overpass,freeway,freeway,0,1782894414.7242959,1782894417.4635584,2.739262580871582,9.129794472091051,3.7075999999999993
54,/home/htj/resisc45/imgs_full/railway_station_s0005054.png,railway_station,railway,railway,0,1782894417.46472,1782894420.20186,2.737139940261841,8.864797934025527,3.444
55,/home/htj/resisc45/imgs_full/sea_ice_s0005055.png,sea_ice,sea ice,sea_ice,1,1782894420.2033896,1782894422.94406,2.7406704425811768,9.166743268221618,3.748
56,/home/htj/resisc45/imgs_full/airplane_s0005056.png,airplane,airport,airport,0,1782894422.9450836,1782894425.445086,2.500002384185791,8.361996610977434,3.8338500000000004
57,/home/htj/resisc45/imgs_full/bridge_s0005057.png,bridge,bridge,bridge,1,1782894425.446014,1782894427.955656,2.5096421241760254,7.999712420095096,3.3467
58,/home/htj/resisc45/imgs_full/commercial_area_s0005058.png,commercial_area,airport,airport,0,1782894427.9572332,1782894430.4716704,2.514437198638916,7.9605938782908705,3.345
59,/home/htj/resisc45/imgs_full/dense_residential_s0005059.png,dense_residential,dense residential,dense_residential,1,1782894430.473451,1782894433.230681,2.757230043411255,8.800101779595018,3.345
60,/home/htj/resisc45/imgs_full/forest_s0005060.png,forest,forest,forest,1,1782894433.2323785,1782894435.7498493,2.5174708366394043,8.403373596498701,3.7278
61,/home/htj/resisc45/imgs_full/ship_s0005061.png,ship,harbor,harbor,0,1782894435.7514443,1782894438.4897137,2.738269329071045,9.047926430583,3.61365
62,/home/htj/resisc45/imgs_full/baseball_diamond_s0005062.png,baseball_diamond,baseball diamond,baseball_diamond,1,1782894438.4913108,1782894441.4722207,2.980909824371338,9.88263327081387,3.5908999999999995
63,/home/htj/resisc45/imgs_full/basketball_court_s0005063.png,basketball_court,basketball court,basketball_court,1,1782894441.473755,1782894444.4471467,2.9733917713165283,9.67238625148168,3.444
64,/home/htj/resisc45/imgs_full/sparse_residential_s0005064.png,sparse_residential,airport,airport,0,1782894444.4488046,1782894446.9553318,2.5065271854400635,8.11590716034716,3.52815
65,/home/htj/resisc45/imgs_full/overpass_s0005065.png,overpass,freeway,freeway,0,1782894446.9569128,1782894449.7058408,2.7489280700683594,8.830230167933873,3.345
66,/home/htj/resisc45/imgs_full/airport_s0005066.png,airport,airport,airport,1,1782894449.7074811,1782894452.2217233,2.514242172241211,8.089859898523851,3.4436999999999998
67,/home/htj/resisc45/imgs_full/airplane_s0005067.png,airplane,airport,airport,0,1782894452.2232883,1782894454.737073,2.513784646987915,8.033770074427128,3.345
68,/home/htj/resisc45/imgs_full/island_s0005068.png,island,island,island,1,1782894454.7382286,1782894457.4686809,2.730452299118042,8.772146855145694,3.3463000000000003
69,/home/htj/resisc45/imgs_full/wetland_s0005069.png,wetland,forest,forest,0,1782894457.4703908,1782894459.9684954,2.4981045722961426,8.084320596781644,3.444
70,/home/htj/resisc45/imgs_full/baseball_diamond_s0005070.png,baseball_diamond,baseball diamond,baseball_diamond,1,1782894459.9699612,1782894462.941702,2.97174072265625,9.621239185039812,3.444
71,/home/htj/resisc45/imgs_full/tennis_court_s0005071.png,tennis_court,basketball court,basketball_court,0,1782894462.9435198,1782894465.937429,2.9939091205596924,9.741784856341921,3.4836
72,/home/htj/resisc45/imgs_full/parking_lot_s0005072.png,parking_lot,parking lot,parking_lot,1,1782894465.9392176,1782894468.9307604,2.9915428161621094,9.73465291280013,3.444
73,/home/htj/resisc45/imgs_full/roundabout_s0005073.png,roundabout,roundabout,roundabout,1,1782894468.932199,1782894471.6791658,2.74696683883667,9.190492615610362,3.545
74,/home/htj/resisc45/imgs_full/bridge_s0005074.png,bridge,bridge,bridge,1,1782894471.6805017,1782894474.1892922,2.5087904930114746,8.44150982932611,3.83215
75,/home/htj/resisc45/imgs_full/meadow_s0005075.png,meadow,rectangular farmland,rectangular_farmland,0,1782894474.190737,1782894477.4094224,3.2186853885650635,10.72392562855754,3.647
76,/home/htj/resisc45/imgs_full/sparse_residential_s0005076.png,sparse_residential,church,church,0,1782894477.4109063,1782894479.9120657,2.501159429550171,8.395937448740005,3.7307
77,/home/htj/resisc45/imgs_full/wetland_s0005077.png,wetland,lake,lake,0,1782894479.9135861,1782894482.4155016,2.501915454864502,8.315855216535656,3.647
78,/home/htj/resisc45/imgs_full/tennis_court_s0005078.png,tennis_court,residential area,,0,1782894482.4172022,1782894485.410526,2.993323802947998,9.69186439867203,3.444
79,/home/htj/resisc45/imgs_full/harbor_s0005079.png,harbor,harbor,harbor,1,1782894485.412099,1782894488.1658022,2.7537033557891846,9.20377578349016,3.7075999999999993
80,/home/htj/resisc45/imgs_full/sparse_residential_s0005080.png,sparse_residential,forest,forest,0,1782894488.1674125,1782894490.6791751,2.5117626190185547,8.383578596115111,3.647
81,/home/htj/resisc45/imgs_full/ship_s0005081.png,ship,ship,ship,1,1782894490.6806445,1782894493.1907573,2.510112762451172,8.295979727918452,3.7328500000000004
82,/home/htj/resisc45/imgs_full/dense_residential_s0005082.png,dense_residential,lake,lake,0,1782894493.1925204,1782894495.6951115,2.502591133117676,8.29313199858232,3.647
83,/home/htj/resisc45/imgs_full/runway_s0005083.png,runway,freeway,freeway,0,1782894495.6960523,1782894498.4294434,2.733391046524048,9.105893651967246,3.644
84,/home/htj/resisc45/imgs_full/mountain_s0005084.png,mountain,mountain,mountain,1,1782894498.431085,1782894501.179699,2.7486138343811035,9.214441565821568,3.7126499999999996
85,/home/htj/resisc45/imgs_full/storage_tank_s0005085.png,storage_tank,industrial area,industrial_area,0,1782894501.181466,1782894504.1767826,2.995316505432129,9.99921422621889,3.647
86,/home/htj/resisc45/imgs_full/mobile_home_park_s0005086.png,mobile_home_park,mobile home park,mobile_home_park,1,1782894504.1784494,1782894507.172743,2.994293689727783,10.03048078259138,3.647
87,/home/htj/resisc45/imgs_full/wetland_s0005087.png,wetland,circular farmland,circular_farmland,0,1782894507.1742272,1782894510.401708,3.22748064994812,10.898862420069545,3.6668
88,/home/htj/resisc45/imgs_full/commercial_area_s0005088.png,commercial_area,commercial area,commercial_area,1,1782894510.4034064,1782894513.1573462,2.7539398670196533,9.283137871742248,3.746
89,/home/htj/resisc45/imgs_full/railway_s0005089.png,railway,railway,railway,1,1782894513.1589894,1782894515.9009333,2.741943836212158,8.89223810849587,3.444
90,/home/htj/resisc45/imgs_full/ship_s0005090.png,ship,harbor,harbor,0,1782894515.9024951,1782894518.6456046,2.7431094646453857,9.21039006434381,3.7126499999999996
91,/home/htj/resisc45/imgs_full/golf_course_s0005091.png,golf_course,golf course,golf_course,1,1782894518.647196,1782894521.6264331,2.9792370796203613,9.958959333942486,3.647
92,/home/htj/resisc45/imgs_full/baseball_diamond_s0005092.png,baseball_diamond,baseball diamond,baseball_diamond,1,1782894521.6275322,1782894524.6164083,2.9888761043548584,10.071440987789407,3.6874
93,/home/htj/resisc45/imgs_full/desert_s0005093.png,desert,desert,desert,1,1782894524.6178975,1782894527.3681347,2.750237226486206,9.228650199910005,3.7126499999999996
94,/home/htj/resisc45/imgs_full/airport_s0005094.png,airport,airport,airport,1,1782894527.3697078,1782894529.8844328,2.5147249698638916,8.366318516216495,3.7328500000000004
95,/home/htj/resisc45/imgs_full/circular_farmland_s0005095.png,circular_farmland,circular farmland,circular_farmland,1,1782894529.885855,1782894533.1125097,3.2266547679901123,10.991231515298809,3.7681999999999993
96,/home/htj/resisc45/imgs_full/terrace_s0005096.png,terrace,circular farmland,circular_farmland,0,1782894533.1142287,1782894536.3304062,3.216177463531494,10.85115303499358,3.746
97,/home/htj/resisc45/imgs_full/thermal_power_station_s0005097.png,thermal_power_station,industrial area,industrial_area,0,1782894536.3315234,1782894539.3089185,2.9773950576782227,10.035338130537069,3.6866
98,/home/htj/resisc45/imgs_full/golf_course_s0005098.png,golf_course,golf course,golf_course,1,1782894539.310471,1782894542.2923877,2.981916666030884,10.088569560348986,3.748
99,/home/htj/resisc45/imgs_full/mountain_s0005099.png,mountain,mountain,mountain,1,1782894542.293463,1782894545.0463114,2.7528483867645264,9.194456260785461,3.647
100,/home/htj/resisc45/imgs_full/baseball_diamond_s0005100.png,baseball_diamond,sparse residential,sparse_residential,0,1782894545.0479898,1782894547.8020778,2.7540879249572754,9.242719076156616,3.7075999999999993
101,/home/htj/resisc45/imgs_full/commercial_area_s0005101.png,commercial_area,commercial area,commercial_area,1,1782894547.8040302,1782894550.5595977,2.7555675506591797,9.141595349311828,3.6086499999999995
102,/home/htj/resisc45/imgs_full/desert_s0005102.png,desert,desert,desert,1,1782894550.5611613,1782894553.3137288,2.7525675296783447,9.173791470006108,3.644
103,/home/htj/resisc45/imgs_full/mobile_home_park_s0005103.png,mobile_home_park,mobile home park,mobile_home_park,1,1782894553.3154929,1782894556.2987702,2.9832773208618164,9.752505674050404,3.543
104,/home/htj/resisc45/imgs_full/ground_track_field_s0005104.png,ground_track_field,stadium,stadium,0,1782894556.2998803,1782894559.0396028,2.739722490310669,8.906951971103748,3.444
105,/home/htj/resisc45/imgs_full/intersection_s0005105.png,intersection,intersection,intersection,1,1782894559.0407581,1782894561.5448828,2.504124641418457,8.369581318551845,3.7328500000000004
106,/home/htj/resisc45/imgs_full/golf_course_s0005106.png,golf_course,golf course,golf_course,1,1782894561.5463743,1782894564.5370333,2.99065899848938,10.076658716476189,3.748
107,/home/htj/resisc45/imgs_full/terrace_s0005107.png,terrace,circular farmland,circular_farmland,0,1782894564.5385215,1782894567.7686512,3.2301297187805176,10.94096848550013,3.67175
108,/home/htj/resisc45/imgs_full/thermal_power_station_s0005108.png,thermal_power_station,industrial area,industrial_area,0,1782894567.7702374,1782894570.762193,2.991955518722534,10.090228856914448,3.6874
109,/home/htj/resisc45/imgs_full/terrace_s0005109.png,terrace,circular farmland,circular_farmland,0,1782894570.7636998,1782894573.991661,3.227961301803589,10.99311042412264,3.77275
110,/home/htj/resisc45/imgs_full/commercial_area_s0005110.png,commercial_area,airport,airport,0,1782894573.9932983,1782894576.4949353,2.5016369819641113,8.090584887693096,3.345
111,/home/htj/resisc45/imgs_full/snowberg_s0005111.png,snowberg,mountain,mountain,0,1782894576.4961307,1782894579.2455866,2.7494559288024902,9.179984455507629,3.647
112,/home/htj/resisc45/imgs_full/ship_s0005112.png,ship,ship,ship,1,1782894579.246528,1782894581.7476833,2.501155376434326,8.361191890098832,3.7328500000000004
113,/home/htj/resisc45/imgs_full/terrace_s0005113.png,terrace,circular farmland,circular_farmland,0,1782894581.7492666,1782894584.9796996,3.2304329872131348,10.553709196618625,3.543
114,/home/htj/resisc45/imgs_full/cloud_s0005114.png,cloud,cloud,cloud,1,1782894584.9812653,1782894587.493655,2.512389659881592,8.499135064972771,3.8272
115,/home/htj/resisc45/imgs_full/meadow_s0005115.png,meadow,airport,airport,0,1782894587.4951894,1782894590.0070693,2.5118799209594727,8.413941412513907,3.647
116,/home/htj/resisc45/imgs_full/palace_s0005116.png,palace,airport,airport,0,1782894590.0086682,1782894592.5203404,2.511672258377075,8.505778102993965,3.849
117,/home/htj/resisc45/imgs_full/roundabout_s0005117.png,roundabout,roundabout,roundabout,1,1782894592.5218742,1782894595.2645612,2.7426869869232178,9.174859364380438,3.7126499999999996
118,/home/htj/resisc45/imgs_full/overpass_s0005118.png,overpass,freeway,freeway,0,1782894595.2660782,1782894598.006498,2.740419864654541,9.231332682410876,3.7126499999999996
119,/home/htj/resisc45/imgs_full/industrial_area_s0005119.png,industrial_area,industrial area,industrial_area,1,1782894598.0082872,1782894601.003535,2.9952478408813477,10.162254268898154,3.748
120,/home/htj/resisc45/imgs_full/mobile_home_park_s0005120.png,mobile_home_park,commercial area,commercial_area,0,1782894601.0053241,1782894603.7638884,2.7585642337799072,9.32584362308681,3.7126499999999996
121,/home/htj/resisc45/imgs_full/rectangular_farmland_s0005121.png,rectangular_farmland,rectangular farmland,rectangular_farmland,1,1782894603.7655566,1782894606.9949713,3.229414701461792,10.898991335442192,3.6671999999999993
122,/home/htj/resisc45/imgs_full/storage_tank_s0005122.png,storage_tank,storage tank,storage_tank,1,1782894606.9966824,1782894609.7533197,2.7566373348236084,9.27240911523501,3.647
123,/home/htj/resisc45/imgs_full/rectangular_farmland_s0005123.png,rectangular_farmland,airport,airport,0,1782894609.754624,1782894612.2632473,2.5086233615875244,8.517061383426189,3.83215
124,/home/htj/resisc45/imgs_full/storage_tank_s0005124.png,storage_tank,industrial area,industrial_area,0,1782894612.2648542,1782894615.2422678,2.9774136543273926,9.991526092529297,3.6874
125,/home/htj/resisc45/imgs_full/palace_s0005125.png,palace,stadium,stadium,0,1782894615.2438564,1782894617.9903312,2.7464747428894043,9.359242086857558,3.8136499999999995
126,/home/htj/resisc45/imgs_full/beach_s0005126.png,beach,beach,beach,1,1782894617.99165,1782894620.7403862,2.7487361431121826,9.439789834146698,3.746
127,/home/htj/resisc45/imgs_full/stadium_s0005127.png,stadium,stadium,stadium,1,1782894620.7422342,1782894623.5000875,2.7578532695770264,9.422458967748954,3.8073999999999995
128,/home/htj/resisc45/imgs_full/medium_residential_s0005128.png,medium_residential,dense residential,dense_residential,0,1782894623.5015776,1782894626.2540758,2.752498149871826,9.278384544660648,3.748
129,/home/htj/resisc45/imgs_full/tennis_court_s0005129.png,tennis_court,stadium,stadium,0,1782894626.255877,1782894629.0136874,2.757810354232788,9.254349733069539,3.647
130,/home/htj/resisc45/imgs_full/commercial_area_s0005130.png,commercial_area,airport,airport,0,1782894629.0153897,1782894631.5294454,2.5140557289123535,8.507005907588535,3.75
131,/home/htj/resisc45/imgs_full/bridge_s0005131.png,bridge,bridge,bridge,1,1782894631.5307527,1782894634.0290685,2.4983158111572266,8.399337757110596,3.7379
132,/home/htj/resisc45/imgs_full/commercial_area_s0005132.png,commercial_area,airport,airport,0,1782894634.0305998,1782894636.5360641,2.5054643154144287,8.383568311230702,3.7328500000000004
133,/home/htj/resisc45/imgs_full/cloud_s0005133.png,cloud,cloud,cloud,1,1782894636.5374925,1782894639.0509963,2.5135037899017334,8.447771987687458,3.748
134,/home/htj/resisc45/imgs_full/roundabout_s0005134.png,roundabout,intersection,intersection,0,1782894639.0526388,1782894641.5638843,2.5112454891204834,8.389100925212556,3.6317000000000004
135,/home/htj/resisc45/imgs_full/basketball_court_s0005135.png,basketball_court,basketball court,basketball_court,1,1782894641.5653133,1782894644.5557883,2.9904749393463135,10.027234999028536,3.6924499999999996
136,/home/htj/resisc45/imgs_full/commercial_area_s0005136.png,commercial_area,airport,airport,0,1782894644.5570686,1782894647.0609684,2.5038998126983643,8.563849520753731,3.8338500000000004
137,/home/htj/resisc45/imgs_full/commercial_area_s0005137.png,commercial_area,airport,airport,0,1782894647.0621493,1782894649.579529,2.5173797607421875,8.45605025586215,3.7328500000000004
138,/home/htj/resisc45/imgs_full/golf_course_s0005138.png,golf_course,golf course,golf_course,1,1782894649.58108,1782894652.5630708,2.9819908142089844,9.980835783112722,3.748
139,/home/htj/resisc45/imgs_full/ship_s0005139.png,ship,airport,airport,0,1782894652.564209,1782894655.0726182,2.508409261703491,8.570949400733818,3.746
140,/home/htj/resisc45/imgs_full/thermal_power_station_s0005140.png,thermal_power_station,industrial area,industrial_area,0,1782894655.074786,1782894658.0566916,2.981905698776245,9.700597992842015,3.38955
141,/home/htj/resisc45/imgs_full/tennis_court_s0005141.png,tennis_court,tennis court,tennis_court,1,1782894658.0581996,1782894661.0316517,2.973452091217041,9.883698648335798,3.543
142,/home/htj/resisc45/imgs_full/freeway_s0005142.png,freeway,freeway,freeway,1,1782894661.03337,1782894663.7858927,2.7525227069854736,9.058781605581443,3.543
143,/home/htj/resisc45/imgs_full/medium_residential_s0005143.png,medium_residential,dense residential,dense_residential,0,1782894663.7875779,1782894666.5263114,2.7387335300445557,8.94670070232451,3.50835
144,/home/htj/resisc45/imgs_full/island_s0005144.png,island,island,island,1,1782894666.5276265,1782894669.2739758,2.746349334716797,8.978616993745169,3.50905
145,/home/htj/resisc45/imgs_full/stadium_s0005145.png,stadium,airport,airport,0,1782894669.2757058,1782894671.789747,2.5140411853790283,8.21102992334691,3.52815
146,/home/htj/resisc45/imgs_full/runway_s0005146.png,runway,runway,runway,1,1782894671.791198,1782894674.526489,2.735291004180908,8.867414538949728,3.442
147,/home/htj/resisc45/imgs_full/church_s0005147.png,church,church,church,1,1782894674.5281377,1782894677.044003,2.5158653259277344,8.234147671169705,3.4436
148,/home/htj/resisc45/imgs_full/railway_station_s0005148.png,railway_station,airport,airport,0,1782894677.0456035,1782894679.5439694,2.498365879058838,8.10417599787823,3.4322999999999997
149,/home/htj/resisc45/imgs_full/stadium_s0005149.png,stadium,stadium,stadium,1,1782894679.5453522,1782894682.298409,2.753056764602661,8.868341458325585,3.40805
150,/home/htj/resisc45/imgs_full/cloud_s0005150.png,cloud,forest,forest,0,1782894682.300034,1782894684.8142447,2.5142107009887695,8.214212065891786,3.444
151,/home/htj/resisc45/imgs_full/airport_s0005151.png,airport,airport,airport,1,1782894684.815903,1782894687.3309908,2.515087842941284,8.172835106725044,3.444
152,/home/htj/resisc45/imgs_full/sea_ice_s0005152.png,sea_ice,cloud,cloud,0,1782894687.3325503,1782894689.8461876,2.5136373043060303,8.127274942268025,3.42915
153,/home/htj/resisc45/imgs_full/snowberg_s0005153.png,snowberg,mountain,mountain,0,1782894689.8477557,1782894692.587184,2.7394282817840576,8.844072993472219,3.40935
154,/home/htj/resisc45/imgs_full/industrial_area_s0005154.png,industrial_area,industrial area,industrial_area,1,1782894692.5887275,1782894695.5815542,2.9928267002105713,10.085710870990386,3.748
155,/home/htj/resisc45/imgs_full/dense_residential_s0005155.png,dense_residential,dense residential,dense_residential,1,1782894695.5833247,1782894698.331316,2.7479913234710693,9.393951089466611,3.7102999999999997
156,/home/htj/resisc45/imgs_full/lake_s0005156.png,lake,lake,lake,1,1782894698.332389,1782894700.8447793,2.51239013671875,8.542240664395418,3.7307
157,/home/htj/resisc45/imgs_full/desert_s0005157.png,desert,desert,desert,1,1782894700.8462167,1782894703.5961003,2.7498836517333984,9.205319704289339,3.705199999999999
158,/home/htj/resisc45/imgs_full/stadium_s0005158.png,stadium,stadium,stadium,1,1782894703.5976975,1782894706.3510156,2.7533180713653564,9.330536057511965,3.746
159,/home/htj/resisc45/imgs_full/bridge_s0005159.png,bridge,bridge,bridge,1,1782894706.3526227,1782894708.8672931,2.5146703720092773,8.566967593041333,3.746
160,/home/htj/resisc45/imgs_full/stadium_s0005160.png,stadium,stadium,stadium,1,1782894708.8688447,1782894711.6197076,2.7508628368377686,8.951139250896414,3.4432
161,/home/htj/resisc45/imgs_full/terrace_s0005161.png,terrace,circular farmland,circular_farmland,0,1782894711.6213453,1782894714.8516817,3.2303364276885986,10.498131913355417,3.46825
162,/home/htj/resisc45/imgs_full/sea_ice_s0005162.png,sea_ice,sea ice,sea_ice,1,1782894714.8529692,1782894717.5871367,2.7341675758361816,9.152796845585108,3.543
163,/home/htj/resisc45/imgs_full/bridge_s0005163.png,bridge,bridge,bridge,1,1782894717.5881975,1782894720.1005566,2.512359142303467,8.230203054829078,3.444
164,/home/htj/resisc45/imgs_full/intersection_s0005164.png,intersection,intersection,intersection,1,1782894720.102048,1782894722.6159546,2.513906717300415,8.40924650634419,3.746
165,/home/htj/resisc45/imgs_full/sea_ice_s0005165.png,sea_ice,sea ice,sea_ice,1,1782894722.6174998,1782894725.370052,2.7525522708892822,9.303798710122704,3.81235
166,/home/htj/resisc45/imgs_full/snowberg_s0005166.png,snowberg,mountain,mountain,0,1782894725.3718898,1782894728.1305888,2.7586989402770996,9.366530049870413,3.8097
167,/home/htj/resisc45/imgs_full/medium_residential_s0005167.png,medium_residential,dense residential,dense_residential,0,1782894728.1321807,1782894730.886753,2.7545723915100098,9.356045667171479,3.8065999999999995
168,/home/htj/resisc45/imgs_full/industrial_area_s0005168.png,industrial_area,industrial area,industrial_area,1,1782894730.88835,1782894733.881963,2.9936130046844482,10.087266866688545,3.6898999999999997
169,/home/htj/resisc45/imgs_full/wetland_s0005169.png,wetland,river,river,0,1782894733.8834898,1782894736.389091,2.505601167678833,8.604519137214531,3.83185
170,/home/htj/resisc45/imgs_full/island_s0005170.png,island,island,island,1,1782894736.390033,1782894739.139404,2.74937105178833,9.294781881896817,3.8065999999999995
171,/home/htj/resisc45/imgs_full/runway_s0005171.png,runway,airport,airport,0,1782894739.1407669,1782894741.649794,2.5090272426605225,8.52795550441742,3.746
172,/home/htj/resisc45/imgs_full/sparse_residential_s0005172.png,sparse_residential,circular farmland,circular_farmland,0,1782894741.6514022,1782894744.8831806,3.231778383255005,10.825947303106911,3.6671999999999993
173,/home/htj/resisc45/imgs_full/bridge_s0005173.png,bridge,bridge,bridge,1,1782894744.8845878,1782894747.3960469,2.5114591121673584,8.40596780565652,3.543
174,/home/htj/resisc45/imgs_full/river_s0005174.png,river,river,river,1,1782894747.397539,1782894749.9117548,2.5142159461975098,8.409138079686599,3.8338500000000004
175,/home/htj/resisc45/imgs_full/chaparral_s0005175.png,chaparral,forest,forest,0,1782894749.913479,1782894752.432391,2.518911838531494,8.517414142012596,3.8338500000000004
176,/home/htj/resisc45/imgs_full/roundabout_s0005176.png,roundabout,roundabout,roundabout,1,1782894752.433974,1782894755.1826692,2.748695135116577,9.194900607302786,3.7126499999999996
177,/home/htj/resisc45/imgs_full/basketball_court_s0005177.png,basketball_court,basketball court,basketball_court,1,1782894755.1841068,1782894758.1754856,2.9913787841796875,10.108094676179705,3.748
178,/home/htj/resisc45/imgs_full/freeway_s0005178.png,freeway,lake,lake,0,1782894758.1771424,1782894760.6927962,2.5156538486480713,8.703133185202425,3.849
179,/home/htj/resisc45/imgs_full/mountain_s0005179.png,mountain,mountain,mountain,1,1782894760.694517,1782894763.450779,2.7562620639801025,9.254403005921112,3.7075999999999993
180,/home/htj/resisc45/imgs_full/baseball_diamond_s0005180.png,baseball_diamond,baseball diamond,baseball_diamond,1,1782894763.4523244,1782894766.4453568,2.993032455444336,10.099585112681757,3.6924499999999996
181,/home/htj/resisc45/imgs_full/basketball_court_s0005181.png,basketball_court,basketball court,basketball_court,1,1782894766.446754,1782894769.437627,2.990873098373413,10.149725369817805,3.746
182,/home/htj/resisc45/imgs_full/intersection_s0005182.png,intersection,commercial area,commercial_area,0,1782894769.43938,1782894772.1916068,2.7522268295288086,9.549539041757583,3.748
183,/home/htj/resisc45/imgs_full/parking_lot_s0005183.png,parking_lot,commercial area,commercial_area,0,1782894772.193281,1782894774.9402304,2.7469494342803955,9.493171104306976,3.748
184,/home/htj/resisc45/imgs_full/rectangular_farmland_s0005184.png,rectangular_farmland,circular farmland,circular_farmland,0,1782894774.9414365,1782894778.1726344,3.2311978340148926,10.899793984714309,3.7681999999999993
185,/home/htj/resisc45/imgs_full/medium_residential_s0005185.png,medium_residential,sparse residential,sparse_residential,0,1782894778.1742518,1782894780.9322464,2.7579946517944336,9.484743607521057,3.7126499999999996
186,/home/htj/resisc45/imgs_full/parking_lot_s0005186.png,parking_lot,parking lot,parking_lot,1,1782894780.9339848,1782894783.9299617,2.9959769248962402,10.158849001524581,3.7883999999999998
187,/home/htj/resisc45/imgs_full/dense_residential_s0005187.png,dense_residential,dense residential,dense_residential,1,1782894783.931697,1782894786.6857674,2.754070520401001,9.371872475047907,3.7126499999999996
188,/home/htj/resisc45/imgs_full/medium_residential_s0005188.png,medium_residential,dense residential,dense_residential,0,1782894786.6875527,1782894789.4234505,2.7358977794647217,9.25645415385564,3.7126499999999996
189,/home/htj/resisc45/imgs_full/church_s0005189.png,church,church,church,1,1782894789.4248042,1782894791.9433427,2.518538475036621,8.502473956680298,3.7278
190,/home/htj/resisc45/imgs_full/intersection_s0005190.png,intersection,intersection,intersection,1,1782894791.9448626,1782894794.4436283,2.498765707015991,8.409766357351433,3.8338500000000004
191,/home/htj/resisc45/imgs_full/palace_s0005191.png,palace,commercial area,commercial_area,0,1782894794.445187,1782894797.1833625,2.738175392150879,9.148186939855416,3.7126499999999996
192,/home/htj/resisc45/imgs_full/commercial_area_s0005192.png,commercial_area,airport,airport,0,1782894797.1848474,1782894799.6894073,2.5045599937438965,8.454825320698998,3.746
193,/home/htj/resisc45/imgs_full/mobile_home_park_s0005193.png,mobile_home_park,mobile home park,mobile_home_park,1,1782894799.6909857,1782894802.6729321,2.9819464683532715,9.938712888772672,3.6924499999999996
194,/home/htj/resisc45/imgs_full/palace_s0005194.png,palace,church,church,0,1782894802.6744704,1782894805.177403,2.502932548522949,8.52350925467231,3.73115
195,/home/htj/resisc45/imgs_full/medium_residential_s0005195.png,medium_residential,medium residential,medium_residential,1,1782894805.1790652,1782894807.9177341,2.738668918609619,8.852404945790768,3.40935
196,/home/htj/resisc45/imgs_full/island_s0005196.png,island,island,island,1,1782894807.9190366,1782894810.6597338,2.740697145462036,9.199264164457718,3.7126499999999996
197,/home/htj/resisc45/imgs_full/meadow_s0005197.png,meadow,river,river,0,1782894810.6613102,1782894813.1590683,2.497758150100708,8.489255512654783,3.746
198,/home/htj/resisc45/imgs_full/lake_s0005198.png,lake,lake,lake,1,1782894813.1606388,1782894815.6609838,2.50034499168396,8.338252765108239,3.647
199,/home/htj/resisc45/imgs_full/basketball_court_s0005199.png,basketball_court,basketball court,basketball_court,1,1782894815.662555,1782894818.6433024,2.9807474613189697,9.952543807144348,3.6924499999999996
200,/home/htj/resisc45/imgs_full/bridge_s0005200.png,bridge,bridge,bridge,1,1782894818.6447797,1782894821.1503544,2.5055747032165527,8.527097108721733,3.748
201,/home/htj/resisc45/imgs_full/storage_tank_s0005201.png,storage_tank,storage tank,storage_tank,1,1782894821.1521516,1782894823.8989792,2.7468276023864746,9.262078444422507,3.8085999999999993
202,/home/htj/resisc45/imgs_full/mobile_home_park_s0005202.png,mobile_home_park,mobile home park,mobile_home_park,1,1782894823.900633,1782894826.8710008,2.970367670059204,10.11210263061982,3.8479
203,/home/htj/resisc45/imgs_full/mobile_home_park_s0005203.png,mobile_home_park,mobile home park,mobile_home_park,1,1782894826.8728075,1782894829.8610158,2.988208293914795,10.134336032179686,3.6898999999999997
204,/home/htj/resisc45/imgs_full/snowberg_s0005204.png,snowberg,mountain,mountain,0,1782894829.8628383,1782894832.605219,2.7423806190490723,9.343514636905827,3.8065999999999995
205,/home/htj/resisc45/imgs_full/golf_course_s0005205.png,golf_course,forest,forest,0,1782894832.6065798,1782894835.1002543,2.4936745166778564,8.494557259986568,3.8368999999999995
206,/home/htj/resisc45/imgs_full/industrial_area_s0005206.png,industrial_area,industrial area,industrial_area,1,1782894835.1014147,1782894838.0888336,2.9874188899993896,9.962760166177208,3.6874
207,/home/htj/resisc45/imgs_full/airplane_s0005207.png,airplane,airport,airport,0,1782894838.0903935,1782894840.5980694,2.507675886154175,8.216229063082825,3.543
208,/home/htj/resisc45/imgs_full/storage_tank_s0005208.png,storage_tank,industrial area,industrial_area,0,1782894840.599815,1782894843.5865755,2.9867606163024902,9.981926292795402,3.6924499999999996
209,/home/htj/resisc45/imgs_full/railway_s0005209.png,railway,railway,railway,1,1782894843.5882573,1782894846.337847,2.749589681625366,9.30472371077051,3.705199999999999
210,/home/htj/resisc45/imgs_full/harbor_s0005210.png,harbor,harbor,harbor,1,1782894846.3389342,1782894849.0840328,2.74509859085083,9.25761623942852,3.746
211,/home/htj/resisc45/imgs_full/dense_residential_s0005211.png,dense_residential,dense residential,dense_residential,1,1782894849.0858145,1782894851.8274763,2.741661787033081,9.30005948933959,3.81235
212,/home/htj/resisc45/imgs_full/overpass_s0005212.png,overpass,freeway,freeway,0,1782894851.8289669,1782894854.5582917,2.7293248176574707,9.181221242864925,3.7102999999999997
213,/home/htj/resisc45/imgs_full/tennis_court_s0005213.png,tennis_court,tennis court,tennis_court,1,1782894854.5594597,1782894857.5450296,2.985569953918457,10.080317630951221,3.6898999999999997
214,/home/htj/resisc45/imgs_full/railway_station_s0005214.png,railway_station,railway station,railway_station,1,1782894857.5466983,1782894860.5334127,2.9867143630981445,10.126426871533663,3.6847999999999996
215,/home/htj/resisc45/imgs_full/church_s0005215.png,church,church,church,1,1782894860.5351303,1782894863.0455544,2.5104241371154785,8.576807009361007,3.746
216,/home/htj/resisc45/imgs_full/sea_ice_s0005216.png,sea_ice,sea ice,sea_ice,1,1782894863.0469947,1782894865.7797384,2.732743740081787,9.196195074826479,3.71135
217,/home/htj/resisc45/imgs_full/circular_farmland_s0005217.png,circular_farmland,rectangular farmland,rectangular_farmland,0,1782894865.7807186,1782894868.9992473,3.2185287475585938,10.841499138695854,3.6695
218,/home/htj/resisc45/imgs_full/stadium_s0005218.png,stadium,stadium,stadium,1,1782894869.0010579,1782894871.7526364,2.7515785694122314,9.394563091949541,3.705199999999999
219,/home/htj/resisc45/imgs_full/lake_s0005219.png,lake,lake,lake,1,1782894871.7540112,1782894874.2463212,2.492310047149658,8.458220579103989,3.746
220,/home/htj/resisc45/imgs_full/river_s0005220.png,river,river,river,1,1782894874.2480319,1782894876.7578,2.50976824760437,8.356615621523423,3.7307
221,/home/htj/resisc45/imgs_full/rectangular_farmland_s0005221.png,rectangular_farmland,rectangular farmland,rectangular_farmland,1,1782894876.759202,1782894879.977774,3.218571901321411,10.71020032313466,3.67225
222,/home/htj/resisc45/imgs_full/wetland_s0005222.png,wetland,airport,airport,0,1782894879.9790852,1782894882.4806702,2.501585006713867,8.588850995323876,3.746
223,/home/htj/resisc45/imgs_full/church_s0005223.png,church,airport,airport,0,1782894882.4823337,1782894884.995722,2.5133883953094482,8.374210275926373,3.73115
224,/home/htj/resisc45/imgs_full/ship_s0005224.png,ship,harbor,harbor,0,1782894884.9973469,1782894887.7447584,2.7474114894866943,9.168056070794865,3.705199999999999
225,/home/htj/resisc45/imgs_full/stadium_s0005225.png,stadium,stadium,stadium,1,1782894887.7463708,1782894890.4923298,2.7459590435028076,9.277565873354673,3.7102999999999997
226,/home/htj/resisc45/imgs_full/ship_s0005226.png,ship,harbor,harbor,0,1782894890.4937718,1782894893.22643,2.7326581478118896,9.267582386791705,3.8116499999999998
227,/home/htj/resisc45/imgs_full/palace_s0005227.png,palace,airport,airport,0,1782894893.2280536,1782894895.734983,2.506929397583008,8.530909812970595,3.83185
228,/home/htj/resisc45/imgs_full/baseball_diamond_s0005228.png,baseball_diamond,baseball diamond,baseball_diamond,1,1782894895.7364824,1782894898.7172267,2.9807443618774414,9.62539676457185,3.38955
229,/home/htj/resisc45/imgs_full/railway_station_s0005229.png,railway_station,airport,airport,0,1782894898.7190993,1782894901.2288606,2.509761333465576,8.24553566094962,3.543
230,/home/htj/resisc45/imgs_full/mobile_home_park_s0005230.png,mobile_home_park,mobile home park,mobile_home_park,1,1782894901.2305255,1782894904.2182856,2.987760066986084,9.583268601273591,3.343
231,/home/htj/resisc45/imgs_full/baseball_diamond_s0005231.png,baseball_diamond,golf course,golf_course,0,1782894904.2198224,1782894907.201861,2.9820384979248047,10.170012909595783,3.7914499999999993
232,/home/htj/resisc45/imgs_full/commercial_area_s0005232.png,commercial_area,airport,airport,0,1782894907.2035255,1782894909.7109995,2.507473945617676,8.644345463384282,3.93285
233,/home/htj/resisc45/imgs_full/mountain_s0005233.png,mountain,mountain,mountain,1,1782894909.7124681,1782894912.4464881,2.7340199947357178,9.140398429900408,3.7102999999999997
234,/home/htj/resisc45/imgs_full/medium_residential_s0005234.png,medium_residential,dense residential,dense_residential,0,1782894912.4476478,1782894915.1925075,2.7448596954345703,9.27082080590725,3.7126499999999996
235,/home/htj/resisc45/imgs_full/golf_course_s0005235.png,golf_course,golf course,golf_course,1,1782894915.1939974,1782894918.175355,2.9813575744628906,10.105620884805356,3.7863999999999995
236,/home/htj/resisc45/imgs_full/forest_s0005236.png,forest,forest,forest,1,1782894918.1771467,1782894920.6896558,2.5125091075897217,8.609112457156181,3.8338500000000004
237,/home/htj/resisc45/imgs_full/lake_s0005237.png,lake,lake,lake,1,1782894920.6911108,1782894923.196035,2.5049240589141846,8.84420369091901,4.3383
238,/home/htj/resisc45/imgs_full/meadow_s0005238.png,meadow,forest,forest,0,1782894923.1974247,1782894925.7033725,2.5059478282928467,8.483658559246496,3.7328500000000004
239,/home/htj/resisc45/imgs_full/airplane_s0005239.png,airplane,airport,airport,0,1782894925.7048976,1782894928.2117865,2.5068888664245605,8.465136979699135,3.8338500000000004
240,/home/htj/resisc45/imgs_full/river_s0005240.png,river,airport,airport,0,1782894928.2133615,1782894930.7214718,2.508110284805298,8.442470226174052,3.7307
241,/home/htj/resisc45/imgs_full/mountain_s0005241.png,mountain,mountain,mountain,1,1782894930.723026,1782894933.4653406,2.742314577102661,9.183097413857777,3.7126499999999996
242,/home/htj/resisc45/imgs_full/overpass_s0005242.png,overpass,roundabout,roundabout,0,1782894933.4667778,1782894936.2101614,2.7433836460113525,9.363396999140582,3.9126499999999997
243,/home/htj/resisc45/imgs_full/overpass_s0005243.png,overpass,freeway,freeway,0,1782894936.211754,1782894938.9564574,2.7447032928466797,9.341121535203895,3.9075999999999995
244,/home/htj/resisc45/imgs_full/meadow_s0005244.png,meadow,forest,forest,0,1782894938.9577575,1782894941.4597483,2.501990795135498,8.558343831896781,3.83185
245,/home/htj/resisc45/imgs_full/stadium_s0005245.png,stadium,stadium,stadium,1,1782894941.4613225,1782894944.2085786,2.74725604057312,9.225114080742001,3.8116499999999998
246,/home/htj/resisc45/imgs_full/bridge_s0005246.png,bridge,bridge,bridge,1,1782894944.210198,1782894946.7189317,2.5087337493896484,8.517493179234592,3.7307
247,/home/htj/resisc45/imgs_full/basketball_court_s0005247.png,basketball_court,basketball court,basketball_court,1,1782894946.720417,1782894949.7018373,2.9814202785491943,9.982999127695194,3.7914499999999993
248,/home/htj/resisc45/imgs_full/railway_s0005248.png,railway,railway,railway,1,1782894949.7034569,1782894952.4496524,2.7461955547332764,9.308287045175831,3.746
249,/home/htj/resisc45/imgs_full/dense_residential_s0005249.png,dense_residential,medium residential,medium_residential,0,1782894952.4514246,1782894955.198297,2.7468724250793457,9.19574405847277,3.7063999999999995
250,/home/htj/resisc45/imgs_full/desert_s0005250.png,desert,desert,desert,1,1782894955.1997774,1782894957.942037,2.7422597408294678,8.909373376309873,3.444
251,/home/htj/resisc45/imgs_full/ship_s0005251.png,ship,ship,ship,1,1782894957.9434648,1782894960.4496903,2.5062255859375,8.13754359852184,3.4436999999999998
252,/home/htj/resisc45/imgs_full/storage_tank_s0005252.png,storage_tank,storage tank,storage_tank,1,1782894960.4514124,1782894963.198772,2.74735951423645,8.850160781860351,3.40935
253,/home/htj/resisc45/imgs_full/sparse_residential_s0005253.png,sparse_residential,airport,airport,0,1782894963.2004523,1782894965.70909,2.5086376667022705,8.23682670615478,3.52815
254,/home/htj/resisc45/imgs_full/beach_s0005254.png,beach,beach,beach,1,1782894965.7105117,1782894968.4526675,2.7421557903289795,8.833454980825383,3.40805
255,/home/htj/resisc45/imgs_full/mobile_home_park_s0005255.png,mobile_home_park,mobile home park,mobile_home_park,1,1782894968.4542732,1782894971.4396534,2.985380172729492,9.668181853348354,3.442
256,/home/htj/resisc45/imgs_full/island_s0005256.png,island,island,island,1,1782894971.440956,1782894974.1811986,2.7402424812316895,9.033152250995238,3.543
257,/home/htj/resisc45/imgs_full/cloud_s0005257.png,cloud,mountain,mountain,0,1782894974.1826658,1782894976.9273643,2.7446985244750977,8.945029672483603,3.444
258,/home/htj/resisc45/imgs_full/runway_s0005258.png,runway,freeway,freeway,0,1782894976.9289656,1782894979.6747518,2.745786190032959,8.88387681009372,3.442
259,/home/htj/resisc45/imgs_full/golf_course_s0005259.png,golf_course,golf course,golf_course,1,1782894979.6761396,1782894982.6546316,2.978492021560669,9.646492688394941,3.442
260,/home/htj/resisc45/imgs_full/meadow_s0005260.png,meadow,circular farmland,circular_farmland,0,1782894982.6561885,1782894985.8779242,3.221735715866089,10.902123538511141,3.84475
261,/home/htj/resisc45/imgs_full/medium_residential_s0005261.png,medium_residential,dense residential,dense_residential,0,1782894985.8795948,1782894988.6258302,2.7462353706359863,9.114082647703132,3.541
262,/home/htj/resisc45/imgs_full/basketball_court_s0005262.png,basketball_court,basketball court,basketball_court,1,1782894988.627493,1782894991.6113918,2.983898878097534,9.684760252902143,3.442
263,/home/htj/resisc45/imgs_full/railway_station_s0005263.png,railway_station,airport,airport,0,1782894991.6130404,1782894994.1224322,2.5093917846679688,8.300725833892823,3.543
264,/home/htj/resisc45/imgs_full/medium_residential_s0005264.png,medium_residential,dense residential,dense_residential,0,1782894994.1240265,1782894996.8684816,2.744455099105835,8.86127375353376,3.442
265,/home/htj/resisc45/imgs_full/palace_s0005265.png,palace,stadium,stadium,0,1782894996.870216,1782894999.6167073,2.7464914321899414,8.917743243177732,3.442
266,/home/htj/resisc45/imgs_full/ship_s0005266.png,ship,ship,ship,1,1782894999.6182714,1782895002.1240017,2.505730390548706,8.176995542211966,3.442
267,/home/htj/resisc45/imgs_full/bridge_s0005267.png,bridge,freeway,freeway,0,1782895002.125408,1782895004.8691041,2.7436962127685547,8.828299847284953,3.40735
268,/home/htj/resisc45/imgs_full/sea_ice_s0005268.png,sea_ice,sea ice,sea_ice,1,1782895004.8706262,1782895007.6140883,2.743462085723877,9.235350712448358,3.8086499999999996
269,/home/htj/resisc45/imgs_full/basketball_court_s0005269.png,basketball_court,basketball court,basketball_court,1,1782895007.615635,1782895010.5987272,2.9830923080444336,10.082163595272945,3.788449999999999
270,/home/htj/resisc45/imgs_full/roundabout_s0005270.png,roundabout,roundabout,roundabout,1,1782895010.6002202,1782895013.345866,2.745645761489868,9.38596201885963,3.844
271,/home/htj/resisc45/imgs_full/baseball_diamond_s0005271.png,baseball_diamond,baseball diamond,baseball_diamond,1,1782895013.3475614,1782895016.3341353,2.9865739345550537,10.151135067096124,3.844
272,/home/htj/resisc45/imgs_full/commercial_area_s0005272.png,commercial_area,stadium,stadium,0,1782895016.3358755,1782895019.0859332,2.7500576972961426,9.419405956188838,3.8086499999999996
273,/home/htj/resisc45/imgs_full/bridge_s0005273.png,bridge,bridge,bridge,1,1782895019.0873258,1782895021.591057,2.5037312507629395,8.498289797902107,3.8288500000000005
274,/home/htj/resisc45/imgs_full/roundabout_s0005274.png,roundabout,roundabout,roundabout,1,1782895021.5926516,1782895024.3400726,2.7474210262298584,9.298898777450834,3.9051999999999993
275,/home/htj/resisc45/imgs_full/snowberg_s0005275.png,snowberg,mountain,mountain,0,1782895024.3417158,1782895027.0902755,2.7485597133636475,9.305019862949848,3.8086499999999996
276,/home/htj/resisc45/imgs_full/railway_s0005276.png,railway,railway,railway,1,1782895027.0920117,1782895029.8389385,2.746926784515381,9.369137757927179,3.8086499999999996
277,/home/htj/resisc45/imgs_full/island_s0005277.png,island,island,island,1,1782895029.840177,1782895032.5767019,2.736524820327759,9.374022782966495,3.9103
278,/home/htj/resisc45/imgs_full/parking_lot_s0005278.png,parking_lot,commercial area,commercial_area,0,1782895032.5782037,1782895035.3205345,2.74233078956604,9.324210343981783,3.743
279,/home/htj/resisc45/imgs_full/parking_lot_s0005279.png,parking_lot,parking lot,parking_lot,1,1782895035.3222632,1782895038.3067482,2.984484910964966,10.083842470681892,3.7833999999999994
280,/home/htj/resisc45/imgs_full/baseball_diamond_s0005280.png,baseball_diamond,baseball diamond,baseball_diamond,1,1782895038.3083081,1782895041.2915056,2.9831974506378174,10.126922699644014,3.732899999999999
281,/home/htj/resisc45/imgs_full/island_s0005281.png,island,island,island,1,1782895041.2927527,1782895044.0303354,2.7375826835632324,9.382722450077534,3.8097
282,/home/htj/resisc45/imgs_full/railway_station_s0005282.png,railway_station,railway station,railway_station,1,1782895044.0321136,1782895047.0178235,2.9857099056243896,10.100825613174798,3.7863999999999995
283,/home/htj/resisc45/imgs_full/dense_residential_s0005283.png,dense_residential,medium residential,medium_residential,0,1782895047.0196414,1782895049.7689931,2.749351739883423,9.506284587775667,3.9126499999999997
284,/home/htj/resisc45/imgs_full/church_s0005284.png,church,church,church,1,1782895049.7708542,1782895052.281166,2.5103118419647217,8.53175121525201,3.83215
285,/home/htj/resisc45/imgs_full/storage_tank_s0005285.png,storage_tank,industrial area,industrial_area,0,1782895052.2855363,1782895055.2728462,2.9873099327087402,10.013293801424638,3.6874
286,/home/htj/resisc45/imgs_full/terrace_s0005286.png,terrace,circular farmland,circular_farmland,0,1782895055.276942,1782895058.4961762,3.2192342281341553,10.637154698312283,3.543
287,/home/htj/resisc45/imgs_full/church_s0005287.png,church,industrial area,industrial_area,0,1782895058.5005317,1782895061.4859152,2.9853835105895996,10.26650858095457,3.7876
288,/home/htj/resisc45/imgs_full/storage_tank_s0005288.png,storage_tank,industrial area,industrial_area,0,1782895061.487508,1782895064.4723682,2.9848601818084717,10.211034478494755,3.746
289,/home/htj/resisc45/imgs_full/circular_farmland_s0005289.png,circular_farmland,circular farmland,circular_farmland,1,1782895064.4737663,1782895067.6950853,3.2213189601898193,10.988314573781533,3.847
290,/home/htj/resisc45/imgs_full/palace_s0005290.png,palace,church,church,0,1782895067.6966796,1782895070.2067816,2.5101020336151123,8.72460123888471,3.847
291,/home/htj/resisc45/imgs_full/intersection_s0005291.png,intersection,tennis court,tennis_court,0,1782895070.208456,1782895073.1958294,2.9873733520507812,10.148107276916503,3.7934499999999995
292,/home/htj/resisc45/imgs_full/cloud_s0005292.png,cloud,mountain,mountain,0,1782895073.1971164,1782895075.943083,2.745966672897339,9.56734834184746,3.71135
293,/home/htj/resisc45/imgs_full/medium_residential_s0005293.png,medium_residential,dense residential,dense_residential,0,1782895075.9447958,1782895078.6931329,2.7483370304107666,9.292351853862101,3.7075999999999993
294,/home/htj/resisc45/imgs_full/snowberg_s0005294.png,snowberg,mountain,mountain,0,1782895078.6948884,1782895081.4417965,2.746908187866211,9.287353810429574,3.746
295,/home/htj/resisc45/imgs_full/overpass_s0005295.png,overpass,freeway,freeway,0,1782895081.4433737,1782895084.189705,2.746331214904785,9.31881674927473,3.8116499999999998
296,/home/htj/resisc45/imgs_full/lake_s0005296.png,lake,lake,lake,1,1782895084.1910236,1782895086.693681,2.502657413482666,8.47308794481104,3.73115
297,/home/htj/resisc45/imgs_full/commercial_area_s0005297.png,commercial_area,airport,airport,0,1782895086.6954072,1782895089.2057898,2.510382652282715,8.417769466313448,3.7477
298,/home/htj/resisc45/imgs_full/beach_s0005298.png,beach,beach,beach,1,1782895089.210026,1782895091.952936,2.7429099082946777,9.247377892076969,3.7126499999999996
299,/home/htj/resisc45/imgs_full/sparse_residential_s0005299.png,sparse_residential,airport,airport,0,1782895091.9571564,1782895094.4657018,2.508545398712158,8.497583513346585,3.847
300,/home/htj/resisc45/imgs_full/circular_farmland_s0005300.png,circular_farmland,circular farmland,circular_farmland,1,1782895094.4673193,1782895097.6892095,3.2218902111053467,10.847874205776625,3.67175
301,/home/htj/resisc45/imgs_full/bridge_s0005301.png,bridge,bridge,bridge,1,1782895097.6906612,1782895100.1897843,2.4991230964660645,8.629983236367051,3.847
302,/home/htj/resisc45/imgs_full/commercial_area_s0005302.png,commercial_area,commercial area,commercial_area,1,1782895100.1909835,1782895102.936817,2.745833396911621,9.349905945658683,3.87995
303,/home/htj/resisc45/imgs_full/golf_course_s0005303.png,golf_course,golf course,golf_course,1,1782895102.938227,1782895105.9196837,2.981456756591797,10.12153940351954,3.7863999999999995
304,/home/htj/resisc45/imgs_full/ship_s0005304.png,ship,airport,airport,0,1782895105.9211545,1782895108.4266675,2.5055129528045654,8.504109566152096,3.83185
305,/home/htj/resisc45/imgs_full/forest_s0005305.png,forest,forest,forest,1,1782895108.4282947,1782895110.9365652,2.508270502090454,8.473051768357102,3.83185
306,/home/htj/resisc45/imgs_full/airplane_s0005306.png,airplane,airport,airport,0,1782895110.9379745,1782895113.4428322,2.5048577785491943,8.449910001592203,3.83185
307,/home/htj/resisc45/imgs_full/commercial_area_s0005307.png,commercial_area,commercial area,commercial_area,1,1782895113.4442937,1782895116.190379,2.7460851669311523,9.33811982025703,3.7473
308,/home/htj/resisc45/imgs_full/mobile_home_park_s0005308.png,mobile_home_park,mobile home park,mobile_home_park,1,1782895116.192154,1782895119.175124,2.9829699993133545,10.02530324923075,3.746
309,/home/htj/resisc45/imgs_full/island_s0005309.png,island,island,island,1,1782895119.176438,1782895121.9175549,2.741116762161255,9.23068272599882,3.746
310,/home/htj/resisc45/imgs_full/intersection_s0005310.png,intersection,intersection,intersection,1,1782895121.9192648,1782895124.4300609,2.510796070098877,8.421438273299824,3.6288500000000004
311,/home/htj/resisc45/imgs_full/basketball_court_s0005311.png,basketball_court,basketball court,basketball_court,1,1782895124.431615,1782895127.4176853,2.986070156097412,10.190021832108497,3.847
312,/home/htj/resisc45/imgs_full/mobile_home_park_s0005312.png,mobile_home_park,dense residential,dense_residential,0,1782895127.4193957,1782895130.1676762,2.7482805252075195,9.372781707843144,3.8116499999999998
313,/home/htj/resisc45/imgs_full/river_s0005313.png,river,airport,airport,0,1782895130.169215,1782895132.6766987,2.507483720779419,8.296750737661664,3.444
314,/home/htj/resisc45/imgs_full/rectangular_farmland_s0005314.png,rectangular_farmland,circular farmland,circular_farmland,0,1782895132.677987,1782895135.8948936,3.2169065475463867,10.682782274831805,3.7681999999999993
315,/home/htj/resisc45/imgs_full/palace_s0005315.png,palace,palace,palace,1,1782895135.8965497,1782895138.6437078,2.7471580505371094,9.499672538757325,3.9126499999999997
316,/home/htj/resisc45/imgs_full/mobile_home_park_s0005316.png,mobile_home_park,mobile home park,mobile_home_park,1,1782895138.6453352,1782895141.6301863,2.984851121902466,10.244403275989136,3.948
317,/home/htj/resisc45/imgs_full/desert_s0005317.png,desert,desert,desert,1,1782895141.6317863,1782895144.3785224,2.7467360496520996,9.400532458931208,3.8116499999999998
318,/home/htj/resisc45/imgs_full/forest_s0005318.png,forest,forest,forest,1,1782895144.380197,1782895146.890831,2.510633945465088,8.417642080382867,3.7307
319,/home/htj/resisc45/imgs_full/mobile_home_park_s0005319.png,mobile_home_park,medium residential,medium_residential,0,1782895146.892546,1782895149.637995,2.7454490661621094,9.347567708015442,3.8136499999999995
320,/home/htj/resisc45/imgs_full/storage_tank_s0005320.png,storage_tank,circular farmland,circular_farmland,0,1782895149.6395235,1782895152.8605902,3.22106671333313,10.609798184122955,3.444
321,/home/htj/resisc45/imgs_full/railway_s0005321.png,railway,railway,railway,1,1782895152.862382,1782895155.6082413,2.745859384536743,9.397246100346248,3.9126499999999997
322,/home/htj/resisc45/imgs_full/forest_s0005322.png,forest,forest,forest,1,1782895155.6099188,1782895158.1243172,2.5143983364105225,8.477122554957866,3.6465500000000004
323,/home/htj/resisc45/imgs_full/mobile_home_park_s0005323.png,mobile_home_park,mobile home park,mobile_home_park,1,1782895158.1259604,1782895161.1043208,2.978360414505005,10.290006127467523,3.94935
324,/home/htj/resisc45/imgs_full/commercial_area_s0005324.png,commercial_area,airport,airport,0,1782895161.105798,1782895163.613692,2.5078940391540527,8.464643960952758,3.543
325,/home/htj/resisc45/imgs_full/island_s0005325.png,island,airport,airport,0,1782895163.6150875,1782895166.1235576,2.508470058441162,8.440887725288217,3.73115
326,/home/htj/resisc45/imgs_full/island_s0005326.png,island,island,island,1,1782895166.1248455,1782895168.8687656,2.743920087814331,9.306919617851575,3.81235
327,/home/htj/resisc45/imgs_full/airplane_s0005327.png,airplane,airport,airport,0,1782895168.8701847,1782895171.3661826,2.495997905731201,8.410491852261803,3.6314
328,/home/htj/resisc45/imgs_full/mountain_s0005328.png,mountain,mountain,mountain,1,1782895171.3678403,1782895174.117138,2.749297618865967,9.33369358494878,3.748
329,/home/htj/resisc45/imgs_full/terrace_s0005329.png,terrace,circular farmland,circular_farmland,0,1782895174.1185658,1782895177.3405998,3.222033977508545,10.970460424297734,3.8693999999999997
330,/home/htj/resisc45/imgs_full/baseball_diamond_s0005330.png,baseball_diamond,golf course,golf_course,0,1782895177.341934,1782895180.323332,2.981398105621338,10.228603554597267,3.7914499999999993
331,/home/htj/resisc45/imgs_full/baseball_diamond_s0005331.png,baseball_diamond,baseball diamond,baseball_diamond,1,1782895180.324723,1782895183.307371,2.9826478958129883,9.931012962176249,3.543
332,/home/htj/resisc45/imgs_full/island_s0005332.png,island,island,island,1,1782895183.308537,1782895186.046892,2.7383549213409424,9.258948479662338,3.8116499999999998
333,/home/htj/resisc45/imgs_full/overpass_s0005333.png,overpass,intersection,intersection,0,1782895186.0484674,1782895188.559181,2.510713577270508,8.442502650260925,3.545
334,/home/htj/resisc45/imgs_full/dense_residential_s0005334.png,dense_residential,dense residential,dense_residential,1,1782895188.5608082,1782895191.3094687,2.7486605644226074,9.350718859711472,3.847
335,/home/htj/resisc45/imgs_full/circular_farmland_s0005335.png,circular_farmland,circular farmland,circular_farmland,1,1782895191.3110416,1782895194.535994,3.224952459335327,10.936101731789963,3.746
336,/home/htj/resisc45/imgs_full/storage_tank_s0005336.png,storage_tank,storage tank,storage_tank,1,1782895194.5375032,1782895197.2863643,2.748861074447632,9.385845890687436,3.748
337,/home/htj/resisc45/imgs_full/island_s0005337.png,island,island,island,1,1782895197.2878592,1782895200.034265,2.746405839920044,9.288802284916242,3.71135
338,/home/htj/resisc45/imgs_full/thermal_power_station_s0005338.png,thermal_power_station,thermal power station,thermal_power_station,1,1782895200.035984,1782895203.02426,2.9882760047912598,10.171976586616957,3.7914499999999993
339,/home/htj/resisc45/imgs_full/storage_tank_s0005339.png,storage_tank,industrial area,industrial_area,0,1782895203.0258734,1782895206.013187,2.9873135089874268,10.197955582407285,3.746
340,/home/htj/resisc45/imgs_full/tennis_court_s0005340.png,tennis_court,baseball diamond,baseball_diamond,0,1782895206.0147831,1782895209.0021584,2.987375259399414,10.174885234465966,3.7934499999999995
341,/home/htj/resisc45/imgs_full/forest_s0005341.png,forest,forest,forest,1,1782895209.003389,1782895211.5135822,2.510193347930908,8.411886108311739,3.5446999999999997
342,/home/htj/resisc45/imgs_full/railway_s0005342.png,railway,railway,railway,1,1782895211.5153012,1782895214.2673457,2.752044439315796,9.41244129583787,3.847
343,/home/htj/resisc45/imgs_full/airport_s0005343.png,airport,airport,airport,1,1782895214.2688758,1782895216.7782626,2.5093867778778076,8.403023814829913,3.5446999999999997
344,/home/htj/resisc45/imgs_full/mountain_s0005344.png,mountain,mountain,mountain,1,1782895216.7797112,1782895219.5238588,2.744147539138794,9.269330199028055,3.8116499999999998
345,/home/htj/resisc45/imgs_full/storage_tank_s0005345.png,storage_tank,industrial area,industrial_area,0,1782895219.525468,1782895222.4963548,2.970886707305908,9.694174723249215,3.4449
346,/home/htj/resisc45/imgs_full/basketball_court_s0005346.png,basketball_court,basketball court,basketball_court,1,1782895222.4979722,1782895225.4841247,2.986152410507202,10.129085318938742,3.746
347,/home/htj/resisc45/imgs_full/basketball_court_s0005347.png,basketball_court,basketball court,basketball_court,1,1782895225.485488,1782895228.4523048,2.9668169021606445,9.943001576735423,3.543
348,/home/htj/resisc45/imgs_full/palace_s0005348.png,palace,palace,palace,1,1782895228.4540365,1782895231.1897,2.735663414001465,9.078413025339444,3.543
349,/home/htj/resisc45/imgs_full/baseball_diamond_s0005349.png,baseball_diamond,baseball diamond,baseball_diamond,1,1782895231.19084,1782895234.1803865,2.989546537399292,9.816923442184924,3.4896499999999997
350,/home/htj/resisc45/imgs_full/mountain_s0005350.png,mountain,mountain,mountain,1,1782895234.1819372,1782895236.9305475,2.748610258102417,9.240154558697526,3.543
351,/home/htj/resisc45/imgs_full/thermal_power_station_s0005351.png,thermal_power_station,industrial area,industrial_area,0,1782895236.9315896,1782895239.904319,2.972729444503784,9.709448876614754,3.444
352,/home/htj/resisc45/imgs_full/stadium_s0005352.png,stadium,stadium,stadium,1,1782895239.9053974,1782895242.6362252,2.730827808380127,9.02208615642786,3.543
353,/home/htj/resisc45/imgs_full/cloud_s0005353.png,cloud,desert,desert,0,1782895242.63764,1782895245.3852286,2.747588634490967,9.343919290175041,3.748
354,/home/htj/resisc45/imgs_full/bridge_s0005354.png,bridge,bridge,bridge,1,1782895245.3867311,1782895247.895351,2.508619785308838,8.469784564234994,3.7307
355,/home/htj/resisc45/imgs_full/dense_residential_s0005355.png,dense_residential,dense residential,dense_residential,1,1782895247.8971243,1782895250.6494768,2.752352476119995,9.289533650964499,3.746
356,/home/htj/resisc45/imgs_full/wetland_s0005356.png,wetland,airport,airport,0,1782895250.6509628,1782895253.1583302,2.5073673725128174,8.47568178894255,3.748
357,/home/htj/resisc45/imgs_full/beach_s0005357.png,beach,beach,beach,1,1782895253.1597586,1782895255.903566,2.743807315826416,9.285558420628309,3.748
358,/home/htj/resisc45/imgs_full/baseball_diamond_s0005358.png,baseball_diamond,baseball diamond,baseball_diamond,1,1782895255.9049118,1782895258.8778114,2.9728996753692627,10.057605457512231,3.748
359,/home/htj/resisc45/imgs_full/intersection_s0005359.png,intersection,intersection,intersection,1,1782895258.8794034,1782895261.3786016,2.4991981983184814,8.157155719475313,3.444
360,/home/htj/resisc45/imgs_full/commercial_area_s0005360.png,commercial_area,commercial area,commercial_area,1,1782895261.3802762,1782895264.130851,2.750574827194214,9.057814816877245,3.543
361,/home/htj/resisc45/imgs_full/meadow_s0005361.png,meadow,forest,forest,0,1782895264.135222,1782895266.6437788,2.508556842803955,8.500472912463275,3.8338500000000004
362,/home/htj/resisc45/imgs_full/tennis_court_s0005362.png,tennis_court,golf course,golf_course,0,1782895266.6456058,1782895269.6322296,2.986623764038086,10.072304117130782,3.748
363,/home/htj/resisc45/imgs_full/palace_s0005363.png,palace,palace,palace,1,1782895269.636553,1782895272.3870246,2.750471591949463,9.429877250015736,3.8136499999999995
364,/home/htj/resisc45/imgs_full/storage_tank_s0005364.png,storage_tank,airport,airport,0,1782895272.3909698,1782895274.8986871,2.5077173709869385,8.510736808516763,3.83185
365,/home/htj/resisc45/imgs_full/ship_s0005365.png,ship,harbor,harbor,0,1782895274.9028752,1782895277.6339285,2.731053352355957,9.235455189605554,3.748
366,/home/htj/resisc45/imgs_full/wetland_s0005366.png,wetland,airport,airport,0,1782895277.6352663,1782895280.1353579,2.500091552734375,8.427354062167081,3.7477
367,/home/htj/resisc45/imgs_full/railway_s0005367.png,railway,railway,railway,1,1782895280.1397421,1782895282.891526,2.751783847808838,9.298506937066714,3.8086499999999996
368,/home/htj/resisc45/imgs_full/runway_s0005368.png,runway,airport,airport,0,1782895282.8956442,1782895285.3999488,2.5043046474456787,8.466541768881408,3.8293000000000004
369,/home/htj/resisc45/imgs_full/island_s0005369.png,island,island,island,1,1782895285.4011629,1782895288.1447334,2.743570566177368,9.38123944700261,3.844
370,/home/htj/resisc45/imgs_full/mobile_home_park_s0005370.png,mobile_home_park,mobile home park,mobile_home_park,1,1782895288.1491003,1782895291.12364,2.9745397567749023,10.075338183072898,3.746
371,/home/htj/resisc45/imgs_full/sea_ice_s0005371.png,sea_ice,sea ice,sea_ice,1,1782895291.1277912,1782895293.8742652,2.746474027633667,9.389908609434963,3.8116499999999998
372,/home/htj/resisc45/imgs_full/forest_s0005372.png,forest,forest,forest,1,1782895293.8791184,1782895296.3793695,2.500251054763794,8.492670946381308,3.83185
373,/home/htj/resisc45/imgs_full/meadow_s0005373.png,meadow,forest,forest,0,1782895296.3834467,1782895298.8843768,2.500930070877075,8.515610052016648,3.83185
374,/home/htj/resisc45/imgs_full/medium_residential_s0005374.png,medium_residential,dense residential,dense_residential,0,1782895298.8886833,1782895301.6377163,2.749032974243164,9.303008098407668,3.8065999999999995
375,/home/htj/resisc45/imgs_full/runway_s0005375.png,runway,airplane,airplane,0,1782895301.6417067,1782895304.3853676,2.7436609268188477,9.411442894220352,3.9126499999999997
376,/home/htj/resisc45/imgs_full/cloud_s0005376.png,cloud,volcano,,0,1782895304.389565,1782895307.1363175,2.7467525005340576,9.026343732848764,3.4433000000000002
377,/home/htj/resisc45/imgs_full/chaparral_s0005377.png,chaparral,chaparral,chaparral,1,1782895307.1405978,1782895310.1200674,2.9794695377349854,10.119121796243595,3.7863999999999995
378,/home/htj/resisc45/imgs_full/forest_s0005378.png,forest,forest,forest,1,1782895310.1244092,1782895312.6358829,2.5114736557006836,8.552880613435399,3.746
379,/home/htj/resisc45/imgs_full/ship_s0005379.png,ship,harbor,harbor,0,1782895312.6400526,1782895315.3730276,2.7329750061035156,9.228744162797929,3.8116499999999998
380,/home/htj/resisc45/imgs_full/cloud_s0005380.png,cloud,cloud,cloud,1,1782895315.3740535,1782895317.8760786,2.5020251274108887,8.550272823474623,3.83215
381,/home/htj/resisc45/imgs_full/palace_s0005381.png,palace,airport,airport,0,1782895317.8778634,1782895320.388801,2.5109376907348633,8.510480902151627,3.83185
382,/home/htj/resisc45/imgs_full/freeway_s0005382.png,freeway,freeway,freeway,1,1782895320.3931167,1782895323.142545,2.7494282722473145,9.27943497834603,3.8116499999999998
383,/home/htj/resisc45/imgs_full/runway_s0005383.png,runway,runway,runway,1,1782895323.1466913,1782895325.8925655,2.7458741664886475,9.343180085748434,3.847
384,/home/htj/resisc45/imgs_full/rectangular_farmland_s0005384.png,rectangular_farmland,rectangular farmland,rectangular_farmland,1,1782895325.8968363,1782895329.1155035,3.2186672687530518,11.102086895478399,3.847
385,/home/htj/resisc45/imgs_full/railway_station_s0005385.png,railway_station,railway,railway,0,1782895329.1195214,1782895331.8682199,2.7486984729766846,9.29810249491036,3.543
386,/home/htj/resisc45/imgs_full/railway_station_s0005386.png,railway_station,railway,railway,0,1782895331.8725002,1782895334.6051843,2.7326841354370117,9.107239190538724,3.543
387,/home/htj/resisc45/imgs_full/golf_course_s0005387.png,golf_course,golf course,golf_course,1,1782895334.6092257,1782895337.5831928,2.9739670753479004,10.248290541648865,3.847
388,/home/htj/resisc45/imgs_full/dense_residential_s0005388.png,dense_residential,dense residential,dense_residential,1,1782895337.5878487,1782895340.3415964,2.7537477016448975,9.331590414717793,3.543
389,/home/htj/resisc45/imgs_full/meadow_s0005389.png,meadow,circular farmland,circular_farmland,0,1782895340.3456893,1782895343.5676427,3.2219533920288086,11.01421940790143,3.746
390,/home/htj/resisc45/imgs_full/runway_s0005390.png,runway,airport,airport,0,1782895343.5716677,1782895346.079259,2.5075912475585938,8.502045115557586,3.543
391,/home/htj/resisc45/imgs_full/storage_tank_s0005391.png,storage_tank,storage tank,storage_tank,1,1782895346.0835881,1782895348.817106,2.73351788520813,9.363608567491173,3.9126499999999997
392,/home/htj/resisc45/imgs_full/dense_residential_s0005392.png,dense_residential,circular farmland,circular_farmland,0,1782895348.821745,1782895352.037417,3.215672016143799,11.104461967034,3.87375
393,/home/htj/resisc45/imgs_full/mobile_home_park_s0005393.png,mobile_home_park,medium residential,medium_residential,0,1782895352.0422347,1782895354.7817013,2.739466667175293,9.310664496966771,3.543
394,/home/htj/resisc45/imgs_full/airport_s0005394.png,airport,airport,airport,1,1782895354.7864974,1782895357.2790616,2.4925642013549805,8.475355917309606,3.7361
395,/home/htj/resisc45/imgs_full/railway_station_s0005395.png,railway_station,airport,airport,0,1782895357.2835429,1782895359.7942016,2.5106587409973145,8.511356301646764,3.8267999999999995
396,/home/htj/resisc45/imgs_full/lake_s0005396.png,lake,lake,lake,1,1782895359.7987251,1782895362.2953103,2.4965851306915283,8.533676337419553,3.9378999999999995
397,/home/htj/resisc45/imgs_full/beach_s0005397.png,beach,beach,beach,1,1782895362.2997763,1782895365.0494096,2.749633312225342,9.41125013539195,3.9126499999999997
398,/home/htj/resisc45/imgs_full/palace_s0005398.png,palace,palace,palace,1,1782895365.0539021,1782895367.793302,2.7393999099731445,9.30676876914501,3.7102999999999997
399,/home/htj/resisc45/imgs_full/railway_station_s0005399.png,railway_station,airport,airport,0,1782895367.7974317,1782895370.2954955,2.498063802719116,8.503522732810541,3.7307
400,/home/htj/resisc45/imgs_full/freeway_s0005400.png,freeway,freeway,freeway,1,1782895370.299575,1782895373.0311816,2.7316064834594727,9.292469988981882,3.8116499999999998
401,/home/htj/resisc45/imgs_full/parking_lot_s0005401.png,parking_lot,parking lot,parking_lot,1,1782895373.0357938,1782895376.0082152,2.972421407699585,10.166824453335542,3.847
402,/home/htj/resisc45/imgs_full/commercial_area_s0005402.png,commercial_area,airport,airport,0,1782895376.0125027,1782895378.5226243,2.5101215839385986,8.50326505846327,3.543
403,/home/htj/resisc45/imgs_full/overpass_s0005403.png,overpass,roundabout,roundabout,0,1782895378.5270357,1782895381.2598517,2.732815980911255,9.298747977048158,3.8097
404,/home/htj/resisc45/imgs_full/meadow_s0005404.png,meadow,forest,forest,0,1782895381.2640786,1782895383.774541,2.5104622840881348,8.538751684792837,3.8267999999999995
405,/home/htj/resisc45/imgs_full/bridge_s0005405.png,bridge,bridge,bridge,1,1782895383.778744,1782895386.2836185,2.5048744678497314,8.459018006893722,3.746
406,/home/htj/resisc45/imgs_full/cloud_s0005406.png,cloud,airport,airport,0,1782895386.2878215,1782895388.786698,2.4988765716552734,8.473236113288186,3.83185
407,/home/htj/resisc45/imgs_full/meadow_s0005407.png,meadow,forest,forest,0,1782895388.790865,1782895391.2819798,2.491114854812622,8.43734808034675,3.8368999999999995
408,/home/htj/resisc45/imgs_full/intersection_s0005408.png,intersection,commercial area,commercial_area,0,1782895391.2861233,1782895394.0241697,2.738046407699585,9.289278779188791,3.8097
409,/home/htj/resisc45/imgs_full/cloud_s0005409.png,cloud,cloud,cloud,1,1782895394.0284786,1782895396.5328174,2.5043387413024902,8.491985004598444,3.83185
410,/home/htj/resisc45/imgs_full/palace_s0005410.png,palace,palace,palace,1,1782895396.5373738,1782895399.2866764,2.749302625656128,9.326608217572172,3.746
411,/home/htj/resisc45/imgs_full/desert_s0005411.png,desert,desert,desert,1,1782895399.288009,1782895402.0290332,2.7410242557525635,8.896336850076914,3.4433000000000002
412,/home/htj/resisc45/imgs_full/stadium_s0005412.png,stadium,stadium,stadium,1,1782895402.0333588,1782895404.7842865,2.750927686691284,8.945902215133112,3.442
413,/home/htj/resisc45/imgs_full/runway_s0005413.png,runway,airport,airport,0,1782895404.788665,1782895407.2827327,2.494067668914795,8.55074095280604,3.93285
414,/home/htj/resisc45/imgs_full/commercial_area_s0005414.png,commercial_area,commercial area,commercial_area,1,1782895407.286889,1782895410.0203507,2.733461618423462,9.298723901823163,3.8116499999999998
415,/home/htj/resisc45/imgs_full/circular_farmland_s0005415.png,circular_farmland,circular farmland,circular_farmland,1,1782895410.0212476,1782895413.227271,3.2060234546661377,10.47244749165418,3.4424
416,/home/htj/resisc45/imgs_full/desert_s0005416.png,desert,desert,desert,1,1782895413.231122,1782895415.9771132,2.7459912300109863,9.121210327535868,3.543
417,/home/htj/resisc45/imgs_full/basketball_court_s0005417.png,basketball_court,basketball court,basketball_court,1,1782895415.9814582,1782895418.968292,2.9868338108062744,10.204575153731383,3.7914499999999993
418,/home/htj/resisc45/imgs_full/bridge_s0005418.png,bridge,freeway,freeway,0,1782895418.9699395,1782895421.7141035,2.744163990020752,9.390081147077133,3.9075999999999995
419,/home/htj/resisc45/imgs_full/intersection_s0005419.png,intersection,intersection,intersection,1,1782895421.718863,1782895424.2283254,2.509462356567383,8.677834895480762,4.03385
420,/home/htj/resisc45/imgs_full/airport_s0005420.png,airport,airport,airport,1,1782895424.232777,1782895426.7299254,2.497148275375366,8.538317487207326,3.847
421,/home/htj/resisc45/imgs_full/wetland_s0005421.png,wetland,river,river,0,1782895426.7343018,1782895429.230007,2.4957051277160645,8.477286392569543,3.83215
422,/home/htj/resisc45/imgs_full/commercial_area_s0005422.png,commercial_area,airport,airport,0,1782895429.2339413,1782895431.732607,2.4986655712127686,8.476752004590145,3.746
423,/home/htj/resisc45/imgs_full/ship_s0005423.png,ship,harbor,harbor,0,1782895431.7365673,1782895434.479643,2.7430758476257324,9.292055139005184,3.7102999999999997
424,/home/htj/resisc45/imgs_full/stadium_s0005424.png,stadium,stadium,stadium,1,1782895434.4839094,1782895437.232363,2.7484536170959473,9.294525760163863,3.7473
425,/home/htj/resisc45/imgs_full/freeway_s0005425.png,freeway,freeway,freeway,1,1782895437.2369807,1782895439.9869874,2.750006675720215,9.326819516122342,3.746
426,/home/htj/resisc45/imgs_full/desert_s0005426.png,desert,desert,desert,1,1782895439.9913282,1782895442.741101,2.749772787094116,8.96577446685032,3.444
427,/home/htj/resisc45/imgs_full/railway_s0005427.png,railway,railway,railway,1,1782895442.7455337,1782895445.4802828,2.7347490787506104,9.354892911136151,3.9126499999999997
428,/home/htj/resisc45/imgs_full/airport_s0005428.png,airport,airport,airport,1,1782895445.484269,1782895447.9841607,2.499891757965088,8.524005921721457,3.83185
429,/home/htj/resisc45/imgs_full/bridge_s0005429.png,bridge,bridge,bridge,1,1782895447.9884222,1782895450.4902947,2.5018725395202637,8.548216138666326,3.847
430,/home/htj/resisc45/imgs_full/snowberg_s0005430.png,snowberg,mountain,mountain,0,1782895450.4944575,1782895453.242965,2.748507499694824,9.280278312146663,3.746
431,/home/htj/resisc45/imgs_full/roundabout_s0005431.png,roundabout,roundabout,roundabout,1,1782895453.2474558,1782895455.9955125,2.748056650161743,9.27497745019694,3.71135
432,/home/htj/resisc45/imgs_full/meadow_s0005432.png,meadow,circular farmland,circular_farmland,0,1782895455.9997365,1782895459.2203605,3.2206239700317383,10.983909798705787,3.746
433,/home/htj/resisc45/imgs_full/chaparral_s0005433.png,chaparral,chaparral,chaparral,1,1782895459.224867,1782895462.2125084,2.9876413345336914,10.228556517619007,3.847
434,/home/htj/resisc45/imgs_full/overpass_s0005434.png,overpass,overpass,overpass,1,1782895462.2169008,1782895464.9531763,2.7362754344940186,9.32294645122687,3.746
435,/home/htj/resisc45/imgs_full/desert_s0005435.png,desert,desert,desert,1,1782895464.954366,1782895467.6928818,2.738515853881836,9.336399279673893,3.8136499999999995
436,/home/htj/resisc45/imgs_full/stadium_s0005436.png,stadium,stadium,stadium,1,1782895467.6972413,1782895470.4442234,2.7469820976257324,9.34820899339517,3.91335
437,/home/htj/resisc45/imgs_full/sparse_residential_s0005437.png,sparse_residential,church,church,0,1782895470.44868,1782895472.9576352,2.508955240249634,8.562379974451932,3.93285
438,/home/htj/resisc45/imgs_full/overpass_s0005438.png,overpass,bridge,bridge,0,1782895472.9619677,1782895475.4713655,2.5093977451324463,8.528245268599555,3.7307
439,/home/htj/resisc45/imgs_full/basketball_court_s0005439.png,basketball_court,basketball court,basketball_court,1,1782895475.4755995,1782895478.4577346,2.982135057449341,9.698747207313213,3.444
440,/home/htj/resisc45/imgs_full/parking_lot_s0005440.png,parking_lot,commercial area,commercial_area,0,1782895478.4626317,1782895481.2133048,2.7506730556488037,9.28908021461467,3.746
441,/home/htj/resisc45/imgs_full/sea_ice_s0005441.png,sea_ice,sea ice,sea_ice,1,1782895481.2151923,1782895483.951448,2.736255645751953,9.394135685125987,3.847
442,/home/htj/resisc45/imgs_full/desert_s0005442.png,desert,airport,airport,0,1782895483.955713,1782895486.460425,2.504711866378784,8.60334370939298,3.93285
443,/home/htj/resisc45/imgs_full/ground_track_field_s0005443.png,ground_track_field,ground track field,ground_track_field,1,1782895486.4648235,1782895489.4525166,2.9876930713653564,10.10246133406657,3.746
444,/home/htj/resisc45/imgs_full/sparse_residential_s0005444.png,sparse_residential,church,church,0,1782895489.4567099,1782895491.964625,2.5079150199890137,8.529190990708091,3.83185
445,/home/htj/resisc45/imgs_full/rectangular_farmland_s0005445.png,rectangular_farmland,circular farmland,circular_farmland,0,1782895491.9663231,1782895495.1846852,3.2183620929718018,10.977948040630135,3.77125
446,/home/htj/resisc45/imgs_full/river_s0005446.png,river,river,river,1,1782895495.1889563,1782895497.698158,2.509201765060425,8.477143003119362,3.8267999999999995
447,/home/htj/resisc45/imgs_full/stadium_s0005447.png,stadium,stadium,stadium,1,1782895497.7024744,1782895500.4437442,2.741269826889038,9.060524985536933,3.543
448,/home/htj/resisc45/imgs_full/river_s0005448.png,river,river,river,1,1782895500.4482048,1782895502.9485846,2.500379800796509,8.07491973985867,3.42915
449,/home/htj/resisc45/imgs_full/cloud_s0005449.png,cloud,cloud,cloud,1,1782895502.9524775,1782895505.4560504,2.503572940826416,8.646259849299085,4.0187
450,/home/htj/resisc45/imgs_full/medium_residential_s0005450.png,medium_residential,dense residential,dense_residential,0,1782895505.4606698,1782895508.2111907,2.750520944595337,9.318363842651248,3.847
451,/home/htj/resisc45/imgs_full/sea_ice_s0005451.png,sea_ice,sea ice,sea_ice,1,1782895508.215461,1782895510.9582443,2.742783308029175,9.245522542133928,3.71135
452,/home/htj/resisc45/imgs_full/railway_station_s0005452.png,railway_station,airport,airport,0,1782895510.962704,1782895513.4716976,2.508993625640869,8.545575266350399,3.8338500000000004
453,/home/htj/resisc45/imgs_full/chaparral_s0005453.png,chaparral,chaparral,chaparral,1,1782895513.476115,1782895516.4628403,2.986725330352783,9.741401901524021,3.444
454,/home/htj/resisc45/imgs_full/freeway_s0005454.png,freeway,bridge,bridge,0,1782895516.4671817,1782895518.9778593,2.5106775760650635,8.495505248010158,3.8338500000000004
455,/home/htj/resisc45/imgs_full/circular_farmland_s0005455.png,circular_farmland,circular farmland,circular_farmland,1,1782895518.9823732,1782895522.1941786,3.2118053436279297,10.979922825696177,3.847
456,/home/htj/resisc45/imgs_full/river_s0005456.png,river,airport,airport,0,1782895522.198317,1782895524.7062504,2.5079333782196045,8.496422297521072,3.8338500000000004
457,/home/htj/resisc45/imgs_full/mobile_home_park_s0005457.png,mobile_home_park,mobile home park,mobile_home_park,1,1782895524.7089758,1782895527.6981616,2.9891858100891113,10.292973915329346,3.8924499999999993
458,/home/htj/resisc45/imgs_full/forest_s0005458.png,forest,forest,forest,1,1782895527.7026744,1782895530.2152455,2.512571096420288,8.585798059799455,3.93285
459,/home/htj/resisc45/imgs_full/medium_residential_s0005459.png,medium_residential,dense residential,dense_residential,0,1782895530.2197025,1782895532.9697433,2.7500407695770264,9.454920782210875,3.847
460,/home/htj/resisc45/imgs_full/airplane_s0005460.png,airplane,airport,airport,0,1782895532.9738626,1782895535.4811866,2.507323980331421,8.604509069502354,3.951
461,/home/htj/resisc45/imgs_full/baseball_diamond_s0005461.png,baseball_diamond,baseball diamond,baseball_diamond,1,1782895535.4853654,1782895538.460325,2.9749596118927,10.099015299425677,3.79255
462,/home/htj/resisc45/imgs_full/freeway_s0005462.png,freeway,freeway,freeway,1,1782895538.464617,1782895541.1961887,2.731571674346924,9.225655699133872,3.71135
463,/home/htj/resisc45/imgs_full/industrial_area_s0005463.png,industrial_area,industrial area,industrial_area,1,1782895541.2002494,1782895544.1827617,2.9825122356414795,10.200248119709627,3.7863999999999995
464,/home/htj/resisc45/imgs_full/lake_s0005464.png,lake,lake,lake,1,1782895544.1871467,1782895546.69339,2.5062432289123535,8.164087318181991,3.442
465,/home/htj/resisc45/imgs_full/golf_course_s0005465.png,golf_course,golf course,golf_course,1,1782895546.6975846,1782895549.6790648,2.981480121612549,9.806661481545522,3.541
466,/home/htj/resisc45/imgs_full/tennis_court_s0005466.png,tennis_court,airport,airport,0,1782895549.6834338,1782895552.1890728,2.50563907623291,8.094068411371925,3.4274500000000003
467,/home/htj/resisc45/imgs_full/forest_s0005467.png,forest,forest,forest,1,1782895552.1934552,1782895554.6980858,2.5046305656433105,8.263060853167014,3.543
468,/home/htj/resisc45/imgs_full/rectangular_farmland_s0005468.png,rectangular_farmland,circular farmland,circular_farmland,0,1782895554.7023098,1782895557.907522,3.205212116241455,10.459056989627971,3.444
469,/home/htj/resisc45/imgs_full/sea_ice_s0005469.png,sea_ice,sea ice,sea_ice,1,1782895557.911205,1782895560.6412208,2.730015754699707,8.950153352737427,3.444
470,/home/htj/resisc45/imgs_full/freeway_s0005470.png,freeway,freeway,freeway,1,1782895560.6456623,1782895563.3902786,2.7446162700653076,9.119673711359502,3.543
471,/home/htj/resisc45/imgs_full/lake_s0005471.png,lake,lake,lake,1,1782895563.3919146,1782895565.9000957,2.508181095123291,8.203519308642907,3.4436999999999998
472,/home/htj/resisc45/imgs_full/runway_s0005472.png,runway,airport,airport,0,1782895565.9041386,1782895568.3968716,2.4927330017089844,8.124949913024903,3.442
473,/home/htj/resisc45/imgs_full/roundabout_s0005473.png,roundabout,roundabout,roundabout,1,1782895568.4014406,1782895571.1502159,2.7487752437591553,8.95287550122539,3.442
474,/home/htj/resisc45/imgs_full/cloud_s0005474.png,cloud,forest,forest,0,1782895571.1545522,1782895573.6617346,2.5071823596954346,8.110905877866529,3.42885
475,/home/htj/resisc45/imgs_full/island_s0005475.png,island,island,island,1,1782895573.6629004,1782895576.3878717,2.724971294403076,8.883009028106928,3.442
476,/home/htj/resisc45/imgs_full/industrial_area_s0005476.png,industrial_area,industrial area,industrial_area,1,1782895576.3924115,1782895579.3676295,2.9752180576324463,9.80008220318189,3.444
477,/home/htj/resisc45/imgs_full/baseball_diamond_s0005477.png,baseball_diamond,baseball diamond,baseball_diamond,1,1782895579.371872,1782895582.3496678,2.9777958393096924,9.83712046274599,3.543
478,/home/htj/resisc45/imgs_full/mobile_home_park_s0005478.png,mobile_home_park,medium residential,medium_residential,0,1782895582.3542132,1782895585.0917106,2.737497329711914,9.353344001293182,3.8116499999999998
479,/home/htj/resisc45/imgs_full/freeway_s0005479.png,freeway,freeway,freeway,1,1782895585.0956206,1782895587.833311,2.7376904487609863,9.3223492949903,3.8116499999999998
480,/home/htj/resisc45/imgs_full/cloud_s0005480.png,cloud,cloud,cloud,1,1782895587.8345816,1782895590.3386831,2.504101514816284,8.155004962785677,3.5113000000000003
481,/home/htj/resisc45/imgs_full/terrace_s0005481.png,terrace,circular farmland,circular_farmland,0,1782895590.3430872,1782895593.5658782,3.2227909564971924,10.586302890171083,3.4633999999999996
482,/home/htj/resisc45/imgs_full/golf_course_s0005482.png,golf_course,golf course,golf_course,1,1782895593.5702295,1782895596.545378,2.9751484394073486,9.904841298717718,3.543
483,/home/htj/resisc45/imgs_full/cloud_s0005483.png,cloud,cloud,cloud,1,1782895596.549519,1782895599.0464048,2.4968857765197754,8.564715445290913,3.93285
484,/home/htj/resisc45/imgs_full/snowberg_s0005484.png,snowberg,mountain,mountain,0,1782895599.0509884,1782895601.7906837,2.7396953105926514,9.359427027826507,3.8116499999999998
485,/home/htj/resisc45/imgs_full/railway_station_s0005485.png,railway_station,airport,airport,0,1782895601.7950718,1782895604.2931955,2.4981236457824707,8.430940202366223,3.746
486,/home/htj/resisc45/imgs_full/intersection_s0005486.png,intersection,intersection,intersection,1,1782895604.2976425,1782895606.797118,2.4994754791259766,8.473733130585064,3.746
487,/home/htj/resisc45/imgs_full/mobile_home_park_s0005487.png,mobile_home_park,dense residential,dense_residential,0,1782895606.7989957,1782895609.5498028,2.750807046890259,9.018348977789282,3.442
488,/home/htj/resisc45/imgs_full/palace_s0005488.png,palace,church,church,0,1782895609.5542648,1782895612.066099,2.511834144592285,8.476755192323164,3.746
489,/home/htj/resisc45/imgs_full/commercial_area_s0005489.png,commercial_area,commercial area,commercial_area,1,1782895612.0708992,1782895614.8189886,2.74808931350708,9.369414222308569,3.8035999999999994
490,/home/htj/resisc45/imgs_full/sparse_residential_s0005490.png,sparse_residential,circular farmland,circular_farmland,0,1782895614.8206837,1782895618.0302613,3.2095775604248047,10.912850274869374,3.746
491,/home/htj/resisc45/imgs_full/cloud_s0005491.png,cloud,cloud,cloud,1,1782895618.0342574,1782895620.5266228,2.4923653602600098,8.474382092887705,3.7307
492,/home/htj/resisc45/imgs_full/industrial_area_s0005492.png,industrial_area,industrial area,industrial_area,1,1782895620.5309849,1782895623.5152693,2.9842844009399414,10.231217338030156,3.7914499999999993
493,/home/htj/resisc45/imgs_full/stadium_s0005493.png,stadium,stadium,stadium,1,1782895623.519936,1782895626.259357,2.7394208908081055,9.337658533930778,3.847
494,/home/htj/resisc45/imgs_full/rectangular_farmland_s0005494.png,rectangular_farmland,circular farmland,circular_farmland,0,1782895626.2634857,1782895629.4803555,3.216869831085205,10.951431231200695,3.77125
495,/home/htj/resisc45/imgs_full/overpass_s0005495.png,overpass,freeway,freeway,0,1782895629.484628,1782895632.2326868,2.748058795928955,9.460364158660173,3.9126499999999997
496,/home/htj/resisc45/imgs_full/island_s0005496.png,island,airport,airport,0,1782895632.2339215,1782895634.740096,2.5061745643615723,8.591337282169949,3.847
497,/home/htj/resisc45/imgs_full/baseball_diamond_s0005497.png,baseball_diamond,baseball diamond,baseball_diamond,1,1782895634.744437,1782895637.7151194,2.970682382583618,10.08877367491992,3.7863999999999995
498,/home/htj/resisc45/imgs_full/snowberg_s0005498.png,snowberg,snowberg,snowberg,1,1782895637.7195325,1782895640.4502761,2.730743646621704,9.266721674318115,3.746
499,/home/htj/resisc45/imgs_full/beach_s0005499.png,beach,beach,beach,1,1782895640.4518316,1782895643.1932817,2.741450071334839,9.428989066183567,3.847
500,/home/htj/resisc45/imgs_full/golf_course_s0005500.png,golf_course,golf course,golf_course,1,1782895643.197363,1782895646.180212,2.98284912109375,10.23799862084022,3.8924499999999993
501,/home/htj/resisc45/imgs_full/harbor_s0005501.png,harbor,harbor,harbor,1,1782895646.1847227,1782895648.9353518,2.750629186630249,9.400134907085068,3.8065999999999995
502,/home/htj/resisc45/imgs_full/lake_s0005502.png,lake,lake,lake,1,1782895648.939474,1782895651.4449406,2.5054664611816406,8.622050344380465,3.93285
503,/home/htj/resisc45/imgs_full/desert_s0005503.png,desert,airport,airport,0,1782895651.448958,1782895653.9546301,2.5056722164154053,8.559376291275024,3.83185
504,/home/htj/resisc45/imgs_full/overpass_s0005504.png,overpass,freeway,freeway,0,1782895653.9590378,1782895656.6966374,2.7375996112823486,9.287991081178188,3.746
505,/home/htj/resisc45/imgs_full/runway_s0005505.png,runway,airport,airport,0,1782895656.7007391,1782895659.191254,2.4905147552490234,8.443354443766854,3.746
506,/home/htj/resisc45/imgs_full/tennis_court_s0005506.png,tennis_court,tennis court,tennis_court,1,1782895659.19565,1782895662.1804707,2.984820604324341,10.131629139001554,3.746
507,/home/htj/resisc45/imgs_full/church_s0005507.png,church,church,church,1,1782895662.184979,1782895664.6968036,2.511824607849121,8.492307738369162,3.746
508,/home/htj/resisc45/imgs_full/railway_station_s0005508.png,railway_station,railway,railway,0,1782895664.7012846,1782895667.449187,2.7479023933410645,9.456541569018851,3.844
509,/home/htj/resisc45/imgs_full/sparse_residential_s0005509.png,sparse_residential,church,church,0,1782895667.4535573,1782895669.9592497,2.505692481994629,8.487008226741443,3.8288500000000005
510,/home/htj/resisc45/imgs_full/church_s0005510.png,church,church,church,1,1782895669.96392,1782895672.475446,2.511525869369507,8.616874017406593,3.8293000000000004
511,/home/htj/resisc45/imgs_full/runway_s0005511.png,runway,airport,airport,0,1782895672.4795015,1782895674.975293,2.495791435241699,8.507812667543238,3.93285
512,/home/htj/resisc45/imgs_full/chaparral_s0005512.png,chaparral,forest,forest,0,1782895674.9793227,1782895677.4746094,2.495286703109741,8.533880524635315,3.847
513,/home/htj/resisc45/imgs_full/storage_tank_s0005513.png,storage_tank,storage tank,storage_tank,1,1782895677.4794545,1782895680.2278411,2.7483866214752197,9.342338706940414,3.8116499999999998
514,/home/htj/resisc45/imgs_full/airplane_s0005514.png,airplane,airport,airport,0,1782895680.2324529,1782895682.7417383,2.5092854499816895,8.52655195903778,3.83185
515,/home/htj/resisc45/imgs_full/commercial_area_s0005515.png,commercial_area,commercial area,commercial_area,1,1782895682.746192,1782895685.4955308,2.7493388652801514,9.388992224931718,3.8086499999999996
516,/home/htj/resisc45/imgs_full/intersection_s0005516.png,intersection,intersection,intersection,1,1782895685.4998403,1782895688.0093932,2.5095529556274414,8.479665366476231,3.746
517,/home/htj/resisc45/imgs_full/beach_s0005517.png,beach,beach,beach,1,1782895688.0135975,1782895690.7600944,2.7464969158172607,9.385008836090567,3.8086499999999996
518,/home/htj/resisc45/imgs_full/intersection_s0005518.png,intersection,intersection,intersection,1,1782895690.764477,1782895693.272719,2.508241891860962,8.497353474649517,3.83185
519,/home/htj/resisc45/imgs_full/intersection_s0005519.png,intersection,intersection,intersection,1,1782895693.277,1782895695.7753146,2.498314619064331,8.51754945467819,3.83185
520,/home/htj/resisc45/imgs_full/beach_s0005520.png,beach,beach,beach,1,1782895695.7794497,1782895698.5089495,2.7294998168945312,9.240778494675954,3.8116499999999998
521,/home/htj/resisc45/imgs_full/railway_station_s0005521.png,railway_station,industrial area,industrial_area,0,1782895698.5135226,1782895701.4867795,2.973256826400757,10.04869322498028,3.746
522,/home/htj/resisc45/imgs_full/tennis_court_s0005522.png,tennis_court,tennis court,tennis_court,1,1782895701.4909854,1782895704.4765549,2.985569477081299,10.204901798662151,3.8451999999999997
523,/home/htj/resisc45/imgs_full/terrace_s0005523.png,terrace,airport,airport,0,1782895704.480899,1782895706.9905887,2.5096895694732666,8.668981118554418,3.93285
524,/home/htj/resisc45/imgs_full/stadium_s0005524.png,stadium,stadium,stadium,1,1782895706.9925537,1782895709.7427485,2.750194787979126,9.364470548793674,3.746
525,/home/htj/resisc45/imgs_full/runway_s0005525.png,runway,airport,airport,0,1782895709.7474627,1782895712.2540467,2.5065839290618896,8.480058271099221,3.7307
526,/home/htj/resisc45/imgs_full/island_s0005526.png,island,island,island,1,1782895712.2581084,1782895714.9849138,2.7268054485321045,9.232224738920728,3.746
527,/home/htj/resisc45/imgs_full/terrace_s0005527.png,terrace,circular farmland,circular_farmland,0,1782895714.9889212,1782895718.1956792,3.2067580223083496,10.640767543988568,3.543
528,/home/htj/resisc45/imgs_full/industrial_area_s0005528.png,industrial_area,commercial area,commercial_area,0,1782895718.2001247,1782895720.9350562,2.734931468963623,9.015473676482836,3.543
529,/home/htj/resisc45/imgs_full/sea_ice_s0005529.png,sea_ice,airport,airport,0,1782895720.9392893,1782895723.4440703,2.5047810077667236,8.56367548503117,3.83185
530,/home/htj/resisc45/imgs_full/bridge_s0005530.png,bridge,bridge,bridge,1,1782895723.4482353,1782895725.954349,2.5061137676239014,8.508541026738557,3.7307
531,/home/htj/resisc45/imgs_full/roundabout_s0005531.png,roundabout,roundabout,roundabout,1,1782895725.9590561,1782895728.7099907,2.750934600830078,8.90334252444903,3.40735
532,/home/htj/resisc45/imgs_full/sparse_residential_s0005532.png,sparse_residential,stadium,stadium,0,1782895728.7141447,1782895731.4596364,2.7454917430877686,8.892132976159454,3.442
533,/home/htj/resisc45/imgs_full/palace_s0005533.png,palace,church,church,0,1782895731.4640946,1782895733.9781475,2.5140528678894043,8.524124798839743,3.746
534,/home/htj/resisc45/imgs_full/lake_s0005534.png,lake,lake,lake,1,1782895733.9825866,1782895736.4780054,2.4954187870025635,8.586213749120402,3.9378999999999995
535,/home/htj/resisc45/imgs_full/palace_s0005535.png,palace,airport,airport,0,1782895736.4824674,1782895738.9798872,2.497419834136963,8.51500968403166,3.847
536,/home/htj/resisc45/imgs_full/stadium_s0005536.png,stadium,stadium,stadium,1,1782895738.9842553,1782895741.7351155,2.7508602142333984,9.336419567108155,3.8065999999999995
537,/home/htj/resisc45/imgs_full/ship_s0005537.png,ship,harbor,harbor,0,1782895741.7394435,1782895744.4842074,2.7447638511657715,9.351524806082248,3.91135
538,/home/htj/resisc45/imgs_full/mobile_home_park_s0005538.png,mobile_home_park,mobile home park,mobile_home_park,1,1782895744.4885204,1782895747.47413,2.985609531402588,10.176909412329014,3.788449999999999
539,/home/htj/resisc45/imgs_full/ship_s0005539.png,ship,harbor,harbor,0,1782895747.475817,1782895750.2211435,2.745326519012451,9.377867307731082,3.9063999999999997
540,/home/htj/resisc45/imgs_full/terrace_s0005540.png,terrace,circular farmland,circular_farmland,0,1782895750.2255695,1782895753.447265,3.2216954231262207,11.037701110456672,3.7705
541,/home/htj/resisc45/imgs_full/dense_residential_s0005541.png,dense_residential,medium residential,medium_residential,0,1782895753.4518037,1782895756.1913302,2.7395265102386475,9.365699183409413,3.8086499999999996
542,/home/htj/resisc45/imgs_full/airport_s0005542.png,airport,airport,airport,1,1782895756.195598,1782895758.6953337,2.4997358322143555,8.57519843893273,3.9360999999999997
543,/home/htj/resisc45/imgs_full/sparse_residential_s0005543.png,sparse_residential,circular farmland,circular_farmland,0,1782895758.6996937,1782895761.9248824,3.225188732147217,10.960888779590004,3.7631999999999994
544,/home/htj/resisc45/imgs_full/terrace_s0005544.png,terrace,forest,forest,0,1782895761.9291174,1782895764.4375181,2.5084006786346436,8.519326832131906,3.746
545,/home/htj/resisc45/imgs_full/cloud_s0005545.png,cloud,airport,airport,0,1782895764.4416473,1782895766.9469953,2.505347967147827,8.67260362664136,3.83185
546,/home/htj/resisc45/imgs_full/golf_course_s0005546.png,golf_course,forest,forest,0,1782895766.9512975,1782895769.4569464,2.5056488513946533,8.529968995489858,3.83185
547,/home/htj/resisc45/imgs_full/intersection_s0005547.png,intersection,intersection,intersection,1,1782895769.4616036,1782895771.9729257,2.511322021484375,8.574936945936415,3.9277999999999995
548,/home/htj/resisc45/imgs_full/commercial_area_s0005548.png,commercial_area,commercial area,commercial_area,1,1782895771.977194,1782895774.7146232,2.737429141998291,9.19753379801909,3.7102999999999997
549,/home/htj/resisc45/imgs_full/dense_residential_s0005549.png,dense_residential,dense residential,dense_residential,1,1782895774.71889,1782895777.4507322,2.731842279434204,9.281491057758531,3.8116499999999998
550,/home/htj/resisc45/imgs_full/meadow_s0005550.png,meadow,circular farmland,circular_farmland,0,1782895777.4551961,1782895780.6776059,3.222409725189209,10.991466943527971,3.77125
551,/home/htj/resisc45/imgs_full/circular_farmland_s0005551.png,circular_farmland,circular farmland,circular_farmland,1,1782895780.681952,1782895783.8969746,3.215022563934326,11.02628650839287,3.7631999999999994
552,/home/htj/resisc45/imgs_full/golf_course_s0005552.png,golf_course,golf course,golf_course,1,1782895783.9012048,1782895786.8823886,2.9811837673187256,10.212962282263316,3.7900999999999994
553,/home/htj/resisc45/imgs_full/roundabout_s0005553.png,roundabout,intersection,intersection,0,1782895786.8869421,1782895789.393288,2.506345748901367,8.162085818507455,3.4417
554,/home/htj/resisc45/imgs_full/terrace_s0005554.png,terrace,airport,airport,0,1782895789.3975167,1782895791.90369,2.5061733722686768,8.183624354714697,3.541
555,/home/htj/resisc45/imgs_full/ground_track_field_s0005555.png,ground_track_field,stadium,stadium,0,1782895791.908273,1782895794.6572752,2.74900221824646,8.930217859102756,3.442
556,/home/htj/resisc45/imgs_full/forest_s0005556.png,forest,forest,forest,1,1782895794.6614861,1782895797.151398,2.4899117946624756,8.138899178802967,3.4417
557,/home/htj/resisc45/imgs_full/palace_s0005557.png,palace,stadium,stadium,0,1782895797.1557536,1782895799.905462,2.749708414077759,9.04115583667159,3.541
558,/home/htj/resisc45/imgs_full/harbor_s0005558.png,harbor,harbor,harbor,1,1782895799.9098442,1782895802.6527715,2.742927312850952,8.911142251943549,3.442
559,/home/htj/resisc45/imgs_full/golf_course_s0005559.png,golf_course,golf course,golf_course,1,1782895802.6571038,1782895805.6410387,2.9839348793029785,10.173697820654455,3.7833999999999994
560,/home/htj/resisc45/imgs_full/desert_s0005560.png,desert,desert,desert,1,1782895805.6423073,1782895808.3842912,2.7419838905334473,9.343995602965355,3.8116499999999998
561,/home/htj/resisc45/imgs_full/parking_lot_s0005561.png,parking_lot,airport,airport,0,1782895808.388755,1782895810.8982272,2.509472131729126,8.57184350086884,3.83185
562,/home/htj/resisc45/imgs_full/overpass_s0005562.png,overpass,freeway,freeway,0,1782895810.902689,1782895813.6498017,2.74711275100708,9.33863810250163,3.746
563,/home/htj/resisc45/imgs_full/sparse_residential_s0005563.png,sparse_residential,church,church,0,1782895813.6539888,1782895816.1490538,2.4950649738311768,8.426288064804943,3.7307
564,/home/htj/resisc45/imgs_full/lake_s0005564.png,lake,airport,airport,0,1782895816.1533031,1782895818.6589959,2.505692720413208,8.558421276818622,3.83185
565,/home/htj/resisc45/imgs_full/chaparral_s0005565.png,chaparral,chaparral,chaparral,1,1782895818.6634064,1782895821.6479802,2.9845738410949707,10.103965019100118,3.746
566,/home/htj/resisc45/imgs_full/runway_s0005566.png,runway,airport,airport,0,1782895821.6521387,1782895824.1562111,2.504072427749634,8.526992634594441,3.83185
567,/home/htj/resisc45/imgs_full/rectangular_farmland_s0005567.png,rectangular_farmland,rectangular farmland,rectangular_farmland,1,1782895824.1604562,1782895827.3805373,3.220081090927124,11.052525834470988,3.87225
568,/home/htj/resisc45/imgs_full/palace_s0005568.png,palace,airport,airport,0,1782895827.3847415,1782895829.8952737,2.5105321407318115,8.595320301733233,3.847
569,/home/htj/resisc45/imgs_full/snowberg_s0005569.png,snowberg,mountain,mountain,0,1782895829.897491,1782895832.647427,2.749936103820801,9.502600630760194,3.9075999999999995
570,/home/htj/resisc45/imgs_full/storage_tank_s0005570.png,storage_tank,industrial area,industrial_area,0,1782895832.6515934,1782895835.6247697,2.9731762409210205,10.07615145694751,3.746
571,/home/htj/resisc45/imgs_full/lake_s0005571.png,lake,lake,lake,1,1782895835.6289527,1782895838.1396794,2.5107266902923584,8.551592169106007,3.8293000000000004
572,/home/htj/resisc45/imgs_full/commercial_area_s0005572.png,commercial_area,airport,airport,0,1782895838.1442728,1782895840.6540828,2.509809970855713,8.575621382464062,3.74555
573,/home/htj/resisc45/imgs_full/industrial_area_s0005573.png,industrial_area,industrial area,industrial_area,1,1782895840.6585078,1782895843.6418817,2.9833738803863525,10.070462968353956,3.7833999999999994
574,/home/htj/resisc45/imgs_full/storage_tank_s0005574.png,storage_tank,airport,airport,0,1782895843.6462796,1782895846.1551578,2.508878231048584,8.551853570287879,3.7307
575,/home/htj/resisc45/imgs_full/airplane_s0005575.png,airplane,airport,airport,0,1782895846.159409,1782895848.6644068,2.504997730255127,8.51494273926995,3.83185
576,/home/htj/resisc45/imgs_full/storage_tank_s0005576.png,storage_tank,storage tank,storage_tank,1,1782895848.6688087,1782895851.4165204,2.747711658477783,9.327393444667258,3.847
577,/home/htj/resisc45/imgs_full/airport_s0005577.png,airport,airport,airport,1,1782895851.4209259,1782895853.92112,2.5001940727233887,8.208307608528571,3.444
578,/home/htj/resisc45/imgs_full/meadow_s0005578.png,meadow,field,,0,1782895853.9253771,1782895856.4299889,2.5046117305755615,8.193438815620812,3.442
579,/home/htj/resisc45/imgs_full/palace_s0005579.png,palace,palace,palace,1,1782895856.4341054,1782895859.1776774,2.7435719966888428,8.936728517214457,3.442
580,/home/htj/resisc45/imgs_full/baseball_diamond_s0005580.png,baseball_diamond,baseball diamond,baseball_diamond,1,1782895859.1795025,1782895862.1628997,2.9833972454071045,9.867614534441032,3.6847999999999996
581,/home/htj/resisc45/imgs_full/church_s0005581.png,church,airport,airport,0,1782895862.1673217,1782895864.674092,2.506770372390747,8.49356471425295,3.543
582,/home/htj/resisc45/imgs_full/sparse_residential_s0005582.png,sparse_residential,church,church,0,1782895864.6785529,1782895867.1877382,2.509185314178467,8.242217541564594,3.4436999999999998
583,/home/htj/resisc45/imgs_full/wetland_s0005583.png,wetland,airport,airport,0,1782895867.1919634,1782895869.6978774,2.5059139728546143,8.485879000940105,3.83185
584,/home/htj/resisc45/imgs_full/ground_track_field_s0005584.png,ground_track_field,stadium,stadium,0,1782895869.7021775,1782895872.4398317,2.737654209136963,9.342359057605266,3.847
585,/home/htj/resisc45/imgs_full/mobile_home_park_s0005585.png,mobile_home_park,mobile home park,mobile_home_park,1,1782895872.4439874,1782895875.4263532,2.982365846633911,10.237674156742276,3.847
586,/home/htj/resisc45/imgs_full/terrace_s0005586.png,terrace,circular farmland,circular_farmland,0,1782895875.4308946,1782895878.6565478,3.2256531715393066,11.024418526078973,3.746
587,/home/htj/resisc45/imgs_full/cloud_s0005587.png,cloud,cloud,cloud,1,1782895878.6606514,1782895881.1634777,2.50282621383667,8.446014588247646,3.543
588,/home/htj/resisc45/imgs_full/sea_ice_s0005588.png,sea_ice,sea ice,sea_ice,1,1782895881.1676412,1782895883.9135993,2.745958089828491,9.492328796848959,3.9083999999999994
589,/home/htj/resisc45/imgs_full/mobile_home_park_s0005589.png,mobile_home_park,mobile home park,mobile_home_park,1,1782895883.9183023,1782895886.909122,2.9908196926116943,10.238265996969663,3.79255
590,/home/htj/resisc45/imgs_full/palace_s0005590.png,palace,palace,palace,1,1782895886.9135237,1782895889.6613574,2.747833728790283,9.360467558004418,3.8065999999999995
591,/home/htj/resisc45/imgs_full/chaparral_s0005591.png,chaparral,chaparral,chaparral,1,1782895889.6657324,1782895892.638754,2.9730215072631836,10.186257765769959,3.7914499999999993
592,/home/htj/resisc45/imgs_full/parking_lot_s0005592.png,parking_lot,commercial area,commercial_area,0,1782895892.6432574,1782895895.3915582,2.748300790786743,9.337924499362707,3.8062499999999995
593,/home/htj/resisc45/imgs_full/river_s0005593.png,river,river,river,1,1782895895.3958323,1782895897.9054184,2.5095860958099365,8.459472512689503,3.6288500000000004
594,/home/htj/resisc45/imgs_full/palace_s0005594.png,palace,commercial area,commercial_area,0,1782895897.909591,1782895900.6532395,2.7436485290527344,9.419393342855026,3.948
595,/home/htj/resisc45/imgs_full/stadium_s0005595.png,stadium,stadium,stadium,1,1782895900.6575983,1782895903.40525,2.7476518154144287,9.368233350147804,3.8116499999999998
596,/home/htj/resisc45/imgs_full/mobile_home_park_s0005596.png,mobile_home_park,commercial area,commercial_area,0,1782895903.40963,1782895906.15795,2.7483198642730713,9.372057020490368,3.8116499999999998
597,/home/htj/resisc45/imgs_full/meadow_s0005597.png,meadow,golf course,golf_course,0,1782895906.1624238,1782895909.1465805,2.984156608581543,10.189093063372486,3.7863999999999995
598,/home/htj/resisc45/imgs_full/thermal_power_station_s0005598.png,thermal_power_station,thermal power station,thermal_power_station,1,1782895909.1512053,1782895912.1388423,2.9876370429992676,10.271553608390002,3.8924499999999993
599,/home/htj/resisc45/imgs_full/bridge_s0005599.png,bridge,airport,airport,0,1782895912.1430404,1782895914.6496418,2.506601333618164,8.482281944751739,3.543
600,/home/htj/resisc45/imgs_full/snowberg_s0005600.png,snowberg,mountain,mountain,0,1782895914.6541343,1782895917.4017818,2.747647523880005,9.414337607841102,3.847
601,/home/htj/resisc45/imgs_full/river_s0005601.png,river,river,river,1,1782895917.4062371,1782895919.9176989,2.5114617347717285,8.411969844590534,3.543
602,/home/htj/resisc45/imgs_full/freeway_s0005602.png,freeway,intersection,intersection,0,1782895919.919374,1782895922.4292774,2.5099034309387207,8.462196460669691,3.7281500000000003
603,/home/htj/resisc45/imgs_full/desert_s0005603.png,desert,circular farmland,circular_farmland,0,1782895922.4336576,1782895925.657638,3.22398042678833,11.13608896275929,3.948
604,/home/htj/resisc45/imgs_full/mountain_s0005604.png,mountain,desert,desert,0,1782895925.662151,1782895928.4103646,2.748213529586792,9.427059459865093,3.8116499999999998
605,/home/htj/resisc45/imgs_full/railway_station_s0005605.png,railway_station,airport,airport,0,1782895928.4150612,1782895930.9252272,2.5101659297943115,8.465192302877252,3.6288500000000004
606,/home/htj/resisc45/imgs_full/meadow_s0005606.png,meadow,circular farmland,circular_farmland,0,1782895930.9293997,1782895934.1456296,3.2162299156188965,10.489084981299284,3.444
607,/home/htj/resisc45/imgs_full/terrace_s0005607.png,terrace,rectangular farmland,rectangular_farmland,0,1782895934.147167,1782895937.372754,3.2255871295928955,10.704168489324196,3.543
608,/home/htj/resisc45/imgs_full/baseball_diamond_s0005608.png,baseball_diamond,baseball diamond,baseball_diamond,1,1782895937.3772442,1782895940.3483284,2.9710841178894043,9.953131794929504,3.543
609,/home/htj/resisc45/imgs_full/bridge_s0005609.png,bridge,bridge,bridge,1,1782895940.3522573,1782895942.8594313,2.507174015045166,8.280398034507577,3.541
610,/home/htj/resisc45/imgs_full/roundabout_s0005610.png,roundabout,roundabout,roundabout,1,1782895942.8639376,1782895945.612499,2.748561382293701,8.936145670791467,3.40735
611,/home/htj/resisc45/imgs_full/harbor_s0005611.png,harbor,harbor,harbor,1,1782895945.616661,1782895948.3613737,2.7447125911712646,8.976525347913304,3.50835
612,/home/htj/resisc45/imgs_full/mobile_home_park_s0005612.png,mobile_home_park,mobile home park,mobile_home_park,1,1782895948.365921,1782895951.3512304,2.985309362411499,9.747204048048776,3.4836
613,/home/htj/resisc45/imgs_full/runway_s0005613.png,runway,airport,airport,0,1782895951.3552322,1782895953.8593898,2.504157543182373,8.301680644349618,3.543
614,/home/htj/resisc45/imgs_full/mountain_s0005614.png,mountain,forest,forest,0,1782895953.8637934,1782895956.3761244,2.512331008911133,8.143892260681499,3.42715
615,/home/htj/resisc45/imgs_full/basketball_court_s0005615.png,basketball_court,baseball diamond,baseball_diamond,0,1782895956.380365,1782895959.3592436,2.9788787364959717,9.646755071364916,3.444
616,/home/htj/resisc45/imgs_full/railway_s0005616.png,railway,railway,railway,1,1782895959.3634486,1782895962.111619,2.7481703758239746,9.194805542012055,3.67495
617,/home/htj/resisc45/imgs_full/circular_farmland_s0005617.png,circular_farmland,circular farmland,circular_farmland,1,1782895962.1159341,1782895965.3406978,3.2247636318206787,11.111441359021834,3.948
618,/home/htj/resisc45/imgs_full/circular_farmland_s0005618.png,circular_farmland,circular farmland,circular_farmland,1,1782895965.3451204,1782895968.5683157,3.2231953144073486,11.069866391830278,3.746
619,/home/htj/resisc45/imgs_full/stadium_s0005619.png,stadium,stadium,stadium,1,1782895968.5728948,1782895971.3240638,2.751168966293335,9.449348342895506,3.91135
620,/home/htj/resisc45/imgs_full/airport_s0005620.png,airport,airport,airport,1,1782895971.3283958,1782895973.8397353,2.5113394260406494,8.480793241739272,3.6288500000000004
621,/home/htj/resisc45/imgs_full/bridge_s0005621.png,bridge,bridge,bridge,1,1782895973.8409529,1782895976.3331418,2.4921889305114746,8.54237404393066,3.93285
622,/home/htj/resisc45/imgs_full/river_s0005622.png,river,airport,airport,0,1782895976.3375359,1782895978.838155,2.5006191730499268,8.504719472050667,3.83215
623,/home/htj/resisc45/imgs_full/palace_s0005623.png,palace,palace,palace,1,1782895978.8422024,1782895981.5900931,2.7478907108306885,9.366929708267252,3.81235
624,/home/htj/resisc45/imgs_full/ship_s0005624.png,ship,airport,airport,0,1782895981.5912898,1782895984.0926173,2.5013275146484375,8.471541505293413,3.83185
625,/home/htj/resisc45/imgs_full/palace_s0005625.png,palace,church,church,0,1782895984.0970626,1782895986.6060216,2.5089590549468994,8.534338268995285,3.83185
626,/home/htj/resisc45/imgs_full/roundabout_s0005626.png,roundabout,roundabout,roundabout,1,1782895986.610498,1782895989.3614998,2.7510018348693848,9.38997163794438,3.746
627,/home/htj/resisc45/imgs_full/sparse_residential_s0005627.png,sparse_residential,church,church,0,1782895989.3658862,1782895991.8772388,2.5113525390625,8.48100875299627,3.8014000000000006
628,/home/htj/resisc45/imgs_full/airport_s0005628.png,airport,airport,airport,1,1782895991.8814547,1782895994.380446,2.4989912509918213,8.492878561751409,3.746
629,/home/htj/resisc45/imgs_full/dense_residential_s0005629.png,dense_residential,dense residential,dense_residential,1,1782895994.3850155,1782895997.132172,2.7471566200256348,9.32808476815621,3.7473
630,/home/htj/resisc45/imgs_full/stadium_s0005630.png,stadium,stadium,stadium,1,1782895997.136657,1782895999.88715,2.750493049621582,9.313057200996244,3.705199999999999
631,/home/htj/resisc45/imgs_full/sparse_residential_s0005631.png,sparse_residential,baseball diamond,baseball_diamond,0,1782895999.8889606,1782896002.8755496,2.986588954925537,10.19121789905658,3.79255
632,/home/htj/resisc45/imgs_full/beach_s0005632.png,beach,island,island,0,1782896002.879575,1782896005.6213605,2.7417855262756348,9.373307906359434,3.9126499999999997
633,/home/htj/resisc45/imgs_full/lake_s0005633.png,lake,island,island,0,1782896005.6256049,1782896008.3730607,2.7474558353424072,9.434146562766054,3.9075999999999995
634,/home/htj/resisc45/imgs_full/railway_station_s0005634.png,railway_station,airport,airport,0,1782896008.37738,1782896010.888892,2.511512041091919,8.52293027108366,3.644
635,/home/htj/resisc45/imgs_full/commercial_area_s0005635.png,commercial_area,commercial area,commercial_area,1,1782896010.8931246,1782896013.6259506,2.732825994491577,9.34871305778126,3.847
636,/home/htj/resisc45/imgs_full/church_s0005636.png,church,palace,palace,0,1782896013.6300375,1782896016.36829,2.7382524013519287,9.360430599396427,3.8116499999999998
637,/home/htj/resisc45/imgs_full/thermal_power_station_s0005637.png,thermal_power_station,industrial area,industrial_area,0,1782896016.3722541,1782896019.3521292,2.979875087738037,10.180571321386557,3.7914499999999993
638,/home/htj/resisc45/imgs_full/wetland_s0005638.png,wetland,airport,airport,0,1782896019.3565145,1782896021.8674111,2.510896682739258,8.497330901059238,3.8014000000000006
639,/home/htj/resisc45/imgs_full/cloud_s0005639.png,cloud,mountain,mountain,0,1782896021.8716624,1782896024.6192439,2.7475814819335938,9.394267293135325,3.8116499999999998
640,/home/htj/resisc45/imgs_full/overpass_s0005640.png,overpass,freeway,freeway,0,1782896024.623502,1782896027.370118,2.7466158866882324,9.310112317244212,3.746
641,/home/htj/resisc45/imgs_full/parking_lot_s0005641.png,parking_lot,parking lot,parking_lot,1,1782896027.374644,1782896030.3549607,2.980316638946533,10.136859281998415,3.7914499999999993
642,/home/htj/resisc45/imgs_full/island_s0005642.png,island,island,island,1,1782896030.3585644,1782896033.0878785,2.729314088821411,9.328621344053998,3.8173
643,/home/htj/resisc45/imgs_full/terrace_s0005643.png,terrace,airport,airport,0,1782896033.0917575,1782896035.584621,2.492863416671753,8.356136146251545,3.545
644,/home/htj/resisc45/imgs_full/rectangular_farmland_s0005644.png,rectangular_farmland,circular farmland,circular_farmland,0,1782896035.5859268,1782896038.7964354,3.2105085849761963,10.733068147847526,3.7681999999999993
645,/home/htj/resisc45/imgs_full/airplane_s0005645.png,airplane,airport,airport,0,1782896038.8005075,1782896041.3322048,2.5316972732543945,8.696495210777629,3.83215
646,/home/htj/resisc45/imgs_full/stadium_s0005646.png,stadium,stadium,stadium,1,1782896041.3365297,1782896044.1295037,2.7929739952087402,10.230036750287425,4.2116
647,/home/htj/resisc45/imgs_full/beach_s0005647.png,beach,beach,beach,1,1782896044.1336973,1782896046.8825402,2.74884295463562,9.337202429703304,3.746
648,/home/htj/resisc45/imgs_full/circular_farmland_s0005648.png,circular_farmland,circular farmland,circular_farmland,1,1782896046.8867037,1782896050.1067696,3.2200658321380615,10.984507071056536,3.77125
649,/home/htj/resisc45/imgs_full/airplane_s0005649.png,airplane,airport,airport,0,1782896050.1077707,1782896052.6050303,2.4972596168518066,8.722644062161445,3.9307000000000003
650,/home/htj/resisc45/imgs_full/airplane_s0005650.png,airplane,airport,airport,0,1782896052.6092901,1782896055.1078548,2.4985647201538086,8.39018033027649,3.543
651,/home/htj/resisc45/imgs_full/parking_lot_s0005651.png,parking_lot,parking lot,parking_lot,1,1782896055.1094272,1782896058.080473,2.971045732498169,10.109611595268433,3.8924499999999993
652,/home/htj/resisc45/imgs_full/rectangular_farmland_s0005652.png,rectangular_farmland,circular farmland,circular_farmland,0,1782896058.084554,1782896061.3126562,3.228102207183838,11.086039213306025,3.7661999999999995
653,/home/htj/resisc45/imgs_full/forest_s0005653.png,forest,forest,forest,1,1782896061.3169854,1782896063.8306494,2.5136640071868896,8.657801514208316,3.74555
654,/home/htj/resisc45/imgs_full/beach_s0005654.png,beach,beach,beach,1,1782896063.8352327,1782896066.6398327,2.8046000003814697,9.593334629876273,3.9075999999999995
655,/home/htj/resisc45/imgs_full/meadow_s0005655.png,meadow,forest,forest,0,1782896066.6414592,1782896069.1761336,2.5346744060516357,9.192457583438266,4.049
656,/home/htj/resisc45/imgs_full/commercial_area_s0005656.png,commercial_area,airport,airport,0,1782896069.1804392,1782896071.7458367,2.5653975009918213,9.03413281299273,4.553
657,/home/htj/resisc45/imgs_full/wetland_s0005657.png,wetland,forest,forest,0,1782896071.7475855,1782896074.4051309,2.657545328140259,14.79376323251014,6.37
658,/home/htj/resisc45/imgs_full/freeway_s0005658.png,freeway,freeway,freeway,1,1782896074.4092968,1782896077.4057262,2.996429443359375,10.731193438603327,4.646899999999999
659,/home/htj/resisc45/imgs_full/forest_s0005659.png,forest,forest,forest,1,1782896077.41019,1782896080.0595098,2.649319648742676,9.042991869739863,3.543
660,/home/htj/resisc45/imgs_full/sparse_residential_s0005660.png,sparse_residential,airport,airport,0,1782896080.0612917,1782896082.6961498,2.6348581314086914,8.72590549740584,3.444
661,/home/htj/resisc45/imgs_full/ship_s0005661.png,ship,harbor,harbor,0,1782896082.6976104,1782896086.4226635,3.725053071975708,15.460889215433237,5.565
662,/home/htj/resisc45/imgs_full/ship_s0005662.png,ship,space station,,0,1782896086.4238636,1782896089.8405235,3.4166598320007324,11.68674189968904,4.25705
663,/home/htj/resisc45/imgs_full/bridge_s0005663.png,bridge,bridge,bridge,1,1782896089.8446085,1782896092.9773734,3.1327648162841797,10.557018715355614,3.8772999999999995
664,/home/htj/resisc45/imgs_full/ship_s0005664.png,ship,harbor,harbor,0,1782896092.981507,1782896096.081935,3.1004278659820557,10.609319665405485,4.049
665,/home/htj/resisc45/imgs_full/commercial_area_s0005665.png,commercial_area,commercial area,commercial_area,1,1782896096.0841372,1782896098.8498523,2.7657151222229004,8.744909000640012,3.241
666,/home/htj/resisc45/imgs_full/forest_s0005666.png,forest,forest,forest,1,1782896098.8541884,1782896101.3827214,2.5285329818725586,8.304736712325703,3.541
667,/home/htj/resisc45/imgs_full/snowberg_s0005667.png,snowberg,mountain,mountain,0,1782896101.3871403,1782896104.153163,2.7660226821899414,9.487344901026512,3.847
668,/home/htj/resisc45/imgs_full/sparse_residential_s0005668.png,sparse_residential,baseball diamond,baseball_diamond,0,1782896104.157439,1782896107.154138,2.996699094772339,9.945931212564686,3.5418000000000003
669,/home/htj/resisc45/imgs_full/tennis_court_s0005669.png,tennis_court,airplane,airplane,0,1782896107.1582968,1782896109.9181485,2.7598516941070557,9.426043473581473,3.8459499999999998
670,/home/htj/resisc45/imgs_full/intersection_s0005670.png,intersection,intersection,intersection,1,1782896109.9225643,1782896112.4518914,2.529327154159546,8.619216246864532,3.6241999999999996
671,/home/htj/resisc45/imgs_full/bridge_s0005671.png,bridge,bridge,bridge,1,1782896112.4562135,1782896114.9774394,2.521225929260254,8.596520909937945,3.83185
672,/home/htj/resisc45/imgs_full/palace_s0005672.png,palace,airport,airport,0,1782896114.9819415,1782896117.5121062,2.5301647186279297,8.73755838754442,3.9504
673,/home/htj/resisc45/imgs_full/ground_track_field_s0005673.png,ground_track_field,stadium,stadium,0,1782896117.5162873,1782896120.2822735,2.765986204147339,9.432992576256394,3.746
674,/home/htj/resisc45/imgs_full/bridge_s0005674.png,bridge,bridge,bridge,1,1782896120.2866158,1782896122.8056068,2.518990993499756,8.578115951686435,3.8464
675,/home/htj/resisc45/imgs_full/wetland_s0005675.png,wetland,lake,lake,0,1782896122.809923,1782896125.3389866,2.5290637016296387,8.632039285984906,3.83185
676,/home/htj/resisc45/imgs_full/chaparral_s0005676.png,chaparral,chaparral,chaparral,1,1782896125.3433452,1782896128.3450997,3.0017545223236084,10.23694574804576,3.7863999999999995
677,/home/htj/resisc45/imgs_full/river_s0005677.png,river,island,island,0,1782896128.3493237,1782896131.1039665,2.7546427249908447,9.467993987744052,3.8086499999999996
678,/home/htj/resisc45/imgs_full/wetland_s0005678.png,wetland,wetland,wetland,1,1782896131.1080608,1782896134.0969934,2.9889326095581055,10.215720499830425,3.8866
679,/home/htj/resisc45/imgs_full/church_s0005679.png,church,stadium,stadium,0,1782896134.1012294,1782896136.8551755,2.75394606590271,9.485622980743647,3.8086499999999996
680,/home/htj/resisc45/imgs_full/tennis_court_s0005680.png,tennis_court,tennis court,tennis_court,1,1782896136.8595157,1782896139.842734,2.9832184314727783,9.98336862449376,3.543
681,/home/htj/resisc45/imgs_full/harbor_s0005681.png,harbor,harbor,harbor,1,1782896139.8473184,1782896142.6125648,2.7652463912963867,9.269854824523131,3.541
682,/home/htj/resisc45/imgs_full/medium_residential_s0005682.png,medium_residential,dense residential,dense_residential,0,1782896142.6173346,1782896145.3818486,2.7645139694213867,9.165040832461143,3.543
683,/home/htj/resisc45/imgs_full/medium_residential_s0005683.png,medium_residential,dense residential,dense_residential,0,1782896145.386248,1782896148.144986,2.758737802505493,9.163032663613558,3.543
684,/home/htj/resisc45/imgs_full/mobile_home_park_s0005684.png,mobile_home_park,mobile home park,mobile_home_park,1,1782896148.1492407,1782896151.1556945,3.0064537525177,9.950624488781083,3.5418000000000003
685,/home/htj/resisc45/imgs_full/palace_s0005685.png,palace,airport,airport,0,1782896151.1596234,1782896153.6658537,2.506230354309082,8.441553431120784,3.543
686,/home/htj/resisc45/imgs_full/industrial_area_s0005686.png,industrial_area,industrial area,industrial_area,1,1782896153.6704597,1782896156.6610267,2.9905669689178467,9.850306911904857,3.444
687,/home/htj/resisc45/imgs_full/tennis_court_s0005687.png,tennis_court,tennis court,tennis_court,1,1782896156.6626182,1782896159.653054,2.990435838699341,10.25736745188328,3.8924499999999993
688,/home/htj/resisc45/imgs_full/terrace_s0005688.png,terrace,mountain,mountain,0,1782896159.6574244,1782896162.4103122,2.752887725830078,9.45279845529673,3.8065999999999995
689,/home/htj/resisc45/imgs_full/bridge_s0005689.png,bridge,airport,airport,0,1782896162.4145188,1782896164.9312732,2.516754388809204,8.512063735696403,3.5446999999999997
690,/home/htj/resisc45/imgs_full/desert_s0005690.png,desert,chaparral,chaparral,0,1782896164.9356523,1782896167.939144,3.0034916400909424,10.395877941504963,3.8886
691,/home/htj/resisc45/imgs_full/river_s0005691.png,river,river,river,1,1782896167.9432564,1782896170.4674034,2.5241470336914062,8.523815064863726,3.543
692,/home/htj/resisc45/imgs_full/harbor_s0005692.png,harbor,harbor,harbor,1,1782896170.4717162,1782896173.2151012,2.743385076522827,9.425756738230586,3.847
693,/home/htj/resisc45/imgs_full/beach_s0005693.png,beach,beach,beach,1,1782896173.2192602,1782896175.976762,2.7575018405914307,9.44197354196012,3.8116499999999998
694,/home/htj/resisc45/imgs_full/overpass_s0005694.png,overpass,freeway,freeway,0,1782896175.9811993,1782896178.7315745,2.750375270843506,9.483007436444362,3.746
695,/home/htj/resisc45/imgs_full/commercial_area_s0005695.png,commercial_area,commercial area,commercial_area,1,1782896178.735992,1782896181.4877737,2.751781702041626,9.458772250881001,3.847
696,/home/htj/resisc45/imgs_full/palace_s0005696.png,palace,palace,palace,1,1782896181.4917314,1782896184.2495189,2.7577874660491943,9.410949727892875,3.746
697,/home/htj/resisc45/imgs_full/industrial_area_s0005697.png,industrial_area,industrial area,industrial_area,1,1782896184.2535412,1782896187.2471313,2.9935901165008545,10.339295434070083,3.8873999999999995
698,/home/htj/resisc45/imgs_full/baseball_diamond_s0005698.png,baseball_diamond,baseball diamond,baseball_diamond,1,1782896187.25137,1782896190.246937,2.9955670833587646,10.340524750576568,3.8924499999999993
699,/home/htj/resisc45/imgs_full/railway_station_s0005699.png,railway_station,airport,airport,0,1782896190.2512217,1782896192.759456,2.5082342624664307,8.512548049542037,3.5446999999999997
700,/home/htj/resisc45/imgs_full/dense_residential_s0005700.png,dense_residential,dense residential,dense_residential,1,1782896192.763769,1782896195.5324595,2.768690586090088,9.502261453568936,3.9126499999999997
701,/home/htj/resisc45/imgs_full/lake_s0005701.png,lake,lake,lake,1,1782896195.5367095,1782896198.0542262,2.517516613006592,8.608452251328362,3.8272
702,/home/htj/resisc45/imgs_full/medium_residential_s0005702.png,medium_residential,airport,airport,0,1782896198.0587559,1782896200.5740185,2.5152626037597656,8.57281526444175,3.8293000000000004
703,/home/htj/resisc45/imgs_full/intersection_s0005703.png,intersection,intersection,intersection,1,1782896200.5783222,1782896203.1033282,2.525006055831909,8.310426181256771,3.442
704,/home/htj/resisc45/imgs_full/medium_residential_s0005704.png,medium_residential,dense residential,dense_residential,0,1782896203.1077228,1782896205.8790114,2.7712886333465576,9.027161660116546,3.4023999999999996
705,/home/htj/resisc45/imgs_full/commercial_area_s0005705.png,commercial_area,stadium,stadium,0,1782896205.8833497,1782896208.6520972,2.768747568130493,9.49256627975678,3.9075999999999995
706,/home/htj/resisc45/imgs_full/storage_tank_s0005706.png,storage_tank,industrial area,industrial_area,0,1782896208.6566124,1782896211.6515455,2.9949331283569336,10.146948628608998,3.746
707,/home/htj/resisc45/imgs_full/ship_s0005707.png,ship,harbor,harbor,0,1782896211.6527555,1782896214.4083197,2.7555642127990723,9.167818371986856,3.5422
708,/home/htj/resisc45/imgs_full/railway_s0005708.png,railway,railway,railway,1,1782896214.4127812,1782896217.1756842,2.7629029750823975,9.145669331351915,3.5403000000000002
709,/home/htj/resisc45/imgs_full/thermal_power_station_s0005709.png,thermal_power_station,thermal power station,thermal_power_station,1,1782896217.180037,1782896220.1690452,2.9890081882476807,9.93557601049711,3.4827999999999997
710,/home/htj/resisc45/imgs_full/sea_ice_s0005710.png,sea_ice,island,island,0,1782896220.1701033,1782896222.9258533,2.7557499408721924,9.195707906862099,3.541
711,/home/htj/resisc45/imgs_full/mobile_home_park_s0005711.png,mobile_home_park,medium residential,medium_residential,0,1782896222.9303448,1782896225.7008338,2.770488977432251,9.983089516333171,4.2097999999999995
712,/home/htj/resisc45/imgs_full/intersection_s0005712.png,intersection,intersection,intersection,1,1782896225.7051482,1782896228.2311156,2.5259673595428467,8.331214435263114,3.52645
713,/home/htj/resisc45/imgs_full/chaparral_s0005713.png,chaparral,chaparral,chaparral,1,1782896228.2356446,1782896231.2301626,2.9945180416107178,10.053275069772072,3.7863999999999995
714,/home/htj/resisc45/imgs_full/chaparral_s0005714.png,chaparral,desert,desert,0,1782896231.234138,1782896234.0036943,2.7695562839508057,9.540499661085557,3.9471999999999996
715,/home/htj/resisc45/imgs_full/ship_s0005715.png,ship,ship,ship,1,1782896234.0081782,1782896236.5383055,2.5301272869110107,8.589609630384228,3.62745
716,/home/htj/resisc45/imgs_full/ground_track_field_s0005716.png,ground_track_field,baseball diamond,baseball_diamond,0,1782896236.5426173,1782896239.530968,2.9883506298065186,10.310260744625667,3.8866
717,/home/htj/resisc45/imgs_full/circular_farmland_s0005717.png,circular_farmland,circular farmland,circular_farmland,1,1782896239.5350199,1782896242.7760484,3.2410285472869873,11.10996155935003,3.7631999999999994
718,/home/htj/resisc45/imgs_full/terrace_s0005718.png,terrace,circular farmland,circular_farmland,0,1782896242.780301,1782896246.0200043,3.2397031784057617,10.899043534931383,3.543
719,/home/htj/resisc45/imgs_full/airport_s0005719.png,airport,airport,airport,1,1782896246.0243437,1782896248.5518918,2.52754807472229,8.657943597137928,3.7988500000000003
720,/home/htj/resisc45/imgs_full/mobile_home_park_s0005720.png,mobile_home_park,mobile home park,mobile_home_park,1,1782896248.5561593,1782896251.5471346,2.9909753799438477,10.292397750368657,3.8451999999999997
721,/home/htj/resisc45/imgs_full/airplane_s0005721.png,airplane,airport,airport,0,1782896251.5512967,1782896254.0713832,2.5200865268707275,8.577114494204523,3.7130000000000005
722,/home/htj/resisc45/imgs_full/runway_s0005722.png,runway,freeway,freeway,0,1782896254.075672,1782896256.8408792,2.765207290649414,9.508588514911883,3.8458
723,/home/htj/resisc45/imgs_full/palace_s0005723.png,palace,church,church,0,1782896256.84519,1782896259.360099,2.514909029006958,8.515424815194173,3.543
724,/home/htj/resisc45/imgs_full/parking_lot_s0005724.png,parking_lot,parking lot,parking_lot,1,1782896259.3646183,1782896262.3673048,3.0026865005493164,10.390541690070673,3.8873999999999995
725,/home/htj/resisc45/imgs_full/mobile_home_park_s0005725.png,mobile_home_park,mobile home park,mobile_home_park,1,1782896262.3715234,1782896265.3718755,3.000352144241333,10.340252072490179,3.7900999999999994
726,/home/htj/resisc45/imgs_full/snowberg_s0005726.png,snowberg,mountain,mountain,0,1782896265.3762019,1782896268.1409214,2.7647194862365723,9.47745839881897,3.9051999999999993
727,/home/htj/resisc45/imgs_full/island_s0005727.png,island,island,island,1,1782896268.1451375,1782896270.897977,2.7528395652770996,9.455373047659794,3.8116499999999998
728,/home/htj/resisc45/imgs_full/beach_s0005728.png,beach,beach,beach,1,1782896270.9022334,1782896273.6630912,2.7608578205108643,9.460783622444891,3.8458
729,/home/htj/resisc45/imgs_full/baseball_diamond_s0005729.png,baseball_diamond,baseball diamond,baseball_diamond,1,1782896273.6673417,1782896276.6568224,2.98948073387146,10.301463158850487,3.8898999999999995
730,/home/htj/resisc45/imgs_full/river_s0005730.png,river,river,river,1,1782896276.6611273,1782896279.1692436,2.5081162452697754,8.582104960314432,3.885199999999999
731,/home/htj/resisc45/imgs_full/island_s0005731.png,island,island,island,1,1782896279.173377,1782896281.9402719,2.766894817352295,9.543366086900233,3.8459499999999998
732,/home/htj/resisc45/imgs_full/dense_residential_s0005732.png,dense_residential,medium residential,medium_residential,0,1782896281.944667,1782896284.710654,2.765986919403076,9.43015258764734,3.743
733,/home/htj/resisc45/imgs_full/medium_residential_s0005733.png,medium_residential,commercial area,commercial_area,0,1782896284.715078,1782896287.48214,2.767061948776245,9.4934436635077,4.0116499999999995
734,/home/htj/resisc45/imgs_full/desert_s0005734.png,desert,desert,desert,1,1782896287.4838672,1782896290.2443743,2.760507106781006,9.541889993667603,3.8065999999999995
735,/home/htj/resisc45/imgs_full/industrial_area_s0005735.png,industrial_area,industrial area,industrial_area,1,1782896290.2489998,1782896293.2549098,3.0059099197387695,10.257298951778772,3.7863999999999995
736,/home/htj/resisc45/imgs_full/harbor_s0005736.png,harbor,harbor,harbor,1,1782896293.258995,1782896296.0136695,2.7546744346618652,9.249737639188767,3.541
737,/home/htj/resisc45/imgs_full/beach_s0005737.png,beach,beach,beach,1,1782896296.0175445,1782896298.7673366,2.7497920989990234,9.380326504571096,3.844
738,/home/htj/resisc45/imgs_full/stadium_s0005738.png,stadium,stadium,stadium,1,1782896298.7716877,1782896301.5395544,2.767866611480713,9.50883275207877,3.8086499999999996
739,/home/htj/resisc45/imgs_full/overpass_s0005739.png,overpass,freeway,freeway,0,1782896301.543987,1782896304.306122,2.7621350288391113,9.450391335711187,3.8035999999999994
740,/home/htj/resisc45/imgs_full/airplane_s0005740.png,airplane,airport,airport,0,1782896304.310285,1782896306.838963,2.5286779403686523,8.6216423775933,3.8288500000000005
741,/home/htj/resisc45/imgs_full/rectangular_farmland_s0005741.png,rectangular_farmland,rectangular farmland,rectangular_farmland,1,1782896306.8433292,1782896310.085176,3.241846799850464,10.926843699664401,3.6668
742,/home/htj/resisc45/imgs_full/airport_s0005742.png,airport,airport,airport,1,1782896310.0897202,1782896312.6233766,2.533656358718872,8.805581916040843,3.844
743,/home/htj/resisc45/imgs_full/bridge_s0005743.png,bridge,bridge,bridge,1,1782896312.6251307,1782896315.1469297,2.521799087524414,8.566379559473559,3.746
744,/home/htj/resisc45/imgs_full/golf_course_s0005744.png,golf_course,golf course,golf_course,1,1782896315.1513002,1782896318.1529386,3.001638412475586,10.157261214382244,3.7863999999999995
745,/home/htj/resisc45/imgs_full/medium_residential_s0005745.png,medium_residential,dense residential,dense_residential,0,1782896318.1572454,1782896320.9231527,2.7659072875976562,9.200028556512326,3.541
746,/home/htj/resisc45/imgs_full/baseball_diamond_s0005746.png,baseball_diamond,baseball diamond,baseball_diamond,1,1782896320.9277213,1782896323.9343686,3.0066473484039307,9.845093281924724,3.541
747,/home/htj/resisc45/imgs_full/overpass_s0005747.png,overpass,freeway,freeway,0,1782896323.9386582,1782896326.7059414,2.7672832012176514,9.238038453175097,3.539
748,/home/htj/resisc45/imgs_full/runway_s0005748.png,runway,airport,airport,0,1782896326.7101858,1782896329.2309763,2.5207905769348145,8.610390413165092,3.8288500000000005
749,/home/htj/resisc45/imgs_full/terrace_s0005749.png,terrace,circular farmland,circular_farmland,0,1782896329.2348773,1782896332.4731667,3.2382893562316895,10.920534326904699,3.7631999999999994
750,/home/htj/resisc45/imgs_full/baseball_diamond_s0005750.png,baseball_diamond,baseball diamond,baseball_diamond,1,1782896332.477215,1782896335.47561,2.9983949661254883,10.37314539252587,3.7833999999999994
751,/home/htj/resisc45/imgs_full/wetland_s0005751.png,wetland,forest,forest,0,1782896335.4799938,1782896338.0096028,2.529608964920044,8.813502580458467,3.9307000000000003
752,/home/htj/resisc45/imgs_full/forest_s0005752.png,forest,forest,forest,1,1782896338.014311,1782896340.5454195,2.5311083793640137,8.650177936857396,3.847
753,/home/htj/resisc45/imgs_full/mountain_s0005753.png,mountain,mountain,mountain,1,1782896340.5495868,1782896343.308693,2.759106159210205,9.457089747993313,3.8035999999999994
754,/home/htj/resisc45/imgs_full/church_s0005754.png,church,airport,airport,0,1782896343.312595,1782896345.837282,2.5246870517730713,9.263019413704221,4.044
755,/home/htj/resisc45/imgs_full/mountain_s0005755.png,mountain,mountain,mountain,1,1782896345.8418403,1782896348.6120656,2.7702252864837646,9.146888149499892,3.44
756,/home/htj/resisc45/imgs_full/thermal_power_station_s0005756.png,thermal_power_station,industrial area,industrial_area,0,1782896348.6165304,1782896351.6224968,3.0059664249420166,9.937782807904942,3.539
757,/home/htj/resisc45/imgs_full/railway_station_s0005757.png,railway_station,airport,airport,0,1782896351.6268728,1782896354.1477833,2.5209105014801025,8.781190677962519,3.9278500000000003
758,/home/htj/resisc45/imgs_full/commercial_area_s0005758.png,commercial_area,commercial area,commercial_area,1,1782896354.1523857,1782896356.9248865,2.77250075340271,9.054534807429022,3.442
759,/home/htj/resisc45/imgs_full/tennis_court_s0005759.png,tennis_court,tennis court,tennis_court,1,1782896356.9292347,1782896359.9397826,3.0105478763580322,10.243968100822888,3.844
760,/home/htj/resisc45/imgs_full/desert_s0005760.png,desert,desert,desert,1,1782896359.943791,1782896362.7061327,2.7623417377471924,9.556263692950209,3.8086499999999996
761,/home/htj/resisc45/imgs_full/dense_residential_s0005761.png,dense_residential,circular farmland,circular_farmland,0,1782896362.710972,1782896365.9565594,3.2455873489379883,11.054071929580287,3.7631999999999994
762,/home/htj/resisc45/imgs_full/airport_s0005762.png,airport,airport,airport,1,1782896365.961029,1782896368.4845319,2.523502826690674,8.812874803521417,3.82715
763,/home/htj/resisc45/imgs_full/cloud_s0005763.png,cloud,cloud,cloud,1,1782896368.4887085,1782896371.0100527,2.5213441848754883,8.565521925514394,3.743
764,/home/htj/resisc45/imgs_full/palace_s0005764.png,palace,airport,airport,0,1782896371.0150392,1782896373.5424078,2.5273685455322266,8.70833552460237,3.9307000000000003
765,/home/htj/resisc45/imgs_full/basketball_court_s0005765.png,basketball_court,basketball court,basketball_court,1,1782896373.5468755,1782896376.544862,2.9979865550994873,10.20192198386732,3.7833999999999994
766,/home/htj/resisc45/imgs_full/intersection_s0005766.png,intersection,intersection,intersection,1,1782896376.5495281,1782896379.0727608,2.5232326984405518,8.776548825746232,3.82715
767,/home/htj/resisc45/imgs_full/freeway_s0005767.png,freeway,freeway,freeway,1,1782896379.0770411,1782896381.8432348,2.7661936283111572,9.382420710850734,3.8035999999999994
768,/home/htj/resisc45/imgs_full/parking_lot_s0005768.png,parking_lot,parking lot,parking_lot,1,1782896381.8477998,1782896384.8488793,3.001079559326172,10.2799998459726,3.8823999999999996
769,/home/htj/resisc45/imgs_full/church_s0005769.png,church,church,church,1,1782896384.8531742,1782896387.3769531,2.5237789154052734,8.796975561315364,3.8268500000000003
770,/home/htj/resisc45/imgs_full/river_s0005770.png,river,airport,airport,0,1782896387.3813238,1782896389.9135628,2.5322389602661133,8.63392195892334,3.743
771,/home/htj/resisc45/imgs_full/snowberg_s0005771.png,snowberg,mountain,mountain,0,1782896389.9180062,1782896392.6807044,2.762698173522949,9.438067635297775,3.844
772,/home/htj/resisc45/imgs_full/intersection_s0005772.png,intersection,intersection,intersection,1,1782896392.6851566,1782896395.4536057,2.768449068069458,9.26289158799697,3.541
773,/home/htj/resisc45/imgs_full/ground_track_field_s0005773.png,ground_track_field,ground track field,ground_track_field,1,1782896395.45796,1782896398.882711,3.424751043319702,11.327592392516136,3.6470499999999997
774,/home/htj/resisc45/imgs_full/mobile_home_park_s0005774.png,mobile_home_park,mobile home park,mobile_home_park,1,1782896398.8871825,1782896402.133627,3.2464444637298584,11.12135049491598,3.943
775,/home/htj/resisc45/imgs_full/storage_tank_s0005775.png,storage_tank,airport,airport,0,1782896402.1382098,1782896404.7192047,2.5809948444366455,8.968171564247298,3.844
776,/home/htj/resisc45/imgs_full/thermal_power_station_s0005776.png,thermal_power_station,thermal power station,thermal_power_station,1,1782896404.7238402,1782896407.782151,3.0583107471466064,10.595431027524876,4.0268
777,/home/htj/resisc45/imgs_full/church_s0005777.png,church,church,church,1,1782896407.7871723,1782896410.2941728,2.50700044631958,8.912899382211945,3.9307000000000003
778,/home/htj/resisc45/imgs_full/roundabout_s0005778.png,roundabout,roundabout,roundabout,1,1782896410.298749,1782896413.0554123,2.7566633224487305,9.362432669838268,3.8086499999999996
779,/home/htj/resisc45/imgs_full/storage_tank_s0005779.png,storage_tank,storage tank,storage_tank,1,1782896413.060196,1782896415.8160396,2.7558436393737793,9.517593075623115,3.8086499999999996
780,/home/htj/resisc45/imgs_full/thermal_power_station_s0005780.png,thermal_power_station,airport,airport,0,1782896415.8210208,1782896418.3235328,2.502511978149414,8.36065972718527,3.539
781,/home/htj/resisc45/imgs_full/railway_s0005781.png,railway,railway,railway,1,1782896418.3282049,1782896421.084681,2.7564761638641357,9.376038818210365,3.8086499999999996
782,/home/htj/resisc45/imgs_full/railway_s0005782.png,railway,railway,railway,1,1782896421.0895667,1782896423.8679273,2.778360605239868,9.55733367707778,3.8035999999999994
783,/home/htj/resisc45/imgs_full/snowberg_s0005783.png,snowberg,river,river,0,1782896423.8730443,1782896426.3884292,2.5153849124908447,8.699001377138226,3.8293000000000004
784,/home/htj/resisc45/imgs_full/harbor_s0005784.png,harbor,airport,airport,0,1782896426.3935351,1782896428.8892598,2.495724678039551,8.545474739638243,3.8288500000000005
785,/home/htj/resisc45/imgs_full/church_s0005785.png,church,church,church,1,1782896428.8917253,1782896431.4046643,2.512938976287842,8.579687675291842,3.8288500000000005
786,/home/htj/resisc45/imgs_full/palace_s0005786.png,palace,airport,airport,0,1782896431.4098377,1782896433.912948,2.50311017036438,8.565187892046842,3.83185
787,/home/htj/resisc45/imgs_full/snowberg_s0005787.png,snowberg,mountain,mountain,0,1782896433.9180086,1782896436.6520116,2.7340030670166016,9.31731157720089,3.8086499999999996
788,/home/htj/resisc45/imgs_full/baseball_diamond_s0005788.png,baseball_diamond,baseball diamond,baseball_diamond,1,1782896436.6566203,1782896439.6444483,2.987828016281128,10.162956062096471,3.7833999999999994
789,/home/htj/resisc45/imgs_full/beach_s0005789.png,beach,beach,beach,1,1782896439.649586,1782896442.4023547,2.7527687549591064,9.474284513031444,3.8086499999999996
790,/home/htj/resisc45/imgs_full/basketball_court_s0005790.png,basketball_court,basketball court,basketball_court,1,1782896442.4075317,1782896445.3956573,2.9881255626678467,10.201291531765238,3.844
791,/home/htj/resisc45/imgs_full/baseball_diamond_s0005791.png,baseball_diamond,commercial area,commercial_area,0,1782896445.400718,1782896448.1401484,2.7394304275512695,9.494466361622015,3.847
792,/home/htj/resisc45/imgs_full/railway_station_s0005792.png,railway_station,railway,railway,0,1782896448.144785,1782896450.8956928,2.7509078979492188,9.38959369325638,3.746
793,/home/htj/resisc45/imgs_full/forest_s0005793.png,forest,forest,forest,1,1782896450.9007936,1782896453.4054244,2.5046308040618896,8.640520886594599,3.83185
794,/home/htj/resisc45/imgs_full/overpass_s0005794.png,overpass,intersection,intersection,0,1782896453.4103281,1782896455.9112537,2.5009255409240723,8.566522565917536,3.847
795,/home/htj/resisc45/imgs_full/tennis_court_s0005795.png,tennis_court,commercial area,commercial_area,0,1782896455.9157817,1782896458.6643586,2.7485768795013428,9.356043511011162,3.9075999999999995
796,/home/htj/resisc45/imgs_full/chaparral_s0005796.png,chaparral,chaparral,chaparral,1,1782896458.6692562,1782896461.6461773,2.9769210815429688,10.19721417089609,3.84535
797,/home/htj/resisc45/imgs_full/river_s0005797.png,river,river,river,1,1782896461.6506152,1782896464.156722,2.5061068534851074,8.9613824522712,3.948
798,/home/htj/resisc45/imgs_full/industrial_area_s0005798.png,industrial_area,industrial area,industrial_area,1,1782896464.1631837,1782896467.1504376,2.9872539043426514,10.321131329347502,3.847
799,/home/htj/resisc45/imgs_full/lake_s0005799.png,lake,lake,lake,1,1782896467.1550388,1782896469.6608655,2.505826711654663,8.713158130672845,3.83185
800,/home/htj/resisc45/imgs_full/golf_course_s0005800.png,golf_course,golf course,golf_course,1,1782896469.6652503,1782896472.6327925,2.9675421714782715,10.126851796406966,3.847
801,/home/htj/resisc45/imgs_full/chaparral_s0005801.png,chaparral,chaparral,chaparral,1,1782896472.6363883,1782896475.6158695,2.9794812202453613,10.251993794853872,3.7914499999999993
802,/home/htj/resisc45/imgs_full/railway_station_s0005802.png,railway_station,airport,airport,0,1782896475.621065,1782896478.1319752,2.5109102725982666,8.816890223801135,3.948
803,/home/htj/resisc45/imgs_full/wetland_s0005803.png,wetland,airport,airport,0,1782896478.1365285,1782896480.6306593,2.494130849838257,8.477947552144528,3.746
804,/home/htj/resisc45/imgs_full/basketball_court_s0005804.png,basketball_court,basketball court,basketball_court,1,1782896480.6355326,1782896483.623799,2.9882664680480957,10.116522406838975,3.8848
805,/home/htj/resisc45/imgs_full/sea_ice_s0005805.png,sea_ice,sea ice,sea_ice,1,1782896483.628356,1782896486.3742142,2.7458581924438477,9.5822442163229,3.946
806,/home/htj/resisc45/imgs_full/overpass_s0005806.png,overpass,freeway,freeway,0,1782896486.379449,1782896489.1284544,2.7490055561065674,9.001332338725527,3.442
807,/home/htj/resisc45/imgs_full/lake_s0005807.png,lake,airport,airport,0,1782896489.13402,1782896491.6293366,2.495316505432129,8.250038642506267,3.5311
808,/home/htj/resisc45/imgs_full/intersection_s0005808.png,intersection,intersection,intersection,1,1782896491.6335907,1782896494.135987,2.50239634513855,8.575996638010848,3.93285
809,/home/htj/resisc45/imgs_full/bridge_s0005809.png,bridge,freeway,freeway,0,1782896494.1407228,1782896496.8885772,2.747854471206665,9.023505454141267,3.442
810,/home/htj/resisc45/imgs_full/chaparral_s0005810.png,chaparral,chaparral,chaparral,1,1782896496.8937235,1782896499.8694992,2.975775718688965,10.117351311261837,3.7914499999999993
811,/home/htj/resisc45/imgs_full/circular_farmland_s0005811.png,circular_farmland,circular farmland,circular_farmland,1,1782896499.8739793,1782896503.1016173,3.227638006210327,11.03597384597126,3.7631999999999994
812,/home/htj/resisc45/imgs_full/thermal_power_station_s0005812.png,thermal_power_station,industrial area,industrial_area,0,1782896503.1066043,1782896506.097108,2.9905035495758057,10.348465004256138,3.7914499999999993
813,/home/htj/resisc45/imgs_full/overpass_s0005813.png,overpass,freeway,freeway,0,1782896506.101848,1782896508.8487887,2.746940851211548,9.463715772580128,3.8065999999999995
814,/home/htj/resisc45/imgs_full/industrial_area_s0005814.png,industrial_area,industrial area,industrial_area,1,1782896508.8535876,1782896511.8265548,2.9729671478271484,10.195390626357153,3.84535
815,/home/htj/resisc45/imgs_full/airplane_s0005815.png,airplane,airport,airport,0,1782896511.8312504,1782896514.3263438,2.49509334564209,8.36536750793457,3.543
816,/home/htj/resisc45/imgs_full/cloud_s0005816.png,cloud,cloud,cloud,1,1782896514.3311536,1782896516.8379118,2.506758213043213,8.593850815642964,3.9307000000000003
817,/home/htj/resisc45/imgs_full/mountain_s0005817.png,mountain,forest,forest,0,1782896516.8425343,1782896519.3417811,2.499246835708618,8.545776947254483,3.844
818,/home/htj/resisc45/imgs_full/meadow_s0005818.png,meadow,circular farmland,circular_farmland,0,1782896519.3462663,1782896522.6098912,3.263624906539917,11.001106994172982,3.847
819,/home/htj/resisc45/imgs_full/forest_s0005819.png,forest,forest,forest,1,1782896522.6148238,1782896525.1248677,2.5100438594818115,8.89867594637654,3.948
820,/home/htj/resisc45/imgs_full/snowberg_s0005820.png,snowberg,mountain,mountain,0,1782896525.129874,1782896527.8827548,2.752880811691284,9.419346875268586,3.9051999999999993
821,/home/htj/resisc45/imgs_full/parking_lot_s0005821.png,parking_lot,parking lot,parking_lot,1,1782896527.8875585,1782896530.8659363,2.9783778190612793,10.212914818057648,3.788449999999999
822,/home/htj/resisc45/imgs_full/snowberg_s0005822.png,snowberg,mountain,mountain,0,1782896530.8707485,1782896533.6083498,2.7376012802124023,9.440789114892482,3.746
823,/home/htj/resisc45/imgs_full/industrial_area_s0005823.png,industrial_area,industrial area,industrial_area,1,1782896533.612828,1782896536.6010654,2.9882373809814453,10.168520752780841,3.7851999999999997
824,/home/htj/resisc45/imgs_full/freeway_s0005824.png,freeway,freeway,freeway,1,1782896536.605937,1782896539.354841,2.74890398979187,9.538410500412187,3.847
825,/home/htj/resisc45/imgs_full/intersection_s0005825.png,intersection,intersection,intersection,1,1782896539.3595173,1782896541.870674,2.5111565589904785,8.632614317189564,3.8288500000000005
826,/home/htj/resisc45/imgs_full/church_s0005826.png,church,stadium,stadium,0,1782896541.8773942,1782896544.6269383,2.749544143676758,9.306701908033721,3.743
827,/home/htj/resisc45/imgs_full/snowberg_s0005827.png,snowberg,mountain,mountain,0,1782896544.631954,1782896547.3833077,2.7513537406921387,9.090186159898838,3.5070499999999996
828,/home/htj/resisc45/imgs_full/river_s0005828.png,river,river,river,1,1782896547.38775,1782896549.892899,2.5051491260528564,8.308042400517246,3.543
829,/home/htj/resisc45/imgs_full/railway_station_s0005829.png,railway_station,airport,airport,0,1782896549.8974822,1782896552.3941514,2.496669292449951,8.224369104233656,3.442
830,/home/htj/resisc45/imgs_full/parking_lot_s0005830.png,parking_lot,parking lot,parking_lot,1,1782896552.3986995,1782896555.4187849,3.020085334777832,10.102242427574014,3.543
831,/home/htj/resisc45/imgs_full/stadium_s0005831.png,stadium,stadium,stadium,1,1782896555.4235976,1782896558.2180915,2.7944939136505127,9.500880092995507,3.5422
832,/home/htj/resisc45/imgs_full/airport_s0005832.png,airport,airport,airport,1,1782896558.22269,1782896560.733696,2.5110058784484863,8.35371707939018,3.541
833,/home/htj/resisc45/imgs_full/airplane_s0005833.png,airplane,airport,airport,0,1782896560.7383678,1782896563.2551038,2.5167360305786133,8.274742075811732,3.442
834,/home/htj/resisc45/imgs_full/lake_s0005834.png,lake,circular farmland,circular_farmland,0,1782896563.2598343,1782896566.4881806,3.228346347808838,10.585124660257708,3.4404
835,/home/htj/resisc45/imgs_full/thermal_power_station_s0005835.png,thermal_power_station,thermal power station,thermal_power_station,1,1782896566.4931517,1782896569.487842,2.994690418243408,10.062793297501711,3.539
836,/home/htj/resisc45/imgs_full/industrial_area_s0005836.png,industrial_area,industrial area,industrial_area,1,1782896569.4923985,1782896572.4716132,2.979214668273926,9.968058798861954,3.541
837,/home/htj/resisc45/imgs_full/golf_course_s0005837.png,golf_course,golf course,golf_course,1,1782896572.4759588,1782896575.4687726,2.9928138256073,10.054242938903663,3.5855499999999996
838,/home/htj/resisc45/imgs_full/railway_station_s0005838.png,railway_station,railway,railway,0,1782896575.473983,1782896578.2347422,2.760759115219116,9.253163081850325,3.541
839,/home/htj/resisc45/imgs_full/rectangular_farmland_s0005839.png,rectangular_farmland,circular farmland,circular_farmland,0,1782896578.2367535,1782896581.4653215,3.2285680770874023,10.697687364424977,3.541
840,/home/htj/resisc45/imgs_full/airplane_s0005840.png,airplane,airport,airport,0,1782896581.4698703,1782896584.0109394,2.5410690307617188,8.622078227650036,3.6209000000000002
841,/home/htj/resisc45/imgs_full/airport_s0005841.png,airport,airport,airport,1,1782896584.0156462,1782896586.5272732,2.511626958847046,9.179825287293305,4.638850000000001
842,/home/htj/resisc45/imgs_full/railway_s0005842.png,railway,railway,railway,1,1782896586.5329041,1782896589.2871704,2.7542662620544434,9.344326074901891,3.844
843,/home/htj/resisc45/imgs_full/church_s0005843.png,church,church,church,1,1782896589.2917705,1782896591.8012934,2.5095229148864746,8.624431773900985,3.8288500000000005
844,/home/htj/resisc45/imgs_full/ground_track_field_s0005844.png,ground_track_field,stadium,stadium,0,1782896591.8056028,1782896594.5546563,2.749053478240967,9.294034362405538,3.7076499999999997
845,/home/htj/resisc45/imgs_full/terrace_s0005845.png,terrace,airport,airport,0,1782896594.5594025,1782896597.066702,2.5072994232177734,8.64619412465529,3.844
846,/home/htj/resisc45/imgs_full/chaparral_s0005846.png,chaparral,forest,forest,0,1782896597.0716267,1782896599.5843463,2.5127196311950684,8.530738986121284,3.7454
847,/home/htj/resisc45/imgs_full/roundabout_s0005847.png,roundabout,roundabout,roundabout,1,1782896599.589072,1782896602.336913,2.7478411197662354,9.367161390523115,3.9103
848,/home/htj/resisc45/imgs_full/desert_s0005848.png,desert,desert,desert,1,1782896602.3418097,1782896605.087381,2.7455711364746094,9.36754552125931,3.8086499999999996
849,/home/htj/resisc45/imgs_full/island_s0005849.png,island,island,island,1,1782896605.0917578,1782896607.836085,2.7443273067474365,9.106078218186894,3.539
850,/home/htj/resisc45/imgs_full/stadium_s0005850.png,stadium,stadium,stadium,1,1782896607.841029,1782896610.578048,2.7370190620422363,9.079753521899788,3.541
851,/home/htj/resisc45/imgs_full/thermal_power_station_s0005851.png,thermal_power_station,industrial area,industrial_area,0,1782896610.5830898,1782896613.5733519,2.990262031555176,10.186500125609912,3.844
852,/home/htj/resisc45/imgs_full/snowberg_s0005852.png,snowberg,mountain,mountain,0,1782896613.5783336,1782896616.3330858,2.7547521591186523,9.509123356118494,3.8035999999999994
853,/home/htj/resisc45/imgs_full/runway_s0005853.png,runway,freeway,freeway,0,1782896616.3376591,1782896619.0796442,2.7419850826263428,9.095735765963793,3.50635
854,/home/htj/resisc45/imgs_full/tennis_court_s0005854.png,tennis_court,tennis court,tennis_court,1,1782896619.0849333,1782896622.0747464,2.9898130893707275,9.914622679192286,3.541
855,/home/htj/resisc45/imgs_full/roundabout_s0005855.png,roundabout,roundabout,roundabout,1,1782896622.0799115,1782896624.8275974,2.7476859092712402,9.450469421659196,3.844
856,/home/htj/resisc45/imgs_full/tennis_court_s0005856.png,tennis_court,freeway,freeway,0,1782896624.8324897,1782896627.5857933,2.7533035278320312,9.390256402651469,3.8097
857,/home/htj/resisc45/imgs_full/thermal_power_station_s0005857.png,thermal_power_station,thermal power station,thermal_power_station,1,1782896627.5905278,1782896630.5669951,2.9764673709869385,10.159942411835377,3.788449999999999
858,/home/htj/resisc45/imgs_full/dense_residential_s0005858.png,dense_residential,dense residential,dense_residential,1,1782896630.5721238,1782896633.3242047,2.7520809173583984,9.531889592289925,3.9126499999999997
859,/home/htj/resisc45/imgs_full/stadium_s0005859.png,stadium,stadium,stadium,1,1782896633.3289313,1782896636.0786135,2.7496821880340576,9.418005204290152,3.844
860,/home/htj/resisc45/imgs_full/island_s0005860.png,island,island,island,1,1782896636.0831468,1782896638.8282678,2.7451210021972656,9.340617350101471,3.8086499999999996
861,/home/htj/resisc45/imgs_full/beach_s0005861.png,beach,beach,beach,1,1782896638.830434,1782896641.577156,2.7467219829559326,9.420970284665625,3.8097
862,/home/htj/resisc45/imgs_full/terrace_s0005862.png,terrace,circular farmland,circular_farmland,0,1782896641.5818233,1782896644.8058174,3.223994016647339,11.00746400001645,3.6695
863,/home/htj/resisc45/imgs_full/tennis_court_s0005863.png,tennis_court,medium residential,medium_residential,0,1782896644.8105714,1782896647.5603938,2.7498223781585693,9.481892629307143,3.9051999999999993
864,/home/htj/resisc45/imgs_full/palace_s0005864.png,palace,stadium,stadium,0,1782896647.5651994,1782896650.3076694,2.7424700260162354,9.346052174702287,3.8086499999999996
865,/home/htj/resisc45/imgs_full/roundabout_s0005865.png,roundabout,roundabout,roundabout,1,1782896650.31213,1782896653.0625129,2.750382900238037,9.365225674241781,3.8086499999999996
866,/home/htj/resisc45/imgs_full/tennis_court_s0005866.png,tennis_court,tennis court,tennis_court,1,1782896653.0675428,1782896656.056946,2.989403247833252,10.191439710212205,3.741
867,/home/htj/resisc45/imgs_full/sparse_residential_s0005867.png,sparse_residential,sparse residential,sparse_residential,1,1782896656.0616658,1782896658.8117394,2.7500736713409424,9.40651240641872,3.8066499999999994
868,/home/htj/resisc45/imgs_full/ground_track_field_s0005868.png,ground_track_field,stadium,stadium,0,1782896658.8164885,1782896661.5648723,2.7483837604522705,9.399360281817767,3.8023999999999996
869,/home/htj/resisc45/imgs_full/railway_s0005869.png,railway,railway,railway,1,1782896661.5695143,1782896664.3194861,2.749971866607666,9.372820778687796,3.8097
870,/home/htj/resisc45/imgs_full/storage_tank_s0005870.png,storage_tank,industrial area,industrial_area,0,1782896664.3240726,1782896667.308608,2.9845354557037354,10.20602075516719,3.788449999999999
871,/home/htj/resisc45/imgs_full/storage_tank_s0005871.png,storage_tank,storage tank,storage_tank,1,1782896667.3130257,1782896670.0445652,2.731539487838745,9.387429451780116,3.8136999999999994
872,/home/htj/resisc45/imgs_full/terrace_s0005872.png,terrace,bridge,bridge,0,1782896670.0490797,1782896672.558627,2.509547233581543,8.550141495141116,3.743
873,/home/htj/resisc45/imgs_full/mountain_s0005873.png,mountain,forest,forest,0,1782896672.5632958,1782896675.0696707,2.5063748359680176,8.475762212341483,3.743
874,/home/htj/resisc45/imgs_full/rectangular_farmland_s0005874.png,rectangular_farmland,rectangular farmland,rectangular_farmland,1,1782896675.0740774,1782896678.2975004,3.2234230041503906,11.046325268472945,3.79375
875,/home/htj/resisc45/imgs_full/mobile_home_park_s0005875.png,mobile_home_park,mobile home park,mobile_home_park,1,1782896678.302478,1782896681.2915585,2.9890804290771484,10.284861779015019,3.7833999999999994
876,/home/htj/resisc45/imgs_full/wetland_s0005876.png,wetland,lake,lake,0,1782896681.2976778,1782896683.8086681,2.5109903812408447,8.616748833044008,3.8288500000000005
877,/home/htj/resisc45/imgs_full/snowberg_s0005877.png,snowberg,river,river,0,1782896683.8135753,1782896686.3269145,2.5133392810821533,8.549980384810405,3.743
878,/home/htj/resisc45/imgs_full/golf_course_s0005878.png,golf_course,golf course,golf_course,1,1782896686.3315082,1782896689.303855,2.972346782684326,10.126505078531661,3.7833999999999994
879,/home/htj/resisc45/imgs_full/ship_s0005879.png,ship,harbor,harbor,0,1782896689.3079681,1782896692.0525815,2.7446134090423584,9.46834446673592,3.9103
880,/home/htj/resisc45/imgs_full/sea_ice_s0005880.png,sea_ice,cloud,cloud,0,1782896692.0569704,1782896694.5627081,2.505737781524658,8.610341451764107,3.9307000000000003
881,/home/htj/resisc45/imgs_full/industrial_area_s0005881.png,industrial_area,commercial area,commercial_area,0,1782896694.5676734,1782896697.3172162,2.749542713165283,9.43889372359713,3.9103
882,/home/htj/resisc45/imgs_full/palace_s0005882.png,palace,airport,airport,0,1782896697.3217652,1782896699.8289335,2.5071682929992676,8.60665290108594,3.8288500000000005
883,/home/htj/resisc45/imgs_full/thermal_power_station_s0005883.png,thermal_power_station,thermal power station,thermal_power_station,1,1782896699.8336167,1782896702.819822,2.9862053394317627,10.171353447086405,3.746
884,/home/htj/resisc45/imgs_full/beach_s0005884.png,beach,beach,beach,1,1782896702.8243809,1782896705.5700426,2.745661735534668,9.854237170120081,3.946
885,/home/htj/resisc45/imgs_full/ship_s0005885.png,ship,harbor,harbor,0,1782896705.5746825,1782896708.3130007,2.7383182048797607,9.44246279827257,3.9103
886,/home/htj/resisc45/imgs_full/runway_s0005886.png,runway,runway,runway,1,1782896708.3173113,1782896711.0610242,2.743712902069092,9.087681078920559,3.541
887,/home/htj/resisc45/imgs_full/freeway_s0005887.png,freeway,freeway,freeway,1,1782896711.0656905,1782896713.8159587,2.7502682209014893,9.488941037401558,3.9103
888,/home/htj/resisc45/imgs_full/harbor_s0005888.png,harbor,harbor,harbor,1,1782896713.820425,1782896716.563173,2.7427480220794678,9.337571360001961,3.8097
889,/home/htj/resisc45/imgs_full/overpass_s0005889.png,overpass,freeway,freeway,0,1782896716.567785,1782896719.313276,2.7454910278320312,9.040501570542652,3.50635
890,/home/htj/resisc45/imgs_full/cloud_s0005890.png,cloud,cloud,cloud,1,1782896719.317891,1782896721.8238358,2.5059449672698975,8.207785656868026,3.444
891,/home/htj/resisc45/imgs_full/church_s0005891.png,church,church,church,1,1782896721.8286562,1782896724.3383565,2.509700298309326,8.206834052757785,3.442
892,/home/htj/resisc45/imgs_full/baseball_diamond_s0005892.png,baseball_diamond,baseball diamond,baseball_diamond,1,1782896724.3430734,1782896727.3142056,2.971132278442383,9.838733128584348,3.48655
893,/home/htj/resisc45/imgs_full/parking_lot_s0005893.png,parking_lot,parking lot,parking_lot,1,1782896727.3189924,1782896730.3016179,2.9826254844665527,9.899161908397307,3.541
894,/home/htj/resisc45/imgs_full/desert_s0005894.png,desert,desert,desert,1,1782896730.3064034,1782896733.0525308,2.7461273670196533,9.08497393792016,3.539
895,/home/htj/resisc45/imgs_full/basketball_court_s0005895.png,basketball_court,basketball court,basketball_court,1,1782896733.0574803,1782896736.0473702,2.9898898601531982,9.954435804206591,3.539
896,/home/htj/resisc45/imgs_full/wetland_s0005896.png,wetland,island,island,0,1782896736.0495183,1782896738.796169,2.7466506958007812,9.483955965042114,3.842
897,/home/htj/resisc45/imgs_full/intersection_s0005897.png,intersection,intersection,intersection,1,1782896738.8011372,1782896741.3017087,2.5005714893341064,8.639300037173337,3.9328999999999996
898,/home/htj/resisc45/imgs_full/golf_course_s0005898.png,golf_course,golf course,golf_course,1,1782896741.3061118,1782896744.2903683,2.9842565059661865,10.2547088081745,3.842
899,/home/htj/resisc45/imgs_full/railway_s0005899.png,railway,railway,railway,1,1782896744.29525,1782896747.0333848,2.7381348609924316,9.388950349390507,3.8066499999999994
900,/home/htj/resisc45/imgs_full/sparse_residential_s0005900.png,sparse_residential,circular farmland,circular_farmland,0,1782896747.0379028,1782896750.261913,3.2240102291107178,11.153944161063746,3.8644
901,/home/htj/resisc45/imgs_full/railway_station_s0005901.png,railway_station,railway,railway,0,1782896750.2666755,1782896753.0157585,2.7490830421447754,9.462916556696097,3.90765
902,/home/htj/resisc45/imgs_full/beach_s0005902.png,beach,beach,beach,1,1782896753.0202892,1782896755.7682936,2.74800443649292,9.439280739168327,3.9103
903,/home/htj/resisc45/imgs_full/tennis_court_s0005903.png,tennis_court,dense residential,dense_residential,0,1782896755.7733376,1782896758.5225384,2.7492008209228516,9.376177452826987,3.743
904,/home/htj/resisc45/imgs_full/island_s0005904.png,island,island,island,1,1782896758.5269675,1782896761.2690682,2.742100715637207,9.449050557692845,3.9103
905,/home/htj/resisc45/imgs_full/runway_s0005905.png,runway,freeway,freeway,0,1782896761.2737935,1782896764.0226555,2.7488620281219482,9.396698503340284,3.8086499999999996
906,/home/htj/resisc45/imgs_full/cloud_s0005906.png,cloud,cloud,cloud,1,1782896764.027144,1782896766.5194569,2.4923129081726074,8.54936964020946,3.8288500000000005
907,/home/htj/resisc45/imgs_full/overpass_s0005907.png,overpass,freeway,freeway,0,1782896766.52357,1782896769.2693684,2.745798349380493,9.494970692157747,3.946
908,/home/htj/resisc45/imgs_full/airplane_s0005908.png,airplane,airport,airport,0,1782896769.273973,1782896771.7846467,2.510673761367798,8.551583074287935,3.743
909,/home/htj/resisc45/imgs_full/parking_lot_s0005909.png,parking_lot,parking lot,parking_lot,1,1782896771.7892632,1782896774.777403,2.9881398677825928,9.904476912906537,3.442
910,/home/htj/resisc45/imgs_full/wetland_s0005910.png,wetland,airport,airport,0,1782896774.779358,1782896777.2837443,2.5043864250183105,8.577865012927488,3.8288500000000005
911,/home/htj/resisc45/imgs_full/church_s0005911.png,church,baseball diamond,baseball_diamond,0,1782896777.2885058,1782896780.2775722,2.9890663623809814,9.791335440982063,3.4408000000000003
912,/home/htj/resisc45/imgs_full/terrace_s0005912.png,terrace,industrial area,industrial_area,0,1782896780.2822242,1782896783.2701225,2.987898349761963,10.310317851690145,3.8874499999999994
913,/home/htj/resisc45/imgs_full/meadow_s0005913.png,meadow,forest,forest,0,1782896783.2749946,1782896785.7694938,2.4944992065429688,8.595193868290295,3.8288500000000005
914,/home/htj/resisc45/imgs_full/island_s0005914.png,island,island,island,1,1782896785.7710834,1782896788.509987,2.738903760910034,8.912449898496272,3.4413
915,/home/htj/resisc45/imgs_full/medium_residential_s0005915.png,medium_residential,stadium,stadium,0,1782896788.514714,1782896791.2639055,2.7491915225982666,9.392472572083376,3.844
916,/home/htj/resisc45/imgs_full/wetland_s0005916.png,wetland,forest,forest,0,1782896791.2684557,1782896793.7741904,2.50573468208313,8.5122085090984,3.7278500000000006
917,/home/htj/resisc45/imgs_full/sparse_residential_s0005917.png,sparse_residential,stadium,stadium,0,1782896793.7789755,1782896796.5243301,2.745354652404785,9.316818572044372,3.844
918,/home/htj/resisc45/imgs_full/dense_residential_s0005918.png,dense_residential,dense residential,dense_residential,1,1782896796.5289595,1782896799.277444,2.7484843730926514,9.407374888002874,3.8086499999999996
919,/home/htj/resisc45/imgs_full/railway_s0005919.png,railway,dense residential,dense_residential,0,1782896799.2819762,1782896802.0284293,2.746453046798706,9.399259127140045,3.8035999999999994
920,/home/htj/resisc45/imgs_full/snowberg_s0005920.png,snowberg,mountain,mountain,0,1782896802.0333917,1782896804.7728086,2.7394168376922607,9.07323392235736,3.539
921,/home/htj/resisc45/imgs_full/freeway_s0005921.png,freeway,commercial area,commercial_area,0,1782896804.7777145,1782896807.528336,2.7506215572357178,9.349248063812652,3.8086499999999996
922,/home/htj/resisc45/imgs_full/ship_s0005922.png,ship,harbor,harbor,0,1782896807.5330412,1782896810.276773,2.743731737136841,9.385734661966563,3.8097
923,/home/htj/resisc45/imgs_full/ship_s0005923.png,ship,harbor,harbor,0,1782896810.281429,1782896813.0291312,2.747702121734619,9.066015112886623,3.442
924,/home/htj/resisc45/imgs_full/cloud_s0005924.png,cloud,cloud,cloud,1,1782896813.0335999,1782896815.5438726,2.510272741317749,8.22217015757344,3.52615
925,/home/htj/resisc45/imgs_full/palace_s0005925.png,palace,airport,airport,0,1782896815.5489707,1782896818.0661285,2.517157793045044,8.233222684128718,3.44
926,/home/htj/resisc45/imgs_full/ground_track_field_s0005926.png,ground_track_field,airport,airport,0,1782896818.0708916,1782896820.5843062,2.5134146213531494,8.493342113088477,3.7278500000000006
927,/home/htj/resisc45/imgs_full/dense_residential_s0005927.png,dense_residential,dense residential,dense_residential,1,1782896820.589323,1782896823.34746,2.7581369876861572,9.457933173325598,3.844
928,/home/htj/resisc45/imgs_full/cloud_s0005928.png,cloud,mountain,mountain,0,1782896823.3520324,1782896826.0929787,2.7409462928771973,10.528717050562303,4.7833499999999995
929,/home/htj/resisc45/imgs_full/airport_s0005929.png,airport,airport,airport,1,1782896826.0956855,1782896828.6076965,2.5120110511779785,8.576119911042126,3.8288500000000005
930,/home/htj/resisc45/imgs_full/terrace_s0005930.png,terrace,circular farmland,circular_farmland,0,1782896828.6123579,1782896831.83548,3.2231221199035645,10.988980410801735,3.743
931,/home/htj/resisc45/imgs_full/sparse_residential_s0005931.png,sparse_residential,farmhouse,,0,1782896831.8400445,1782896834.5915926,2.7515480518341064,9.376817169308662,3.8086499999999996
932,/home/htj/resisc45/imgs_full/storage_tank_s0005932.png,storage_tank,industrial area,industrial_area,0,1782896834.5962873,1782896837.5849366,2.988649368286133,10.249713982564097,3.844
933,/home/htj/resisc45/imgs_full/mobile_home_park_s0005933.png,mobile_home_park,mobile home park,mobile_home_park,1,1782896837.5900025,1782896840.5806558,2.9906532764434814,10.253569783412493,3.7875499999999995
934,/home/htj/resisc45/imgs_full/wetland_s0005934.png,wetland,forest,forest,0,1782896840.585393,1782896843.0805864,2.4951934814453125,8.51592522534457,3.8268500000000003
935,/home/htj/resisc45/imgs_full/roundabout_s0005935.png,roundabout,roundabout,roundabout,1,1782896843.0856853,1782896845.8356287,2.749943494796753,9.31018624746556,3.743
936,/home/htj/resisc45/imgs_full/tennis_court_s0005936.png,tennis_court,tennis court,tennis_court,1,1782896845.8404737,1782896848.8282511,2.9877774715423584,10.205328526643607,3.788449999999999
937,/home/htj/resisc45/imgs_full/river_s0005937.png,river,river,river,1,1782896848.8327758,1782896851.3401537,2.507377862930298,8.521551610610702,3.741
938,/home/htj/resisc45/imgs_full/circular_farmland_s0005938.png,circular_farmland,circular farmland,circular_farmland,1,1782896851.3448853,1782896854.5721958,3.2273104190826416,11.075393305038151,3.7631999999999994
939,/home/htj/resisc45/imgs_full/ground_track_field_s0005939.png,ground_track_field,stadium,stadium,0,1782896854.5769258,1782896857.3283267,2.751400947570801,9.408128935952982,3.741
940,/home/htj/resisc45/imgs_full/golf_course_s0005940.png,golf_course,golf course,golf_course,1,1782896857.333122,1782896860.3260338,2.9929118156433105,10.269414549917546,3.7833999999999994
941,/home/htj/resisc45/imgs_full/overpass_s0005941.png,overpass,freeway,freeway,0,1782896860.3310084,1782896863.070782,2.7397735118865967,9.36996833203733,3.743
942,/home/htj/resisc45/imgs_full/ground_track_field_s0005942.png,ground_track_field,stadium,stadium,0,1782896863.0760772,1782896865.829703,2.7536258697509766,9.440103838862205,3.8035999999999994
943,/home/htj/resisc45/imgs_full/snowberg_s0005943.png,snowberg,mountain,mountain,0,1782896865.8341897,1782896868.5657723,2.7315826416015625,9.338939603805542,3.8066499999999994
944,/home/htj/resisc45/imgs_full/dense_residential_s0005944.png,dense_residential,dense residential,dense_residential,1,1782896868.5707843,1782896871.3210068,2.7502224445343018,9.480360544115305,3.9103
945,/home/htj/resisc45/imgs_full/terrace_s0005945.png,terrace,circular farmland,circular_farmland,0,1782896871.3230789,1782896874.5477972,3.2247183322906494,11.036174187221025,3.7631999999999994
946,/home/htj/resisc45/imgs_full/chaparral_s0005946.png,chaparral,chaparral,chaparral,1,1782896874.5526648,1782896877.5405202,2.9878554344177246,10.253055758237839,3.741
947,/home/htj/resisc45/imgs_full/mountain_s0005947.png,mountain,mountain,mountain,1,1782896877.5451555,1782896880.294664,2.7495083808898926,9.362019924514147,3.7422
948,/home/htj/resisc45/imgs_full/beach_s0005948.png,beach,beach,beach,1,1782896880.2993717,1782896883.0364456,2.7370738983154297,9.369916311899821,3.8066499999999994
949,/home/htj/resisc45/imgs_full/railway_s0005949.png,railway,railway,railway,1,1782896883.0416663,1782896885.7902594,2.7485930919647217,9.36697620799144,3.8066499999999994
950,/home/htj/resisc45/imgs_full/mobile_home_park_s0005950.png,mobile_home_park,mobile home park,mobile_home_park,1,1782896885.795421,1782896888.7723792,2.9769582748413086,10.233122322174218,3.7864499999999994
951,/home/htj/resisc45/imgs_full/railway_s0005951.png,railway,railway,railway,1,1782896888.7771344,1782896891.5285707,2.751436233520508,9.406149750728996,3.8015999999999996
952,/home/htj/resisc45/imgs_full/beach_s0005952.png,beach,beach,beach,1,1782896891.533075,1782896894.2791197,2.746044635772705,9.38655265770356,3.8066499999999994
953,/home/htj/resisc45/imgs_full/church_s0005953.png,church,airport,airport,0,1782896894.2838576,1782896896.7916987,2.507841110229492,8.579552423650568,3.9278500000000003
954,/home/htj/resisc45/imgs_full/basketball_court_s0005954.png,basketball_court,basketball court,basketball_court,1,1782896896.7972984,1782896899.7874103,2.990111827850342,10.233008932968355,3.7813999999999997
955,/home/htj/resisc45/imgs_full/church_s0005955.png,church,airport,airport,0,1782896899.7923105,1782896902.2941988,2.5018882751464844,8.63503993727944,3.9278500000000003
956,/home/htj/resisc45/imgs_full/baseball_diamond_s0005956.png,baseball_diamond,airport,airport,0,1782896902.2987063,1782896904.803197,2.504490613937378,8.571505285718224,3.82715
957,/home/htj/resisc45/imgs_full/river_s0005957.png,river,river,river,1,1782896904.807877,1782896907.304678,2.4968008995056152,8.59937951622226,3.946
958,/home/htj/resisc45/imgs_full/wetland_s0005958.png,wetland,river,river,0,1782896907.3088877,1782896909.8111575,2.502269744873047,8.566634211106734,3.844
959,/home/htj/resisc45/imgs_full/mountain_s0005959.png,mountain,bridge,bridge,0,1782896909.8156116,1782896912.3246517,2.509040117263794,8.200968694193797,3.44
960,/home/htj/resisc45/imgs_full/thermal_power_station_s0005960.png,thermal_power_station,airport,airport,0,1782896912.3294253,1782896914.8374236,2.50799822807312,8.629394903242588,3.92815
961,/home/htj/resisc45/imgs_full/overpass_s0005961.png,overpass,overpass,overpass,1,1782896914.8422554,1782896917.5906463,2.7483909130096436,9.324374237537384,3.8086499999999996
962,/home/htj/resisc45/imgs_full/medium_residential_s0005962.png,medium_residential,dense residential,dense_residential,0,1782896917.5957527,1782896920.3462565,2.7505037784576416,9.123140369493134,3.539
963,/home/htj/resisc45/imgs_full/terrace_s0005963.png,terrace,circular farmland,circular_farmland,0,1782896920.3509684,1782896923.5730448,3.222076416015625,11.052067329406738,3.844
964,/home/htj/resisc45/imgs_full/mountain_s0005964.png,mountain,mountain,mountain,1,1782896923.577611,1782896926.3114321,2.733821153640747,9.397738034069539,3.8066499999999994
965,/home/htj/resisc45/imgs_full/thermal_power_station_s0005965.png,thermal_power_station,industrial area,industrial_area,0,1782896926.316059,1782896929.3023136,2.9862544536590576,10.30657831920318,3.9833999999999996
966,/home/htj/resisc45/imgs_full/baseball_diamond_s0005966.png,baseball_diamond,baseball diamond,baseball_diamond,1,1782896929.3069081,1782896932.290215,2.983306884765625,9.90807850588285,3.539
967,/home/htj/resisc45/imgs_full/rectangular_farmland_s0005967.png,rectangular_farmland,rectangular farmland,rectangular_farmland,1,1782896932.294931,1782896935.515946,3.221014976501465,10.702302586220858,3.539
968,/home/htj/resisc45/imgs_full/parking_lot_s0005968.png,parking_lot,parking lot,parking_lot,1,1782896935.5206823,1782896938.5064442,2.985761880874634,9.92151447465328,3.539
969,/home/htj/resisc45/imgs_full/terrace_s0005969.png,terrace,airport,airport,0,1782896938.511365,1782896941.020585,2.5092201232910156,8.627953393936156,3.9307000000000003
970,/home/htj/resisc45/imgs_full/storage_tank_s0005970.png,storage_tank,circular farmland,circular_farmland,0,1782896941.0251138,1782896944.24921,3.2240960597991943,11.02853873083847,3.743
971,/home/htj/resisc45/imgs_full/runway_s0005971.png,runway,freeway,freeway,0,1782896944.2537103,1782896946.9807296,2.7270193099975586,9.858629308859507,4.31265
972,/home/htj/resisc45/imgs_full/church_s0005972.png,church,airport,airport,0,1782896946.9855216,1782896949.5000856,2.514564037322998,8.51642835013433,3.8288500000000005
973,/home/htj/resisc45/imgs_full/mountain_s0005973.png,mountain,mountain,mountain,1,1782896949.5047896,1782896952.2533596,2.748569965362549,9.414023916989565,3.844
974,/home/htj/resisc45/imgs_full/meadow_s0005974.png,meadow,airport,airport,0,1782896952.257518,1782896954.761834,2.5043158531188965,8.50909610620412,3.8288500000000005
975,/home/htj/resisc45/imgs_full/church_s0005975.png,church,stadium,stadium,0,1782896954.7664063,1782896957.514879,2.7484726905822754,9.411343091030917,3.8086499999999996
976,/home/htj/resisc45/imgs_full/medium_residential_s0005976.png,medium_residential,medium residential,medium_residential,1,1782896957.5198243,1782896960.2725387,2.7527143955230713,9.439507085007063,3.8035999999999994
977,/home/htj/resisc45/imgs_full/intersection_s0005977.png,intersection,intersection,intersection,1,1782896960.2790508,1782896962.788721,2.5096702575683594,8.558831147714095,3.9307000000000003
978,/home/htj/resisc45/imgs_full/palace_s0005978.png,palace,church,church,0,1782896962.793318,1782896965.2902281,2.4969100952148438,8.199512264945291,3.442
979,/home/htj/resisc45/imgs_full/railway_station_s0005979.png,railway_station,airport,airport,0,1782896965.2953503,1782896967.8052733,2.509922981262207,8.228554319251668,3.44
980,/home/htj/resisc45/imgs_full/freeway_s0005980.png,freeway,freeway,freeway,1,1782896967.809759,1782896970.555426,2.745666980743408,9.391496706237396,3.8086499999999996
981,/home/htj/resisc45/imgs_full/roundabout_s0005981.png,roundabout,roundabout,roundabout,1,1782896970.5603588,1782896973.309015,2.7486562728881836,9.490422946214675,3.9103
982,/home/htj/resisc45/imgs_full/airplane_s0005982.png,airplane,airport,airport,0,1782896973.3136592,1782896975.8209367,2.507277488708496,8.282373304367066,3.4436
983,/home/htj/resisc45/imgs_full/snowberg_s0005983.png,snowberg,mountain,mountain,0,1782896975.8262465,1782896978.574642,2.7483954429626465,9.083618713706732,3.50635
984,/home/htj/resisc45/imgs_full/desert_s0005984.png,desert,desert,desert,1,1782896978.5793009,1782896981.323675,2.7443740367889404,9.116810550212861,3.541
985,/home/htj/resisc45/imgs_full/intersection_s0005985.png,intersection,intersection,intersection,1,1782896981.3283029,1782896983.8202727,2.4919698238372803,8.275378699541092,3.444
986,/home/htj/resisc45/imgs_full/island_s0005986.png,island,island,island,1,1782896983.8241599,1782896986.5513606,2.727200746536255,9.0803285189569,3.543
987,/home/htj/resisc45/imgs_full/wetland_s0005987.png,wetland,forest,forest,0,1782896986.5556989,1782896989.0571315,2.5014326572418213,8.248928993192585,3.442
988,/home/htj/resisc45/imgs_full/rectangular_farmland_s0005988.png,rectangular_farmland,circular farmland,circular_farmland,0,1782896989.0618834,1782896992.288514,3.226630449295044,11.069606743151681,3.844
989,/home/htj/resisc45/imgs_full/bridge_s0005989.png,bridge,bridge,bridge,1,1782896992.2905269,1782896994.7986362,2.5081093311309814,8.597114757299423,3.844
990,/home/htj/resisc45/imgs_full/bridge_s0005990.png,bridge,airport,airport,0,1782896994.803002,1782896997.3101468,2.5071446895599365,8.57762574971806,3.9307000000000003
991,/home/htj/resisc45/imgs_full/chaparral_s0005991.png,chaparral,cloud,cloud,0,1782896997.312397,1782896999.8204217,2.5080246925354004,8.50454073070396,3.743
992,/home/htj/resisc45/imgs_full/parking_lot_s0005992.png,parking_lot,parking lot,parking_lot,1,1782896999.8252437,1782897002.8007264,2.975482702255249,9.91184786860301,3.541
993,/home/htj/resisc45/imgs_full/ground_track_field_s0005993.png,ground_track_field,stadium,stadium,0,1782897002.80538,1782897005.5387692,2.733389139175415,9.345457466840744,3.8086499999999996
994,/home/htj/resisc45/imgs_full/island_s0005994.png,island,island,island,1,1782897005.5433054,1782897008.290262,2.7469565868377686,9.354003841906177,3.8035999999999994
995,/home/htj/resisc45/imgs_full/stadium_s0005995.png,stadium,stadium,stadium,1,1782897008.2952533,1782897011.044737,2.749483823776245,9.36623120751977,3.7076499999999997
996,/home/htj/resisc45/imgs_full/meadow_s0005996.png,meadow,parking lot,parking_lot,0,1782897011.04914,1782897014.032319,2.9831790924072266,10.307572190211369,3.8924499999999993
997,/home/htj/resisc45/imgs_full/medium_residential_s0005997.png,medium_residential,dense residential,dense_residential,0,1782897014.037229,1782897016.7860599,2.748830795288086,9.469722089767455,3.9075999999999995
998,/home/htj/resisc45/imgs_full/mobile_home_park_s0005998.png,mobile_home_park,mobile home park,mobile_home_park,1,1782897016.7916636,1782897019.768179,2.976515293121338,10.247970432180624,3.847
999,/home/htj/resisc45/imgs_full/sea_ice_s0005999.png,sea_ice,cloud,cloud,0,1782897019.7724912,1782897022.2658834,2.4933922290802,8.245648101568221,3.442
1000,/home/htj/resisc45/imgs_full/harbor_s0006000.png,harbor,harbor,harbor,1,1782897022.2707493,1782897025.0026062,2.7318568229675293,9.042901393493016,3.5070499999999996
1001,/home/htj/resisc45/imgs_full/snowberg_s0006001.png,snowberg,mountain,mountain,0,1782897025.0075943,1782897027.7563899,2.748795509338379,9.085227290948232,3.50635
1002,/home/htj/resisc45/imgs_full/industrial_area_s0006002.png,industrial_area,industrial area,industrial_area,1,1782897027.761067,1782897030.7479541,2.986887216567993,9.893415806711845,3.541
1003,/home/htj/resisc45/imgs_full/beach_s0006003.png,beach,beach,beach,1,1782897030.7527194,1782897033.5016391,2.748919725418091,9.093197375039258,3.5070499999999996
1004,/home/htj/resisc45/imgs_full/railway_station_s0006004.png,railway_station,railway,railway,0,1782897033.5065658,1782897036.2553186,2.7487528324127197,9.058114099428057,3.442
1005,/home/htj/resisc45/imgs_full/medium_residential_s0006005.png,medium_residential,dense residential,dense_residential,0,1782897036.2603774,1782897038.9921234,2.731745958328247,9.041111628706258,3.442
1006,/home/htj/resisc45/imgs_full/river_s0006006.png,river,river,river,1,1782897038.9971914,1782897041.496798,2.4996066093444824,8.251608330149983,3.541
1007,/home/htj/resisc45/imgs_full/desert_s0006007.png,desert,desert,desert,1,1782897041.5011518,1782897044.231335,2.7301831245422363,8.98119878869361,3.442
1008,/home/htj/resisc45/imgs_full/palace_s0006008.png,palace,airport,airport,0,1782897044.2360713,1782897046.7443988,2.5083274841308594,8.254278668403625,3.52615
1009,/home/htj/resisc45/imgs_full/beach_s0006009.png,beach,island,island,0,1782897046.7486126,1782897049.4905963,2.741983652114868,8.91390322972834,3.442
1010,/home/htj/resisc45/imgs_full/parking_lot_s0006010.png,parking_lot,parking lot,parking_lot,1,1782897049.4953973,1782897052.4837527,2.9883553981781006,9.882318896655852,3.4876499999999995
1011,/home/htj/resisc45/imgs_full/bridge_s0006011.png,bridge,freeway,freeway,0,1782897052.4880743,1782897055.2197347,2.7316603660583496,9.416773106485605,3.9126499999999997
1012,/home/htj/resisc45/imgs_full/baseball_diamond_s0006012.png,baseball_diamond,baseball diamond,baseball_diamond,1,1782897055.2239757,1782897058.1965103,2.972534656524658,9.897194352797742,3.541
1013,/home/htj/resisc45/imgs_full/golf_course_s0006013.png,golf_course,golf course,golf_course,1,1782897058.2007976,1782897061.1707616,2.969964027404785,10.199770305193388,3.788449999999999
1014,/home/htj/resisc45/imgs_full/river_s0006014.png,river,river,river,1,1782897061.177842,1782897063.6772256,2.4993836879730225,8.603162674876776,3.83185
1015,/home/htj/resisc45/imgs_full/ground_track_field_s0006015.png,ground_track_field,stadium,stadium,0,1782897063.6816888,1782897066.4301877,2.7484989166259766,9.386868185400964,3.844
1016,/home/htj/resisc45/imgs_full/wetland_s0006016.png,wetland,river,river,0,1782897066.4349263,1782897068.9439828,2.509056568145752,8.562212562810291,3.8288500000000005
1017,/home/htj/resisc45/imgs_full/airplane_s0006017.png,airplane,airport,airport,0,1782897068.9482257,1782897071.4544988,2.506273031234741,8.529530654300343,3.844
1018,/home/htj/resisc45/imgs_full/island_s0006018.png,island,island,island,1,1782897071.4590855,1782897074.1935422,2.734456777572632,9.286500055884321,3.8097
1019,/home/htj/resisc45/imgs_full/overpass_s0006019.png,overpass,freeway,freeway,0,1782897074.1979494,1782897076.9332683,2.735318899154663,9.381972866669297,3.91135
1020,/home/htj/resisc45/imgs_full/basketball_court_s0006020.png,basketball_court,basketball court,basketball_court,1,1782897076.9378705,1782897079.9247878,2.98691725730896,10.196071820690081,3.746
1021,/home/htj/resisc45/imgs_full/rectangular_farmland_s0006021.png,rectangular_farmland,circular farmland,circular_farmland,0,1782897079.9295568,1782897083.1422334,3.212676525115967,11.064514315245445,3.7655999999999996
1022,/home/htj/resisc45/imgs_full/bridge_s0006022.png,bridge,bridge,bridge,1,1782897083.1466706,1782897085.6524987,2.5058281421661377,8.613043880381367,3.9307000000000003
1023,/home/htj/resisc45/imgs_full/railway_s0006023.png,railway,railway,railway,1,1782897085.6572702,1782897088.4089892,2.7517189979553223,9.30591235873103,3.746
1024,/home/htj/resisc45/imgs_full/ground_track_field_s0006024.png,ground_track_field,ground track field,ground_track_field,1,1782897088.4137108,1782897091.4031599,2.9894490242004395,10.201861425624703,3.8451999999999997
1025,/home/htj/resisc45/imgs_full/mobile_home_park_s0006025.png,mobile_home_park,dense residential,dense_residential,0,1782897091.4079359,1782897094.1577241,2.749788284301758,9.515928794105848,4.013649999999999
1026,/home/htj/resisc45/imgs_full/cloud_s0006026.png,cloud,forest,forest,0,1782897094.1620538,1782897096.6595078,2.4974539279937744,8.524434619724751,3.83185
1027,/home/htj/resisc45/imgs_full/beach_s0006027.png,beach,beach,beach,1,1782897096.6641786,1782897099.4103124,2.746133804321289,9.310881085793177,3.746
1028,/home/htj/resisc45/imgs_full/mountain_s0006028.png,mountain,mountain,mountain,1,1782897099.4146485,1782897102.152672,2.738023519515991,9.434031162962317,3.9126499999999997
1029,/home/htj/resisc45/imgs_full/river_s0006029.png,river,river,river,1,1782897102.1570444,1782897104.665501,2.5084567070007324,8.699783942916175,4.03385
1030,/home/htj/resisc45/imgs_full/sparse_residential_s0006030.png,sparse_residential,stadium,stadium,0,1782897104.6698947,1782897107.4180267,2.7481319904327393,9.314736128821968,3.743
1031,/home/htj/resisc45/imgs_full/church_s0006031.png,church,commercial area,commercial_area,0,1782897107.4227586,1782897110.1735458,2.7507872581481934,9.381445327778659,3.844
1032,/home/htj/resisc45/imgs_full/baseball_diamond_s0006032.png,baseball_diamond,baseball diamond,baseball_diamond,1,1782897110.1780105,1782897113.1643798,2.9863693714141846,10.192816744188093,3.7833999999999994
1033,/home/htj/resisc45/imgs_full/roundabout_s0006033.png,roundabout,roundabout,roundabout,1,1782897113.1691117,1782897115.905743,2.736631155014038,9.476326545173924,3.946
1034,/home/htj/resisc45/imgs_full/stadium_s0006034.png,stadium,stadium,stadium,1,1782897115.909936,1782897118.6616118,2.751675844192505,9.436643001337846,3.9103
1035,/home/htj/resisc45/imgs_full/lake_s0006035.png,lake,lake,lake,1,1782897118.66639,1782897121.16481,2.498420000076294,8.554817209352146,3.83185
1036,/home/htj/resisc45/imgs_full/meadow_s0006036.png,meadow,circular farmland,circular_farmland,0,1782897121.1689131,1782897124.3870304,3.2181172370910645,11.028318396919651,3.844
1037,/home/htj/resisc45/imgs_full/church_s0006037.png,church,church,church,1,1782897124.3916943,1782897126.9033728,2.511678457260132,8.630640931557526,3.842
1038,/home/htj/resisc45/imgs_full/meadow_s0006038.png,meadow,forest,forest,0,1782897126.9077537,1782897129.415652,2.5078983306884766,8.596847486842762,3.9307000000000003
1039,/home/htj/resisc45/imgs_full/forest_s0006039.png,forest,forest,forest,1,1782897129.4202156,1782897131.9295228,2.5093071460723877,8.508604294668546,3.8288500000000005
1040,/home/htj/resisc45/imgs_full/baseball_diamond_s0006040.png,baseball_diamond,baseball diamond,baseball_diamond,1,1782897131.934013,1782897134.9096804,2.9756674766540527,10.131232168014233,3.844
1041,/home/htj/resisc45/imgs_full/harbor_s0006041.png,harbor,harbor,harbor,1,1782897134.9148157,1782897137.6636713,2.7488555908203125,9.392502959270868,3.743
1042,/home/htj/resisc45/imgs_full/overpass_s0006042.png,overpass,intersection,intersection,0,1782897137.6682744,1782897140.168437,2.5001626014709473,8.565272963252934,3.8293000000000004
1043,/home/htj/resisc45/imgs_full/ship_s0006043.png,ship,harbor,harbor,0,1782897140.1727898,1782897142.9162288,2.743438959121704,9.31094605236749,3.743
1044,/home/htj/resisc45/imgs_full/basketball_court_s0006044.png,basketball_court,basketball court,basketball_court,1,1782897142.918042,1782897145.9019864,2.9839444160461426,10.284279196995955,3.8924499999999993
1045,/home/htj/resisc45/imgs_full/basketball_court_s0006045.png,basketball_court,basketball court,basketball_court,1,1782897145.906486,1782897148.8920271,2.9855411052703857,10.284738459942476,3.847
1046,/home/htj/resisc45/imgs_full/mountain_s0006046.png,mountain,mountain,mountain,1,1782897148.896708,1782897151.6424994,2.745791435241699,9.136334980825584,3.543
1047,/home/htj/resisc45/imgs_full/tennis_court_s0006047.png,tennis_court,commercial area,commercial_area,0,1782897151.6475298,1782897154.3842623,2.7367324829101562,9.073579531828562,3.543
1048,/home/htj/resisc45/imgs_full/island_s0006048.png,island,island,island,1,1782897154.388597,1782897157.1289155,2.740318536758423,9.47065504297614,3.948
1049,/home/htj/resisc45/imgs_full/sea_ice_s0006049.png,sea_ice,sea ice,sea_ice,1,1782897157.1307476,1782897159.8625116,2.731764078140259,9.469034147605301,3.91135
1050,/home/htj/resisc45/imgs_full/rectangular_farmland_s0006050.png,rectangular_farmland,circular farmland,circular_farmland,0,1782897159.864455,1782897163.089134,3.2246789932250977,11.027496983779104,3.7661999999999995
1051,/home/htj/resisc45/imgs_full/snowberg_s0006051.png,snowberg,mountain,mountain,0,1782897163.091376,1782897165.8422062,2.7508301734924316,9.526296817690135,3.91135
1052,/home/htj/resisc45/imgs_full/lake_s0006052.png,lake,airport,airport,0,1782897165.846326,1782897168.3483415,2.5020153522491455,8.624390055217527,3.844
1053,/home/htj/resisc45/imgs_full/railway_station_s0006053.png,railway_station,airport,airport,0,1782897168.352983,1782897170.8469617,2.49397873878479,8.511722710132599,3.83185
1054,/home/htj/resisc45/imgs_full/mobile_home_park_s0006054.png,mobile_home_park,mobile home park,mobile_home_park,1,1782897170.8517907,1782897173.8405716,2.988780975341797,9.87419924530893,3.444
1055,/home/htj/resisc45/imgs_full/stadium_s0006055.png,stadium,airport,airport,0,1782897173.845134,1782897176.3562105,2.5110764503479004,8.724107357621193,3.9307000000000003
1056,/home/htj/resisc45/imgs_full/snowberg_s0006056.png,snowberg,mountain,mountain,0,1782897176.3583872,1782897179.0892828,2.730895519256592,9.352008599350851,3.8116499999999998
1057,/home/htj/resisc45/imgs_full/forest_s0006057.png,forest,forest,forest,1,1782897179.093777,1782897181.6055677,2.5117907524108887,8.592151130156083,3.746
1058,/home/htj/resisc45/imgs_full/harbor_s0006058.png,harbor,harbor,harbor,1,1782897181.610427,1782897184.3598356,2.749408721923828,9.34100157403946,3.8116499999999998
1059,/home/htj/resisc45/imgs_full/parking_lot_s0006059.png,parking_lot,parking lot,parking_lot,1,1782897184.3644974,1782897187.3518915,2.987394094467163,10.174259987345108,3.746
1060,/home/htj/resisc45/imgs_full/industrial_area_s0006060.png,industrial_area,industrial area,industrial_area,1,1782897187.3565977,1782897190.3314874,2.9748897552490234,10.18756717626865,3.788449999999999
1061,/home/htj/resisc45/imgs_full/chaparral_s0006061.png,chaparral,airport,airport,0,1782897190.3359866,1782897192.8459961,2.510009527206421,8.696270281033081,3.9307000000000003
1062,/home/htj/resisc45/imgs_full/storage_tank_s0006062.png,storage_tank,storage tank,storage_tank,1,1782897192.851725,1782897195.5977976,2.74607253074646,9.27926513061424,3.74495
1063,/home/htj/resisc45/imgs_full/railway_station_s0006063.png,railway_station,railway,railway,0,1782897195.6024702,1782897198.3395405,2.737070322036743,9.387295870110393,3.844
1064,/home/htj/resisc45/imgs_full/medium_residential_s0006064.png,medium_residential,dense residential,dense_residential,0,1782897198.34393,1782897201.0916183,2.7476882934570312,9.477750063737234,3.91135
1065,/home/htj/resisc45/imgs_full/medium_residential_s0006065.png,medium_residential,dense residential,dense_residential,0,1782897201.0964932,1782897203.8474398,2.750946521759033,9.404531747876382,3.8065999999999995
1066,/home/htj/resisc45/imgs_full/harbor_s0006066.png,harbor,harbor,harbor,1,1782897203.8521721,1782897206.6023567,2.7501845359802246,9.139149690618117,3.50835
1067,/home/htj/resisc45/imgs_full/baseball_diamond_s0006067.png,baseball_diamond,circular farmland,circular_farmland,0,1782897206.6071393,1782897209.8175592,3.2104198932647705,10.931823710126535,3.77125
1068,/home/htj/resisc45/imgs_full/airplane_s0006068.png,airplane,airport,airport,0,1782897209.822407,1782897212.3369339,2.514526844024658,8.451324722766877,3.543
1069,/home/htj/resisc45/imgs_full/dense_residential_s0006069.png,dense_residential,sparse residential,sparse_residential,0,1782897212.341725,1782897215.090077,2.748351812362671,8.974456556623181,3.442
1070,/home/htj/resisc45/imgs_full/industrial_area_s0006070.png,industrial_area,industrial area,industrial_area,1,1782897215.094876,1782897218.082657,2.987781047821045,9.857760768080658,3.541
1071,/home/htj/resisc45/imgs_full/beach_s0006071.png,beach,beach,beach,1,1782897218.087222,1782897220.829543,2.742321014404297,9.156209945281347,3.541
1072,/home/htj/resisc45/imgs_full/chaparral_s0006072.png,chaparral,desert,desert,0,1782897220.834213,1782897223.582464,2.748250961303711,9.105069945255915,3.541
1073,/home/htj/resisc45/imgs_full/lake_s0006073.png,lake,lake,lake,1,1782897223.5872183,1782897226.094853,2.5076346397399902,8.301296508073806,3.52615
1074,/home/htj/resisc45/imgs_full/intersection_s0006074.png,intersection,intersection,intersection,1,1782897226.0996065,1782897228.5921047,2.4924981594085693,8.139139444177802,3.42715
1075,/home/htj/resisc45/imgs_full/bridge_s0006075.png,bridge,freeway,freeway,0,1782897228.5964754,1782897231.3415747,2.7450993061065674,9.320927504315971,3.844
1076,/home/htj/resisc45/imgs_full/meadow_s0006076.png,meadow,forest,forest,0,1782897231.3460975,1782897233.8511717,2.5050742626190186,8.685092468500137,3.9307000000000003
1077,/home/htj/resisc45/imgs_full/snowberg_s0006077.png,snowberg,mountain,mountain,0,1782897233.8558397,1782897236.6038933,2.748053550720215,9.252920636177063,3.746
1078,/home/htj/resisc45/imgs_full/airport_s0006078.png,airport,airport,airport,1,1782897236.6086261,1782897239.1170475,2.5084214210510254,8.573670397996903,3.83185
1079,/home/htj/resisc45/imgs_full/freeway_s0006079.png,freeway,freeway,freeway,1,1782897239.121644,1782897241.8687518,2.747107744216919,9.319391328021885,3.8116499999999998
1080,/home/htj/resisc45/imgs_full/lake_s0006080.png,lake,lake,lake,1,1782897241.873523,1782897244.3835347,2.510011672973633,8.614987564563751,3.8288500000000005
1081,/home/htj/resisc45/imgs_full/circular_farmland_s0006081.png,circular_farmland,airport,airport,0,1782897244.3883362,1782897246.88468,2.4963438510894775,8.552133623307402,3.8288500000000005
1082,/home/htj/resisc45/imgs_full/forest_s0006082.png,forest,forest,forest,1,1782897246.8891768,1782897249.4002352,2.5110583305358887,8.613101282260635,3.9307000000000003
1083,/home/htj/resisc45/imgs_full/commercial_area_s0006083.png,commercial_area,airport,airport,0,1782897249.404861,1782897251.9099889,2.5051279067993164,8.263961486729709,3.442
1084,/home/htj/resisc45/imgs_full/railway_station_s0006084.png,railway_station,railway,railway,0,1782897251.9145339,1782897254.6581905,2.743656635284424,9.002945294234218,3.442
1085,/home/htj/resisc45/imgs_full/circular_farmland_s0006085.png,circular_farmland,circular farmland,circular_farmland,1,1782897254.6627765,1782897257.8869076,3.2241311073303223,10.649880785209792,3.46675
1086,/home/htj/resisc45/imgs_full/river_s0006086.png,river,forest,forest,0,1782897257.8915753,1782897260.401263,2.509687662124634,8.830849384389142,3.9307000000000003
1087,/home/htj/resisc45/imgs_full/sea_ice_s0006087.png,sea_ice,sea ice,sea_ice,1,1782897260.4056451,1782897263.1501107,2.7444655895233154,9.301165411993862,3.8086499999999996
1088,/home/htj/resisc45/imgs_full/airport_s0006088.png,airport,airport,airport,1,1782897263.1548295,1782897265.6518419,2.4970123767852783,8.560950183527035,3.8293000000000004
1089,/home/htj/resisc45/imgs_full/golf_course_s0006089.png,golf_course,golf course,golf_course,1,1782897265.655821,1782897268.6260633,2.9702422618865967,10.057982859313489,3.788449999999999
1090,/home/htj/resisc45/imgs_full/airport_s0006090.png,airport,airport,airport,1,1782897268.6317797,1782897271.128308,2.496528387069702,8.601845296930183,3.8288500000000005
1091,/home/htj/resisc45/imgs_full/rectangular_farmland_s0006091.png,rectangular_farmland,rectangular farmland,rectangular_farmland,1,1782897271.1335733,1782897274.3571196,3.223546266555786,10.81275275457331,3.6695
1092,/home/htj/resisc45/imgs_full/rectangular_farmland_s0006092.png,rectangular_farmland,circular farmland,circular_farmland,0,1782897274.3613777,1782897277.5811305,3.219752788543701,11.108549589574336,3.844
1093,/home/htj/resisc45/imgs_full/commercial_area_s0006093.png,commercial_area,airport,airport,0,1782897277.5853927,1782897280.0996716,2.5142788887023926,8.74906196296215,3.743
1094,/home/htj/resisc45/imgs_full/parking_lot_s0006094.png,parking_lot,parking lot,parking_lot,1,1782897280.104178,1782897283.0901496,2.985971689224243,10.0854292453415,3.7833999999999994
1095,/home/htj/resisc45/imgs_full/commercial_area_s0006095.png,commercial_area,commercial area,commercial_area,1,1782897283.0947232,1782897285.8333461,2.7386229038238525,9.473581280052661,3.91135
1096,/home/htj/resisc45/imgs_full/freeway_s0006096.png,freeway,freeway,freeway,1,1782897285.837801,1782897288.570827,2.7330260276794434,9.329753725906214,3.8116499999999998
1097,/home/htj/resisc45/imgs_full/harbor_s0006097.png,harbor,harbor,harbor,1,1782897288.5752385,1782897291.3131466,2.737908124923706,9.330676810234786,3.8086499999999996
1098,/home/htj/resisc45/imgs_full/chaparral_s0006098.png,chaparral,forest,forest,0,1782897291.3187459,1782897293.8318088,2.5130629539489746,8.58091057132591,3.8288500000000005
1099,/home/htj/resisc45/imgs_full/terrace_s0006099.png,terrace,circular farmland,circular_farmland,0,1782897293.836349,1782897297.059842,3.2234930992126465,10.851408822160018,3.746
1100,/home/htj/resisc45/imgs_full/circular_farmland_s0006100.png,circular_farmland,circular farmland,circular_farmland,1,1782897297.0643547,1782897300.2886155,3.2242608070373535,11.141518067686182,3.8644
1101,/home/htj/resisc45/imgs_full/railway_s0006101.png,railway,railway,railway,1,1782897300.2933931,1782897303.0436504,2.7502572536468506,9.533422987610102,3.844
1102,/home/htj/resisc45/imgs_full/ground_track_field_s0006102.png,ground_track_field,ground track field,ground_track_field,1,1782897303.0483859,1782897306.0258946,2.977508783340454,10.182965519455763,3.788449999999999
1103,/home/htj/resisc45/imgs_full/airplane_s0006103.png,airplane,airport,airport,0,1782897306.0303464,1782897308.5259812,2.4956347942352295,8.6333082568212,3.844
1104,/home/htj/resisc45/imgs_full/mobile_home_park_s0006104.png,mobile_home_park,mobile home park,mobile_home_park,1,1782897308.5309677,1782897311.5057135,2.974745750427246,10.181993430929365,3.7833999999999994
1105,/home/htj/resisc45/imgs_full/wetland_s0006105.png,wetland,forest,forest,0,1782897311.5104415,1782897314.016664,2.5062224864959717,8.629892334239049,3.9307000000000003
1106,/home/htj/resisc45/imgs_full/lake_s0006106.png,lake,lake,lake,1,1782897314.0213656,1782897316.5331738,2.511808156967163,8.588557127258996,3.8293000000000004
1107,/home/htj/resisc45/imgs_full/medium_residential_s0006107.png,medium_residential,tennis court,tennis_court,0,1782897316.537875,1782897319.5230682,2.9851932525634766,9.9307046151528,3.543
1108,/home/htj/resisc45/imgs_full/ground_track_field_s0006108.png,ground_track_field,stadium,stadium,0,1782897319.52762,1782897322.2765174,2.7488973140716553,9.140420168959364,3.541
1109,/home/htj/resisc45/imgs_full/medium_residential_s0006109.png,medium_residential,roundabout,roundabout,0,1782897322.2809541,1782897325.0261202,2.745166063308716,9.329618439033627,3.8097
1110,/home/htj/resisc45/imgs_full/mountain_s0006110.png,mountain,mountain,mountain,1,1782897325.030662,1782897327.760257,2.7295949459075928,9.087503973662853,3.541
1111,/home/htj/resisc45/imgs_full/airport_s0006111.png,airport,airport,airport,1,1782897327.7647035,1782897330.253033,2.4883294105529785,8.284270690083504,3.52615
1112,/home/htj/resisc45/imgs_full/sparse_residential_s0006112.png,sparse_residential,church,church,0,1782897330.2574055,1782897332.764629,2.50722336769104,8.242211909537964,3.442
1113,/home/htj/resisc45/imgs_full/parking_lot_s0006113.png,parking_lot,parking lot,parking_lot,1,1782897332.7693245,1782897335.755429,2.9861044883728027,9.777769446831485,3.442
1114,/home/htj/resisc45/imgs_full/rectangular_farmland_s0006114.png,rectangular_farmland,rectangular farmland,rectangular_farmland,1,1782897335.7599196,1782897338.9833121,3.2233924865722656,10.703811983744302,3.541
1115,/home/htj/resisc45/imgs_full/freeway_s0006115.png,freeway,freeway,freeway,1,1782897338.9879363,1782897341.737849,2.749912738800049,9.507594135006268,3.8086499999999996
1116,/home/htj/resisc45/imgs_full/parking_lot_s0006116.png,parking_lot,parking lot,parking_lot,1,1782897341.7429893,1782897344.7296052,2.9866158962249756,10.186557904616842,3.7833999999999994
1117,/home/htj/resisc45/imgs_full/beach_s0006117.png,beach,beach,beach,1,1782897344.7342334,1782897347.4665744,2.7323410511016846,9.398114740351836,3.9103
1118,/home/htj/resisc45/imgs_full/baseball_diamond_s0006118.png,baseball_diamond,baseball diamond,baseball_diamond,1,1782897347.4685988,1782897350.4391298,2.9705309867858887,10.231594104812697,3.8898999999999995
1119,/home/htj/resisc45/imgs_full/thermal_power_station_s0006119.png,thermal_power_station,thermal power station,thermal_power_station,1,1782897350.4413128,1782897353.4302952,2.9889824390411377,10.239802668994328,3.7833999999999994
1120,/home/htj/resisc45/imgs_full/industrial_area_s0006120.png,industrial_area,industrial area,industrial_area,1,1782897353.434928,1782897356.4185867,2.983658790588379,10.302172157526018,3.844
1121,/home/htj/resisc45/imgs_full/bridge_s0006121.png,bridge,bridge,bridge,1,1782897356.4232354,1782897358.9292874,2.506052017211914,8.623666725592178,3.8288500000000005
1122,/home/htj/resisc45/imgs_full/rectangular_farmland_s0006122.png,rectangular_farmland,circular farmland,circular_farmland,0,1782897358.9336154,1782897362.154605,3.220989465713501,10.896098785224714,3.7631999999999994
1123,/home/htj/resisc45/imgs_full/rectangular_farmland_s0006123.png,rectangular_farmland,circular farmland,circular_farmland,0,1782897362.1592581,1782897365.3795793,3.2203211784362793,11.06835890175615,3.76825
1124,/home/htj/resisc45/imgs_full/bridge_s0006124.png,bridge,bridge,bridge,1,1782897365.3838692,1782897367.8808684,2.4969992637634277,8.752095919457348,3.844
1125,/home/htj/resisc45/imgs_full/beach_s0006125.png,beach,beach,beach,1,1782897367.8854651,1782897370.6183925,2.7329273223876953,9.303795581181845,3.8116499999999998
1126,/home/htj/resisc45/imgs_full/dense_residential_s0006126.png,dense_residential,dense residential,dense_residential,1,1782897370.6231833,1782897373.3752728,2.752089500427246,9.376312762863781,3.743
1127,/home/htj/resisc45/imgs_full/church_s0006127.png,church,church,church,1,1782897373.3799334,1782897375.890044,2.51011061668396,8.576648641429164,3.746
1128,/home/htj/resisc45/imgs_full/runway_s0006128.png,runway,airport,airport,0,1782897375.8945985,1782897378.4045646,2.5099661350250244,8.50958382332325,3.746
1129,/home/htj/resisc45/imgs_full/church_s0006129.png,church,airport,airport,0,1782897378.4086823,1782897380.9102793,2.5015969276428223,8.55585947386785,3.847
1130,/home/htj/resisc45/imgs_full/sparse_residential_s0006130.png,sparse_residential,circular farmland,circular_farmland,0,1782897380.9150681,1782897384.1418886,3.226820468902588,10.886726153223137,3.7661999999999995
1131,/home/htj/resisc45/imgs_full/church_s0006131.png,church,palace,palace,0,1782897384.1469371,1782897386.8912137,2.744276523590088,9.5310438837111,3.8086499999999996
1132,/home/htj/resisc45/imgs_full/forest_s0006132.png,forest,chaparral,chaparral,0,1782897386.8953328,1782897389.8710263,2.975693464279175,10.163137677999643,3.8898999999999995
1133,/home/htj/resisc45/imgs_full/circular_farmland_s0006133.png,circular_farmland,circular farmland,circular_farmland,1,1782897389.8755152,1782897393.0991633,3.2236480712890625,10.982686202735232,3.7436
1134,/home/htj/resisc45/imgs_full/industrial_area_s0006134.png,industrial_area,airport,airport,0,1782897393.10373,1782897395.6142147,2.5104846954345703,8.748525655356321,3.844
1135,/home/htj/resisc45/imgs_full/desert_s0006135.png,desert,desert,desert,1,1782897395.6189873,1782897398.3674915,2.748504161834717,9.256160370012124,3.7102999999999997
1136,/home/htj/resisc45/imgs_full/sparse_residential_s0006136.png,sparse_residential,church,church,0,1782897398.372304,1782897400.8832657,2.5109617710113525,8.627892914446917,3.83185
1137,/home/htj/resisc45/imgs_full/rectangular_farmland_s0006137.png,rectangular_farmland,circular farmland,circular_farmland,0,1782897400.8878148,1782897404.112548,3.224733352661133,10.87109439253807,3.6695
1138,/home/htj/resisc45/imgs_full/lake_s0006138.png,lake,lake,lake,1,1782897404.1169097,1782897406.6167903,2.49988055229187,8.677142212472178,3.8288500000000005
1139,/home/htj/resisc45/imgs_full/river_s0006139.png,river,river,river,1,1782897406.621348,1782897409.1136804,2.4923324584960938,8.50644396868619,3.83185
1140,/home/htj/resisc45/imgs_full/church_s0006140.png,church,airport,airport,0,1782897409.1180584,1782897411.6286833,2.510624885559082,8.573099268306384,3.8288500000000005
1141,/home/htj/resisc45/imgs_full/stadium_s0006141.png,stadium,stadium,stadium,1,1782897411.6335547,1782897414.3801582,2.746603488922119,9.358350724346785,3.8035999999999994
1142,/home/htj/resisc45/imgs_full/palace_s0006142.png,palace,stadium,stadium,0,1782897414.384872,1782897417.1321099,2.7472379207611084,9.455134411409498,3.9103
1143,/home/htj/resisc45/imgs_full/tennis_court_s0006143.png,tennis_court,tennis court,tennis_court,1,1782897417.1367674,1782897420.1221812,2.9854137897491455,10.310413581916919,3.8898999999999995
1144,/home/htj/resisc45/imgs_full/wetland_s0006144.png,wetland,airport,airport,0,1782897420.1267722,1782897422.633948,2.507175922393799,8.73163901863315,3.8288500000000005
1145,/home/htj/resisc45/imgs_full/industrial_area_s0006145.png,industrial_area,industrial area,industrial_area,1,1782897422.6386025,1782897425.6159308,2.977328300476074,10.111293189984101,3.7900999999999994
1146,/home/htj/resisc45/imgs_full/mountain_s0006146.png,mountain,mountain,mountain,1,1782897425.620425,1782897428.3555655,2.735140562057495,9.459825526446105,3.8749499999999997
1147,/home/htj/resisc45/imgs_full/airplane_s0006147.png,airplane,airport,airport,0,1782897428.3599293,1782897430.8684814,2.508552074432373,8.614253798506477,3.743
1148,/home/htj/resisc45/imgs_full/overpass_s0006148.png,overpass,freeway,freeway,0,1782897430.873014,1782897433.6212044,2.748190402984619,9.330678957800071,3.8086499999999996
1149,/home/htj/resisc45/imgs_full/medium_residential_s0006149.png,medium_residential,dense residential,dense_residential,0,1782897433.625927,1782897436.3731413,2.7472143173217773,9.427318225082086,3.8035999999999994
1150,/home/htj/resisc45/imgs_full/tennis_court_s0006150.png,tennis_court,tennis court,tennis_court,1,1782897436.3774128,1782897439.3611605,2.983747720718384,10.19127723893294,3.7914499999999993
1151,/home/htj/resisc45/imgs_full/church_s0006151.png,church,airport,airport,0,1782897439.365823,1782897441.8773513,2.511528253555298,8.759810987087814,3.9307000000000003
1152,/home/htj/resisc45/imgs_full/rectangular_farmland_s0006152.png,rectangular_farmland,circular farmland,circular_farmland,0,1782897441.8818257,1782897445.0938585,3.2120327949523926,10.869800735381613,3.7631999999999994
1153,/home/htj/resisc45/imgs_full/railway_s0006153.png,railway,railway,railway,1,1782897445.0980427,1782897447.8374364,2.739393711090088,9.554434557259082,3.844
1154,/home/htj/resisc45/imgs_full/golf_course_s0006154.png,golf_course,golf course,golf_course,1,1782897447.841618,1782897450.8281457,2.986527681350708,10.160224605179751,3.7914499999999993
1155,/home/htj/resisc45/imgs_full/desert_s0006155.png,desert,desert,desert,1,1782897450.8326137,1782897453.5791788,2.746565103530884,9.483603201960523,3.9103
1156,/home/htj/resisc45/imgs_full/desert_s0006156.png,desert,desert,desert,1,1782897453.5832467,1782897456.3248549,2.741608142852783,9.472199016720056,3.91135
1157,/home/htj/resisc45/imgs_full/airport_s0006157.png,airport,airport,airport,1,1782897456.3293858,1782897458.8384914,2.509105682373047,8.59055058002472,3.74555
1158,/home/htj/resisc45/imgs_full/roundabout_s0006158.png,roundabout,roundabout,roundabout,1,1782897458.8432536,1782897461.5950143,2.751760721206665,9.325029143989086,3.847
1159,/home/htj/resisc45/imgs_full/chaparral_s0006159.png,chaparral,chaparral,chaparral,1,1782897461.5997396,1782897464.5769727,2.9772331714630127,10.106676036403728,3.743
1160,/home/htj/resisc45/imgs_full/mountain_s0006160.png,mountain,forest,forest,0,1782897464.5815241,1782897467.078212,2.496687889099121,8.693183515310286,3.847
1161,/home/htj/resisc45/imgs_full/cloud_s0006161.png,cloud,circular farmland,circular_farmland,0,1782897467.0827847,1782897470.295184,3.2123992443084717,10.806912607759237,3.746
1162,/home/htj/resisc45/imgs_full/mountain_s0006162.png,mountain,mountain,mountain,1,1782897470.2996762,1782897473.046178,2.746501922607422,9.528931201696395,3.8097
1163,/home/htj/resisc45/imgs_full/airport_s0006163.png,airport,airport,airport,1,1782897473.0508766,1782897475.5607738,2.509897232055664,8.58852606938102,3.7307
1164,/home/htj/resisc45/imgs_full/snowberg_s0006164.png,snowberg,mountain,mountain,0,1782897475.5655015,1782897478.3177502,2.752248764038086,9.330696695248285,3.8116499999999998
1165,/home/htj/resisc45/imgs_full/ship_s0006165.png,ship,airport,airport,0,1782897478.3221977,1782897480.8281794,2.505981683731079,8.625645909531551,3.844
1166,/home/htj/resisc45/imgs_full/railway_station_s0006166.png,railway_station,railway,railway,0,1782897480.833006,1782897483.5853117,2.752305746078491,9.280550297756584,3.8065999999999995
1167,/home/htj/resisc45/imgs_full/wetland_s0006167.png,wetland,lake,lake,0,1782897483.5871058,1782897486.0800443,2.49293851852417,8.573041639261467,3.8368999999999995
1168,/home/htj/resisc45/imgs_full/wetland_s0006168.png,wetland,airport,airport,0,1782897486.0841935,1782897488.5792077,2.495014190673828,8.552795235893944,3.847
1169,/home/htj/resisc45/imgs_full/basketball_court_s0006169.png,basketball_court,basketball court,basketball_court,1,1782897488.5836136,1782897491.5635643,2.9799506664276123,10.098490553680456,3.6847999999999996
1170,/home/htj/resisc45/imgs_full/palace_s0006170.png,palace,harbor,harbor,0,1782897491.568341,1782897494.3215847,2.7532436847686768,9.182182407190403,3.543
1171,/home/htj/resisc45/imgs_full/beach_s0006171.png,beach,beach,beach,1,1782897494.3260748,1782897497.069933,2.7438580989837646,9.082741944740217,3.543
1172,/home/htj/resisc45/imgs_full/wetland_s0006172.png,wetland,forest,forest,0,1782897497.0744984,1782897499.584843,2.5103445053100586,8.330350027734584,3.52645
1173,/home/htj/resisc45/imgs_full/forest_s0006173.png,forest,forest,forest,1,1782897499.589234,1782897502.0954406,2.506206512451172,8.257266947659579,3.444
1174,/home/htj/resisc45/imgs_full/overpass_s0006174.png,overpass,freeway,freeway,0,1782897502.099936,1782897504.8302393,2.7303032875061035,8.99733688884086,3.4434
1175,/home/htj/resisc45/imgs_full/parking_lot_s0006175.png,parking_lot,parking lot,parking_lot,1,1782897504.8347716,1782897507.8088758,2.974104166030884,9.834847728266165,3.48655
1176,/home/htj/resisc45/imgs_full/baseball_diamond_s0006176.png,baseball_diamond,baseball diamond,baseball_diamond,1,1782897507.8132434,1782897510.7996383,2.9863948822021484,9.93981335071417,3.543
1177,/home/htj/resisc45/imgs_full/bridge_s0006177.png,bridge,bridge,bridge,1,1782897510.8040555,1782897513.3142235,2.5101680755615234,8.635776869773865,3.83185
1178,/home/htj/resisc45/imgs_full/terrace_s0006178.png,terrace,circular farmland,circular_farmland,0,1782897513.3189309,1782897516.544041,3.2251100540161133,10.927974223203826,3.847
1179,/home/htj/resisc45/imgs_full/thermal_power_station_s0006179.png,thermal_power_station,airport,airport,0,1782897516.548611,1782897519.0588973,2.510286331176758,8.80488635856455,3.8288500000000005
1180,/home/htj/resisc45/imgs_full/overpass_s0006180.png,overpass,freeway,freeway,0,1782897519.0638316,1782897521.8046484,2.740816831588745,9.309127268140514,3.8097
1181,/home/htj/resisc45/imgs_full/bridge_s0006181.png,bridge,bridge,bridge,1,1782897521.8089895,1782897524.3035994,2.494609832763672,8.674454558705175,3.9357999999999995
1182,/home/htj/resisc45/imgs_full/stadium_s0006182.png,stadium,stadium,stadium,1,1782897524.3082232,1782897527.047699,2.739475727081299,9.301414616127403,3.746
1183,/home/htj/resisc45/imgs_full/ground_track_field_s0006183.png,ground_track_field,ground track field,ground_track_field,1,1782897527.0522554,1782897530.041287,2.9890315532684326,10.23519129627943,3.8898999999999995
1184,/home/htj/resisc45/imgs_full/terrace_s0006184.png,terrace,circular farmland,circular_farmland,0,1782897530.0459144,1782897533.2735527,3.2276382446289062,11.03172776874743,3.847
1185,/home/htj/resisc45/imgs_full/circular_farmland_s0006185.png,circular_farmland,circular farmland,circular_farmland,1,1782897533.2779746,1782897536.5002189,3.2222442626953125,11.09044689151219,3.844
1186,/home/htj/resisc45/imgs_full/wetland_s0006186.png,wetland,forest,forest,0,1782897536.5048592,1782897539.0140128,2.5091536045074463,8.738184453915466,3.743
1187,/home/htj/resisc45/imgs_full/island_s0006187.png,island,island,island,1,1782897539.0182416,1782897541.7616582,2.7434165477752686,9.344362534279625,3.743
1188,/home/htj/resisc45/imgs_full/island_s0006188.png,island,island,island,1,1782897541.7659109,1782897544.4956605,2.7297496795654297,9.39284116824468,3.80735
1189,/home/htj/resisc45/imgs_full/forest_s0006189.png,forest,forest,forest,1,1782897544.5002198,1782897546.9930842,2.4928643703460693,8.596586125130003,3.844
1190,/home/htj/resisc45/imgs_full/terrace_s0006190.png,terrace,airport,airport,0,1782897546.9975944,1782897549.5074527,2.5098583698272705,8.553483239899982,3.83185
1191,/home/htj/resisc45/imgs_full/river_s0006191.png,river,river,river,1,1782897549.512036,1782897552.021312,2.5092759132385254,8.252210072669115,3.442
1192,/home/htj/resisc45/imgs_full/stadium_s0006192.png,stadium,stadium,stadium,1,1782897552.0259297,1782897554.773825,2.7478952407836914,9.031415691375733,3.442
1193,/home/htj/resisc45/imgs_full/industrial_area_s0006193.png,industrial_area,industrial area,industrial_area,1,1782897554.778618,1782897557.7517056,2.9730875492095947,10.171044697829013,3.844
1194,/home/htj/resisc45/imgs_full/baseball_diamond_s0006194.png,baseball_diamond,commercial area,commercial_area,0,1782897557.7563272,1782897560.4980412,2.7417140007019043,9.492670656055212,3.8086499999999996
1195,/home/htj/resisc45/imgs_full/cloud_s0006195.png,cloud,cloud,cloud,1,1782897560.5024693,1782897562.997674,2.4952046871185303,8.551236590347507,3.83185
1196,/home/htj/resisc45/imgs_full/railway_s0006196.png,railway,railway,railway,1,1782897563.002256,1782897565.7447007,2.7424447536468506,9.28089012046655,3.8116499999999998
1197,/home/htj/resisc45/imgs_full/church_s0006197.png,church,church,church,1,1782897565.7491398,1782897568.261906,2.512766122817993,8.599656513739715,3.83185
1198,/home/htj/resisc45/imgs_full/sea_ice_s0006198.png,sea_ice,cloud,cloud,0,1782897568.2660294,1782897570.7729902,2.506960868835449,8.297128853711214,3.4436999999999998
1199,/home/htj/resisc45/imgs_full/lake_s0006199.png,lake,island,island,0,1782897570.777652,1782897573.5248668,2.7472147941589355,9.181649711211522,3.6086499999999995
1200,/home/htj/resisc45/imgs_full/medium_residential_s0006200.png,medium_residential,dense residential,dense_residential,0,1782897573.5296516,1782897576.2608087,2.731157064437866,9.416274131759685,3.9176999999999995
1201,/home/htj/resisc45/imgs_full/basketball_court_s0006201.png,basketball_court,basketball court,basketball_court,1,1782897576.2653184,1782897579.2514272,2.9861087799072266,10.334577936245845,3.8924499999999993
1202,/home/htj/resisc45/imgs_full/baseball_diamond_s0006202.png,baseball_diamond,baseball diamond,baseball_diamond,1,1782897579.2559764,1782897582.228631,2.9726545810699463,10.213926807687834,3.7914499999999993
1203,/home/htj/resisc45/imgs_full/palace_s0006203.png,palace,church,church,0,1782897582.2309003,1782897584.7336347,2.502734422683716,8.653318027084524,3.847
1204,/home/htj/resisc45/imgs_full/industrial_area_s0006204.png,industrial_area,industrial area,industrial_area,1,1782897584.7381525,1782897587.7110496,2.9728970527648926,10.136321185790575,3.7469
1205,/home/htj/resisc45/imgs_full/baseball_diamond_s0006205.png,baseball_diamond,baseball diamond,baseball_diamond,1,1782897587.7157712,1782897590.7041874,2.9884161949157715,10.320667737768247,3.948
1206,/home/htj/resisc45/imgs_full/commercial_area_s0006206.png,commercial_area,commercial area,commercial_area,1,1782897590.7087674,1782897593.4579606,2.7491931915283203,9.26226096169154,3.543
1207,/home/htj/resisc45/imgs_full/ship_s0006207.png,ship,harbor,harbor,0,1782897593.4648724,1782897596.2137482,2.748875856399536,9.362727266404095,3.746
1208,/home/htj/resisc45/imgs_full/storage_tank_s0006208.png,storage_tank,industrial area,industrial_area,0,1782897596.2161953,1782897599.205232,2.9890365600585938,10.124786532475397,3.746
1209,/home/htj/resisc45/imgs_full/island_s0006209.png,island,island,island,1,1782897599.2093668,1782897601.9520922,2.742725372314453,9.445546201467515,3.8116499999999998
1210,/home/htj/resisc45/imgs_full/beach_s0006210.png,beach,airport,airport,0,1782897601.9568663,1782897604.4648643,2.507997989654541,8.591489113287492,3.83185
1211,/home/htj/resisc45/imgs_full/chaparral_s0006211.png,chaparral,chaparral,chaparral,1,1782897604.4694505,1782897607.444433,2.974982500076294,10.087822390547165,3.7914499999999993
1212,/home/htj/resisc45/imgs_full/dense_residential_s0006212.png,dense_residential,dense residential,dense_residential,1,1782897607.446738,1782897610.1986284,2.7518904209136963,9.487142226099968,3.8116499999999998
1213,/home/htj/resisc45/imgs_full/desert_s0006213.png,desert,desert,desert,1,1782897610.2031229,1782897612.9489775,2.745854616165161,9.33136662916748,3.746
1214,/home/htj/resisc45/imgs_full/railway_s0006214.png,railway,railway,railway,1,1782897612.9540484,1782897615.7067692,2.752720832824707,9.392914313455423,3.746
1215,/home/htj/resisc45/imgs_full/ship_s0006215.png,ship,harbor,harbor,0,1782897615.7115266,1782897618.458272,2.7467453479766846,9.386830555126071,3.8136499999999995
1216,/home/htj/resisc45/imgs_full/cloud_s0006216.png,cloud,cloud,cloud,1,1782897618.462675,1782897620.9679613,2.50528621673584,8.568420491175218,3.83185
1217,/home/htj/resisc45/imgs_full/runway_s0006217.png,runway,freeway,freeway,0,1782897620.9723601,1782897623.708305,2.7359447479248047,8.996869309306145,3.444
1218,/home/htj/resisc45/imgs_full/commercial_area_s0006218.png,commercial_area,commercial area,commercial_area,1,1782897623.7128718,1782897626.4614208,2.748548984527588,9.099586766213179,3.543
1219,/home/htj/resisc45/imgs_full/industrial_area_s0006219.png,industrial_area,industrial area,industrial_area,1,1782897626.465935,1782897629.4538736,2.987938642501831,10.144109151652227,3.746
1220,/home/htj/resisc45/imgs_full/snowberg_s0006220.png,snowberg,mountain,mountain,0,1782897629.4589021,1782897632.2097697,2.7508676052093506,9.436486408661823,3.746
1221,/home/htj/resisc45/imgs_full/lake_s0006221.png,lake,lake,lake,1,1782897632.2145176,1782897634.720791,2.5062735080718994,8.606941952049732,3.93285
1222,/home/htj/resisc45/imgs_full/industrial_area_s0006222.png,industrial_area,industrial area,industrial_area,1,1782897634.7263722,1782897637.7156148,2.9892425537109375,9.716245493668776,3.442
1223,/home/htj/resisc45/imgs_full/mountain_s0006223.png,mountain,mountain,mountain,1,1782897637.720704,1782897640.4756894,2.7549853324890137,9.093588116451185,3.543
1224,/home/htj/resisc45/imgs_full/mobile_home_park_s0006224.png,mobile_home_park,mobile home park,mobile_home_park,1,1782897640.4804852,1782897643.4601753,2.9796900749206543,9.763527547799624,3.444
1225,/home/htj/resisc45/imgs_full/cloud_s0006225.png,cloud,cloud,cloud,1,1782897643.4645994,1782897645.9691432,2.5045437812805176,8.635154664809052,3.83185
1226,/home/htj/resisc45/imgs_full/roundabout_s0006226.png,roundabout,roundabout,roundabout,1,1782897645.9740515,1782897648.725296,2.75124454498291,9.321328814097813,3.8065999999999995
1227,/home/htj/resisc45/imgs_full/rectangular_farmland_s0006227.png,rectangular_farmland,circular farmland,circular_farmland,0,1782897648.7299285,1782897651.9586475,3.2287189960479736,11.033801234815801,3.844
1228,/home/htj/resisc45/imgs_full/church_s0006228.png,church,airport,airport,0,1782897651.9635475,1782897654.4766393,2.513091802597046,8.808330921618143,4.0268
1229,/home/htj/resisc45/imgs_full/harbor_s0006229.png,harbor,harbor,harbor,1,1782897654.481161,1782897657.231034,2.749872922897339,8.96235145689547,3.442
1230,/home/htj/resisc45/imgs_full/forest_s0006230.png,forest,forest,forest,1,1782897657.2356803,1782897659.7451403,2.509459972381592,8.287035293340683,3.442
1231,/home/htj/resisc45/imgs_full/baseball_diamond_s0006231.png,baseball_diamond,baseball diamond,baseball_diamond,1,1782897659.749661,1782897662.7247188,2.97505784034729,9.76825914287567,3.442
1232,/home/htj/resisc45/imgs_full/circular_farmland_s0006232.png,circular_farmland,baseball diamond,baseball_diamond,0,1782897662.7264333,1782897665.6967313,2.9702980518341064,9.958120370531981,3.5418000000000003
1233,/home/htj/resisc45/imgs_full/beach_s0006233.png,beach,beach,beach,1,1782897665.701105,1782897668.4477332,2.7466280460357666,9.072570207397142,3.541
1234,/home/htj/resisc45/imgs_full/ground_track_field_s0006234.png,ground_track_field,ground track field,ground_track_field,1,1782897668.4525983,1782897671.4417267,2.989128351211548,9.784394308553292,3.442
1235,/home/htj/resisc45/imgs_full/palace_s0006235.png,palace,airport,airport,0,1782897671.4463596,1782897673.9587605,2.5124008655548096,8.726349841896694,3.9255999999999998
1236,/home/htj/resisc45/imgs_full/roundabout_s0006236.png,roundabout,intersection,intersection,0,1782897673.9635355,1782897676.4627614,2.4992258548736572,8.5066832029386,3.83185
1237,/home/htj/resisc45/imgs_full/church_s0006237.png,church,church,church,1,1782897676.4674466,1782897678.9781036,2.5106570720672607,8.53486459571665,3.8293000000000004
1238,/home/htj/resisc45/imgs_full/stadium_s0006238.png,stadium,stadium,stadium,1,1782897678.98276,1782897681.7320645,2.7493045330047607,9.373925636813045,3.9126499999999997
1239,/home/htj/resisc45/imgs_full/sea_ice_s0006239.png,sea_ice,snowberg,snowberg,0,1782897681.7366297,1782897684.4705591,2.733929395675659,9.367581246833005,3.847
1240,/home/htj/resisc45/imgs_full/industrial_area_s0006240.png,industrial_area,commercial area,commercial_area,0,1782897684.475234,1782897687.225005,2.7497708797454834,9.363370853786668,3.746
1241,/home/htj/resisc45/imgs_full/desert_s0006241.png,desert,desert,desert,1,1782897687.2302234,1782897689.9771898,2.7469663619995117,9.364122185726961,3.8097
1242,/home/htj/resisc45/imgs_full/terrace_s0006242.png,terrace,circular farmland,circular_farmland,0,1782897689.9815173,1782897693.190717,3.2091996669769287,11.052598267342363,3.8695
1243,/home/htj/resisc45/imgs_full/railway_station_s0006243.png,railway_station,airport,airport,0,1782897693.195233,1782897695.6882422,2.493009090423584,8.7382234991247,3.844
1244,/home/htj/resisc45/imgs_full/sparse_residential_s0006244.png,sparse_residential,church,church,0,1782897695.6924355,1782897698.1976962,2.505260705947876,8.54931603453376,3.8293000000000004
1245,/home/htj/resisc45/imgs_full/chaparral_s0006245.png,chaparral,chaparral,chaparral,1,1782897698.202329,1782897701.1918187,2.989489793777466,10.110341671619775,3.7863999999999995
1246,/home/htj/resisc45/imgs_full/forest_s0006246.png,forest,forest,forest,1,1782897701.1963854,1782897703.6937315,2.4973461627960205,8.651147655129433,3.8288500000000005
1247,/home/htj/resisc45/imgs_full/mountain_s0006247.png,mountain,mountain,mountain,1,1782897703.6981897,1782897706.448426,2.7502362728118896,9.275343719825148,3.743
1248,/home/htj/resisc45/imgs_full/circular_farmland_s0006248.png,circular_farmland,circular farmland,circular_farmland,1,1782897706.4526935,1782897709.6779993,3.2253057956695557,10.94080310203318,3.743
1249,/home/htj/resisc45/imgs_full/mobile_home_park_s0006249.png,mobile_home_park,mobile home park,mobile_home_park,1,1782897709.682515,1782897712.6592388,2.9767239093780518,10.267006986897727,3.788449999999999
1250,/home/htj/resisc45/imgs_full/mobile_home_park_s0006250.png,mobile_home_park,mobile home park,mobile_home_park,1,1782897712.663819,1782897715.6416614,2.977842330932617,10.230148263124319,3.8915499999999996
1251,/home/htj/resisc45/imgs_full/mountain_s0006251.png,mountain,mountain,mountain,1,1782897715.6461682,1782897718.3964224,2.7502541542053223,9.423437157387637,3.8065999999999995
1252,/home/htj/resisc45/imgs_full/harbor_s0006252.png,harbor,harbor,harbor,1,1782897718.4009933,1782897721.15054,2.749546766281128,9.49641899071634,3.9126499999999997
1253,/home/htj/resisc45/imgs_full/golf_course_s0006253.png,golf_course,golf course,golf_course,1,1782897721.1551688,1782897724.1322596,2.977090835571289,10.246974900795863,3.8924499999999993
1254,/home/htj/resisc45/imgs_full/forest_s0006254.png,forest,forest,forest,1,1782897724.1371238,1782897726.6402068,2.5030829906463623,8.68518598329479,3.8293000000000004
1255,/home/htj/resisc45/imgs_full/beach_s0006255.png,beach,beach,beach,1,1782897726.6447542,1782897729.3964362,2.7516820430755615,9.238657806207737,3.746
1256,/home/htj/resisc45/imgs_full/overpass_s0006256.png,overpass,freeway,freeway,0,1782897729.3984544,1782897732.1352196,2.736765146255493,9.35985083207488,3.8116499999999998
1257,/home/htj/resisc45/imgs_full/meadow_s0006257.png,meadow,forest,forest,0,1782897732.140037,1782897734.6410942,2.5010571479797363,8.591301829934121,3.8288500000000005
1258,/home/htj/resisc45/imgs_full/ground_track_field_s0006258.png,ground_track_field,ground track field,ground_track_field,1,1782897734.6454601,1782897737.6334462,2.9879860877990723,10.173862783872165,3.847
1259,/home/htj/resisc45/imgs_full/forest_s0006259.png,forest,forest,forest,1,1782897737.6382453,1782897740.1483598,2.5101144313812256,8.734798884819854,3.93285
1260,/home/htj/resisc45/imgs_full/terrace_s0006260.png,terrace,airport,airport,0,1782897740.1526783,1782897742.6516316,2.498953342437744,8.546590814319524,3.847
1261,/home/htj/resisc45/imgs_full/meadow_s0006261.png,meadow,circular farmland,circular_farmland,0,1782897742.656336,1782897745.872138,3.215801954269409,10.915408058383635,3.746
1262,/home/htj/resisc45/imgs_full/church_s0006262.png,church,church,church,1,1782897745.8769953,1782897748.3901947,2.5131993293762207,8.765753670031375,3.93285
1263,/home/htj/resisc45/imgs_full/chaparral_s0006263.png,chaparral,desert,desert,0,1782897748.3949952,1782897751.1333225,2.7383272647857666,9.274543300375342,3.7102999999999997
1264,/home/htj/resisc45/imgs_full/thermal_power_station_s0006264.png,thermal_power_station,airport,airport,0,1782897751.1380537,1782897753.6412196,2.5031659603118896,8.557357286003503,3.746
1265,/home/htj/resisc45/imgs_full/palace_s0006265.png,palace,church,church,0,1782897753.6455889,1782897756.1564875,2.5108985900878906,8.583164434953169,3.847
1266,/home/htj/resisc45/imgs_full/lake_s0006266.png,lake,lake,lake,1,1782897756.1613383,1782897758.67361,2.5122716426849365,8.53715581850572,3.83185
1267,/home/htj/resisc45/imgs_full/snowberg_s0006267.png,snowberg,mountain,mountain,0,1782897758.6782563,1782897761.418742,2.740485668182373,9.328156466881435,3.8116499999999998
1268,/home/htj/resisc45/imgs_full/harbor_s0006268.png,harbor,harbor,harbor,1,1782897761.4232085,1782897764.1599443,2.7367358207702637,9.490828780442477,3.9769999999999994
1269,/home/htj/resisc45/imgs_full/mobile_home_park_s0006269.png,mobile_home_park,mobile home park,mobile_home_park,1,1782897764.1643689,1782897767.1482744,2.983905553817749,10.202648689760354,3.844
1270,/home/htj/resisc45/imgs_full/freeway_s0006270.png,freeway,freeway,freeway,1,1782897767.1531034,1782897769.8908641,2.7377607822418213,9.470998242750765,3.91135
1271,/home/htj/resisc45/imgs_full/roundabout_s0006271.png,roundabout,roundabout,roundabout,1,1782897769.8954637,1782897772.6353996,2.739935874938965,9.341240545630454,3.8097
1272,/home/htj/resisc45/imgs_full/airplane_s0006272.png,airplane,airport,airport,0,1782897772.6396437,1782897775.1474447,2.507801055908203,8.561290831999345,3.83185
1273,/home/htj/resisc45/imgs_full/dense_residential_s0006273.png,dense_residential,dense residential,dense_residential,1,1782897775.1523302,1782897777.90339,2.7510597705841064,9.329588760738572,3.8116499999999998
1274,/home/htj/resisc45/imgs_full/meadow_s0006274.png,meadow,forest,forest,0,1782897777.908041,1782897780.4027622,2.4947211742401123,8.599077094771646,3.844
1275,/home/htj/resisc45/imgs_full/industrial_area_s0006275.png,industrial_area,airport,airport,0,1782897780.4078164,1782897782.90807,2.500253677368164,8.52296701851758,3.83185
1276,/home/htj/resisc45/imgs_full/beach_s0006276.png,beach,beach,beach,1,1782897782.9127407,1782897785.6605308,2.7477900981903076,9.349271693069108,3.8065999999999995
1277,/home/htj/resisc45/imgs_full/wetland_s0006277.png,wetland,airport,airport,0,1782897785.6623104,1782897788.1560218,2.493711471557617,8.567464723631392,3.8368999999999995
1278,/home/htj/resisc45/imgs_full/freeway_s0006278.png,freeway,freeway,freeway,1,1782897788.1606846,1782897790.8977194,2.737034797668457,9.308370239079,3.8116499999999998
1279,/home/htj/resisc45/imgs_full/bridge_s0006279.png,bridge,freeway,freeway,0,1782897790.9022243,1782897793.6487186,2.7464942932128906,9.396901349703471,3.8097
1280,/home/htj/resisc45/imgs_full/parking_lot_s0006280.png,parking_lot,parking lot,parking_lot,1,1782897793.6534114,1782897796.6397982,2.986386775970459,10.12074992273404,3.746
1281,/home/htj/resisc45/imgs_full/cloud_s0006281.png,cloud,cloud,cloud,1,1782897796.644414,1782897799.151113,2.5066990852355957,8.309650497122243,3.543
1282,/home/htj/resisc45/imgs_full/harbor_s0006282.png,harbor,airport,airport,0,1782897799.155397,1782897801.6477203,2.492323398590088,8.17170534312725,3.442
1283,/home/htj/resisc45/imgs_full/lake_s0006283.png,lake,lake,lake,1,1782897801.6519399,1782897804.1581502,2.5062103271484375,8.130260219920766,3.442
1284,/home/htj/resisc45/imgs_full/baseball_diamond_s0006284.png,baseball_diamond,baseball diamond,baseball_diamond,1,1782897804.1600907,1782897807.1275337,2.9674429893493652,9.833649537013127,3.444
1285,/home/htj/resisc45/imgs_full/commercial_area_s0006285.png,commercial_area,airport,airport,0,1782897807.13218,1782897809.63219,2.5000100135803223,8.591568503715775,3.83185
1286,/home/htj/resisc45/imgs_full/stadium_s0006286.png,stadium,stadium,stadium,1,1782897809.6372552,1782897812.387346,2.7500908374786377,9.296822386853549,3.705199999999999
1287,/home/htj/resisc45/imgs_full/desert_s0006287.png,desert,beach,beach,0,1782897812.391801,1782897815.1329505,2.741149425506592,9.376387146343788,3.8116499999999998
1288,/home/htj/resisc45/imgs_full/forest_s0006288.png,forest,forest,forest,1,1782897815.1380043,1782897817.6502705,2.512266159057617,8.639683320999145,3.83185
1289,/home/htj/resisc45/imgs_full/forest_s0006289.png,forest,forest,forest,1,1782897817.655132,1782897820.159339,2.504206895828247,8.520279394090176,3.746
1290,/home/htj/resisc45/imgs_full/river_s0006290.png,river,airport,airport,0,1782897820.1636138,1782897822.6682136,2.5045998096466064,8.600624978157606,3.93285
1291,/home/htj/resisc45/imgs_full/river_s0006291.png,river,river,river,1,1782897822.67265,1782897825.1709018,2.4982516765594482,8.532381152158433,3.83185
1292,/home/htj/resisc45/imgs_full/tennis_court_s0006292.png,tennis_court,residential area,,0,1782897825.1756625,1782897828.1533241,2.977661609649658,10.148264041747687,3.844
1293,/home/htj/resisc45/imgs_full/medium_residential_s0006293.png,medium_residential,medium residential,medium_residential,1,1782897828.1573837,1782897830.9072967,2.749912977218628,9.50129307541251,3.9126499999999997
1294,/home/htj/resisc45/imgs_full/stadium_s0006294.png,stadium,stadium,stadium,1,1782897830.9119773,1782897833.6629648,2.7509875297546387,9.45457101736466,3.9126499999999997
1295,/home/htj/resisc45/imgs_full/sparse_residential_s0006295.png,sparse_residential,airport,airport,0,1782897833.6676302,1782897836.1793144,2.5116841793060303,8.549487527700988,3.746
1296,/home/htj/resisc45/imgs_full/airplane_s0006296.png,airplane,airport,airport,0,1782897836.1837296,1782897838.6927586,2.509028911590576,8.534062679084863,3.746
1297,/home/htj/resisc45/imgs_full/terrace_s0006297.png,terrace,airport,airport,0,1782897838.6972513,1782897841.2078075,2.510556221008301,8.61058019900322,3.93285
1298,/home/htj/resisc45/imgs_full/river_s0006298.png,river,airport,airport,0,1782897841.2125993,1782897843.7068858,2.49428653717041,8.514247094631195,3.83185
1299,/home/htj/resisc45/imgs_full/island_s0006299.png,island,river,river,0,1782897843.711162,1782897846.208475,2.4973130226135254,8.482210796877395,3.746
