n,path,true,answer,pred,correct,t_start,t_end,latency_s,E_im_J,Ppeak_W
0,/home/htj/resisc45/imgs_full/church_s0005000.png,church,intersection,intersection,0,1782900135.233179,1782900137.8130136,2.579834461212158,2.601906378269196,1.8075999999999997
1,/home/htj/resisc45/imgs_full/church_s0005001.png,church,church,church,1,1782900137.8142753,1782900139.6066904,1.7924151420593262,4.824545544147491,2.945
2,/home/htj/resisc45/imgs_full/airport_s0005002.png,airport,airport,airport,1,1782900139.607831,1782900141.3756135,1.76778244972229,5.145558509219077,3.197
3,/home/htj/resisc45/imgs_full/dense_residential_s0005003.png,dense_residential,residential,,0,1782900141.3769479,1782900143.1429844,1.7660365104675293,5.2441599644537895,3.248
4,/home/htj/resisc45/imgs_full/stadium_s0005004.png,stadium,stadium,stadium,1,1782900143.1444688,1782900144.9171696,1.7727007865905762,5.271901345521211,3.2914499999999998
5,/home/htj/resisc45/imgs_full/commercial_area_s0005005.png,commercial_area,intersection,intersection,0,1782900144.9185226,1782900146.7049859,1.7864632606506348,5.222581272894337,3.195
6,/home/htj/resisc45/imgs_full/sparse_residential_s0005006.png,sparse_residential,desert,desert,0,1782900146.7061546,1782900148.4892242,1.7830696105957031,5.109932393720074,3.045
7,/home/htj/resisc45/imgs_full/chaparral_s0005007.png,chaparral,chaparral,chaparral,1,1782900148.4903903,1782900150.409486,1.919095754623413,5.502047528505325,3.08165
8,/home/htj/resisc45/imgs_full/railway_s0005008.png,railway,industrial area,industrial_area,0,1782900150.4109392,1782900152.2612696,1.8503303527832031,5.203913940660882,3.045
9,/home/htj/resisc45/imgs_full/basketball_court_s0005009.png,basketball_court,basketball court,basketball_court,1,1782900152.2627072,1782900154.1180482,1.8553409576416016,5.209855388462543,2.99
10,/home/htj/resisc45/imgs_full/golf_course_s0005010.png,golf_course,golf course,golf_course,1,1782900154.1195426,1782900155.9786847,1.8591420650482178,5.222555411273783,3.045
11,/home/htj/resisc45/imgs_full/lake_s0005011.png,lake,lake,lake,1,1782900155.9802413,1782900157.7631829,1.7829415798187256,5.050843438648409,3.046
12,/home/htj/resisc45/imgs_full/river_s0005012.png,river,river,river,1,1782900157.7646227,1782900159.5399685,1.775345802307129,5.006303354847816,2.995
13,/home/htj/resisc45/imgs_full/forest_s0005013.png,forest,desert,desert,0,1782900159.5417893,1782900161.3183157,1.7765264511108398,5.038895212769508,3.045
14,/home/htj/resisc45/imgs_full/chaparral_s0005014.png,chaparral,desert,desert,0,1782900161.3195899,1782900163.0971553,1.7775654792785645,5.016691168277494,2.943
15,/home/htj/resisc45/imgs_full/commercial_area_s0005015.png,commercial_area,airport,airport,0,1782900163.098704,1782900164.9002376,1.8015334606170654,5.057185913555323,2.99
16,/home/htj/resisc45/imgs_full/baseball_diamond_s0005016.png,baseball_diamond,baseball diamond,baseball_diamond,1,1782900164.9020298,1782900166.7593865,1.8573567867279053,5.226485913053155,2.9909
17,/home/htj/resisc45/imgs_full/parking_lot_s0005017.png,parking_lot,intersection,intersection,0,1782900166.7605534,1782900168.539327,1.778773546218872,4.964499587705059,2.945
18,/home/htj/resisc45/imgs_full/wetland_s0005018.png,wetland,desert,desert,0,1782900168.5404599,1782900170.319969,1.7795090675354004,5.200059153288603,3.148
19,/home/htj/resisc45/imgs_full/sparse_residential_s0005019.png,sparse_residential,intersection,intersection,0,1782900170.3213058,1782900172.0989947,1.777688980102539,4.995822137340423,2.995
20,/home/htj/resisc45/imgs_full/tennis_court_s0005020.png,tennis_court,intersection,intersection,0,1782900172.1007087,1782900173.872912,1.7722032070159912,4.949763557195664,2.943
21,/home/htj/resisc45/imgs_full/baseball_diamond_s0005021.png,baseball_diamond,park,,0,1782900173.8740692,1782900175.6444006,1.7703313827514648,4.968292257032087,2.994
22,/home/htj/resisc45/imgs_full/ground_track_field_s0005022.png,ground_track_field,school,,0,1782900175.6458778,1782900177.4201927,1.7743148803710938,5.008490255540417,2.995
23,/home/htj/resisc45/imgs_full/chaparral_s0005023.png,chaparral,chaparral,chaparral,1,1782900177.4214914,1782900179.3425698,1.9210784435272217,5.430832257544293,2.98
24,/home/htj/resisc45/imgs_full/mobile_home_park_s0005024.png,mobile_home_park,residential,,0,1782900179.3444543,1782900181.1378136,1.7933592796325684,5.050716198697686,2.9889
25,/home/htj/resisc45/imgs_full/roundabout_s0005025.png,roundabout,highway,,0,1782900181.138994,1782900182.9320884,1.7930943965911865,5.088975422789973,3.045
26,/home/htj/resisc45/imgs_full/golf_course_s0005026.png,golf_course,desert,desert,0,1782900182.9332645,1782900184.7204735,1.7872090339660645,5.168776077076792,3.144
27,/home/htj/resisc45/imgs_full/baseball_diamond_s0005027.png,baseball_diamond,stadium,stadium,0,1782900184.7215073,1782900186.499664,1.7781567573547363,5.157859154132104,3.146
28,/home/htj/resisc45/imgs_full/parking_lot_s0005028.png,parking_lot,intersection,intersection,0,1782900186.5009382,1782900188.2817907,1.7808525562286377,5.187566049437369,3.144
29,/home/htj/resisc45/imgs_full/railway_station_s0005029.png,railway_station,railway station,railway_station,1,1782900188.283178,1782900190.134821,1.8516428470611572,5.432607892498826,3.1868
30,/home/htj/resisc45/imgs_full/golf_course_s0005030.png,golf_course,intersection,intersection,0,1782900190.136289,1782900191.9156263,1.7793374061584473,5.191073387515161,3.146
31,/home/htj/resisc45/imgs_full/dense_residential_s0005031.png,dense_residential,intersection,intersection,0,1782900191.9168217,1782900193.700352,1.7835302352905273,5.214639675355727,3.146
32,/home/htj/resisc45/imgs_full/desert_s0005032.png,desert,desert,desert,1,1782900193.7017434,1782900195.4919024,1.790158987045288,5.159573855474592,3.043
33,/home/htj/resisc45/imgs_full/intersection_s0005033.png,intersection,intersection,intersection,1,1782900195.4930866,1782900197.283228,1.7901413440704346,5.168426792806194,3.0945
34,/home/htj/resisc45/imgs_full/stadium_s0005034.png,stadium,stadium,stadium,1,1782900197.2843752,1782900199.0572007,1.7728254795074463,4.972260778750143,2.993
35,/home/htj/resisc45/imgs_full/beach_s0005035.png,beach,beach,beach,1,1782900199.0585766,1782900200.8301566,1.7715799808502197,5.168141699135304,3.246
36,/home/htj/resisc45/imgs_full/terrace_s0005036.png,terrace,circular farmland,circular_farmland,0,1782900200.8315036,1782900202.679222,1.8477184772491455,5.395395694769919,3.1899
37,/home/htj/resisc45/imgs_full/terrace_s0005037.png,terrace,rectangular farmland,rectangular_farmland,0,1782900202.680394,1782900204.52916,1.8487660884857178,5.189255314618348,2.9889
38,/home/htj/resisc45/imgs_full/ground_track_field_s0005038.png,ground_track_field,tennis court,tennis_court,0,1782900204.5306149,1782900206.388315,1.8577001094818115,5.285214864604175,3.045
39,/home/htj/resisc45/imgs_full/sparse_residential_s0005039.png,sparse_residential,intersection,intersection,0,1782900206.3897984,1782900208.1872642,1.7974658012390137,5.090928686365485,3.0439000000000003
40,/home/htj/resisc45/imgs_full/overpass_s0005040.png,overpass,highway,,0,1782900208.1884773,1782900209.9808784,1.7924010753631592,5.08752808455498,3.045
41,/home/htj/resisc45/imgs_full/palace_s0005041.png,palace,palace,palace,1,1782900209.982239,1782900211.7665672,1.7843282222747803,5.280050250738859,3.248
42,/home/htj/resisc45/imgs_full/rectangular_farmland_s0005042.png,rectangular_farmland,circular farmland,circular_farmland,0,1782900211.7682366,1782900213.6207895,1.852552890777588,5.396833924502134,3.144
43,/home/htj/resisc45/imgs_full/railway_s0005043.png,railway,railway station,railway_station,0,1782900213.621988,1782900215.469897,1.8479089736938477,5.367503601681102,3.144
44,/home/htj/resisc45/imgs_full/airport_s0005044.png,airport,airport,airport,1,1782900215.4712992,1782900217.2460132,1.7747139930725098,5.084040350606364,3.045
45,/home/htj/resisc45/imgs_full/bridge_s0005045.png,bridge,bridge,bridge,1,1782900217.2474113,1782900219.0373812,1.7899699211120605,5.115964998399058,3.045
46,/home/htj/resisc45/imgs_full/sparse_residential_s0005046.png,sparse_residential,church,church,0,1782900219.0385761,1782900220.8255332,1.786957025527954,5.04418878621608,3.045
47,/home/htj/resisc45/imgs_full/church_s0005047.png,church,church,church,1,1782900220.826999,1782900222.621227,1.7942280769348145,5.072861556745345,3.044
48,/home/htj/resisc45/imgs_full/dense_residential_s0005048.png,dense_residential,residential,,0,1782900222.6231148,1782900224.4066923,1.7835774421691895,5.021829498812557,3.043
49,/home/htj/resisc45/imgs_full/railway_s0005049.png,railway,intersection,intersection,0,1782900224.408174,1782900226.1894376,1.7812635898590088,5.003282123334947,3.043
50,/home/htj/resisc45/imgs_full/runway_s0005050.png,runway,runway,runway,1,1782900226.190432,1782900227.9620912,1.7716591358184814,5.050085791503229,2.993
51,/home/htj/resisc45/imgs_full/snowberg_s0005051.png,snowberg,desert,desert,0,1782900227.963987,1782900229.7500358,1.7860486507415771,5.096172945291766,3.043
52,/home/htj/resisc45/imgs_full/chaparral_s0005052.png,chaparral,desert,desert,0,1782900229.7516375,1782900231.5396864,1.7880489826202393,5.079232517786324,3.043
53,/home/htj/resisc45/imgs_full/overpass_s0005053.png,overpass,highway,,0,1782900231.5409675,1782900233.335579,1.7946114540100098,5.080487135610273,2.993
54,/home/htj/resisc45/imgs_full/railway_station_s0005054.png,railway_station,intersection,intersection,0,1782900233.336863,1782900235.13089,1.7940268516540527,5.103277569547296,3.0439000000000003
55,/home/htj/resisc45/imgs_full/sea_ice_s0005055.png,sea_ice,harbor,harbor,0,1782900235.1320124,1782900236.9114625,1.7794501781463623,5.050883228240475,3.045
56,/home/htj/resisc45/imgs_full/airplane_s0005056.png,airplane,airport,airport,0,1782900236.9126022,1782900238.690299,1.7776968479156494,5.06322469322143,2.993
57,/home/htj/resisc45/imgs_full/bridge_s0005057.png,bridge,river,river,0,1782900238.6916375,1782900240.4825482,1.7909107208251953,5.087921391904354,3.045
58,/home/htj/resisc45/imgs_full/commercial_area_s0005058.png,commercial_area,intersection,intersection,0,1782900240.4836874,1782900242.2869594,1.803272008895874,5.346137983873486,3.146
59,/home/htj/resisc45/imgs_full/dense_residential_s0005059.png,dense_residential,residential,,0,1782900242.288548,1782900244.0912082,1.8026602268218994,5.379428868486035,3.2965
60,/home/htj/resisc45/imgs_full/forest_s0005060.png,forest,desert,desert,0,1782900244.0924525,1782900245.9240248,1.8315722942352295,5.346874656580389,3.144
61,/home/htj/resisc45/imgs_full/ship_s0005061.png,ship,harbor,harbor,0,1782900245.9253726,1782900247.7187245,1.7933518886566162,5.377309595890343,3.347
62,/home/htj/resisc45/imgs_full/baseball_diamond_s0005062.png,baseball_diamond,baseball diamond,baseball_diamond,1,1782900247.7202706,1782900249.5744865,1.8542158603668213,5.5274736681129,3.246
63,/home/htj/resisc45/imgs_full/basketball_court_s0005063.png,basketball_court,basketball court,basketball_court,1,1782900249.5759726,1782900251.4401124,1.8641397953033447,5.553854993894696,3.246
64,/home/htj/resisc45/imgs_full/sparse_residential_s0005064.png,sparse_residential,intersection,intersection,0,1782900251.4416716,1782900253.2258754,1.7842037677764893,5.3381704040840265,3.2905499999999996
65,/home/htj/resisc45/imgs_full/overpass_s0005065.png,overpass,highway,,0,1782900253.2272441,1782900255.0178106,1.7905664443969727,5.067303037643433,2.992
66,/home/htj/resisc45/imgs_full/airport_s0005066.png,airport,airport,airport,1,1782900255.0192022,1782900256.8186612,1.7994589805603027,5.303905345201492,3.144
67,/home/htj/resisc45/imgs_full/airplane_s0005067.png,airplane,airplane,airplane,1,1782900256.8202102,1782900258.6132753,1.793065071105957,5.250383732241969,3.144
68,/home/htj/resisc45/imgs_full/island_s0005068.png,island,desert,desert,0,1782900258.614209,1782900260.4066823,1.792473316192627,5.311322495043277,3.244
69,/home/htj/resisc45/imgs_full/wetland_s0005069.png,wetland,desert,desert,0,1782900260.4082277,1782900262.2062716,1.798043966293335,5.2947174679694635,3.195
70,/home/htj/resisc45/imgs_full/baseball_diamond_s0005070.png,baseball_diamond,baseball diamond,baseball_diamond,1,1782900262.2076983,1782900264.0814376,1.873739242553711,5.350036557284269,3.043
71,/home/htj/resisc45/imgs_full/tennis_court_s0005071.png,tennis_court,residential,,0,1782900264.0827641,1782900265.8790922,1.796328067779541,5.084282054841519,3.0419
72,/home/htj/resisc45/imgs_full/parking_lot_s0005072.png,parking_lot,intersection,intersection,0,1782900265.8807864,1782900267.6658773,1.7850909233093262,5.045645870101067,2.992
73,/home/htj/resisc45/imgs_full/roundabout_s0005073.png,roundabout,intersection,intersection,0,1782900267.66735,1782900269.46531,1.7979600429534912,5.065808607272804,2.9869
74,/home/htj/resisc45/imgs_full/bridge_s0005074.png,bridge,bridge,bridge,1,1782900269.4663346,1782900271.260201,1.7938663959503174,5.076757633855266,2.992
75,/home/htj/resisc45/imgs_full/meadow_s0005075.png,meadow,circular farmland,circular_farmland,0,1782900271.261493,1782900273.1315212,1.8700282573699951,5.333490592588078,3.043
76,/home/htj/resisc45/imgs_full/sparse_residential_s0005076.png,sparse_residential,intersection,intersection,0,1782900273.1327147,1782900274.9289994,1.7962846755981445,5.107454805582761,3.043
77,/home/htj/resisc45/imgs_full/wetland_s0005077.png,wetland,river,river,0,1782900274.9301276,1782900276.7243717,1.7942440509796143,5.148091334142992,3.0935
78,/home/htj/resisc45/imgs_full/tennis_court_s0005078.png,tennis_court,golf course,golf_course,0,1782900276.7256107,1782900278.5837364,1.8581256866455078,5.2605227394104,3.043
79,/home/htj/resisc45/imgs_full/harbor_s0005079.png,harbor,harbor,harbor,1,1782900278.5851355,1782900280.3761277,1.790992259979248,5.371745472759008,3.347
80,/home/htj/resisc45/imgs_full/sparse_residential_s0005080.png,sparse_residential,desert,desert,0,1782900280.37734,1782900282.1792924,1.8019523620605469,5.347787718126852,3.195
81,/home/htj/resisc45/imgs_full/ship_s0005081.png,ship,harbor,harbor,0,1782900282.180458,1782900283.9788432,1.7983851432800293,5.220880669549108,3.043
82,/home/htj/resisc45/imgs_full/dense_residential_s0005082.png,dense_residential,residential,,0,1782900283.98047,1782900285.7811651,1.8006951808929443,5.072093629044871,3.042
83,/home/htj/resisc45/imgs_full/runway_s0005083.png,runway,intersection,intersection,0,1782900285.7821593,1782900287.5706897,1.7885303497314453,5.302210004925728,3.246
84,/home/htj/resisc45/imgs_full/mountain_s0005084.png,mountain,desert,desert,0,1782900287.5720718,1782900289.371284,1.7992122173309326,5.9683351595094125,4.1055
85,/home/htj/resisc45/imgs_full/storage_tank_s0005085.png,storage_tank,industrial area,industrial_area,0,1782900289.3725684,1782900291.2488644,1.876296043395996,5.7206560639468105,3.2863999999999995
86,/home/htj/resisc45/imgs_full/mobile_home_park_s0005086.png,mobile_home_park,residential area,,0,1782900291.2503552,1782900293.1059391,1.855583906173706,5.4468135224038905,3.144
87,/home/htj/resisc45/imgs_full/wetland_s0005087.png,wetland,desert,desert,0,1782900293.1072152,1782900294.905409,1.7981939315795898,5.180990071803332,3.08845
88,/home/htj/resisc45/imgs_full/commercial_area_s0005088.png,commercial_area,intersection,intersection,0,1782900294.9066634,1782900296.7294075,1.8227441310882568,5.234294576190412,3.043
89,/home/htj/resisc45/imgs_full/railway_s0005089.png,railway,intersection,intersection,0,1782900296.7308276,1782900298.524222,1.7933943271636963,5.217157652008918,3.043
90,/home/htj/resisc45/imgs_full/ship_s0005090.png,ship,harbor,harbor,0,1782900298.5255558,1782900300.3095264,1.783970594406128,5.074727352112532,3.045
91,/home/htj/resisc45/imgs_full/golf_course_s0005091.png,golf_course,golf course,golf_course,1,1782900300.3110151,1782900302.1669827,1.8559675216674805,5.253954058915377,2.988
92,/home/htj/resisc45/imgs_full/baseball_diamond_s0005092.png,baseball_diamond,baseball diamond,baseball_diamond,1,1782900302.168142,1782900304.0316408,1.8634986877441406,5.334349698153409,3.043
93,/home/htj/resisc45/imgs_full/desert_s0005093.png,desert,desert,desert,1,1782900304.0331569,1782900305.8083203,1.7751634120941162,5.088534552435721,3.045
94,/home/htj/resisc45/imgs_full/airport_s0005094.png,airport,airport,airport,1,1782900305.8097534,1782900307.603855,1.7941014766693115,5.1802998168692,3.043
95,/home/htj/resisc45/imgs_full/circular_farmland_s0005095.png,circular_farmland,circular farmland,circular_farmland,1,1782900307.6049287,1782900309.4710224,1.866093635559082,5.30005581754446,3.043
96,/home/htj/resisc45/imgs_full/terrace_s0005096.png,terrace,circular farmland,circular_farmland,0,1782900309.4721777,1782900311.335788,1.8636102676391602,5.5000786301872955,3.1847999999999996
97,/home/htj/resisc45/imgs_full/thermal_power_station_s0005097.png,thermal_power_station,industrial area,industrial_area,0,1782900311.3369844,1782900313.1930478,1.8560633659362793,5.522800911860032,3.1847999999999996
98,/home/htj/resisc45/imgs_full/golf_course_s0005098.png,golf_course,golf course,golf_course,1,1782900313.1944158,1782900315.0629756,1.8685598373413086,5.429638526136225,3.0846
99,/home/htj/resisc45/imgs_full/mountain_s0005099.png,mountain,desert,desert,0,1782900315.064353,1782900316.8553224,1.7909693717956543,5.305082372080895,3.195
100,/home/htj/resisc45/imgs_full/baseball_diamond_s0005100.png,baseball_diamond,intersection,intersection,0,1782900316.8565905,1782900318.6388857,1.7822952270507812,5.1677937575309505,3.0945
101,/home/htj/resisc45/imgs_full/commercial_area_s0005101.png,commercial_area,airport,airport,0,1782900318.640489,1782900320.4282541,1.7877650260925293,5.655091851130128,3.493
102,/home/htj/resisc45/imgs_full/desert_s0005102.png,desert,beach,beach,0,1782900320.4294295,1782900322.213444,1.7840144634246826,5.3124497789567515,3.196
103,/home/htj/resisc45/imgs_full/mobile_home_park_s0005103.png,mobile_home_park,residential,,0,1782900322.2147572,1782900324.0099258,1.7951686382293701,5.320711546652019,3.1899
104,/home/htj/resisc45/imgs_full/ground_track_field_s0005104.png,ground_track_field,stadium,stadium,0,1782900324.0112762,1782900325.8076725,1.796396255493164,5.36890687327231,3.2975
105,/home/htj/resisc45/imgs_full/intersection_s0005105.png,intersection,intersection,intersection,1,1782900325.8089714,1782900327.5951233,1.7861518859863281,5.267417729020119,3.1899
106,/home/htj/resisc45/imgs_full/golf_course_s0005106.png,golf_course,golf course,golf_course,1,1782900327.5963488,1782900329.4615831,1.865234375,5.515950224905303,3.144
107,/home/htj/resisc45/imgs_full/terrace_s0005107.png,terrace,circular farmland,circular_farmland,0,1782900329.4627318,1782900331.312641,1.8499090671539307,5.4998374663069844,3.246
108,/home/htj/resisc45/imgs_full/thermal_power_station_s0005108.png,thermal_power_station,industrial area,industrial_area,0,1782900331.3138294,1782900333.1714878,1.8576583862304688,5.556650281963926,3.246
109,/home/htj/resisc45/imgs_full/terrace_s0005109.png,terrace,circular farmland,circular_farmland,0,1782900333.1729486,1782900335.029249,1.8563003540039062,5.496273310661316,3.144
110,/home/htj/resisc45/imgs_full/commercial_area_s0005110.png,commercial_area,intersection,intersection,0,1782900335.030693,1782900336.8254728,1.7947797775268555,5.348051128953695,3.1899
111,/home/htj/resisc45/imgs_full/snowberg_s0005111.png,snowberg,desert,desert,0,1782900336.8272693,1782900338.6253934,1.798124074935913,5.208875425077253,3.045
112,/home/htj/resisc45/imgs_full/ship_s0005112.png,ship,harbor,harbor,0,1782900338.6264286,1782900340.4027333,1.7763047218322754,5.265244743123651,3.246
113,/home/htj/resisc45/imgs_full/terrace_s0005113.png,terrace,industrial area,industrial_area,0,1782900340.4043412,1782900342.2695296,1.8651883602142334,5.522123288959264,3.246
114,/home/htj/resisc45/imgs_full/cloud_s0005114.png,cloud,desert,desert,0,1782900342.270719,1782900344.053777,1.7830579280853271,5.199786962218583,3.0439000000000003
115,/home/htj/resisc45/imgs_full/meadow_s0005115.png,meadow,intersection,intersection,0,1782900344.0550508,1782900345.8409026,1.7858517169952393,5.119806440145739,3.0935
116,/home/htj/resisc45/imgs_full/palace_s0005116.png,palace,palace,palace,1,1782900345.8421192,1782900347.6370368,1.7949175834655762,5.336626522690057,3.1899
117,/home/htj/resisc45/imgs_full/roundabout_s0005117.png,roundabout,intersection,intersection,0,1782900347.6381953,1782900349.4253764,1.7871811389923096,5.280370802663987,3.144
118,/home/htj/resisc45/imgs_full/overpass_s0005118.png,overpass,highway,,0,1782900349.426914,1782900351.2207582,1.793844223022461,5.299352180600167,3.1899
119,/home/htj/resisc45/imgs_full/industrial_area_s0005119.png,industrial_area,airport,airport,0,1782900351.2222624,1782900353.0053568,1.7830944061279297,5.274335734152024,3.144
120,/home/htj/resisc45/imgs_full/mobile_home_park_s0005120.png,mobile_home_park,residential,,0,1782900353.0065522,1782900354.8031313,1.796579122543335,5.335727707758545,3.1899
121,/home/htj/resisc45/imgs_full/rectangular_farmland_s0005121.png,rectangular_farmland,circular farmland,circular_farmland,0,1782900354.8043823,1782900356.6546504,1.8502681255340576,5.472572727419436,3.144
122,/home/htj/resisc45/imgs_full/storage_tank_s0005122.png,storage_tank,industrial area,industrial_area,0,1782900356.6566062,1782900358.5248857,1.8682794570922852,5.531918857921253,3.144
123,/home/htj/resisc45/imgs_full/rectangular_farmland_s0005123.png,rectangular_farmland,circular farmland,circular_farmland,0,1782900358.525902,1782900360.3888135,1.8629114627838135,5.379072170994498,3.144
124,/home/htj/resisc45/imgs_full/storage_tank_s0005124.png,storage_tank,industrial area,industrial_area,0,1782900360.3903663,1782900362.2382376,1.8478713035583496,5.338211466088891,3.0895499999999996
125,/home/htj/resisc45/imgs_full/palace_s0005125.png,palace,palace,palace,1,1782900362.2397087,1782900364.0213058,1.7815971374511719,5.125769906197824,3.044
126,/home/htj/resisc45/imgs_full/beach_s0005126.png,beach,beach,beach,1,1782900364.0223882,1782900365.802866,1.78047776222229,5.150087567158044,3.0895499999999996
127,/home/htj/resisc45/imgs_full/stadium_s0005127.png,stadium,stadium,stadium,1,1782900365.8045497,1782900367.6040165,1.799466848373413,5.202026469376779,3.045
128,/home/htj/resisc45/imgs_full/medium_residential_s0005128.png,medium_residential,residential,,0,1782900367.605249,1782900369.387105,1.7818560600280762,5.114372356295585,3.045
129,/home/htj/resisc45/imgs_full/tennis_court_s0005129.png,tennis_court,palace,palace,0,1782900369.3886588,1782900371.182513,1.7938542366027832,5.165837271290441,3.044
130,/home/htj/resisc45/imgs_full/commercial_area_s0005130.png,commercial_area,intersection,intersection,0,1782900371.1841295,1782900372.997644,1.8135144710540771,5.203879774689674,3.045
131,/home/htj/resisc45/imgs_full/bridge_s0005131.png,bridge,harbor,harbor,0,1782900372.9987147,1782900374.7788181,1.7801034450531006,5.21955041435457,3.0945
132,/home/htj/resisc45/imgs_full/commercial_area_s0005132.png,commercial_area,intersection,intersection,0,1782900374.780292,1782900376.5974796,1.8171875476837158,5.2704685465022925,3.043
133,/home/htj/resisc45/imgs_full/cloud_s0005133.png,cloud,desert,desert,0,1782900376.5989282,1782900378.3965724,1.7976441383361816,5.361529818966985,3.246
134,/home/htj/resisc45/imgs_full/roundabout_s0005134.png,roundabout,intersection,intersection,0,1782900378.397834,1782900380.197228,1.799393892288208,5.401443078294397,3.246
135,/home/htj/resisc45/imgs_full/basketball_court_s0005135.png,basketball_court,intersection,intersection,0,1782900380.1983669,1782900381.9829686,1.7846016883850098,5.359964819369778,3.246
136,/home/htj/resisc45/imgs_full/commercial_area_s0005136.png,commercial_area,airport,airport,0,1782900381.9848495,1782900383.780879,1.7960295677185059,5.394345838423698,3.2965
137,/home/htj/resisc45/imgs_full/commercial_area_s0005137.png,commercial_area,airport,airport,0,1782900383.7828496,1782900385.5694258,1.786576271057129,5.377479312896728,3.246
138,/home/htj/resisc45/imgs_full/golf_course_s0005138.png,golf_course,golf course,golf_course,1,1782900385.5704672,1782900387.4266496,1.856182336807251,5.4154400916099545,3.0846
139,/home/htj/resisc45/imgs_full/ship_s0005139.png,ship,harbor,harbor,0,1782900387.4280674,1782900389.2073972,1.779329776763916,5.198398039417882,3.143
140,/home/htj/resisc45/imgs_full/thermal_power_station_s0005140.png,thermal_power_station,industrial area,industrial_area,0,1782900389.208968,1782900391.0857701,1.8768022060394287,5.474006434281667,3.043
141,/home/htj/resisc45/imgs_full/tennis_court_s0005141.png,tennis_court,intersection,intersection,0,1782900391.087253,1782900392.8844588,1.7972056865692139,5.221404288876442,3.144
142,/home/htj/resisc45/imgs_full/freeway_s0005142.png,freeway,intersection,intersection,0,1782900392.8857238,1782900394.6691928,1.7834689617156982,5.17891519779712,3.0895499999999996
143,/home/htj/resisc45/imgs_full/medium_residential_s0005143.png,medium_residential,residential,,0,1782900394.6704285,1782900396.4578288,1.787400245666504,5.216325813724149,3.143
144,/home/htj/resisc45/imgs_full/island_s0005144.png,island,island,island,1,1782900396.4591398,1782900398.2380931,1.7789533138275146,5.145192068315322,3.043
145,/home/htj/resisc45/imgs_full/stadium_s0005145.png,stadium,industrial area,industrial_area,0,1782900398.2396326,1782900400.1039524,1.8643198013305664,5.534657039295543,3.184
146,/home/htj/resisc45/imgs_full/runway_s0005146.png,runway,intersection,intersection,0,1782900400.1050587,1782900401.8875186,1.7824599742889404,5.359512150433757,3.246
147,/home/htj/resisc45/imgs_full/church_s0005147.png,church,palace,palace,0,1782900401.8887575,1782900403.7173374,1.8285799026489258,5.288807193582708,3.043
148,/home/htj/resisc45/imgs_full/railway_station_s0005148.png,railway_station,airport,airport,0,1782900403.7185707,1782900405.5121484,1.7935776710510254,5.222608891379449,3.0935
149,/home/htj/resisc45/imgs_full/stadium_s0005149.png,stadium,stadium,stadium,1,1782900405.5131955,1782900407.2947533,1.7815577983856201,5.3449607431888575,3.2965
150,/home/htj/resisc45/imgs_full/cloud_s0005150.png,cloud,desert,desert,0,1782900407.296002,1782900409.0792048,1.783202886581421,5.341082720942795,3.246
151,/home/htj/resisc45/imgs_full/airport_s0005151.png,airport,airport,airport,1,1782900409.0806577,1782900410.8624532,1.7817955017089844,5.420969120763964,3.3955
152,/home/htj/resisc45/imgs_full/sea_ice_s0005152.png,sea_ice,desert,desert,0,1782900410.8639233,1782900412.6488757,1.7849524021148682,5.314724566851893,3.195
153,/home/htj/resisc45/imgs_full/snowberg_s0005153.png,snowberg,desert,desert,0,1782900412.6501043,1782900414.4334106,1.783306360244751,5.26727397660166,3.144
154,/home/htj/resisc45/imgs_full/industrial_area_s0005154.png,industrial_area,industrial area,industrial_area,1,1782900414.4346118,1782900416.2997215,1.8651096820831299,5.5375106461048125,3.1847999999999996
155,/home/htj/resisc45/imgs_full/dense_residential_s0005155.png,dense_residential,residential,,0,1782900416.3009984,1782900418.086929,1.7859306335449219,5.340508700955299,3.194
156,/home/htj/resisc45/imgs_full/lake_s0005156.png,lake,lake,lake,1,1782900418.0882604,1782900419.8689854,1.7807250022888184,5.301907644717924,3.195
157,/home/htj/resisc45/imgs_full/desert_s0005157.png,desert,beach,beach,0,1782900419.8701434,1782900421.6651793,1.7950358390808105,5.199994446337223,3.08845
158,/home/htj/resisc45/imgs_full/stadium_s0005158.png,stadium,stadium,stadium,1,1782900421.6664062,1782900423.4472172,1.780811071395874,5.156424625504401,3.0935
159,/home/htj/resisc45/imgs_full/bridge_s0005159.png,bridge,bridge,bridge,1,1782900423.4484153,1782900425.2231658,1.7747504711151123,5.162004870276298,3.043
160,/home/htj/resisc45/imgs_full/stadium_s0005160.png,stadium,stadium,stadium,1,1782900425.22435,1782900426.9993744,1.7750244140625,5.140413444272934,3.045
161,/home/htj/resisc45/imgs_full/terrace_s0005161.png,terrace,circular farmland,circular_farmland,0,1782900427.0006316,1782900428.8638713,1.8632397651672363,5.385752767458558,3.043
162,/home/htj/resisc45/imgs_full/sea_ice_s0005162.png,sea_ice,desert,desert,0,1782900428.8648803,1782900430.6527593,1.7878789901733398,5.207700399845839,3.144
163,/home/htj/resisc45/imgs_full/bridge_s0005163.png,bridge,intersection,intersection,0,1782900430.653973,1782900432.4294982,1.7755250930786133,5.136422269267421,3.044
164,/home/htj/resisc45/imgs_full/intersection_s0005164.png,intersection,intersection,intersection,1,1782900432.4306564,1782900434.2113893,1.7807328701019287,5.152234623162977,3.045
165,/home/htj/resisc45/imgs_full/sea_ice_s0005165.png,sea_ice,harbor,harbor,0,1782900434.212884,1782900435.993084,1.7802000045776367,5.156263174549226,3.044
166,/home/htj/resisc45/imgs_full/snowberg_s0005166.png,snowberg,desert,desert,0,1782900435.9943948,1782900437.7797408,1.7853460311889648,5.155075080931186,3.043
167,/home/htj/resisc45/imgs_full/medium_residential_s0005167.png,medium_residential,residential,,0,1782900437.7811487,1782900439.5672362,1.7860875129699707,5.142434028471669,3.043
168,/home/htj/resisc45/imgs_full/industrial_area_s0005168.png,industrial_area,industrial area,industrial_area,1,1782900439.5684414,1782900441.434313,1.8658716678619385,5.476785677700331,3.1847999999999996
169,/home/htj/resisc45/imgs_full/wetland_s0005169.png,wetland,river,river,0,1782900441.4357548,1782900443.2292173,1.7934625148773193,5.371588369168341,3.246
170,/home/htj/resisc45/imgs_full/island_s0005170.png,island,desert,desert,0,1782900443.2302806,1782900445.0073562,1.7770755290985107,5.320678784155077,3.246
171,/home/htj/resisc45/imgs_full/runway_s0005171.png,runway,highway,,0,1782900445.0084221,1782900446.7832804,1.7748582363128662,5.349193710281003,3.246
172,/home/htj/resisc45/imgs_full/sparse_residential_s0005172.png,sparse_residential,intersection,intersection,0,1782900446.7847807,1782900448.5610902,1.7763094902038574,5.355974215107579,3.2985
173,/home/htj/resisc45/imgs_full/bridge_s0005173.png,bridge,intersection,intersection,0,1782900448.562154,1782900450.3357437,1.7735896110534668,5.202624880037001,3.0955
174,/home/htj/resisc45/imgs_full/river_s0005174.png,river,desert,desert,0,1782900450.3368516,1782900452.116909,1.780057430267334,5.136578222215176,3.045
175,/home/htj/resisc45/imgs_full/chaparral_s0005175.png,chaparral,desert,desert,0,1782900452.1181908,1782900453.9160554,1.7978646755218506,5.189333401172392,3.0945
176,/home/htj/resisc45/imgs_full/roundabout_s0005176.png,roundabout,intersection,intersection,0,1782900453.917231,1782900455.7098002,1.7925691604614258,5.49422447681427,3.59455
177,/home/htj/resisc45/imgs_full/basketball_court_s0005177.png,basketball_court,tennis court,tennis_court,0,1782900455.7109742,1782900457.5651102,1.8541359901428223,5.559742649942636,3.1899
178,/home/htj/resisc45/imgs_full/freeway_s0005178.png,freeway,park,,0,1782900457.56674,1782900459.347399,1.7806589603424072,5.3841562401503325,3.246
179,/home/htj/resisc45/imgs_full/mountain_s0005179.png,mountain,desert,desert,0,1782900459.349091,1782900461.1363904,1.787299394607544,5.350367219986454,3.244
180,/home/htj/resisc45/imgs_full/baseball_diamond_s0005180.png,baseball_diamond,baseball diamond,baseball_diamond,1,1782900461.1375153,1782900462.9933913,1.8558759689331055,5.5336597527012685,3.246
181,/home/htj/resisc45/imgs_full/basketball_court_s0005181.png,basketball_court,tennis court,tennis_court,0,1782900462.9944687,1782900464.8466177,1.8521490097045898,5.5651868572533125,3.246
182,/home/htj/resisc45/imgs_full/intersection_s0005182.png,intersection,intersection,intersection,1,1782900464.848092,1782900466.6430361,1.7949440479278564,5.427910800933838,3.347
183,/home/htj/resisc45/imgs_full/parking_lot_s0005183.png,parking_lot,intersection,intersection,0,1782900466.644482,1782900468.4358695,1.7913875579833984,5.374509394122708,3.195
184,/home/htj/resisc45/imgs_full/rectangular_farmland_s0005184.png,rectangular_farmland,circular farmland,circular_farmland,0,1782900468.4369838,1782900470.2912107,1.85422682762146,5.557005424998023,3.246
185,/home/htj/resisc45/imgs_full/medium_residential_s0005185.png,medium_residential,residential,,0,1782900470.2923162,1782900472.0662277,1.773911476135254,5.403506025160512,3.347
186,/home/htj/resisc45/imgs_full/parking_lot_s0005186.png,parking_lot,parking lot,parking_lot,1,1782900472.0678477,1782900473.9221427,1.854295015335083,5.573617480790977,3.1847999999999996
187,/home/htj/resisc45/imgs_full/dense_residential_s0005187.png,dense_residential,residential,,0,1782900473.9236858,1782900475.7039626,1.7802767753601074,5.3821212616120615,3.246
188,/home/htj/resisc45/imgs_full/medium_residential_s0005188.png,medium_residential,residential,,0,1782900475.7055025,1782900477.4890249,1.783522367477417,5.368459859086621,3.246
189,/home/htj/resisc45/imgs_full/church_s0005189.png,church,palace,palace,0,1782900477.4903212,1782900479.2752795,1.7849583625793457,5.3142672849893575,3.1919
190,/home/htj/resisc45/imgs_full/intersection_s0005190.png,intersection,intersection,intersection,1,1782900479.2764337,1782900481.0602226,1.7837889194488525,5.354416461983035,3.2965
191,/home/htj/resisc45/imgs_full/palace_s0005191.png,palace,church,church,0,1782900481.061567,1782900482.8492682,1.78770112991333,5.406584894641753,3.2965
192,/home/htj/resisc45/imgs_full/commercial_area_s0005192.png,commercial_area,palace,palace,0,1782900482.8508275,1782900484.6366303,1.7858028411865234,5.360254646837712,3.246
193,/home/htj/resisc45/imgs_full/mobile_home_park_s0005193.png,mobile_home_park,mobile home park,mobile_home_park,1,1782900484.6377192,1782900486.565149,1.9274299144744873,5.763072133393848,3.246
194,/home/htj/resisc45/imgs_full/palace_s0005194.png,palace,palace,palace,1,1782900486.5662022,1782900488.3477368,1.7815346717834473,5.404371630145658,3.2965
195,/home/htj/resisc45/imgs_full/medium_residential_s0005195.png,medium_residential,intersection,intersection,0,1782900488.3489704,1782900490.1361449,1.7871744632720947,5.344401105442355,3.246
196,/home/htj/resisc45/imgs_full/island_s0005196.png,island,island,island,1,1782900490.137055,1782900491.9274912,1.7904362678527832,5.414055469453334,3.347
197,/home/htj/resisc45/imgs_full/meadow_s0005197.png,meadow,river,river,0,1782900491.9287107,1782900493.7216783,1.7929675579071045,5.403310167574113,3.2965
198,/home/htj/resisc45/imgs_full/lake_s0005198.png,lake,lake,lake,1,1782900493.7230647,1782900495.507388,1.7843234539031982,5.367467989772559,3.246
199,/home/htj/resisc45/imgs_full/basketball_court_s0005199.png,basketball_court,tennis court,tennis_court,0,1782900495.508974,1782900497.362128,1.853153944015503,5.515507336936891,3.144
200,/home/htj/resisc45/imgs_full/bridge_s0005200.png,bridge,intersection,intersection,0,1782900497.3636398,1782900499.147788,1.7841482162475586,5.174141336381436,3.144
201,/home/htj/resisc45/imgs_full/storage_tank_s0005201.png,storage_tank,industrial area,industrial_area,0,1782900499.1492913,1782900501.0070064,1.857715129852295,5.540925642773509,3.246
202,/home/htj/resisc45/imgs_full/mobile_home_park_s0005202.png,mobile_home_park,residential,,0,1782900501.008296,1782900502.7904727,1.7821767330169678,5.37944477558881,3.29255
203,/home/htj/resisc45/imgs_full/mobile_home_park_s0005203.png,mobile_home_park,residential area,,0,1782900502.7925134,1782900504.6526518,1.8601384162902832,5.559663079664111,3.246
204,/home/htj/resisc45/imgs_full/snowberg_s0005204.png,snowberg,desert,desert,0,1782900504.653998,1782900506.4504452,1.7964472770690918,5.4482316185086965,3.3459
205,/home/htj/resisc45/imgs_full/golf_course_s0005205.png,golf_course,golf course,golf_course,1,1782900506.4517827,1782900508.3022344,1.8504517078399658,5.612593509726226,3.2905499999999996
206,/home/htj/resisc45/imgs_full/industrial_area_s0005206.png,industrial_area,industrial area,industrial_area,1,1782900508.303543,1782900510.1616843,1.8581411838531494,5.636586820255626,3.246
207,/home/htj/resisc45/imgs_full/airplane_s0005207.png,airplane,airplane,airplane,1,1782900510.1631653,1782900511.9446657,1.7815003395080566,5.416048370868928,3.2965
208,/home/htj/resisc45/imgs_full/storage_tank_s0005208.png,storage_tank,industrial area,industrial_area,0,1782900511.945871,1782900513.8044732,1.8586020469665527,5.610387403228065,3.2863999999999995
209,/home/htj/resisc45/imgs_full/railway_s0005209.png,railway,intersection,intersection,0,1782900513.8059313,1782900515.590915,1.7849836349487305,5.426177509892371,3.2965
210,/home/htj/resisc45/imgs_full/harbor_s0005210.png,harbor,harbor,harbor,1,1782900515.591983,1782900517.3718984,1.7799153327941895,5.3459757020473475,3.248
211,/home/htj/resisc45/imgs_full/dense_residential_s0005211.png,dense_residential,residential,,0,1782900517.3734736,1782900519.1693027,1.7958290576934814,5.367790983415419,3.197
212,/home/htj/resisc45/imgs_full/overpass_s0005212.png,overpass,highway,,0,1782900519.170412,1782900520.9550695,1.7846574783325195,5.399313889056445,3.29255
213,/home/htj/resisc45/imgs_full/tennis_court_s0005213.png,tennis_court,tennis court,tennis_court,1,1782900520.956547,1782900522.8174493,1.8609023094177246,5.582009089887142,3.191
214,/home/htj/resisc45/imgs_full/railway_station_s0005214.png,railway_station,industrial area,industrial_area,0,1782900522.8191652,1782900524.672951,1.853785753250122,5.631239365115309,3.347
215,/home/htj/resisc45/imgs_full/church_s0005215.png,church,church,church,1,1782900524.6742277,1782900526.4602416,1.7860138416290283,5.384082758965031,3.246
216,/home/htj/resisc45/imgs_full/sea_ice_s0005216.png,sea_ice,desert,desert,0,1782900526.4616196,1782900528.2388709,1.7772512435913086,5.24248985379742,3.0955
217,/home/htj/resisc45/imgs_full/circular_farmland_s0005217.png,circular_farmland,circular farmland,circular_farmland,1,1782900528.2402842,1782900530.096375,1.856090784072876,5.575527979829095,3.2863999999999995
218,/home/htj/resisc45/imgs_full/stadium_s0005218.png,stadium,stadium,stadium,1,1782900530.097627,1782900531.8951085,1.7974815368652344,5.455412635684013,3.29345
219,/home/htj/resisc45/imgs_full/lake_s0005219.png,lake,desert,desert,0,1782900531.8964949,1782900533.6916168,1.7951219081878662,5.258954397932175,3.0955
220,/home/htj/resisc45/imgs_full/river_s0005220.png,river,river,river,1,1782900533.693253,1782900535.474556,1.7813029289245605,5.3382865494042635,3.248
221,/home/htj/resisc45/imgs_full/rectangular_farmland_s0005221.png,rectangular_farmland,rectangular farmland,rectangular_farmland,1,1782900535.4759035,1782900537.3301504,1.8542468547821045,5.545646726153791,3.248
222,/home/htj/resisc45/imgs_full/wetland_s0005222.png,wetland,desert,desert,0,1782900537.3314621,1782900539.1121864,1.780724287033081,5.37336425748179,3.246
223,/home/htj/resisc45/imgs_full/church_s0005223.png,church,airport,airport,0,1782900539.1134822,1782900540.9004707,1.7869884967803955,5.279992574080825,3.0895499999999996
224,/home/htj/resisc45/imgs_full/ship_s0005224.png,ship,harbor,harbor,0,1782900540.901736,1782900542.6857152,1.7839791774749756,5.340140250767432,3.246
225,/home/htj/resisc45/imgs_full/stadium_s0005225.png,stadium,stadium,stadium,1,1782900542.687113,1782900544.471336,1.7842228412628174,5.366663521699608,3.246
226,/home/htj/resisc45/imgs_full/ship_s0005226.png,ship,harbor,harbor,0,1782900544.4724517,1782900546.2557776,1.7833259105682373,5.379431372550226,3.246
227,/home/htj/resisc45/imgs_full/palace_s0005227.png,palace,palace,palace,1,1782900546.257015,1782900548.03855,1.7815349102020264,5.39805077791214,3.347
228,/home/htj/resisc45/imgs_full/baseball_diamond_s0005228.png,baseball_diamond,baseball diamond,baseball_diamond,1,1782900548.0400288,1782900549.8976629,1.8576340675354004,5.6819396931763855,3.347
229,/home/htj/resisc45/imgs_full/railway_station_s0005229.png,railway_station,intersection,intersection,0,1782900549.8991742,1782900551.698192,1.7990176677703857,5.470290432237809,3.347
230,/home/htj/resisc45/imgs_full/mobile_home_park_s0005230.png,mobile_home_park,intersection,intersection,0,1782900551.6997504,1782900553.4845335,1.784783124923706,5.453962582930923,3.347
231,/home/htj/resisc45/imgs_full/baseball_diamond_s0005231.png,baseball_diamond,baseball diamond,baseball_diamond,1,1782900553.486064,1782900555.3401055,1.854041576385498,5.618441242039204,3.246
232,/home/htj/resisc45/imgs_full/commercial_area_s0005232.png,commercial_area,palace,palace,0,1782900555.3413663,1782900557.1370592,1.7956929206848145,5.3861809155941005,3.144
233,/home/htj/resisc45/imgs_full/mountain_s0005233.png,mountain,desert,desert,0,1782900557.138163,1782900558.9327636,1.794600486755371,5.239191395236601,3.0945
234,/home/htj/resisc45/imgs_full/medium_residential_s0005234.png,medium_residential,residential,,0,1782900558.9340572,1782900560.7219632,1.7879059314727783,5.18861475725472,3.0904499999999997
235,/home/htj/resisc45/imgs_full/golf_course_s0005235.png,golf_course,golf course,golf_course,1,1782900560.7231152,1782900562.5937042,1.870589017868042,5.435421525283293,3.0846
236,/home/htj/resisc45/imgs_full/forest_s0005236.png,forest,desert,desert,0,1782900562.5951755,1782900564.390614,1.795438528060913,5.213258477026416,3.0945
237,/home/htj/resisc45/imgs_full/lake_s0005237.png,lake,lake,lake,1,1782900564.3920572,1782900566.1774118,1.7853546142578125,5.184837176799774,3.0895499999999996
238,/home/htj/resisc45/imgs_full/meadow_s0005238.png,meadow,desert,desert,0,1782900566.1790786,1782900567.9720964,1.793017864227295,5.264300449371338,3.195
239,/home/htj/resisc45/imgs_full/airplane_s0005239.png,airplane,airport,airport,0,1782900567.9734726,1782900569.7670918,1.793619155883789,5.3722817260622975,3.2914499999999998
240,/home/htj/resisc45/imgs_full/river_s0005240.png,river,airport,airport,0,1782900569.7682836,1782900571.5598617,1.7915780544281006,5.41617162989801,3.246
241,/home/htj/resisc45/imgs_full/mountain_s0005241.png,mountain,desert,desert,0,1782900571.56102,1782900573.3528266,1.791806697845459,5.326817336857319,3.144
242,/home/htj/resisc45/imgs_full/overpass_s0005242.png,overpass,bridge,bridge,0,1782900573.3539517,1782900575.1470077,1.7930560111999512,5.3442902021561896,3.3975
243,/home/htj/resisc45/imgs_full/overpass_s0005243.png,overpass,highway,,0,1782900575.1483743,1782900576.9425004,1.794126033782959,5.4594694543629885,3.347
244,/home/htj/resisc45/imgs_full/meadow_s0005244.png,meadow,desert,desert,0,1782900576.9440799,1782900578.7283545,1.7842745780944824,5.410553650471472,3.2955
245,/home/htj/resisc45/imgs_full/stadium_s0005245.png,stadium,stadium,stadium,1,1782900578.7295637,1782900580.5243468,1.794783115386963,5.466292412772774,3.347
246,/home/htj/resisc45/imgs_full/bridge_s0005246.png,bridge,river,river,0,1782900580.525537,1782900582.3178637,1.7923266887664795,5.447805879000694,3.246
247,/home/htj/resisc45/imgs_full/basketball_court_s0005247.png,basketball_court,basketball court,basketball_court,1,1782900582.3190506,1782900584.185432,1.8663814067840576,5.627253055478588,3.246
248,/home/htj/resisc45/imgs_full/railway_s0005248.png,railway,intersection,intersection,0,1782900584.1866395,1782900585.981118,1.794478416442871,5.443521333079184,3.347
249,/home/htj/resisc45/imgs_full/dense_residential_s0005249.png,dense_residential,residential area,,0,1782900585.9823685,1782900587.8523202,1.8699517250061035,5.577540071770549,3.144
250,/home/htj/resisc45/imgs_full/desert_s0005250.png,desert,desert,desert,1,1782900587.8533866,1782900589.63677,1.7833833694458008,5.335270003348589,3.2905499999999996
251,/home/htj/resisc45/imgs_full/ship_s0005251.png,ship,harbor,harbor,0,1782900589.6378672,1782900591.4282603,1.7903931140899658,5.3838853579182775,3.246
252,/home/htj/resisc45/imgs_full/storage_tank_s0005252.png,storage_tank,industrial area,industrial_area,0,1782900591.429519,1782900593.2949796,1.8654606342315674,5.636687158216129,3.246
253,/home/htj/resisc45/imgs_full/sparse_residential_s0005253.png,sparse_residential,desert,desert,0,1782900593.2964084,1782900595.0895555,1.793147087097168,5.485988904337729,3.3975
254,/home/htj/resisc45/imgs_full/beach_s0005254.png,beach,beach,beach,1,1782900595.0906327,1782900596.8839266,1.7932939529418945,5.251941543370485,3.144
255,/home/htj/resisc45/imgs_full/mobile_home_park_s0005255.png,mobile_home_park,mobile home park,mobile_home_park,1,1782900596.8855436,1782900598.8263621,1.9408185482025146,5.662052699888454,3.07835
256,/home/htj/resisc45/imgs_full/island_s0005256.png,island,desert,desert,0,1782900598.827863,1782900600.619187,1.7913241386413574,5.302375429257751,3.189
257,/home/htj/resisc45/imgs_full/cloud_s0005257.png,cloud,desert,desert,0,1782900600.6204216,1782900602.4111848,1.7907631397247314,5.342135278563346,3.194
258,/home/htj/resisc45/imgs_full/runway_s0005258.png,runway,intersection,intersection,0,1782900602.412767,1782900604.2063365,1.793569564819336,5.434291585206986,3.2914499999999998
259,/home/htj/resisc45/imgs_full/golf_course_s0005259.png,golf_course,golf course,golf_course,1,1782900604.207637,1782900606.0723093,1.8646721839904785,5.637078825220466,3.28945
260,/home/htj/resisc45/imgs_full/meadow_s0005260.png,meadow,desert,desert,0,1782900606.0734918,1782900607.8663146,1.7928228378295898,5.39085019621253,3.244
261,/home/htj/resisc45/imgs_full/medium_residential_s0005261.png,medium_residential,residential,,0,1782900607.8679304,1782900609.664814,1.7968835830688477,5.4251393212041545,3.244
262,/home/htj/resisc45/imgs_full/basketball_court_s0005262.png,basketball_court,intersection,intersection,0,1782900609.6660247,1782900611.4600399,1.7940151691436768,5.378905980885029,3.144
263,/home/htj/resisc45/imgs_full/railway_station_s0005263.png,railway_station,industrial area,industrial_area,0,1782900611.4612744,1782900613.318621,1.857346534729004,5.632487791408192,3.345
264,/home/htj/resisc45/imgs_full/medium_residential_s0005264.png,medium_residential,residential,,0,1782900613.3201785,1782900615.1138186,1.79364013671875,5.467188714796497,3.345
265,/home/htj/resisc45/imgs_full/palace_s0005265.png,palace,palace,palace,1,1782900615.1152635,1782900616.9048343,1.7895708084106445,5.300596886336804,3.08755
266,/home/htj/resisc45/imgs_full/ship_s0005266.png,ship,ship,ship,1,1782900616.9060094,1782900618.695211,1.7892014980316162,5.328761506734356,3.3935
267,/home/htj/resisc45/imgs_full/bridge_s0005267.png,bridge,intersection,intersection,0,1782900618.69649,1782900620.4872346,1.7907445430755615,5.754990833820835,3.545
268,/home/htj/resisc45/imgs_full/sea_ice_s0005268.png,sea_ice,desert,desert,0,1782900620.4890647,1782900622.2806244,1.7915596961975098,5.441718096579275,3.345
269,/home/htj/resisc45/imgs_full/basketball_court_s0005269.png,basketball_court,basketball court,basketball_court,1,1782900622.281791,1782900624.147322,1.8655309677124023,5.697161981669339,3.345
270,/home/htj/resisc45/imgs_full/roundabout_s0005270.png,roundabout,intersection,intersection,0,1782900624.148442,1782900625.9407551,1.7923130989074707,5.463895390295213,3.345
271,/home/htj/resisc45/imgs_full/baseball_diamond_s0005271.png,baseball_diamond,residential,,0,1782900625.942041,1782900627.7374315,1.7953906059265137,5.462419812574982,3.345
272,/home/htj/resisc45/imgs_full/commercial_area_s0005272.png,commercial_area,palace,palace,0,1782900627.7386851,1782900629.5266,1.787914752960205,5.299090954426797,3.0925
273,/home/htj/resisc45/imgs_full/bridge_s0005273.png,bridge,harbor,harbor,0,1782900629.527962,1782900631.3091688,1.7812068462371826,5.335271131619811,3.2914499999999998
274,/home/htj/resisc45/imgs_full/roundabout_s0005274.png,roundabout,intersection,intersection,0,1782900631.3103917,1782900633.0968764,1.786484718322754,5.4223845198846625,3.244
275,/home/htj/resisc45/imgs_full/snowberg_s0005275.png,snowberg,desert,desert,0,1782900633.0980935,1782900634.8948646,1.7967710494995117,5.408898499041796,3.244
276,/home/htj/resisc45/imgs_full/railway_s0005276.png,railway,intersection,intersection,0,1782900634.8961127,1782900636.6836436,1.7875308990478516,5.449778075187438,3.345
277,/home/htj/resisc45/imgs_full/island_s0005277.png,island,desert,desert,0,1782900636.6847548,1782900638.4732363,1.7884814739227295,6.093067916900881,3.6985
278,/home/htj/resisc45/imgs_full/parking_lot_s0005278.png,parking_lot,parking lot,parking_lot,1,1782900638.4743907,1782900640.3393204,1.8649296760559082,5.48910967985789,3.1428000000000003
279,/home/htj/resisc45/imgs_full/parking_lot_s0005279.png,parking_lot,parking lot,parking_lot,1,1782900640.3405464,1782900642.2085142,1.8679678440093994,5.465107860709682,3.1428000000000003
280,/home/htj/resisc45/imgs_full/baseball_diamond_s0005280.png,baseball_diamond,baseball diamond,baseball_diamond,1,1782900642.209641,1782900644.0774167,1.8677756786346436,5.479827444062089,3.142
281,/home/htj/resisc45/imgs_full/island_s0005281.png,island,desert,desert,0,1782900644.0785906,1782900645.8592012,1.7806105613708496,5.2469423729065925,3.142
282,/home/htj/resisc45/imgs_full/railway_station_s0005282.png,railway_station,intersection,intersection,0,1782900645.8609164,1782900647.661493,1.8005766868591309,5.162478433310985,3.041
283,/home/htj/resisc45/imgs_full/dense_residential_s0005283.png,dense_residential,residential area,,0,1782900647.6630778,1782900649.535142,1.8720641136169434,5.439991397308581,3.0813999999999995
284,/home/htj/resisc45/imgs_full/church_s0005284.png,church,church,church,1,1782900649.5364482,1782900651.334428,1.7979798316955566,5.264252949806951,3.142
285,/home/htj/resisc45/imgs_full/storage_tank_s0005285.png,storage_tank,industrial area,industrial_area,0,1782900651.3360882,1782900653.2042243,1.8681361675262451,5.414311494986216,3.0833999999999997
286,/home/htj/resisc45/imgs_full/terrace_s0005286.png,terrace,intersection,intersection,0,1782900653.205514,1782900654.998898,1.793384075164795,5.246096765875817,3.142
287,/home/htj/resisc45/imgs_full/church_s0005287.png,church,church,church,1,1782900655.0001805,1782900656.7996602,1.7994797229766846,5.233815798144186,3.0935
288,/home/htj/resisc45/imgs_full/storage_tank_s0005288.png,storage_tank,industrial area,industrial_area,0,1782900656.8010721,1782900658.670902,1.8698298931121826,5.400918653986671,3.0826
289,/home/htj/resisc45/imgs_full/circular_farmland_s0005289.png,circular_farmland,circular farmland,circular_farmland,1,1782900658.6721718,1782900660.5367723,1.864600419998169,5.424857161334067,3.142
290,/home/htj/resisc45/imgs_full/palace_s0005290.png,palace,church,church,0,1782900660.5380242,1782900662.3340104,1.7959861755371094,5.485984610772902,3.2945
291,/home/htj/resisc45/imgs_full/intersection_s0005291.png,intersection,intersection,intersection,1,1782900662.3354952,1782900664.1336718,1.7981765270233154,5.434595201812685,3.244
292,/home/htj/resisc45/imgs_full/cloud_s0005292.png,cloud,desert,desert,0,1782900664.1350079,1782900665.930929,1.7959210872650146,5.376763245135546,3.244
293,/home/htj/resisc45/imgs_full/medium_residential_s0005293.png,medium_residential,residential,,0,1782900665.9323938,1782900667.7297003,1.7973065376281738,5.407631550681207,3.2945
294,/home/htj/resisc45/imgs_full/snowberg_s0005294.png,snowberg,desert,desert,0,1782900667.7311578,1782900669.5284295,1.797271728515625,5.217929145812988,3.08845
295,/home/htj/resisc45/imgs_full/overpass_s0005295.png,overpass,highway,,0,1782900669.529621,1782900671.3219564,1.7923355102539062,5.242003194747432,3.0925
296,/home/htj/resisc45/imgs_full/lake_s0005296.png,lake,desert,desert,0,1782900671.323486,1782900673.1175458,1.7940597534179688,5.229291730642318,3.08755
297,/home/htj/resisc45/imgs_full/commercial_area_s0005297.png,commercial_area,intersection,intersection,0,1782900673.118894,1782900674.9164095,1.7975153923034668,5.460909746185426,3.345
298,/home/htj/resisc45/imgs_full/beach_s0005298.png,beach,beach,beach,1,1782900674.917448,1782900676.7126906,1.7952425479888916,5.369346055716276,3.142
299,/home/htj/resisc45/imgs_full/sparse_residential_s0005299.png,sparse_residential,desert,desert,0,1782900676.7142506,1782900678.5136077,1.7993571758270264,5.200816997081041,3.142
300,/home/htj/resisc45/imgs_full/circular_farmland_s0005300.png,circular_farmland,circular farmland,circular_farmland,1,1782900678.5148234,1782900680.382664,1.8678405284881592,5.485906002186239,3.1429
301,/home/htj/resisc45/imgs_full/bridge_s0005301.png,bridge,harbor,harbor,0,1782900680.3840933,1782900682.1797614,1.795668125152588,5.663649495989085,3.5909
302,/home/htj/resisc45/imgs_full/commercial_area_s0005302.png,commercial_area,intersection,intersection,0,1782900682.1810033,1782900683.9770367,1.7960333824157715,5.449454965053065,3.2945
303,/home/htj/resisc45/imgs_full/golf_course_s0005303.png,golf_course,golf course,golf_course,1,1782900683.9781268,1782900685.8368607,1.858733892440796,5.615118918195367,3.241
304,/home/htj/resisc45/imgs_full/ship_s0005304.png,ship,intersection,intersection,0,1782900685.838327,1782900687.6333647,1.7950377464294434,5.421574943512678,3.241
305,/home/htj/resisc45/imgs_full/forest_s0005305.png,forest,desert,desert,0,1782900687.6345825,1782900689.429618,1.7950353622436523,5.402824822887298,3.241
306,/home/htj/resisc45/imgs_full/airplane_s0005306.png,airplane,airport,airport,0,1782900689.4307315,1782900691.222975,1.792243480682373,5.2947353028059005,3.14
307,/home/htj/resisc45/imgs_full/commercial_area_s0005307.png,commercial_area,intersection,intersection,0,1782900691.2242923,1782900693.0192814,1.7949891090393066,5.204657775971197,3.041
308,/home/htj/resisc45/imgs_full/mobile_home_park_s0005308.png,mobile_home_park,residential,,0,1782900693.0206087,1782900694.8113298,1.7907211780548096,5.3937641083747145,3.28855
309,/home/htj/resisc45/imgs_full/island_s0005309.png,island,harbor,harbor,0,1782900694.8123465,1782900696.5962012,1.7838547229766846,5.393916332675564,3.241
310,/home/htj/resisc45/imgs_full/intersection_s0005310.png,intersection,intersection,intersection,1,1782900696.5974867,1782900698.3933673,1.7958805561065674,5.397013919971883,3.241
311,/home/htj/resisc45/imgs_full/basketball_court_s0005311.png,basketball_court,basketball court,basketball_court,1,1782900698.394904,1782900700.2608454,1.8659415245056152,5.618699794322253,3.241
312,/home/htj/resisc45/imgs_full/mobile_home_park_s0005312.png,mobile_home_park,residential,,0,1782900700.262367,1782900702.0607831,1.7984161376953125,5.280037379264832,3.142
313,/home/htj/resisc45/imgs_full/river_s0005313.png,river,river,river,1,1782900702.0619385,1782900703.8571682,1.7952296733856201,5.218003348477184,3.14
314,/home/htj/resisc45/imgs_full/rectangular_farmland_s0005314.png,rectangular_farmland,desert,desert,0,1782900703.8584788,1782900705.6516664,1.7931876182556152,5.2097306338894755,3.0895
315,/home/htj/resisc45/imgs_full/palace_s0005315.png,palace,palace,palace,1,1782900705.6529145,1782900707.4505742,1.7976596355438232,5.174675614640117,3.0855499999999996
316,/home/htj/resisc45/imgs_full/mobile_home_park_s0005316.png,mobile_home_park,mobile home park,mobile_home_park,1,1782900707.4521823,1782900709.3980963,1.9459140300750732,5.638228669376934,3.0756499999999996
317,/home/htj/resisc45/imgs_full/desert_s0005317.png,desert,desert,desert,1,1782900709.3995786,1782900711.1938956,1.7943170070648193,5.297113210824228,3.141
318,/home/htj/resisc45/imgs_full/forest_s0005318.png,forest,desert,desert,0,1782900711.195333,1782900712.9941998,1.7988667488098145,5.224864686504006,3.0864499999999997
319,/home/htj/resisc45/imgs_full/mobile_home_park_s0005319.png,mobile_home_park,residential,,0,1782900712.9958014,1782900714.7937403,1.7979388236999512,5.425673699632287,3.2869
320,/home/htj/resisc45/imgs_full/storage_tank_s0005320.png,storage_tank,circular farmland,circular_farmland,0,1782900714.7948904,1782900716.6655588,1.8706684112548828,5.618410855900158,3.241
321,/home/htj/resisc45/imgs_full/railway_s0005321.png,railway,railway station,railway_station,0,1782900716.6669836,1782900718.5385425,1.8715589046478271,5.672578067556024,3.244
322,/home/htj/resisc45/imgs_full/forest_s0005322.png,forest,forest,forest,1,1782900718.5402305,1782900720.3349028,1.7946722507476807,5.461748494103551,3.241
323,/home/htj/resisc45/imgs_full/mobile_home_park_s0005323.png,mobile_home_park,residential area,,0,1782900720.3364162,1782900722.2087784,1.8723621368408203,5.451921374754472,3.142
324,/home/htj/resisc45/imgs_full/commercial_area_s0005324.png,commercial_area,intersection,intersection,0,1782900722.2098951,1782900724.0058103,1.795915126800537,5.2726330140483,3.141
325,/home/htj/resisc45/imgs_full/island_s0005325.png,island,island,island,1,1782900724.0069268,1782900725.8015153,1.794588565826416,5.217878416925669,3.041
326,/home/htj/resisc45/imgs_full/island_s0005326.png,island,harbor,harbor,0,1782900725.8026123,1782900727.5956204,1.7930080890655518,5.424017563931644,3.345
327,/home/htj/resisc45/imgs_full/airplane_s0005327.png,airplane,airport,airport,0,1782900727.5967546,1782900729.3878915,1.7911369800567627,5.444305297413179,3.292
328,/home/htj/resisc45/imgs_full/mountain_s0005328.png,mountain,desert,desert,0,1782900729.3891575,1782900731.1768727,1.787715196609497,5.441343712622119,3.343
329,/home/htj/resisc45/imgs_full/terrace_s0005329.png,terrace,circular farmland,circular_farmland,0,1782900731.177991,1782900733.0458462,1.8678553104400635,5.6223010861006655,3.244
330,/home/htj/resisc45/imgs_full/baseball_diamond_s0005330.png,baseball_diamond,golf course,golf_course,0,1782900733.0469918,1782900734.904204,1.8572120666503906,5.709745242725719,3.3846
331,/home/htj/resisc45/imgs_full/baseball_diamond_s0005331.png,baseball_diamond,baseball diamond,baseball_diamond,1,1782900734.9053156,1782900736.7730463,1.8677306175231934,5.558366317749023,3.142
332,/home/htj/resisc45/imgs_full/island_s0005332.png,island,desert,desert,0,1782900736.7741148,1782900738.5673673,1.7932524681091309,5.189152021023535,3.142
333,/home/htj/resisc45/imgs_full/overpass_s0005333.png,overpass,intersection,intersection,0,1782900738.568644,1782900740.3621771,1.7935330867767334,5.47638513674587,3.345
334,/home/htj/resisc45/imgs_full/dense_residential_s0005334.png,dense_residential,residential,,0,1782900740.3637514,1782900742.1605482,1.7967967987060547,5.240270921645626,3.142
335,/home/htj/resisc45/imgs_full/circular_farmland_s0005335.png,circular_farmland,desert,desert,0,1782900742.1620743,1782900743.955797,1.7937226295471191,5.301963823780418,3.142
336,/home/htj/resisc45/imgs_full/storage_tank_s0005336.png,storage_tank,industrial area,industrial_area,0,1782900743.9569616,1782900745.8205671,1.8636054992675781,5.639891442616781,3.345
337,/home/htj/resisc45/imgs_full/island_s0005337.png,island,desert,desert,0,1782900745.8216577,1782900747.613942,1.7922842502593994,5.42096606958297,3.244
338,/home/htj/resisc45/imgs_full/thermal_power_station_s0005338.png,thermal_power_station,industrial area,industrial_area,0,1782900747.6154919,1782900749.4807086,1.8652167320251465,5.666415388454091,3.345
339,/home/htj/resisc45/imgs_full/storage_tank_s0005339.png,storage_tank,industrial area,industrial_area,0,1782900749.4819248,1782900751.3458843,1.863959550857544,5.71456108119271,3.3853999999999997
340,/home/htj/resisc45/imgs_full/tennis_court_s0005340.png,tennis_court,residential,,0,1782900751.3472419,1782900753.1399984,1.7927565574645996,5.452524492386849,3.345
341,/home/htj/resisc45/imgs_full/forest_s0005341.png,forest,desert,desert,0,1782900753.141222,1782900754.9340467,1.7928247451782227,5.390183622151613,3.244
342,/home/htj/resisc45/imgs_full/railway_s0005342.png,railway,railway station,railway_station,0,1782900754.9355845,1782900756.801301,1.8657164573669434,5.596799550265073,3.244
343,/home/htj/resisc45/imgs_full/airport_s0005343.png,airport,intersection,intersection,0,1782900756.8024318,1782900758.5939221,1.7914903163909912,5.384939970709383,3.244
344,/home/htj/resisc45/imgs_full/mountain_s0005344.png,mountain,desert,desert,0,1782900758.59504,1782900760.3833282,1.7882881164550781,5.36151851998606,3.244
345,/home/htj/resisc45/imgs_full/storage_tank_s0005345.png,storage_tank,industrial area,industrial_area,0,1782900760.3845892,1782900762.2484126,1.863823413848877,5.621743252147327,3.244
346,/home/htj/resisc45/imgs_full/basketball_court_s0005346.png,basketball_court,tennis court,tennis_court,0,1782900762.2496917,1782900764.1162095,1.8665177822113037,5.601193619836461,3.1828
347,/home/htj/resisc45/imgs_full/basketball_court_s0005347.png,basketball_court,tennis court,tennis_court,0,1782900764.1172707,1782900765.9783628,1.8610920906066895,5.584009429310307,3.1816
348,/home/htj/resisc45/imgs_full/palace_s0005348.png,palace,palace,palace,1,1782900765.9800885,1782900767.7765746,1.7964861392974854,5.304096350692934,3.142
349,/home/htj/resisc45/imgs_full/baseball_diamond_s0005349.png,baseball_diamond,residential,,0,1782900767.7778442,1782900769.5717385,1.7938942909240723,5.24422572273016,3.0864499999999997
350,/home/htj/resisc45/imgs_full/mountain_s0005350.png,mountain,desert,desert,0,1782900769.572739,1782900771.3647242,1.791985273361206,5.284564571142196,3.142
351,/home/htj/resisc45/imgs_full/thermal_power_station_s0005351.png,thermal_power_station,industrial area,industrial_area,0,1782900771.3658857,1782900773.2305202,1.8646345138549805,5.708041775443337,3.3833999999999995
352,/home/htj/resisc45/imgs_full/stadium_s0005352.png,stadium,stadium,stadium,1,1782900773.2321303,1782900775.023792,1.7916617393493652,5.462718847736236,3.292
353,/home/htj/resisc45/imgs_full/cloud_s0005353.png,cloud,desert,desert,0,1782900775.0248704,1782900776.814017,1.7891466617584229,5.44588288422674,3.345
354,/home/htj/resisc45/imgs_full/bridge_s0005354.png,bridge,river,river,0,1782900776.8154428,1782900778.6059926,1.7905497550964355,5.256823042285058,3.142
355,/home/htj/resisc45/imgs_full/dense_residential_s0005355.png,dense_residential,residential,,0,1782900778.60768,1782900780.4010673,1.7933871746063232,5.453522267930209,3.345
356,/home/htj/resisc45/imgs_full/wetland_s0005356.png,wetland,desert,desert,0,1782900780.4021904,1782900782.1830873,1.7808969020843506,5.4286333438504135,3.345
357,/home/htj/resisc45/imgs_full/beach_s0005357.png,beach,beach,beach,1,1782900782.184222,1782900783.9737058,1.7894837856292725,5.475708541288972,3.345
358,/home/htj/resisc45/imgs_full/baseball_diamond_s0005358.png,baseball_diamond,baseball diamond,baseball_diamond,1,1782900783.9748302,1782900785.8382986,1.8634684085845947,5.667389764383436,3.345
359,/home/htj/resisc45/imgs_full/intersection_s0005359.png,intersection,intersection,intersection,1,1782900785.8397577,1782900787.6319363,1.7921786308288574,5.478130018621683,3.345
360,/home/htj/resisc45/imgs_full/commercial_area_s0005360.png,commercial_area,residential,,0,1782900787.633164,1782900789.4245205,1.7913565635681152,5.39464139833758,3.244
361,/home/htj/resisc45/imgs_full/meadow_s0005361.png,meadow,beach,beach,0,1782900789.4260046,1782900791.2071195,1.7811148166656494,5.41013625562191,3.345
362,/home/htj/resisc45/imgs_full/tennis_court_s0005362.png,tennis_court,golf course,golf_course,0,1782900791.2083497,1782900793.0642314,1.855881690979004,5.601978884220123,3.244
363,/home/htj/resisc45/imgs_full/palace_s0005363.png,palace,palace,palace,1,1782900793.0654864,1782900794.8503072,1.784820795059204,5.274535878948867,3.142
364,/home/htj/resisc45/imgs_full/storage_tank_s0005364.png,storage_tank,airfield,,0,1782900794.8516912,1782900796.7156026,1.8639113903045654,5.478734542876482,3.142
365,/home/htj/resisc45/imgs_full/ship_s0005365.png,ship,harbor,harbor,0,1782900796.7166572,1782900798.504344,1.787686824798584,5.469148514404893,3.3884499999999997
366,/home/htj/resisc45/imgs_full/wetland_s0005366.png,wetland,desert,desert,0,1782900798.5054438,1782900800.2926779,1.7872340679168701,5.405575917482376,3.244
367,/home/htj/resisc45/imgs_full/railway_s0005367.png,railway,railway station,railway_station,0,1782900800.2939904,1782900802.1600347,1.866044282913208,5.605653572667729,3.244
368,/home/htj/resisc45/imgs_full/runway_s0005368.png,runway,intersection,intersection,0,1782900802.1610749,1782900803.9488964,1.7878215312957764,5.436995963319656,3.244
369,/home/htj/resisc45/imgs_full/island_s0005369.png,island,desert,desert,0,1782900803.9501421,1782900805.7373836,1.7872414588928223,5.411822988823056,3.28945
370,/home/htj/resisc45/imgs_full/mobile_home_park_s0005370.png,mobile_home_park,residential,,0,1782900805.7390156,1782900807.5333874,1.7943718433380127,5.3965443773577295,3.241
371,/home/htj/resisc45/imgs_full/sea_ice_s0005371.png,sea_ice,desert,desert,0,1782900807.5345213,1782900809.324418,1.7898967266082764,5.356825297102332,3.241
372,/home/htj/resisc45/imgs_full/forest_s0005372.png,forest,desert,desert,0,1782900809.3257086,1782900811.1204107,1.7947020530700684,5.415889753633929,3.2945
373,/home/htj/resisc45/imgs_full/meadow_s0005373.png,meadow,desert,desert,0,1782900811.1215198,1782900812.910778,1.7892582416534424,5.399310401469469,3.2869
374,/home/htj/resisc45/imgs_full/medium_residential_s0005374.png,medium_residential,residential,,0,1782900812.912424,1782900814.7054172,1.7929930686950684,5.405064363310414,3.244
375,/home/htj/resisc45/imgs_full/runway_s0005375.png,runway,airport,airport,0,1782900814.7064261,1782900816.4933057,1.786879539489746,5.432448839962483,3.343
376,/home/htj/resisc45/imgs_full/cloud_s0005376.png,cloud,lake,lake,0,1782900816.494436,1782900818.286017,1.7915809154510498,5.41600690034128,3.292
377,/home/htj/resisc45/imgs_full/chaparral_s0005377.png,chaparral,desert,desert,0,1782900818.28756,1782900820.0799336,1.7923736572265625,5.493289189338684,3.444
378,/home/htj/resisc45/imgs_full/forest_s0005378.png,forest,desert,desert,0,1782900820.0811791,1782900821.8738728,1.7926936149597168,5.413125113610298,3.241
379,/home/htj/resisc45/imgs_full/ship_s0005379.png,ship,harbor,harbor,0,1782900821.8749492,1782900823.6644342,1.789484977722168,5.393507722854614,3.2869
380,/home/htj/resisc45/imgs_full/cloud_s0005380.png,cloud,desert,desert,0,1782900823.6655805,1782900825.45386,1.7882795333862305,5.232852033307475,3.0915
381,/home/htj/resisc45/imgs_full/palace_s0005381.png,palace,church,church,0,1782900825.4552522,1782900827.247178,1.7919259071350098,5.142267376631498,3.041
382,/home/htj/resisc45/imgs_full/freeway_s0005382.png,freeway,intersection,intersection,0,1782900827.2483351,1782900829.0382855,1.7899503707885742,5.384286196001114,3.2945
383,/home/htj/resisc45/imgs_full/runway_s0005383.png,runway,airport,airport,0,1782900829.0397322,1782900830.8301675,1.7904353141784668,5.42602612182498,3.2869
384,/home/htj/resisc45/imgs_full/rectangular_farmland_s0005384.png,rectangular_farmland,rectangular farmland,rectangular_farmland,1,1782900830.8314552,1782900832.6920874,1.8606321811676025,5.604282274432481,3.28855
385,/home/htj/resisc45/imgs_full/railway_station_s0005385.png,railway_station,railway station,railway_station,1,1782900832.6933768,1782900834.558599,1.8652222156524658,5.636305882504493,3.241
386,/home/htj/resisc45/imgs_full/railway_station_s0005386.png,railway_station,intersection,intersection,0,1782900834.5601475,1782900836.3493574,1.7892098426818848,5.374613218076767,3.241
387,/home/htj/resisc45/imgs_full/golf_course_s0005387.png,golf_course,golf course,golf_course,1,1782900836.3504794,1782900838.215416,1.8649365901947021,5.463981643120448,3.1408
388,/home/htj/resisc45/imgs_full/dense_residential_s0005388.png,dense_residential,residential,,0,1782900838.2168496,1782900840.0022671,1.7854175567626953,5.490772724330426,3.39045
389,/home/htj/resisc45/imgs_full/meadow_s0005389.png,meadow,desert,desert,0,1782900840.0039432,1782900841.7930756,1.7891323566436768,5.469550756100685,3.3955
390,/home/htj/resisc45/imgs_full/runway_s0005390.png,runway,intersection,intersection,0,1782900841.794771,1782900843.583565,1.7887940406799316,5.415025779339575,3.292
391,/home/htj/resisc45/imgs_full/storage_tank_s0005391.png,storage_tank,industrial area,industrial_area,0,1782900843.5847476,1782900845.4454262,1.8606786727905273,5.743858678702152,3.4856
392,/home/htj/resisc45/imgs_full/dense_residential_s0005392.png,dense_residential,residential,,0,1782900845.4467869,1782900847.2402453,1.7934584617614746,5.385419487208128,3.28945
393,/home/htj/resisc45/imgs_full/mobile_home_park_s0005393.png,mobile_home_park,residential area,,0,1782900847.2418797,1782900849.1095207,1.8676409721374512,5.583623959700266,3.244
394,/home/htj/resisc45/imgs_full/airport_s0005394.png,airport,airport,airport,1,1782900849.1111493,1782900850.9027762,1.7916269302368164,5.425913261013647,3.3955
395,/home/htj/resisc45/imgs_full/railway_station_s0005395.png,railway_station,industrial area,industrial_area,0,1782900850.904435,1782900852.7608554,1.8564205169677734,5.639017958207564,3.345
396,/home/htj/resisc45/imgs_full/lake_s0005396.png,lake,lake,lake,1,1782900852.7620943,1782900854.5552828,1.7931885719299316,5.43370844170355,3.292
397,/home/htj/resisc45/imgs_full/beach_s0005397.png,beach,desert,desert,0,1782900854.5565014,1782900856.347112,1.7906105518341064,5.32477217193693,3.1409000000000002
398,/home/htj/resisc45/imgs_full/palace_s0005398.png,palace,palace,palace,1,1782900856.3483732,1782900858.1409562,1.7925829887390137,5.373180770858641,3.241
399,/home/htj/resisc45/imgs_full/railway_station_s0005399.png,railway_station,industrial area,industrial_area,0,1782900858.1422148,1782900860.0075133,1.8652985095977783,5.44220623644193,3.142
400,/home/htj/resisc45/imgs_full/freeway_s0005400.png,freeway,intersection,intersection,0,1782900860.0085945,1782900861.7884984,1.7799038887023926,5.433529825918136,3.3935
401,/home/htj/resisc45/imgs_full/parking_lot_s0005401.png,parking_lot,parking lot,parking_lot,1,1782900861.7900872,1782900863.6531022,1.8630149364471436,5.606658768740568,3.2422
402,/home/htj/resisc45/imgs_full/commercial_area_s0005402.png,commercial_area,stadium,stadium,0,1782900863.654375,1782900865.4484644,1.7940893173217773,5.406806463918378,3.241
403,/home/htj/resisc45/imgs_full/overpass_s0005403.png,overpass,highway,,0,1782900865.4496837,1782900867.2321985,1.7825148105621338,5.4305427775532005,3.3884499999999997
404,/home/htj/resisc45/imgs_full/meadow_s0005404.png,meadow,park,,0,1782900867.2333298,1782900869.0224884,1.789158582687378,5.405336652263518,3.244
405,/home/htj/resisc45/imgs_full/bridge_s0005405.png,bridge,river,river,0,1782900869.024127,1782900870.8125587,1.7884316444396973,5.420345094874501,3.28855
406,/home/htj/resisc45/imgs_full/cloud_s0005406.png,cloud,desert,desert,0,1782900870.8137493,1782900872.6049502,1.791200876235962,5.380651870865976,3.241
407,/home/htj/resisc45/imgs_full/meadow_s0005407.png,meadow,stadium,stadium,0,1782900872.6063206,1782900874.393765,1.7874443531036377,5.40646059177816,3.343
408,/home/htj/resisc45/imgs_full/intersection_s0005408.png,intersection,intersection,intersection,1,1782900874.3950567,1782900876.1856942,1.790637493133545,5.409631391755997,3.2935
409,/home/htj/resisc45/imgs_full/cloud_s0005409.png,cloud,desert,desert,0,1782900876.1867874,1782900877.9789662,1.7921788692474365,5.380456999018788,3.241
410,/home/htj/resisc45/imgs_full/palace_s0005410.png,palace,palace,palace,1,1782900877.9802356,1782900879.7721307,1.7918951511383057,5.372332875390206,3.244
411,/home/htj/resisc45/imgs_full/desert_s0005411.png,desert,desert,desert,1,1782900879.7731705,1782900881.5599508,1.7867803573608398,5.355499473694833,3.241
412,/home/htj/resisc45/imgs_full/stadium_s0005412.png,stadium,stadium,stadium,1,1782900881.5612226,1782900883.3515544,1.7903318405151367,5.374911872446536,3.241
413,/home/htj/resisc45/imgs_full/runway_s0005413.png,runway,airport,airport,0,1782900883.3527052,1782900885.1425903,1.7898850440979004,5.311743690383049,3.14
414,/home/htj/resisc45/imgs_full/commercial_area_s0005414.png,commercial_area,intersection,intersection,0,1782900885.144259,1782900886.9390981,1.7948391437530518,5.156068061493338,3.0855499999999996
415,/home/htj/resisc45/imgs_full/circular_farmland_s0005415.png,circular_farmland,circular farmland,circular_farmland,1,1782900886.9401383,1782900888.8001964,1.860058069229126,5.569352051648226,3.241
416,/home/htj/resisc45/imgs_full/desert_s0005416.png,desert,desert,desert,1,1782900888.801621,1782900890.592212,1.7905910015106201,5.4381981545879,3.2945
417,/home/htj/resisc45/imgs_full/basketball_court_s0005417.png,basketball_court,basketball court,basketball_court,1,1782900890.593565,1782900892.4557521,1.862187147140503,5.67859863042109,3.444
418,/home/htj/resisc45/imgs_full/bridge_s0005418.png,bridge,river,river,0,1782900892.4568295,1782900894.243668,1.7868385314941406,5.4677259063720705,3.343
419,/home/htj/resisc45/imgs_full/intersection_s0005419.png,intersection,intersection,intersection,1,1782900894.2449622,1782900896.0384088,1.7934465408325195,5.339706849306822,3.244
420,/home/htj/resisc45/imgs_full/airport_s0005420.png,airport,airport,airport,1,1782900896.0398655,1782900897.8306785,1.7908129692077637,5.375096242996954,3.244
421,/home/htj/resisc45/imgs_full/wetland_s0005421.png,wetland,desert,desert,0,1782900897.8322873,1782900899.6236227,1.7913353443145752,5.434463600814342,3.343
422,/home/htj/resisc45/imgs_full/commercial_area_s0005422.png,commercial_area,intersection,intersection,0,1782900899.6249032,1782900901.4121904,1.7872872352600098,5.387748543477827,3.2945
423,/home/htj/resisc45/imgs_full/ship_s0005423.png,ship,harbor,harbor,0,1782900901.4132977,1782900903.2003229,1.7870252132415771,5.426849696766946,3.343
424,/home/htj/resisc45/imgs_full/stadium_s0005424.png,stadium,stadium,stadium,1,1782900903.2015643,1782900904.9920754,1.790511131286621,5.510298006534577,3.444
425,/home/htj/resisc45/imgs_full/freeway_s0005425.png,freeway,highway,,0,1782900904.9932938,1782900906.7853549,1.7920610904693604,5.443298849667272,3.2945
426,/home/htj/resisc45/imgs_full/desert_s0005426.png,desert,desert,desert,1,1782900906.786563,1782900908.578072,1.7915091514587402,5.402575769528747,3.244
427,/home/htj/resisc45/imgs_full/railway_s0005427.png,railway,railway station,railway_station,0,1782900908.5797513,1782900910.4425616,1.8628103733062744,5.634154647263613,3.2817999999999996
428,/home/htj/resisc45/imgs_full/airport_s0005428.png,airport,airport,airport,1,1782900910.4441612,1782900912.2353585,1.7911972999572754,5.516483219961966,3.444
429,/home/htj/resisc45/imgs_full/bridge_s0005429.png,bridge,bridge,bridge,1,1782900912.2367058,1782900914.026996,1.790290117263794,5.437334872394801,3.343
430,/home/htj/resisc45/imgs_full/snowberg_s0005430.png,snowberg,desert,desert,0,1782900914.0281582,1782900915.8200507,1.7918925285339355,5.265851914498113,3.14
431,/home/htj/resisc45/imgs_full/roundabout_s0005431.png,roundabout,intersection,intersection,0,1782900915.8215742,1782900917.613929,1.7923548221588135,5.387146462351084,3.28855
432,/home/htj/resisc45/imgs_full/meadow_s0005432.png,meadow,circular farmland,circular_farmland,0,1782900917.6154084,1782900919.475343,1.8599345684051514,5.8190377890765665,3.444
433,/home/htj/resisc45/imgs_full/chaparral_s0005433.png,chaparral,desert,desert,0,1782900919.4768348,1782900921.267897,1.7910621166229248,5.683487861573696,3.3884499999999997
434,/home/htj/resisc45/imgs_full/overpass_s0005434.png,overpass,bridge,bridge,0,1782900921.2690654,1782900923.0604103,1.7913448810577393,5.447190856702866,3.244
435,/home/htj/resisc45/imgs_full/desert_s0005435.png,desert,beach,beach,0,1782900923.0613294,1782900924.8495169,1.7881875038146973,5.386356046646833,3.244
436,/home/htj/resisc45/imgs_full/stadium_s0005436.png,stadium,stadium,stadium,1,1782900924.8510394,1782900926.6452317,1.7941923141479492,5.397161989642727,3.244
437,/home/htj/resisc45/imgs_full/sparse_residential_s0005437.png,sparse_residential,desert,desert,0,1782900926.6464012,1782900928.4309614,1.784560203552246,5.392439027577638,3.244
438,/home/htj/resisc45/imgs_full/overpass_s0005438.png,overpass,highway,,0,1782900928.432219,1782900930.2158484,1.7836294174194336,5.44691655863485,3.344
439,/home/htj/resisc45/imgs_full/basketball_court_s0005439.png,basketball_court,basketball court,basketball_court,1,1782900930.2172067,1782900932.079572,1.8623652458190918,5.615144086765521,3.241
440,/home/htj/resisc45/imgs_full/parking_lot_s0005440.png,parking_lot,intersection,intersection,0,1782900932.0809076,1782900933.878063,1.7971553802490234,5.426771548055833,3.241
441,/home/htj/resisc45/imgs_full/sea_ice_s0005441.png,sea_ice,harbor,harbor,0,1782900933.8794715,1782900935.6716752,1.792203664779663,5.202543213397265,3.039
442,/home/htj/resisc45/imgs_full/desert_s0005442.png,desert,desert,desert,1,1782900935.6728075,1782900937.457169,1.7843616008758545,5.329427621403048,3.241
443,/home/htj/resisc45/imgs_full/ground_track_field_s0005443.png,ground_track_field,intersection,intersection,0,1782900937.45865,1782900939.2519953,1.7933452129364014,5.466396419219673,3.3875499999999996
444,/home/htj/resisc45/imgs_full/sparse_residential_s0005444.png,sparse_residential,intersection,intersection,0,1782900939.253098,1782900941.0318625,1.7787644863128662,5.422993882771461,3.292
445,/home/htj/resisc45/imgs_full/rectangular_farmland_s0005445.png,rectangular_farmland,rectangular farmland,rectangular_farmland,1,1782900941.0329661,1782900942.8951995,1.8622334003448486,5.607918375535445,3.241
446,/home/htj/resisc45/imgs_full/river_s0005446.png,river,river,river,1,1782900942.896275,1782900944.681114,1.7848389148712158,5.325441142935906,3.14
447,/home/htj/resisc45/imgs_full/stadium_s0005447.png,stadium,stadium,stadium,1,1782900944.6821961,1782900946.4705706,1.788374423980713,5.1266348890796785,3.039
448,/home/htj/resisc45/imgs_full/river_s0005448.png,river,river,river,1,1782900946.4721446,1782900948.2561498,1.7840051651000977,5.315889390707016,3.241
449,/home/htj/resisc45/imgs_full/cloud_s0005449.png,cloud,desert,desert,0,1782900948.2575698,1782900950.03924,1.781670093536377,5.403690447238184,3.343
450,/home/htj/resisc45/imgs_full/medium_residential_s0005450.png,medium_residential,residential,,0,1782900950.040591,1782900951.8358786,1.7952876091003418,5.2419032021462915,3.0855499999999996
451,/home/htj/resisc45/imgs_full/sea_ice_s0005451.png,sea_ice,desert,desert,0,1782900951.8371212,1782900953.6143894,1.7772681713104248,5.198738726008322,3.0895
452,/home/htj/resisc45/imgs_full/railway_station_s0005452.png,railway_station,industrial area,industrial_area,0,1782900953.6159768,1782900955.4740014,1.8580245971679688,5.411322449445724,3.039
453,/home/htj/resisc45/imgs_full/chaparral_s0005453.png,chaparral,desert,desert,0,1782900955.475923,1782900957.26814,1.7922170162200928,5.252525566924002,3.138
454,/home/htj/resisc45/imgs_full/freeway_s0005454.png,freeway,bridge,bridge,0,1782900957.2692928,1782900959.0613608,1.7920680046081543,5.176475144278619,3.0895
455,/home/htj/resisc45/imgs_full/circular_farmland_s0005455.png,circular_farmland,circular farmland,circular_farmland,1,1782900959.0625577,1782900960.9295955,1.8670377731323242,5.4140011275708675,3.08445
456,/home/htj/resisc45/imgs_full/river_s0005456.png,river,river,river,1,1782900960.9307008,1782900962.70792,1.777219295501709,5.210529283896089,3.14
457,/home/htj/resisc45/imgs_full/mobile_home_park_s0005457.png,mobile_home_park,residential,,0,1782900962.7092383,1782900964.4914765,1.782238245010376,5.1538880552322635,3.039
458,/home/htj/resisc45/imgs_full/forest_s0005458.png,forest,desert,desert,0,1782900964.4925902,1782900966.2694273,1.7768371105194092,5.161138632797425,3.039
459,/home/htj/resisc45/imgs_full/medium_residential_s0005459.png,medium_residential,residential,,0,1782900966.2705162,1782900968.0623734,1.7918572425842285,5.155845233380794,3.039
460,/home/htj/resisc45/imgs_full/airplane_s0005460.png,airplane,airport,airport,0,1782900968.0636406,1782900969.8535888,1.7899482250213623,5.176761227823072,3.039
461,/home/htj/resisc45/imgs_full/baseball_diamond_s0005461.png,baseball_diamond,baseball diamond,baseball_diamond,1,1782900969.8549252,1782900971.707776,1.8528509140014648,5.369449654781457,3.0793999999999997
462,/home/htj/resisc45/imgs_full/freeway_s0005462.png,freeway,highway,,0,1782900971.7089145,1782900973.499553,1.7906384468078613,5.207465415969971,3.14
463,/home/htj/resisc45/imgs_full/industrial_area_s0005463.png,industrial_area,industrial area,industrial_area,1,1782900973.5006897,1782900975.3506267,1.8499369621276855,5.31677488785079,3.039
464,/home/htj/resisc45/imgs_full/lake_s0005464.png,lake,lake,lake,1,1782900975.3522117,1782900977.1364386,1.784226894378662,5.178632227374662,3.0905
465,/home/htj/resisc45/imgs_full/golf_course_s0005465.png,golf_course,golf course,golf_course,1,1782900977.1377404,1782900978.984494,1.8467535972595215,5.367647041484713,3.0399000000000003
466,/home/htj/resisc45/imgs_full/tennis_court_s0005466.png,tennis_court,church,church,0,1782900978.9857135,1782900980.777111,1.7913975715637207,5.2232674692869185,3.14
467,/home/htj/resisc45/imgs_full/forest_s0005467.png,forest,desert,desert,0,1782900980.7783206,1782900982.5676386,1.7893180847167969,5.431850225756245,3.343
468,/home/htj/resisc45/imgs_full/rectangular_farmland_s0005468.png,rectangular_farmland,circular farmland,circular_farmland,0,1782900982.5687644,1782900984.4282935,1.8595290184020996,5.628625290610573,3.343
469,/home/htj/resisc45/imgs_full/sea_ice_s0005469.png,sea_ice,desert,desert,0,1782900984.4297361,1782900986.2169564,1.7872202396392822,5.46059200702175,3.3935
470,/home/htj/resisc45/imgs_full/freeway_s0005470.png,freeway,highway,,0,1782900986.2182298,1782900987.9977074,1.779477596282959,5.36351230122149,3.241
471,/home/htj/resisc45/imgs_full/lake_s0005471.png,lake,lake,lake,1,1782900987.9992912,1782900989.779509,1.7802178859710693,5.363337079363484,3.241
472,/home/htj/resisc45/imgs_full/runway_s0005472.png,runway,intersection,intersection,0,1782900989.7805002,1782900991.5550084,1.7745082378387451,5.386949072468664,3.292
473,/home/htj/resisc45/imgs_full/roundabout_s0005473.png,roundabout,intersection,intersection,0,1782900991.5562458,1782900993.346688,1.7904422283172607,5.446805015139282,3.343
474,/home/htj/resisc45/imgs_full/cloud_s0005474.png,cloud,desert,desert,0,1782900993.3482053,1782900995.1394193,1.7912139892578125,5.215379544658045,3.0895
475,/home/htj/resisc45/imgs_full/island_s0005475.png,island,desert,desert,0,1782900995.1406019,1782900996.9288883,1.7882864475250244,5.378942098349333,3.241
476,/home/htj/resisc45/imgs_full/industrial_area_s0005476.png,industrial_area,industrial area,industrial_area,1,1782900996.9304342,1782900998.797132,1.8666977882385254,5.621852060809732,3.241
477,/home/htj/resisc45/imgs_full/baseball_diamond_s0005477.png,baseball_diamond,intersection,intersection,0,1782900998.7983422,1782901000.5736158,1.7752735614776611,5.374640707373619,3.244
478,/home/htj/resisc45/imgs_full/mobile_home_park_s0005478.png,mobile_home_park,residential,,0,1782901000.574935,1782901002.3577461,1.782811164855957,5.356542409866086,3.244
479,/home/htj/resisc45/imgs_full/freeway_s0005479.png,freeway,highway,,0,1782901002.358984,1782901004.138112,1.779128074645996,5.263119974628572,3.14
480,/home/htj/resisc45/imgs_full/cloud_s0005480.png,cloud,desert,desert,0,1782901004.139269,1782901005.927066,1.787796974182129,5.132653375566006,3.08445
481,/home/htj/resisc45/imgs_full/terrace_s0005481.png,terrace,circular farmland,circular_farmland,0,1782901005.9283955,1782901007.7834702,1.8550746440887451,5.5790210499316455,3.241
482,/home/htj/resisc45/imgs_full/golf_course_s0005482.png,golf_course,golf course,golf_course,1,1782901007.7848659,1782901009.649856,1.864990234375,5.399203243371212,3.0806
483,/home/htj/resisc45/imgs_full/cloud_s0005483.png,cloud,desert,desert,0,1782901009.65111,1782901011.4410157,1.7899057865142822,5.2010620433361305,3.039
484,/home/htj/resisc45/imgs_full/snowberg_s0005484.png,snowberg,desert,desert,0,1782901011.4425519,1782901013.2277677,1.7852158546447754,5.4083672196418044,3.2869
485,/home/htj/resisc45/imgs_full/railway_station_s0005485.png,railway_station,intersection,intersection,0,1782901013.2294962,1782901015.0138838,1.7843875885009766,5.353220326392881,3.241
486,/home/htj/resisc45/imgs_full/intersection_s0005486.png,intersection,intersection,intersection,1,1782901015.0152867,1782901016.7948306,1.7795438766479492,5.332604142619718,3.1905
487,/home/htj/resisc45/imgs_full/mobile_home_park_s0005487.png,mobile_home_park,residential,,0,1782901016.796613,1782901018.576495,1.7798819541931152,5.309554733291269,3.241
488,/home/htj/resisc45/imgs_full/palace_s0005488.png,palace,palace,palace,1,1782901018.577762,1782901020.3703785,1.792616605758667,5.227154369708031,3.1905
489,/home/htj/resisc45/imgs_full/commercial_area_s0005489.png,commercial_area,intersection,intersection,0,1782901020.3720026,1782901022.1693122,1.7973096370697021,5.388109628230334,3.241
490,/home/htj/resisc45/imgs_full/sparse_residential_s0005490.png,sparse_residential,intersection,intersection,0,1782901022.170611,1782901023.9615695,1.7909586429595947,5.272640017732497,3.292
491,/home/htj/resisc45/imgs_full/cloud_s0005491.png,cloud,desert,desert,0,1782901023.9626083,1782901025.741274,1.7786657810211182,5.399806977957487,3.241
492,/home/htj/resisc45/imgs_full/industrial_area_s0005492.png,industrial_area,industrial area,industrial_area,1,1782901025.7427382,1782901027.594126,1.8513877391815186,5.605423515573143,3.28945
493,/home/htj/resisc45/imgs_full/stadium_s0005493.png,stadium,stadium,stadium,1,1782901027.5958312,1782901029.380866,1.7850348949432373,5.38648674991823,3.2935
494,/home/htj/resisc45/imgs_full/rectangular_farmland_s0005494.png,rectangular_farmland,circular farmland,circular_farmland,0,1782901029.3818862,1782901031.2281263,1.8462400436401367,5.516341463724772,3.1816
495,/home/htj/resisc45/imgs_full/overpass_s0005495.png,overpass,highway,,0,1782901031.229502,1782901033.0172474,1.787745475769043,5.16554637921241,3.0905
496,/home/htj/resisc45/imgs_full/island_s0005496.png,island,harbor,harbor,0,1782901033.0182097,1782901034.8069258,1.7887160778045654,5.170563309781254,3.041
497,/home/htj/resisc45/imgs_full/baseball_diamond_s0005497.png,baseball_diamond,baseball diamond,baseball_diamond,1,1782901034.8083646,1782901036.673047,1.8646824359893799,5.438812495172024,3.14
498,/home/htj/resisc45/imgs_full/snowberg_s0005498.png,snowberg,desert,desert,0,1782901036.674397,1782901038.4495974,1.775200366973877,5.211072044987833,3.0905
499,/home/htj/resisc45/imgs_full/beach_s0005499.png,beach,desert,desert,0,1782901038.4507632,1782901040.2190528,1.768289566040039,5.281652767365979,3.241
500,/home/htj/resisc45/imgs_full/golf_course_s0005500.png,golf_course,golf course,golf_course,1,1782901040.2201333,1782901042.079913,1.8597795963287354,5.624205971747637,3.241
501,/home/htj/resisc45/imgs_full/harbor_s0005501.png,harbor,harbor,harbor,1,1782901042.0812216,1782901043.8614054,1.7801837921142578,5.377935235977173,3.244
502,/home/htj/resisc45/imgs_full/lake_s0005502.png,lake,lake,lake,1,1782901043.8624814,1782901045.6504288,1.787947416305542,5.435994578523021,3.343
503,/home/htj/resisc45/imgs_full/desert_s0005503.png,desert,desert,desert,1,1782901045.6517248,1782901047.4306808,1.7789559364318848,5.361601035379595,3.142
504,/home/htj/resisc45/imgs_full/overpass_s0005504.png,overpass,highway,,0,1782901047.4319944,1782901049.222815,1.790820598602295,5.3536581795215605,3.2869
505,/home/htj/resisc45/imgs_full/runway_s0005505.png,runway,airport,airport,0,1782901049.2242088,1782901051.0046768,1.7804679870605469,5.358461993186705,3.241
506,/home/htj/resisc45/imgs_full/tennis_court_s0005506.png,tennis_court,tennis court,tennis_court,1,1782901051.0060837,1782901052.8574033,1.8513195514678955,5.537857784365163,3.1816
507,/home/htj/resisc45/imgs_full/church_s0005507.png,church,church,church,1,1782901052.8586767,1782901054.6530735,1.7943968772888184,5.232461294174194,3.0905
508,/home/htj/resisc45/imgs_full/railway_station_s0005508.png,railway_station,intersection,intersection,0,1782901054.6542258,1782901056.4304943,1.776268482208252,5.218103810894874,3.2415
509,/home/htj/resisc45/imgs_full/sparse_residential_s0005509.png,sparse_residential,intersection,intersection,0,1782901056.4318354,1782901058.2195997,1.787764310836792,5.415920244410634,3.2869
510,/home/htj/resisc45/imgs_full/church_s0005510.png,church,palace,palace,0,1782901058.2209022,1782901059.9963725,1.77547025680542,5.373775735009101,3.343
511,/home/htj/resisc45/imgs_full/runway_s0005511.png,runway,runway,runway,1,1782901059.9974072,1782901061.783989,1.7865817546844482,5.360840265773958,3.142
512,/home/htj/resisc45/imgs_full/chaparral_s0005512.png,chaparral,chaparral,chaparral,1,1782901061.7853174,1782901063.7263258,1.9410083293914795,5.680303787483888,3.14
513,/home/htj/resisc45/imgs_full/storage_tank_s0005513.png,storage_tank,industrial area,industrial_area,0,1782901063.7279222,1782901065.5817463,1.8538241386413574,5.469823985069991,3.241
514,/home/htj/resisc45/imgs_full/airplane_s0005514.png,airplane,airport,airport,0,1782901065.5829806,1782901067.3725228,1.7895421981811523,5.4471427584886545,3.28945
515,/home/htj/resisc45/imgs_full/commercial_area_s0005515.png,commercial_area,intersection,intersection,0,1782901067.3737652,1782901069.1522985,1.7785332202911377,5.3827594772308105,3.292
516,/home/htj/resisc45/imgs_full/intersection_s0005516.png,intersection,intersection,intersection,1,1782901069.1534457,1782901070.9352946,1.7818489074707031,5.363940001456969,3.241
517,/home/htj/resisc45/imgs_full/beach_s0005517.png,beach,beach,beach,1,1782901070.9363964,1782901072.7145994,1.778203010559082,5.376310760344229,3.343
518,/home/htj/resisc45/imgs_full/intersection_s0005518.png,intersection,intersection,intersection,1,1782901072.7160435,1782901074.509755,1.7937114238739014,5.412524221539497,3.241
519,/home/htj/resisc45/imgs_full/intersection_s0005519.png,intersection,intersection,intersection,1,1782901074.511204,1782901076.302601,1.7913970947265625,5.400253222557806,3.244
520,/home/htj/resisc45/imgs_full/beach_s0005520.png,beach,beach,beach,1,1782901076.3040702,1782901078.0803678,1.7762975692749023,5.220760593295098,3.0855499999999996
521,/home/htj/resisc45/imgs_full/railway_station_s0005521.png,railway_station,industrial area,industrial_area,0,1782901078.0816793,1782901079.9474971,1.8658177852630615,5.559670545637608,3.241
522,/home/htj/resisc45/imgs_full/tennis_court_s0005522.png,tennis_court,tennis court,tennis_court,1,1782901079.9491098,1782901081.8013492,1.8522393703460693,5.596288679404692,3.241
523,/home/htj/resisc45/imgs_full/terrace_s0005523.png,terrace,circular farmland,circular_farmland,0,1782901081.8027196,1782901083.6685276,1.8658080101013184,5.700495787952885,3.3833999999999995
524,/home/htj/resisc45/imgs_full/stadium_s0005524.png,stadium,stadium,stadium,1,1782901083.6697903,1782901085.4601915,1.7904012203216553,5.461416780517948,3.345
525,/home/htj/resisc45/imgs_full/runway_s0005525.png,runway,intersection,intersection,0,1782901085.461352,1782901087.2494066,1.7880544662475586,5.459489052474499,3.345
526,/home/htj/resisc45/imgs_full/island_s0005526.png,island,desert,desert,0,1782901087.250431,1782901089.0377579,1.7873268127441406,5.386714735092655,3.141
527,/home/htj/resisc45/imgs_full/terrace_s0005527.png,terrace,circular farmland,circular_farmland,0,1782901089.0389588,1782901090.8917453,1.8527865409851074,5.433773764335748,3.142
528,/home/htj/resisc45/imgs_full/industrial_area_s0005528.png,industrial_area,intersection,intersection,0,1782901090.8929036,1782901092.6862295,1.7933259010314941,5.177100479387468,3.041
529,/home/htj/resisc45/imgs_full/sea_ice_s0005529.png,sea_ice,desert,desert,0,1782901092.687541,1782901094.4605691,1.7730281352996826,5.141838786825057,3.0915
530,/home/htj/resisc45/imgs_full/bridge_s0005530.png,bridge,intersection,intersection,0,1782901094.461846,1782901096.249034,1.7871878147125244,5.178879339702427,3.0864499999999997
531,/home/htj/resisc45/imgs_full/roundabout_s0005531.png,roundabout,roundabout,roundabout,1,1782901096.2505245,1782901098.116601,1.8660764694213867,5.430904551506043,3.14
532,/home/htj/resisc45/imgs_full/sparse_residential_s0005532.png,sparse_residential,intersection,intersection,0,1782901098.1176934,1782901099.9072807,1.7895872592926025,5.1885907509019304,3.0905
533,/home/htj/resisc45/imgs_full/palace_s0005533.png,palace,airport,airport,0,1782901099.9085264,1782901101.7016277,1.7931013107299805,5.184360199064017,3.0399000000000003
534,/home/htj/resisc45/imgs_full/lake_s0005534.png,lake,desert,desert,0,1782901101.7027683,1782901103.480799,1.7780306339263916,5.1498649857736405,3.041
535,/home/htj/resisc45/imgs_full/palace_s0005535.png,palace,palace,palace,1,1782901103.4819508,1782901105.2743688,1.7924180030822754,5.1916520160244355,3.0905
536,/home/htj/resisc45/imgs_full/stadium_s0005536.png,stadium,stadium,stadium,1,1782901105.2758858,1782901107.0593774,1.783491611480713,5.1682800195068115,3.041
537,/home/htj/resisc45/imgs_full/ship_s0005537.png,ship,harbor,harbor,0,1782901107.0604227,1782901108.848545,1.7881224155426025,5.196860553249237,3.0915
538,/home/htj/resisc45/imgs_full/mobile_home_park_s0005538.png,mobile_home_park,residential,,0,1782901108.8497307,1782901110.641189,1.7914583683013916,5.236040929026902,3.0855499999999996
539,/home/htj/resisc45/imgs_full/ship_s0005539.png,ship,river,river,0,1782901110.6422272,1782901112.429926,1.787698745727539,5.204856064334993,3.14
540,/home/htj/resisc45/imgs_full/terrace_s0005540.png,terrace,desert,desert,0,1782901112.4314666,1782901114.2197583,1.7882916927337646,5.188814876710215,3.0895
541,/home/htj/resisc45/imgs_full/dense_residential_s0005541.png,dense_residential,residential,,0,1782901114.2211254,1782901116.0002937,1.7791683673858643,5.158809879258275,3.039
542,/home/htj/resisc45/imgs_full/airport_s0005542.png,airport,airport,airport,1,1782901116.0017817,1782901117.7940562,1.7922744750976562,5.194994289029029,3.0895
543,/home/htj/resisc45/imgs_full/sparse_residential_s0005543.png,sparse_residential,intersection,intersection,0,1782901117.7954304,1782901119.5880787,1.7926483154296875,5.22893105506897,3.142
544,/home/htj/resisc45/imgs_full/terrace_s0005544.png,terrace,desert,desert,0,1782901119.5894444,1782901121.3801982,1.7907538414001465,5.298262954173549,3.141
545,/home/htj/resisc45/imgs_full/cloud_s0005545.png,cloud,desert,desert,0,1782901121.3812401,1782901123.1693635,1.788123369216919,5.3347543143481015,3.345
546,/home/htj/resisc45/imgs_full/golf_course_s0005546.png,golf_course,golf course,golf_course,1,1782901123.1704783,1782901125.0329256,1.8624472618103027,5.6799403352290385,3.244
547,/home/htj/resisc45/imgs_full/intersection_s0005547.png,intersection,intersection,intersection,1,1782901125.0341642,1782901126.825917,1.791752815246582,5.394071850299835,3.241
548,/home/htj/resisc45/imgs_full/commercial_area_s0005548.png,commercial_area,intersection,intersection,0,1782901126.8273227,1782901128.6090512,1.7817285060882568,5.340989835008497,3.292
549,/home/htj/resisc45/imgs_full/dense_residential_s0005549.png,dense_residential,intersection,intersection,0,1782901128.6105406,1782901130.3991814,1.7886407375335693,5.3785580939400575,3.241
550,/home/htj/resisc45/imgs_full/meadow_s0005550.png,meadow,circular farmland,circular_farmland,0,1782901130.40037,1782901132.2629707,1.8626008033752441,5.601946534976363,3.23135
551,/home/htj/resisc45/imgs_full/circular_farmland_s0005551.png,circular_farmland,circular farmland,circular_farmland,1,1782901132.264445,1782901134.1281798,1.8637347221374512,5.6189342800053685,3.2817999999999996
552,/home/htj/resisc45/imgs_full/golf_course_s0005552.png,golf_course,golf course,golf_course,1,1782901134.1295352,1782901135.990427,1.8608918190002441,5.672844124230472,3.343
553,/home/htj/resisc45/imgs_full/roundabout_s0005553.png,roundabout,intersection,intersection,0,1782901135.9920628,1782901137.78467,1.792607307434082,5.483932709693908,3.343
554,/home/htj/resisc45/imgs_full/terrace_s0005554.png,terrace,desert,desert,0,1782901137.7860272,1782901139.577578,1.791550874710083,5.485392862573265,3.3884499999999997
555,/home/htj/resisc45/imgs_full/ground_track_field_s0005555.png,ground_track_field,stadium,stadium,0,1782901139.5789185,1782901141.3609052,1.7819867134094238,5.410111661911011,3.292
556,/home/htj/resisc45/imgs_full/forest_s0005556.png,forest,desert,desert,0,1782901141.3622022,1782901143.152267,1.790064811706543,5.409980069160461,3.29
557,/home/htj/resisc45/imgs_full/palace_s0005557.png,palace,palace,palace,1,1782901143.153567,1782901144.9475965,1.7940294742584229,5.4414595856890084,3.343
558,/home/htj/resisc45/imgs_full/harbor_s0005558.png,harbor,harbor,harbor,1,1782901144.948776,1782901146.7394764,1.7907004356384277,5.437432990550995,3.343
559,/home/htj/resisc45/imgs_full/golf_course_s0005559.png,golf_course,golf course,golf_course,1,1782901146.7406013,1782901148.602842,1.8622407913208008,5.641968850771586,3.2817999999999996
560,/home/htj/resisc45/imgs_full/desert_s0005560.png,desert,desert,desert,1,1782901148.603853,1782901150.3887696,1.784916639328003,5.3676347849741575,3.241
561,/home/htj/resisc45/imgs_full/parking_lot_s0005561.png,parking_lot,airport,airport,0,1782901150.3903317,1782901152.1818159,1.7914841175079346,5.385605785900546,3.241
562,/home/htj/resisc45/imgs_full/overpass_s0005562.png,overpass,highway,,0,1782901152.1833286,1782901153.9655685,1.7822399139404297,5.118420558006533,3.039
563,/home/htj/resisc45/imgs_full/sparse_residential_s0005563.png,sparse_residential,circular farmland,circular_farmland,0,1782901153.9666562,1782901155.8319073,1.865251064300537,5.422115275643089,3.14
564,/home/htj/resisc45/imgs_full/lake_s0005564.png,lake,desert,desert,0,1782901155.8330324,1782901157.6236136,1.790581226348877,5.452711523875594,3.444
565,/home/htj/resisc45/imgs_full/chaparral_s0005565.png,chaparral,desert,desert,0,1782901157.6248631,1782901159.412622,1.7877588272094727,5.409815880775452,3.292
566,/home/htj/resisc45/imgs_full/runway_s0005566.png,runway,airport,airport,0,1782901159.4136224,1782901161.2001803,1.786557912826538,5.172315681234482,3.039
567,/home/htj/resisc45/imgs_full/rectangular_farmland_s0005567.png,rectangular_farmland,desert,desert,0,1782901161.2014656,1782901162.9920375,1.790571928024292,5.158301992401481,3.0399000000000003
568,/home/htj/resisc45/imgs_full/palace_s0005568.png,palace,palace,palace,1,1782901162.993237,1782901164.782247,1.7890100479125977,5.161986508246391,3.039
569,/home/htj/resisc45/imgs_full/snowberg_s0005569.png,snowberg,desert,desert,0,1782901164.7840474,1782901166.5679362,1.783888816833496,5.2008163524270055,3.1389
570,/home/htj/resisc45/imgs_full/storage_tank_s0005570.png,storage_tank,industrial area,industrial_area,0,1782901166.5690482,1782901168.4326813,1.863633155822754,5.616407946288586,3.2869
571,/home/htj/resisc45/imgs_full/lake_s0005571.png,lake,lake,lake,1,1782901168.4339468,1782901170.2197404,1.7857935428619385,5.438243592448533,3.2869
572,/home/htj/resisc45/imgs_full/commercial_area_s0005572.png,commercial_area,intersection,intersection,0,1782901170.2212098,1782901172.0147634,1.7935535907745361,5.380082206649165,3.241
573,/home/htj/resisc45/imgs_full/industrial_area_s0005573.png,industrial_area,industrial area,industrial_area,1,1782901172.016358,1782901173.8802488,1.8638908863067627,5.645669013081175,3.239
574,/home/htj/resisc45/imgs_full/storage_tank_s0005574.png,storage_tank,industrial area,industrial_area,0,1782901173.8814576,1782901175.7469115,1.8654539585113525,5.649046817635044,3.2798
575,/home/htj/resisc45/imgs_full/airplane_s0005575.png,airplane,airplane,airplane,1,1782901175.7482522,1782901177.5381663,1.7899141311645508,5.3976881496060285,3.239
576,/home/htj/resisc45/imgs_full/storage_tank_s0005576.png,storage_tank,industrial area,industrial_area,0,1782901177.5397186,1782901179.3903675,1.8506488800048828,5.5615924462983095,3.241
577,/home/htj/resisc45/imgs_full/airport_s0005577.png,airport,airport,airport,1,1782901179.392096,1782901181.184407,1.7923109531402588,5.528758942096464,3.444
578,/home/htj/resisc45/imgs_full/meadow_s0005578.png,meadow,desert,desert,0,1782901181.1855035,1782901182.9786608,1.7931573390960693,5.165189715266227,3.08445
579,/home/htj/resisc45/imgs_full/palace_s0005579.png,palace,palace,palace,1,1782901182.9799867,1782901184.7724862,1.7924995422363281,5.394440638511411,3.241
580,/home/htj/resisc45/imgs_full/baseball_diamond_s0005580.png,baseball_diamond,park,,0,1782901184.7738855,1782901186.5672894,1.7934038639068604,5.466407064929604,3.38645
581,/home/htj/resisc45/imgs_full/church_s0005581.png,church,church,church,1,1782901186.5683749,1782901188.3481798,1.7798049449920654,5.44959050237748,3.343
582,/home/htj/resisc45/imgs_full/sparse_residential_s0005582.png,sparse_residential,intersection,intersection,0,1782901188.3493714,1782901190.143819,1.794447660446167,5.522468751512467,3.444
583,/home/htj/resisc45/imgs_full/wetland_s0005583.png,wetland,desert,desert,0,1782901190.1450047,1782901191.9254575,1.7804527282714844,5.401261804026942,3.344
584,/home/htj/resisc45/imgs_full/ground_track_field_s0005584.png,ground_track_field,stadium,stadium,0,1782901191.926997,1782901193.7174034,1.7904064655303955,5.431804441182844,3.2935
585,/home/htj/resisc45/imgs_full/mobile_home_park_s0005585.png,mobile_home_park,residential,,0,1782901193.7185354,1782901195.5115104,1.7929749488830566,5.23559891167283,3.1409000000000002
586,/home/htj/resisc45/imgs_full/terrace_s0005586.png,terrace,desert,desert,0,1782901195.5127792,1782901197.3063757,1.7935965061187744,5.4236676848307255,3.241
587,/home/htj/resisc45/imgs_full/cloud_s0005587.png,cloud,desert,desert,0,1782901197.3075778,1782901199.0882647,1.780686855316162,5.40748644750349,3.292
588,/home/htj/resisc45/imgs_full/sea_ice_s0005588.png,sea_ice,harbor,harbor,0,1782901199.0893886,1782901200.8814611,1.7920725345611572,5.477209562324709,3.343
589,/home/htj/resisc45/imgs_full/mobile_home_park_s0005589.png,mobile_home_park,residential,,0,1782901200.8828766,1782901202.6626532,1.7797765731811523,5.403512912213802,3.2869
590,/home/htj/resisc45/imgs_full/palace_s0005590.png,palace,palace,palace,1,1782901202.6642964,1782901204.4403298,1.7760334014892578,5.3693500125023625,3.241
591,/home/htj/resisc45/imgs_full/chaparral_s0005591.png,chaparral,desert,desert,0,1782901204.4414132,1782901206.2305367,1.78912353515625,5.432125334708921,3.343
592,/home/htj/resisc45/imgs_full/parking_lot_s0005592.png,parking_lot,industrial area,industrial_area,0,1782901206.232114,1782901208.095086,1.8629720211029053,5.6794677942738385,3.3833999999999995
593,/home/htj/resisc45/imgs_full/river_s0005593.png,river,river,river,1,1782901208.0962148,1782901209.8856883,1.789473533630371,5.463262698173523,3.343
594,/home/htj/resisc45/imgs_full/palace_s0005594.png,palace,intersection,intersection,0,1782901209.8868341,1782901211.6781862,1.7913520336151123,5.282305288873613,3.142
595,/home/htj/resisc45/imgs_full/stadium_s0005595.png,stadium,stadium,stadium,1,1782901211.6796308,1782901213.4688609,1.7892301082611084,5.2051012533326295,3.041
596,/home/htj/resisc45/imgs_full/mobile_home_park_s0005596.png,mobile_home_park,residential,,0,1782901213.4702392,1782901215.2504454,1.7802062034606934,5.1704420236200095,3.041
597,/home/htj/resisc45/imgs_full/meadow_s0005597.png,meadow,desert,desert,0,1782901215.251587,1782901217.0263395,1.7747526168823242,5.216455941692475,3.0915
598,/home/htj/resisc45/imgs_full/thermal_power_station_s0005598.png,thermal_power_station,industrial area,industrial_area,0,1782901217.0278864,1782901218.8830051,1.855118751525879,5.43532402458787,3.142
599,/home/htj/resisc45/imgs_full/bridge_s0005599.png,bridge,harbor,harbor,0,1782901218.8841221,1782901220.6470318,1.7629096508026123,5.580462065589043,3.497
600,/home/htj/resisc45/imgs_full/snowberg_s0005600.png,snowberg,desert,desert,0,1782901220.6485064,1782901222.4407272,1.7922208309173584,5.415531282022595,3.244
601,/home/htj/resisc45/imgs_full/river_s0005601.png,river,river,river,1,1782901222.4420102,1782901224.2319603,1.7899501323699951,5.20823522225503,3.0915
602,/home/htj/resisc45/imgs_full/freeway_s0005602.png,freeway,intersection,intersection,0,1782901224.2333486,1782901226.026516,1.7931673526763916,5.185391692101955,3.041
603,/home/htj/resisc45/imgs_full/desert_s0005603.png,desert,desert,desert,1,1782901226.0281618,1782901227.8062122,1.778050422668457,5.150381153352798,3.041
604,/home/htj/resisc45/imgs_full/mountain_s0005604.png,mountain,desert,desert,0,1782901227.8078666,1782901229.5948815,1.7870149612426758,5.1938472964167595,3.039
605,/home/htj/resisc45/imgs_full/railway_station_s0005605.png,railway_station,industrial area,industrial_area,0,1782901229.5963259,1782901231.461179,1.8648531436920166,5.397933977738023,3.0855499999999996
606,/home/htj/resisc45/imgs_full/meadow_s0005606.png,meadow,desert,desert,0,1782901231.4622238,1782901233.2407265,1.7785027027130127,5.214847815401852,3.14
607,/home/htj/resisc45/imgs_full/terrace_s0005607.png,terrace,circular farmland,circular_farmland,0,1782901233.2419138,1782901235.103693,1.8617792129516602,5.6355474970042705,3.343
608,/home/htj/resisc45/imgs_full/baseball_diamond_s0005608.png,baseball_diamond,baseball diamond,baseball_diamond,1,1782901235.1046922,1782901236.9678352,1.863142967224121,5.4570892921216565,3.14
609,/home/htj/resisc45/imgs_full/bridge_s0005609.png,bridge,river,river,0,1782901236.9689538,1782901238.7599106,1.790956735610962,5.216553264252841,3.08445
610,/home/htj/resisc45/imgs_full/roundabout_s0005610.png,roundabout,intersection,intersection,0,1782901238.7612002,1782901240.546353,1.7851529121398926,5.374865076141973,3.2935
611,/home/htj/resisc45/imgs_full/harbor_s0005611.png,harbor,harbor,harbor,1,1782901240.5477247,1782901242.3366003,1.7888755798339844,5.245560256711898,3.0905
612,/home/htj/resisc45/imgs_full/mobile_home_park_s0005612.png,mobile_home_park,mobile home park,mobile_home_park,1,1782901242.3379169,1782901244.2757657,1.9378488063812256,5.895107055671075,3.3783499999999997
613,/home/htj/resisc45/imgs_full/runway_s0005613.png,runway,airport,airport,0,1782901244.2770808,1782901246.0552576,1.7781767845153809,5.494288424029946,3.3875499999999996
614,/home/htj/resisc45/imgs_full/mountain_s0005614.png,mountain,desert,desert,0,1782901246.056503,1782901247.8342433,1.777740240097046,5.422222425214706,3.3945
615,/home/htj/resisc45/imgs_full/basketball_court_s0005615.png,basketball_court,tennis court,tennis_court,0,1782901247.836218,1782901249.7009609,1.8647427558898926,5.594962863300786,3.241
616,/home/htj/resisc45/imgs_full/railway_s0005616.png,railway,railway station,railway_station,0,1782901249.7021592,1782901251.5652153,1.8630561828613281,5.622063134312629,3.241
617,/home/htj/resisc45/imgs_full/circular_farmland_s0005617.png,circular_farmland,desert,desert,0,1782901251.5666206,1782901253.3474286,1.7808079719543457,5.211812781170011,3.0864499999999997
618,/home/htj/resisc45/imgs_full/circular_farmland_s0005618.png,circular_farmland,circular farmland,circular_farmland,1,1782901253.3485842,1782901255.2112978,1.8627135753631592,5.362868803068995,3.041
619,/home/htj/resisc45/imgs_full/stadium_s0005619.png,stadium,stadium,stadium,1,1782901255.2126024,1782901257.0055034,1.7929010391235352,5.389180382817983,3.345
620,/home/htj/resisc45/imgs_full/airport_s0005620.png,airport,airport,airport,1,1782901257.0067449,1782901258.7862046,1.7794597148895264,5.212668926100577,3.0915
621,/home/htj/resisc45/imgs_full/bridge_s0005621.png,bridge,river,river,0,1782901258.7873733,1782901260.5617573,1.7743840217590332,5.163171312347536,3.0915
622,/home/htj/resisc45/imgs_full/river_s0005622.png,river,river,river,1,1782901260.5633485,1782901262.3406222,1.7772736549377441,5.179142049893737,3.0864499999999997
623,/home/htj/resisc45/imgs_full/palace_s0005623.png,palace,palace,palace,1,1782901262.3423135,1782901264.137487,1.7951734066009521,5.2234334338326605,3.0905
624,/home/htj/resisc45/imgs_full/ship_s0005624.png,ship,harbor,harbor,0,1782901264.1384077,1782901265.9080076,1.7695999145507812,5.317191072279407,3.2945
625,/home/htj/resisc45/imgs_full/palace_s0005625.png,palace,palace,palace,1,1782901265.9093115,1782901267.704547,1.7952353954315186,5.434906856350601,3.24235
626,/home/htj/resisc45/imgs_full/roundabout_s0005626.png,roundabout,intersection,intersection,0,1782901267.7058403,1782901269.499872,1.7940316200256348,5.388460778728608,3.241
627,/home/htj/resisc45/imgs_full/sparse_residential_s0005627.png,sparse_residential,desert,desert,0,1782901269.5011468,1782901271.2922552,1.7911083698272705,5.337894747041166,3.142
628,/home/htj/resisc45/imgs_full/airport_s0005628.png,airport,airport,airport,1,1782901271.2934241,1782901273.071364,1.777939796447754,5.179482744432264,3.142
629,/home/htj/resisc45/imgs_full/dense_residential_s0005629.png,dense_residential,residential,,0,1782901273.0727706,1782901274.858238,1.7854673862457275,5.283140400178971,3.2945
630,/home/htj/resisc45/imgs_full/stadium_s0005630.png,stadium,stadium,stadium,1,1782901274.860072,1782901276.6536229,1.793550968170166,5.413385209679603,3.28855
631,/home/htj/resisc45/imgs_full/sparse_residential_s0005631.png,sparse_residential,circular farmland,circular_farmland,0,1782901276.6548939,1782901278.5135264,1.8586325645446777,5.662464913382674,3.3846
632,/home/htj/resisc45/imgs_full/beach_s0005632.png,beach,harbor,harbor,0,1782901278.5145938,1782901280.301687,1.787093162536621,5.445734051581352,3.343
633,/home/htj/resisc45/imgs_full/lake_s0005633.png,lake,desert,desert,0,1782901280.3029382,1782901282.0942426,1.791304349899292,5.463702180236578,3.345
634,/home/htj/resisc45/imgs_full/railway_station_s0005634.png,railway_station,airport,airport,0,1782901282.0957375,1782901283.8859863,1.7902488708496094,5.355789371982698,3.142
635,/home/htj/resisc45/imgs_full/commercial_area_s0005635.png,commercial_area,intersection,intersection,0,1782901283.8873868,1782901285.6673265,1.7799396514892578,5.208333089890018,3.0915
636,/home/htj/resisc45/imgs_full/church_s0005636.png,church,palace,palace,0,1782901285.668536,1782901287.4425628,1.774026870727539,5.179528969118672,3.0915
637,/home/htj/resisc45/imgs_full/thermal_power_station_s0005637.png,thermal_power_station,industrial area,industrial_area,0,1782901287.443724,1782901289.2892227,1.84549880027771,5.4069759395772765,3.0813999999999995
638,/home/htj/resisc45/imgs_full/wetland_s0005638.png,wetland,desert,desert,0,1782901289.2904603,1782901291.086581,1.7961206436157227,5.242760279963094,3.14
639,/home/htj/resisc45/imgs_full/cloud_s0005639.png,cloud,desert,desert,0,1782901291.088115,1782901292.8804243,1.792309284210205,5.227998153045773,3.0864499999999997
640,/home/htj/resisc45/imgs_full/overpass_s0005640.png,overpass,highway,,0,1782901292.8815103,1782901294.6639056,1.782395362854004,5.1628519100681425,3.041
641,/home/htj/resisc45/imgs_full/parking_lot_s0005641.png,parking_lot,intersection,intersection,0,1782901294.665412,1782901296.457104,1.7916920185089111,5.231628713294864,3.0864499999999997
642,/home/htj/resisc45/imgs_full/island_s0005642.png,island,island,island,1,1782901296.4581249,1782901298.2374623,1.7793374061584473,5.165933071905568,3.041
643,/home/htj/resisc45/imgs_full/terrace_s0005643.png,terrace,intersection,intersection,0,1782901298.2384558,1782901300.0169775,1.7785217761993408,5.296667336202437,3.343
644,/home/htj/resisc45/imgs_full/rectangular_farmland_s0005644.png,rectangular_farmland,circular farmland,circular_farmland,0,1782901300.0180023,1782901301.867224,1.8492217063903809,5.5998916231213185,3.244
645,/home/htj/resisc45/imgs_full/airplane_s0005645.png,airplane,airplane,airplane,1,1782901301.8682413,1782901303.660151,1.7919096946716309,5.407578833749218,3.244
646,/home/htj/resisc45/imgs_full/stadium_s0005646.png,stadium,stadium,stadium,1,1782901303.6614482,1782901305.453321,1.7918727397918701,5.413807507142424,3.343
647,/home/htj/resisc45/imgs_full/beach_s0005647.png,beach,beach,beach,1,1782901305.4545753,1782901307.2422192,1.7876439094543457,5.400587582326705,3.244
648,/home/htj/resisc45/imgs_full/circular_farmland_s0005648.png,circular_farmland,circular farmland,circular_farmland,1,1782901307.2436361,1782901309.0893202,1.8456840515136719,5.616192849477132,3.241
649,/home/htj/resisc45/imgs_full/airplane_s0005649.png,airplane,airport,airport,0,1782901309.0906591,1782901310.883876,1.7932169437408447,5.444958635399419,3.241
650,/home/htj/resisc45/imgs_full/airplane_s0005650.png,airplane,airplane,airplane,1,1782901310.884986,1782901312.6625776,1.7775917053222656,5.230133530401415,3.0915
651,/home/htj/resisc45/imgs_full/parking_lot_s0005651.png,parking_lot,intersection,intersection,0,1782901312.6637619,1782901314.4425707,1.778808832168579,5.295958595573903,3.28945
652,/home/htj/resisc45/imgs_full/rectangular_farmland_s0005652.png,rectangular_farmland,desert,desert,0,1782901314.4436185,1782901316.2307792,1.7871606349945068,5.4340060365584595,3.344
653,/home/htj/resisc45/imgs_full/forest_s0005653.png,forest,desert,desert,0,1782901316.2319417,1782901318.0204105,1.788468837738037,5.466195386102123,3.343
654,/home/htj/resisc45/imgs_full/beach_s0005654.png,beach,harbor,harbor,0,1782901318.0217934,1782901319.8165503,1.7947568893432617,5.455948771297932,3.241
655,/home/htj/resisc45/imgs_full/meadow_s0005655.png,meadow,desert,desert,0,1782901319.8176646,1782901321.5902188,1.7725541591644287,5.331557014934479,3.244
656,/home/htj/resisc45/imgs_full/commercial_area_s0005656.png,commercial_area,airport,airport,0,1782901321.5920436,1782901323.3848004,1.7927567958831787,5.434181990221143,3.244
657,/home/htj/resisc45/imgs_full/wetland_s0005657.png,wetland,intersection,intersection,0,1782901323.386192,1782901325.1646454,1.7784533500671387,5.371617550757623,3.2935
658,/home/htj/resisc45/imgs_full/freeway_s0005658.png,freeway,intersection,intersection,0,1782901325.1657355,1782901326.9395726,1.7738370895385742,5.404938832375311,3.2935
659,/home/htj/resisc45/imgs_full/forest_s0005659.png,forest,desert,desert,0,1782901326.9409666,1782901328.7354536,1.7944869995117188,5.434491722583771,3.244
660,/home/htj/resisc45/imgs_full/sparse_residential_s0005660.png,sparse_residential,intersection,intersection,0,1782901328.7368202,1782901330.5262082,1.7893879413604736,5.429118458470991,3.345
661,/home/htj/resisc45/imgs_full/ship_s0005661.png,ship,industrial area,industrial_area,0,1782901330.5276604,1782901332.389073,1.861412525177002,5.722320541035045,3.343
662,/home/htj/resisc45/imgs_full/ship_s0005662.png,ship,airplane,airplane,0,1782901332.3900156,1782901334.1579292,1.767913579940796,5.409929613559476,3.2935
663,/home/htj/resisc45/imgs_full/bridge_s0005663.png,bridge,bridge,bridge,1,1782901334.1593077,1782901335.9545064,1.795198678970337,5.399957626342774,3.244
664,/home/htj/resisc45/imgs_full/ship_s0005664.png,ship,harbor,harbor,0,1782901335.9558837,1782901337.7334917,1.7776079177856445,5.314992123931646,3.142
665,/home/htj/resisc45/imgs_full/commercial_area_s0005665.png,commercial_area,intersection,intersection,0,1782901337.7347865,1782901339.5197043,1.7849178314208984,5.263952996838477,3.193
666,/home/htj/resisc45/imgs_full/forest_s0005666.png,forest,desert,desert,0,1782901339.5208592,1782901341.3142722,1.7934129238128662,5.33383421203494,3.142
667,/home/htj/resisc45/imgs_full/snowberg_s0005667.png,snowberg,desert,desert,0,1782901341.315837,1782901343.1079867,1.7921497821807861,5.325980096224816,3.2935
668,/home/htj/resisc45/imgs_full/sparse_residential_s0005668.png,sparse_residential,intersection,intersection,0,1782901343.1090872,1782901344.900509,1.791421890258789,5.348513981103897,3.1409000000000002
669,/home/htj/resisc45/imgs_full/tennis_court_s0005669.png,tennis_court,airplane,airplane,0,1782901344.901898,1782901346.6816359,1.779737949371338,5.237022443279143,3.345
670,/home/htj/resisc45/imgs_full/intersection_s0005670.png,intersection,intersection,intersection,1,1782901346.683122,1782901348.474969,1.7918469905853271,5.462416650041457,3.345
671,/home/htj/resisc45/imgs_full/bridge_s0005671.png,bridge,river,river,0,1782901348.4761415,1782901350.2564957,1.7803542613983154,5.363873573169112,3.244
672,/home/htj/resisc45/imgs_full/palace_s0005672.png,palace,airport,airport,0,1782901350.257933,1782901352.0387228,1.780789852142334,5.2225396328280045,3.0915
673,/home/htj/resisc45/imgs_full/ground_track_field_s0005673.png,ground_track_field,stadium,stadium,0,1782901352.040686,1782901353.8253284,1.7846424579620361,5.285707976702721,3.292
674,/home/htj/resisc45/imgs_full/bridge_s0005674.png,bridge,bridge,bridge,1,1782901353.8263862,1782901355.6160555,1.7896692752838135,5.33953420997411,3.142
675,/home/htj/resisc45/imgs_full/wetland_s0005675.png,wetland,lake,lake,0,1782901355.6175919,1782901357.4086533,1.7910614013671875,5.198642381729618,3.0905
676,/home/htj/resisc45/imgs_full/chaparral_s0005676.png,chaparral,desert,desert,0,1782901357.4098039,1782901359.2010088,1.7912049293518066,5.190743959799409,3.041
677,/home/htj/resisc45/imgs_full/river_s0005677.png,river,river,river,1,1782901359.2023876,1782901360.9914117,1.7890241146087646,5.281834001333483,3.244
678,/home/htj/resisc45/imgs_full/wetland_s0005678.png,wetland,desert,desert,0,1782901360.992542,1782901362.7681396,1.7755975723266602,5.386017487618231,3.292
679,/home/htj/resisc45/imgs_full/church_s0005679.png,church,palace,palace,0,1782901362.7699647,1782901364.5514367,1.7814719676971436,5.366183263696731,3.244
680,/home/htj/resisc45/imgs_full/tennis_court_s0005680.png,tennis_court,residential,,0,1782901364.552619,1782901366.3336027,1.7809836864471436,5.357198928833008,3.244
681,/home/htj/resisc45/imgs_full/harbor_s0005681.png,harbor,harbor,harbor,1,1782901366.335286,1782901368.1300576,1.794771671295166,5.415868257784075,3.241
682,/home/htj/resisc45/imgs_full/medium_residential_s0005682.png,medium_residential,residential,,0,1782901368.131661,1782901369.927407,1.795746088027954,5.412784200368389,3.241
683,/home/htj/resisc45/imgs_full/medium_residential_s0005683.png,medium_residential,residential,,0,1782901369.9290216,1782901371.7255938,1.796572208404541,5.246046991422773,3.0864499999999997
684,/home/htj/resisc45/imgs_full/mobile_home_park_s0005684.png,mobile_home_park,mobile home park,mobile_home_park,1,1782901371.7269404,1782901373.6674712,1.940530776977539,5.761778323454015,3.244
685,/home/htj/resisc45/imgs_full/palace_s0005685.png,palace,circular farmland,circular_farmland,0,1782901373.6688137,1782901375.5105486,1.8417348861694336,5.634212342083455,3.28855
686,/home/htj/resisc45/imgs_full/industrial_area_s0005686.png,industrial_area,industrial area,industrial_area,1,1782901375.512412,1782901377.3564,1.8439879417419434,5.646291077613831,3.2843999999999998
687,/home/htj/resisc45/imgs_full/tennis_court_s0005687.png,tennis_court,tennis court,tennis_court,1,1782901377.35749,1782901379.2186527,1.8611626625061035,5.68242041529715,3.345
688,/home/htj/resisc45/imgs_full/terrace_s0005688.png,terrace,circular farmland,circular_farmland,0,1782901379.2202551,1782901381.0863686,1.8661134243011475,5.674511629949917,3.244
689,/home/htj/resisc45/imgs_full/bridge_s0005689.png,bridge,harbor,harbor,0,1782901381.0875819,1782901382.8765438,1.7889618873596191,5.417842221644617,3.2945
690,/home/htj/resisc45/imgs_full/desert_s0005690.png,desert,desert,desert,1,1782901382.8777575,1782901384.6742415,1.7964839935302734,5.4123010113835335,3.244
691,/home/htj/resisc45/imgs_full/river_s0005691.png,river,river,river,1,1782901384.6756098,1782901386.4678628,1.792253017425537,5.393169368967414,3.28945
692,/home/htj/resisc45/imgs_full/harbor_s0005692.png,harbor,marina,,0,1782901386.4693162,1782901388.31953,1.8502137660980225,5.6195617610812185,3.28855
693,/home/htj/resisc45/imgs_full/beach_s0005693.png,beach,harbor,harbor,0,1782901388.3206012,1782901390.0973423,1.7767410278320312,5.413729911804199,3.344
694,/home/htj/resisc45/imgs_full/overpass_s0005694.png,overpass,highway,,0,1782901390.098777,1782901391.893176,1.7943990230560303,5.439272038638592,3.244
695,/home/htj/resisc45/imgs_full/commercial_area_s0005695.png,commercial_area,intersection,intersection,0,1782901391.8943105,1782901393.691759,1.7974486351013184,5.371472308251166,3.2945
696,/home/htj/resisc45/imgs_full/palace_s0005696.png,palace,palace,palace,1,1782901393.6929998,1782901395.4853792,1.792379379272461,5.405424124896526,3.244
697,/home/htj/resisc45/imgs_full/industrial_area_s0005697.png,industrial_area,industrial area,industrial_area,1,1782901395.4864738,1782901397.3494618,1.862987995147705,5.62475593662262,3.244
698,/home/htj/resisc45/imgs_full/baseball_diamond_s0005698.png,baseball_diamond,baseball diamond,baseball_diamond,1,1782901397.3506606,1782901399.2163,1.8656394481658936,5.6899088107422,3.3884499999999997
699,/home/htj/resisc45/imgs_full/railway_station_s0005699.png,railway_station,airport,airport,0,1782901399.217508,1782901401.0115278,1.7940196990966797,5.449110583543777,3.244
700,/home/htj/resisc45/imgs_full/dense_residential_s0005700.png,dense_residential,residential,,0,1782901401.0127509,1782901402.7909384,1.7781875133514404,5.220643817424775,3.142
701,/home/htj/resisc45/imgs_full/lake_s0005701.png,lake,lake,lake,1,1782901402.7922041,1782901404.5837867,1.7915825843811035,5.4363334044814104,3.345
702,/home/htj/resisc45/imgs_full/medium_residential_s0005702.png,medium_residential,residential,,0,1782901404.5852315,1782901406.377501,1.7922694683074951,5.4376877517008015,3.343
703,/home/htj/resisc45/imgs_full/intersection_s0005703.png,intersection,intersection,intersection,1,1782901406.3786867,1782901408.1701767,1.791490077972412,5.441427175581455,3.345
704,/home/htj/resisc45/imgs_full/medium_residential_s0005704.png,medium_residential,residential,,0,1782901408.1717162,1782901409.9683714,1.7966551780700684,5.433664824670362,3.244
705,/home/htj/resisc45/imgs_full/commercial_area_s0005705.png,commercial_area,church,church,0,1782901409.9698458,1782901411.7647033,1.7948575019836426,5.395566008150578,3.244
706,/home/htj/resisc45/imgs_full/storage_tank_s0005706.png,storage_tank,industrial area,industrial_area,0,1782901411.766183,1782901413.6339498,1.8677668571472168,5.613375192671111,3.246
707,/home/htj/resisc45/imgs_full/ship_s0005707.png,ship,harbor,harbor,0,1782901413.6349726,1782901415.4032788,1.7683062553405762,5.344620093560987,3.2945
708,/home/htj/resisc45/imgs_full/railway_s0005708.png,railway,intersection,intersection,0,1782901415.404586,1782901417.1986997,1.7941136360168457,5.427251623584378,3.2945
709,/home/htj/resisc45/imgs_full/thermal_power_station_s0005709.png,thermal_power_station,industrial area,industrial_area,0,1782901417.2002468,1782901419.0662181,1.865971326828003,5.622737053589388,3.2843999999999998
710,/home/htj/resisc45/imgs_full/sea_ice_s0005710.png,sea_ice,desert,desert,0,1782901419.0674381,1782901420.853358,1.7859199047088623,5.43662824153131,3.345
711,/home/htj/resisc45/imgs_full/mobile_home_park_s0005711.png,mobile_home_park,circular farmland,circular_farmland,0,1782901420.8546739,1782901422.723375,1.8687012195587158,5.653500716881319,3.244
712,/home/htj/resisc45/imgs_full/intersection_s0005712.png,intersection,intersection,intersection,1,1782901422.7246547,1782901424.5176327,1.792978048324585,5.468639077953994,3.3439
713,/home/htj/resisc45/imgs_full/chaparral_s0005713.png,chaparral,desert,desert,0,1782901424.5192676,1782901426.311033,1.7917654514312744,5.447660558977435,3.345
714,/home/htj/resisc45/imgs_full/chaparral_s0005714.png,chaparral,desert,desert,0,1782901426.3126936,1782901428.093882,1.7811884880065918,5.416594192028046,3.244
715,/home/htj/resisc45/imgs_full/ship_s0005715.png,ship,harbor,harbor,0,1782901428.0954072,1782901429.8911445,1.7957372665405273,5.372208704394679,3.142
716,/home/htj/resisc45/imgs_full/ground_track_field_s0005716.png,ground_track_field,tennis court,tennis_court,0,1782901429.8923085,1782901431.7547634,1.862454891204834,5.428717379700054,3.142
717,/home/htj/resisc45/imgs_full/circular_farmland_s0005717.png,circular_farmland,circular farmland,circular_farmland,1,1782901431.7561915,1782901433.6207108,1.8645193576812744,5.620000347570939,3.345
718,/home/htj/resisc45/imgs_full/terrace_s0005718.png,terrace,circular farmland,circular_farmland,0,1782901433.621921,1782901435.4843962,1.8624751567840576,5.70220050188899,3.2914499999999998
719,/home/htj/resisc45/imgs_full/airport_s0005719.png,airport,intersection,intersection,0,1782901435.485919,1782901437.2760835,1.7901644706726074,5.473651639640331,3.39045
720,/home/htj/resisc45/imgs_full/mobile_home_park_s0005720.png,mobile_home_park,mobile home park,mobile_home_park,1,1782901437.2775166,1782901439.2133977,1.9358811378479004,5.848239979757982,3.244
721,/home/htj/resisc45/imgs_full/airplane_s0005721.png,airplane,airport,airport,0,1782901439.2146087,1782901440.995623,1.7810144424438477,5.422557004374842,3.2945
722,/home/htj/resisc45/imgs_full/runway_s0005722.png,runway,intersection,intersection,0,1782901440.997025,1782901442.776807,1.7797820568084717,5.408413196694466,3.345
723,/home/htj/resisc45/imgs_full/palace_s0005723.png,palace,palace,palace,1,1782901442.7783816,1782901444.5652764,1.7868947982788086,5.491183555573225,3.39045
724,/home/htj/resisc45/imgs_full/parking_lot_s0005724.png,parking_lot,intersection,intersection,0,1782901444.5671856,1782901446.3604314,1.793245792388916,5.43527015009234,3.244
725,/home/htj/resisc45/imgs_full/mobile_home_park_s0005725.png,mobile_home_park,residential,,0,1782901446.3616989,1782901448.1527233,1.7910244464874268,5.4984450507164,3.446
726,/home/htj/resisc45/imgs_full/snowberg_s0005726.png,snowberg,desert,desert,0,1782901448.1544187,1782901449.94695,1.7925312519073486,5.264837757618197,3.143
727,/home/htj/resisc45/imgs_full/island_s0005727.png,island,river,river,0,1782901449.9482946,1782901451.7373695,1.7890748977661133,5.164556052535772,3.041
728,/home/htj/resisc45/imgs_full/beach_s0005728.png,beach,harbor,harbor,0,1782901451.738678,1782901453.5122862,1.7736082077026367,5.161543163422615,3.042
729,/home/htj/resisc45/imgs_full/baseball_diamond_s0005729.png,baseball_diamond,baseball diamond,baseball_diamond,1,1782901453.5133774,1782901455.3762271,1.8628497123718262,5.590637786792986,3.345
730,/home/htj/resisc45/imgs_full/river_s0005730.png,river,river,river,1,1782901455.3777695,1782901457.15395,1.7761805057525635,5.424856337585757,3.3945
731,/home/htj/resisc45/imgs_full/island_s0005731.png,island,harbor,harbor,0,1782901457.15546,1782901458.9436584,1.788198471069336,5.460696660072572,3.345
732,/home/htj/resisc45/imgs_full/dense_residential_s0005732.png,dense_residential,residential,,0,1782901458.9449117,1782901460.7362778,1.7913661003112793,5.345324482947588,3.142
733,/home/htj/resisc45/imgs_full/medium_residential_s0005733.png,medium_residential,intersection,intersection,0,1782901460.7375414,1782901462.5330062,1.7954647541046143,5.37793820250419,3.244
734,/home/htj/resisc45/imgs_full/desert_s0005734.png,desert,desert,desert,1,1782901462.5342782,1782901464.3216803,1.7874021530151367,5.4743659441471095,3.4449
735,/home/htj/resisc45/imgs_full/industrial_area_s0005735.png,industrial_area,industrial area,industrial_area,1,1782901464.323001,1782901466.1783102,1.855309247970581,5.647387415580452,3.28945
736,/home/htj/resisc45/imgs_full/harbor_s0005736.png,harbor,harbor,harbor,1,1782901466.180159,1782901467.9730356,1.7928764820098877,5.463230805024505,3.345
737,/home/htj/resisc45/imgs_full/beach_s0005737.png,beach,beach,beach,1,1782901467.974344,1782901469.76562,1.791275978088379,5.411733645285329,3.2945
738,/home/htj/resisc45/imgs_full/stadium_s0005738.png,stadium,stadium,stadium,1,1782901469.7670326,1782901471.5602984,1.7932658195495605,5.367580835253,3.244
739,/home/htj/resisc45/imgs_full/overpass_s0005739.png,overpass,intersection,intersection,0,1782901471.5615141,1782901473.3533902,1.7918760776519775,5.42441350423136,3.2935
740,/home/htj/resisc45/imgs_full/airplane_s0005740.png,airplane,airport,airport,0,1782901473.3544776,1782901475.1441915,1.7897138595581055,5.44682634589076,3.444
741,/home/htj/resisc45/imgs_full/rectangular_farmland_s0005741.png,rectangular_farmland,rectangular farmland,rectangular_farmland,1,1782901475.1453862,1782901477.0067391,1.8613529205322266,5.663814914009788,3.3833999999999995
742,/home/htj/resisc45/imgs_full/airport_s0005742.png,airport,airport,airport,1,1782901477.0083375,1782901478.8017557,1.7934181690216064,5.45245405141769,3.2935
743,/home/htj/resisc45/imgs_full/bridge_s0005743.png,bridge,river,river,0,1782901478.8030052,1782901480.593309,1.7903037071228027,5.426410536289215,3.28855
744,/home/htj/resisc45/imgs_full/golf_course_s0005744.png,golf_course,golf course,golf_course,1,1782901480.5944374,1782901482.4470859,1.8526484966278076,5.60999333358556,3.244
745,/home/htj/resisc45/imgs_full/medium_residential_s0005745.png,medium_residential,residential,,0,1782901482.448509,1782901484.2385051,1.7899961471557617,5.420332083106041,3.244
746,/home/htj/resisc45/imgs_full/baseball_diamond_s0005746.png,baseball_diamond,baseball diamond,baseball_diamond,1,1782901484.240042,1782901486.1047556,1.8647136688232422,5.610981701791286,3.244
747,/home/htj/resisc45/imgs_full/overpass_s0005747.png,overpass,highway,,0,1782901486.1059217,1782901487.8955865,1.7896647453308105,5.4432653229236605,3.345
748,/home/htj/resisc45/imgs_full/runway_s0005748.png,runway,airport,airport,0,1782901487.896833,1782901489.686147,1.7893140316009521,5.212098614631161,3.041
749,/home/htj/resisc45/imgs_full/terrace_s0005749.png,terrace,desert,desert,0,1782901489.6874795,1782901491.4747016,1.787222146987915,5.117487215131521,3.041
750,/home/htj/resisc45/imgs_full/baseball_diamond_s0005750.png,baseball_diamond,baseball diamond,baseball_diamond,1,1782901491.4762328,1782901493.33108,1.8548471927642822,5.364565865322947,3.0419
751,/home/htj/resisc45/imgs_full/wetland_s0005751.png,wetland,desert,desert,0,1782901493.3325808,1782901495.1166072,1.7840263843536377,5.192910549081862,3.0864499999999997
752,/home/htj/resisc45/imgs_full/forest_s0005752.png,forest,desert,desert,0,1782901495.1178622,1782901496.909603,1.791740894317627,5.202579778071373,3.0925
753,/home/htj/resisc45/imgs_full/mountain_s0005753.png,mountain,desert,desert,0,1782901496.910689,1782901498.6991155,1.788426399230957,5.2056621415615085,3.0864499999999997
754,/home/htj/resisc45/imgs_full/church_s0005754.png,church,palace,palace,0,1782901498.7003157,1782901500.4868734,1.786557674407959,5.1581954222648365,3.0915
755,/home/htj/resisc45/imgs_full/mountain_s0005755.png,mountain,desert,desert,0,1782901500.488583,1782901502.2813933,1.7928102016448975,5.207477477319778,3.042
756,/home/htj/resisc45/imgs_full/thermal_power_station_s0005756.png,thermal_power_station,industrial area,industrial_area,0,1782901502.2829823,1782901504.1479733,1.8649909496307373,5.590734233097597,3.244
757,/home/htj/resisc45/imgs_full/railway_station_s0005757.png,railway_station,railway station,railway_station,1,1782901504.1494236,1782901506.0128193,1.8633956909179688,5.483070053794167,3.142
758,/home/htj/resisc45/imgs_full/commercial_area_s0005758.png,commercial_area,intersection,intersection,0,1782901506.014056,1782901507.8072565,1.7932004928588867,5.241351505094959,3.142
759,/home/htj/resisc45/imgs_full/tennis_court_s0005759.png,tennis_court,tennis court,tennis_court,1,1782901507.808727,1782901509.6755805,1.8668534755706787,5.410316389717162,3.0864499999999997
760,/home/htj/resisc45/imgs_full/desert_s0005760.png,desert,desert,desert,1,1782901509.6769133,1782901511.4624722,1.7855589389801025,5.225326637491584,3.14
761,/home/htj/resisc45/imgs_full/dense_residential_s0005761.png,dense_residential,residential area,,0,1782901511.4643648,1782901513.3289824,1.8646175861358643,5.3980096425637605,3.0864499999999997
762,/home/htj/resisc45/imgs_full/airport_s0005762.png,airport,airport,airport,1,1782901513.330183,1782901515.1125104,1.78232741355896,5.204563140787184,3.1409000000000002
763,/home/htj/resisc45/imgs_full/cloud_s0005763.png,cloud,desert,desert,0,1782901515.113792,1782901516.9041233,1.7903313636779785,5.197851722378885,3.0915
764,/home/htj/resisc45/imgs_full/palace_s0005764.png,palace,palace,palace,1,1782901516.905426,1782901518.6991193,1.7936933040618896,5.209950360395014,3.041
765,/home/htj/resisc45/imgs_full/basketball_court_s0005765.png,basketball_court,tennis court,tennis_court,0,1782901518.700325,1782901520.5606368,1.86031174659729,5.656917347691953,3.444
766,/home/htj/resisc45/imgs_full/intersection_s0005766.png,intersection,intersection,intersection,1,1782901520.5618083,1782901522.3518565,1.7900481224060059,5.669921488717198,3.345
767,/home/htj/resisc45/imgs_full/freeway_s0005767.png,freeway,highway,,0,1782901522.3530247,1782901524.1420853,1.7890605926513672,5.383225611655943,3.244
768,/home/htj/resisc45/imgs_full/parking_lot_s0005768.png,parking_lot,intersection,intersection,0,1782901524.1436687,1782901525.940248,1.796579360961914,5.238263985514641,3.144
769,/home/htj/resisc45/imgs_full/church_s0005769.png,church,church,church,1,1782901525.9414618,1782901527.7346194,1.7931575775146484,5.342163486173075,3.194
770,/home/htj/resisc45/imgs_full/river_s0005770.png,river,river,river,1,1782901527.736217,1782901529.528341,1.7921240329742432,5.38774088575691,3.28945
771,/home/htj/resisc45/imgs_full/snowberg_s0005771.png,snowberg,desert,desert,0,1782901529.5295832,1782901531.3197732,1.7901899814605713,5.38546894487258,3.244
772,/home/htj/resisc45/imgs_full/intersection_s0005772.png,intersection,intersection,intersection,1,1782901531.3212373,1782901533.1142175,1.7929801940917969,5.554596610665322,3.548
773,/home/htj/resisc45/imgs_full/ground_track_field_s0005773.png,ground_track_field,stadium,stadium,0,1782901533.1155415,1782901534.9067266,1.7911851406097412,5.4465317712676145,3.345
774,/home/htj/resisc45/imgs_full/mobile_home_park_s0005774.png,mobile_home_park,mobile home park,mobile_home_park,1,1782901534.9082344,1782901536.845684,1.9374496936798096,5.908537759949179,3.38035
775,/home/htj/resisc45/imgs_full/storage_tank_s0005775.png,storage_tank,industrial area,industrial_area,0,1782901536.8468518,1782901538.6991863,1.8523344993591309,5.6675822545542855,3.2843999999999998
776,/home/htj/resisc45/imgs_full/thermal_power_station_s0005776.png,thermal_power_station,industrial area,industrial_area,0,1782901538.700231,1782901540.5621715,1.8619403839111328,5.708088570276896,3.345
777,/home/htj/resisc45/imgs_full/church_s0005777.png,church,church,church,1,1782901540.5639768,1782901542.355435,1.7914581298828125,5.488680976129348,3.2935
778,/home/htj/resisc45/imgs_full/roundabout_s0005778.png,roundabout,intersection,intersection,0,1782901542.3568382,1782901544.147312,1.7904736995697021,5.410251997068524,3.244
779,/home/htj/resisc45/imgs_full/storage_tank_s0005779.png,storage_tank,circular farmland,circular_farmland,0,1782901544.1484935,1782901546.0106688,1.8621752262115479,5.633312831193209,3.345
780,/home/htj/resisc45/imgs_full/thermal_power_station_s0005780.png,thermal_power_station,industrial area,industrial_area,0,1782901546.0122569,1782901547.879207,1.8669500350952148,5.64939080619812,3.244
781,/home/htj/resisc45/imgs_full/railway_s0005781.png,railway,railway station,railway_station,0,1782901547.8808115,1782901549.7361023,1.8552908897399902,5.477886904297453,3.142
782,/home/htj/resisc45/imgs_full/railway_s0005782.png,railway,railway station,railway_station,0,1782901549.7376328,1782901551.590941,1.8533082008361816,5.362778942644597,3.142
783,/home/htj/resisc45/imgs_full/snowberg_s0005783.png,snowberg,desert,desert,0,1782901551.5926306,1782901553.3849363,1.7923057079315186,5.424245196394622,3.28945
784,/home/htj/resisc45/imgs_full/harbor_s0005784.png,harbor,harbor,harbor,1,1782901553.386198,1782901555.1775615,1.7913634777069092,5.424248610496521,3.2945
785,/home/htj/resisc45/imgs_full/church_s0005785.png,church,church,church,1,1782901555.1788704,1782901556.9721777,1.7933073043823242,5.402954703837633,3.28945
786,/home/htj/resisc45/imgs_full/palace_s0005786.png,palace,palace,palace,1,1782901556.9739194,1782901558.7667289,1.7928094863891602,5.464830309898622,3.3955
787,/home/htj/resisc45/imgs_full/snowberg_s0005787.png,snowberg,mountain,mountain,0,1782901558.7686133,1782901560.5559535,1.7873401641845703,5.401453684926033,3.244
788,/home/htj/resisc45/imgs_full/baseball_diamond_s0005788.png,baseball_diamond,baseball diamond,baseball_diamond,1,1782901560.5571632,1782901562.4061985,1.8490352630615234,5.60546596467495,3.28945
789,/home/htj/resisc45/imgs_full/beach_s0005789.png,beach,harbor,harbor,0,1782901562.4074314,1782901564.1841521,1.7767207622528076,5.391403630532324,3.28945
790,/home/htj/resisc45/imgs_full/basketball_court_s0005790.png,basketball_court,tennis court,tennis_court,0,1782901564.1855915,1782901566.0496032,1.8640117645263672,5.6443441237211225,3.244
791,/home/htj/resisc45/imgs_full/baseball_diamond_s0005791.png,baseball_diamond,intersection,intersection,0,1782901566.051115,1782901567.8427782,1.7916631698608398,5.464348710179329,3.28855
792,/home/htj/resisc45/imgs_full/railway_station_s0005792.png,railway_station,railway station,railway_station,1,1782901567.8447855,1782901569.7111027,1.8663172721862793,5.623270496166114,3.244
793,/home/htj/resisc45/imgs_full/forest_s0005793.png,forest,desert,desert,0,1782901569.712664,1782901571.5046031,1.7919392585754395,5.460963792754758,3.345
794,/home/htj/resisc45/imgs_full/overpass_s0005794.png,overpass,intersection,intersection,0,1782901571.505798,1782901573.298135,1.7923369407653809,5.421539193168282,3.244
795,/home/htj/resisc45/imgs_full/tennis_court_s0005795.png,tennis_court,residential,,0,1782901573.2994869,1782901575.0851917,1.7857048511505127,5.389314844154542,3.2945
796,/home/htj/resisc45/imgs_full/chaparral_s0005796.png,chaparral,desert,desert,0,1782901575.086513,1782901576.8684373,1.7819242477416992,5.2316146285149365,3.0915
797,/home/htj/resisc45/imgs_full/river_s0005797.png,river,desert,desert,0,1782901576.869727,1782901578.6589515,1.789224624633789,5.40703681564331,3.244
798,/home/htj/resisc45/imgs_full/industrial_area_s0005798.png,industrial_area,railway station,railway_station,0,1782901578.6601527,1782901580.5232413,1.863088607788086,5.399625985983646,3.142
799,/home/htj/resisc45/imgs_full/lake_s0005799.png,lake,lake,lake,1,1782901580.5243263,1782901582.3106937,1.786367416381836,5.369474705111596,3.244
800,/home/htj/resisc45/imgs_full/golf_course_s0005800.png,golf_course,golf course,golf_course,1,1782901582.3124945,1782901584.1732516,1.8607571125030518,5.686473735809327,3.345
801,/home/htj/resisc45/imgs_full/chaparral_s0005801.png,chaparral,desert,desert,0,1782901584.1746595,1782901585.9592097,1.7845501899719238,5.368214802111349,3.244
802,/home/htj/resisc45/imgs_full/railway_station_s0005802.png,railway_station,intersection,intersection,0,1782901585.9603975,1782901587.7390623,1.7786648273468018,5.350510682082945,3.244
803,/home/htj/resisc45/imgs_full/wetland_s0005803.png,wetland,desert,desert,0,1782901587.7406104,1782901589.516886,1.776275634765625,5.343552802301223,3.244
804,/home/htj/resisc45/imgs_full/basketball_court_s0005804.png,basketball_court,church,church,0,1782901589.5186691,1782901591.309539,1.790869951248169,5.423593682669103,3.244
805,/home/htj/resisc45/imgs_full/sea_ice_s0005805.png,sea_ice,desert,desert,0,1782901591.311084,1782901593.0901253,1.7790412902832031,5.202375840217837,3.043
806,/home/htj/resisc45/imgs_full/overpass_s0005806.png,overpass,highway,,0,1782901593.091845,1782901594.8809817,1.7891366481781006,5.182234301447869,3.043
807,/home/htj/resisc45/imgs_full/lake_s0005807.png,lake,lake,lake,1,1782901594.8822048,1782901596.6694877,1.787282943725586,5.192402877253871,3.143
808,/home/htj/resisc45/imgs_full/intersection_s0005808.png,intersection,intersection,intersection,1,1782901596.6707425,1782901598.4530206,1.782278060913086,5.3283214880420315,3.244
809,/home/htj/resisc45/imgs_full/bridge_s0005809.png,bridge,intersection,intersection,0,1782901598.4541883,1782901600.2355206,1.78133225440979,5.408124724388123,3.2905499999999996
810,/home/htj/resisc45/imgs_full/chaparral_s0005810.png,chaparral,desert,desert,0,1782901600.2367446,1782901602.022734,1.7859892845153809,5.369951265519665,3.246
811,/home/htj/resisc45/imgs_full/circular_farmland_s0005811.png,circular_farmland,circular farmland,circular_farmland,1,1782901602.0242307,1782901603.8825161,1.8582854270935059,5.580093267484145,3.246
812,/home/htj/resisc45/imgs_full/thermal_power_station_s0005812.png,thermal_power_station,industrial area,industrial_area,0,1782901603.8843327,1782901605.739128,1.8547954559326172,5.6144658451080325,3.2914499999999998
813,/home/htj/resisc45/imgs_full/overpass_s0005813.png,overpass,highway,,0,1782901605.740341,1782901607.5324523,1.7921113967895508,5.396159422695637,3.246
814,/home/htj/resisc45/imgs_full/industrial_area_s0005814.png,industrial_area,industrial area,industrial_area,1,1782901607.5339575,1782901609.3973422,1.86338472366333,5.497662529251792,3.144
815,/home/htj/resisc45/imgs_full/airplane_s0005815.png,airplane,airport,airport,0,1782901609.3985107,1782901611.1796374,1.7811267375946045,5.1340690932658415,3.144
816,/home/htj/resisc45/imgs_full/cloud_s0005816.png,cloud,desert,desert,0,1782901611.1811578,1782901612.9586341,1.7774763107299805,5.373482901173253,3.2965
817,/home/htj/resisc45/imgs_full/mountain_s0005817.png,mountain,desert,desert,0,1782901612.9603264,1782901614.7416723,1.7813458442687988,5.192393284966869,3.0925
818,/home/htj/resisc45/imgs_full/meadow_s0005818.png,meadow,desert,desert,0,1782901614.7430787,1782901616.5156567,1.7725780010223389,5.190939282931387,3.08845
819,/home/htj/resisc45/imgs_full/forest_s0005819.png,forest,desert,desert,0,1782901616.5168502,1782901618.2885532,1.7717030048370361,5.362373478543374,3.246
820,/home/htj/resisc45/imgs_full/snowberg_s0005820.png,snowberg,desert,desert,0,1782901618.2904668,1782901620.0725117,1.7820448875427246,5.459783138198238,3.347
821,/home/htj/resisc45/imgs_full/parking_lot_s0005821.png,parking_lot,intersection,intersection,0,1782901620.0741508,1782901621.8536453,1.7794945240020752,5.380215588746533,3.246
822,/home/htj/resisc45/imgs_full/snowberg_s0005822.png,snowberg,desert,desert,0,1782901621.8554091,1782901623.6339839,1.7785747051239014,5.383690051950515,3.246
823,/home/htj/resisc45/imgs_full/industrial_area_s0005823.png,industrial_area,industrial area,industrial_area,1,1782901623.635527,1782901625.4863212,1.8507943153381348,5.643765915334225,3.2914499999999998
824,/home/htj/resisc45/imgs_full/freeway_s0005824.png,freeway,highway,,0,1782901625.4879055,1782901627.2644362,1.7765307426452637,5.446327489960578,3.347
825,/home/htj/resisc45/imgs_full/intersection_s0005825.png,intersection,intersection,intersection,1,1782901627.266032,1782901629.0427861,1.7767541408538818,5.406440756350755,3.246
826,/home/htj/resisc45/imgs_full/church_s0005826.png,church,palace,palace,0,1782901629.0443535,1782901630.83593,1.791576623916626,5.451767666578293,3.2965
827,/home/htj/resisc45/imgs_full/snowberg_s0005827.png,snowberg,desert,desert,0,1782901630.8375914,1782901632.61996,1.7823686599731445,5.387525501466566,3.246
828,/home/htj/resisc45/imgs_full/river_s0005828.png,river,river,river,1,1782901632.621055,1782901634.3965566,1.7755017280578613,5.3839870526194575,3.28945
829,/home/htj/resisc45/imgs_full/railway_station_s0005829.png,railway_station,industrial area,industrial_area,0,1782901634.3978071,1782901636.2437181,1.8459110260009766,5.6552945364713665,3.3459
830,/home/htj/resisc45/imgs_full/parking_lot_s0005830.png,parking_lot,intersection,intersection,0,1782901636.2448928,1782901638.0245676,1.779674768447876,5.472040642069231,3.345
831,/home/htj/resisc45/imgs_full/stadium_s0005831.png,stadium,stadium,stadium,1,1782901638.02623,1782901639.8108773,1.7846472263336182,5.1531130958124995,3.144
832,/home/htj/resisc45/imgs_full/airport_s0005832.png,airport,airport,airport,1,1782901639.8121922,1782901641.594038,1.7818458080291748,5.378300395396448,3.244
833,/home/htj/resisc45/imgs_full/airplane_s0005833.png,airplane,airport,airport,0,1782901641.5954344,1782901643.3726635,1.7772290706634521,5.371875520975359,3.246
834,/home/htj/resisc45/imgs_full/lake_s0005834.png,lake,lake,lake,1,1782901643.374012,1782901645.1524482,1.7784361839294434,5.386049559161067,3.244
835,/home/htj/resisc45/imgs_full/thermal_power_station_s0005835.png,thermal_power_station,industrial area,industrial_area,0,1782901645.1539166,1782901647.0086243,1.8547077178955078,5.612925150513649,3.244
836,/home/htj/resisc45/imgs_full/industrial_area_s0005836.png,industrial_area,industrial area,industrial_area,1,1782901647.0102656,1782901648.862164,1.851898431777954,5.649131988937205,3.345
837,/home/htj/resisc45/imgs_full/golf_course_s0005837.png,golf_course,golf course,golf_course,1,1782901648.8639152,1782901650.708997,1.8450818061828613,5.577278688445687,3.244
838,/home/htj/resisc45/imgs_full/railway_station_s0005838.png,railway_station,intersection,intersection,0,1782901650.7105384,1782901652.4980052,1.7874667644500732,5.4074779708161955,3.28945
839,/home/htj/resisc45/imgs_full/rectangular_farmland_s0005839.png,rectangular_farmland,circular farmland,circular_farmland,0,1782901652.4993856,1782901654.3483179,1.8489322662353516,5.636527792751789,3.2905499999999996
840,/home/htj/resisc45/imgs_full/airplane_s0005840.png,airplane,airplane,airplane,1,1782901654.349631,1782901656.1214628,1.771831750869751,5.482104593053941,3.446
841,/home/htj/resisc45/imgs_full/airport_s0005841.png,airport,intersection,intersection,0,1782901656.1230016,1782901657.8992605,1.776258945465088,5.4279608439630085,3.347
842,/home/htj/resisc45/imgs_full/railway_s0005842.png,railway,intersection,intersection,0,1782901657.900645,1782901659.6803796,1.7797346115112305,5.363007784962654,3.28945
843,/home/htj/resisc45/imgs_full/church_s0005843.png,church,palace,palace,0,1782901659.681512,1782901661.45312,1.7716078758239746,5.381630388982835,3.2945
844,/home/htj/resisc45/imgs_full/ground_track_field_s0005844.png,ground_track_field,stadium,stadium,0,1782901661.4545674,1782901663.2339418,1.779374361038208,5.394202075073796,3.244
845,/home/htj/resisc45/imgs_full/terrace_s0005845.png,terrace,desert,desert,0,1782901663.2356613,1782901665.0126019,1.7769405841827393,5.362749362399501,3.244
846,/home/htj/resisc45/imgs_full/chaparral_s0005846.png,chaparral,desert,desert,0,1782901665.0138721,1782901666.792835,1.7789628505706787,5.358347291097044,3.28945
847,/home/htj/resisc45/imgs_full/roundabout_s0005847.png,roundabout,intersection,intersection,0,1782901666.7940445,1782901668.5741951,1.7801506519317627,5.172773249226232,3.141
848,/home/htj/resisc45/imgs_full/desert_s0005848.png,desert,desert,desert,1,1782901668.5760136,1782901670.3548777,1.7788641452789307,5.390589570053162,3.2425
849,/home/htj/resisc45/imgs_full/island_s0005849.png,island,desert,desert,0,1782901670.3559709,1782901672.1317587,1.7757878303527832,5.398280437315664,3.2935
850,/home/htj/resisc45/imgs_full/stadium_s0005850.png,stadium,stadium,stadium,1,1782901672.133123,1782901673.9151442,1.7820212841033936,5.37346242955327,3.244
851,/home/htj/resisc45/imgs_full/thermal_power_station_s0005851.png,thermal_power_station,industrial area,industrial_area,0,1782901673.9164782,1782901675.7691855,1.8527073860168457,5.5631592062562705,3.1879
852,/home/htj/resisc45/imgs_full/snowberg_s0005852.png,snowberg,desert,desert,0,1782901675.770514,1782901677.553248,1.7827339172363281,5.370708767414093,3.244
853,/home/htj/resisc45/imgs_full/runway_s0005853.png,runway,intersection,intersection,0,1782901677.5545657,1782901679.3302476,1.775681972503662,5.336840808391571,3.244
854,/home/htj/resisc45/imgs_full/tennis_court_s0005854.png,tennis_court,residential,,0,1782901679.3322563,1782901681.1151824,1.782926082611084,5.32266700778469,3.142
855,/home/htj/resisc45/imgs_full/roundabout_s0005855.png,roundabout,intersection,intersection,0,1782901681.1163836,1782901682.8959122,1.7795286178588867,5.307185784093796,3.244
856,/home/htj/resisc45/imgs_full/tennis_court_s0005856.png,tennis_court,intersection,intersection,0,1782901682.8971865,1782901684.672267,1.7750804424285889,5.408392751760781,3.343
857,/home/htj/resisc45/imgs_full/thermal_power_station_s0005857.png,thermal_power_station,industrial area,industrial_area,0,1782901684.6734157,1782901686.5297232,1.8563075065612793,5.631920955687761,3.241
858,/home/htj/resisc45/imgs_full/dense_residential_s0005858.png,dense_residential,residential,,0,1782901686.531611,1782901688.3103507,1.7787396907806396,5.37839241662333,3.241
859,/home/htj/resisc45/imgs_full/stadium_s0005859.png,stadium,stadium,stadium,1,1782901688.31193,1782901690.088977,1.7770471572875977,5.379899203240871,3.345
860,/home/htj/resisc45/imgs_full/island_s0005860.png,island,desert,desert,0,1782901690.090143,1782901691.8683107,1.778167724609375,5.4010984231272055,3.345
861,/home/htj/resisc45/imgs_full/beach_s0005861.png,beach,harbor,harbor,0,1782901691.8693972,1782901693.6555665,1.7861692905426025,5.325953495848563,3.142
862,/home/htj/resisc45/imgs_full/terrace_s0005862.png,terrace,circular farmland,circular_farmland,0,1782901693.6567254,1782901695.5069642,1.8502388000488281,5.415480764215643,3.142
863,/home/htj/resisc45/imgs_full/tennis_court_s0005863.png,tennis_court,intersection,intersection,0,1782901695.5083992,1782901697.286873,1.7784738540649414,5.106227915517746,3.042
864,/home/htj/resisc45/imgs_full/palace_s0005864.png,palace,palace,palace,1,1782901697.2885332,1782901699.0835302,1.794996976852417,5.294231395915151,3.244
865,/home/htj/resisc45/imgs_full/roundabout_s0005865.png,roundabout,intersection,intersection,0,1782901699.0850146,1782901700.875484,1.7904694080352783,5.385731979370117,3.244
866,/home/htj/resisc45/imgs_full/tennis_court_s0005866.png,tennis_court,golf course,golf_course,0,1782901700.8767135,1782901702.7324398,1.8557262420654297,5.6184642514315515,3.343
867,/home/htj/resisc45/imgs_full/sparse_residential_s0005867.png,sparse_residential,residential,,0,1782901702.7336955,1782901704.5252254,1.791529893875122,5.422267493317204,3.343
868,/home/htj/resisc45/imgs_full/ground_track_field_s0005868.png,ground_track_field,stadium,stadium,0,1782901704.5263844,1782901706.314429,1.7880446910858154,5.435152973331511,3.343
869,/home/htj/resisc45/imgs_full/railway_s0005869.png,railway,railway station,railway_station,0,1782901706.3160126,1782901708.1812437,1.8652310371398926,5.692102240651845,3.2869
870,/home/htj/resisc45/imgs_full/storage_tank_s0005870.png,storage_tank,industrial area,industrial_area,0,1782901708.1825922,1782901710.0336685,1.851076364517212,5.619923935897423,3.241
871,/home/htj/resisc45/imgs_full/storage_tank_s0005871.png,storage_tank,industrial area,industrial_area,0,1782901710.0347376,1782901711.8975985,1.862860918045044,5.611501588460171,3.241
872,/home/htj/resisc45/imgs_full/terrace_s0005872.png,terrace,circular farmland,circular_farmland,0,1782901711.8989682,1782901713.7617514,1.8627831935882568,5.539917217731476,3.142
873,/home/htj/resisc45/imgs_full/mountain_s0005873.png,mountain,desert,desert,0,1782901713.7629554,1782901715.551644,1.7886886596679688,5.212182857751846,3.0864499999999997
874,/home/htj/resisc45/imgs_full/rectangular_farmland_s0005874.png,rectangular_farmland,airport,airport,0,1782901715.5527213,1782901717.3383641,1.7856428623199463,5.190057381406907,3.0915
875,/home/htj/resisc45/imgs_full/mobile_home_park_s0005875.png,mobile_home_park,mobile home park,mobile_home_park,1,1782901717.3400626,1782901719.2788723,1.9388096332550049,5.860622354640681,3.444
876,/home/htj/resisc45/imgs_full/wetland_s0005876.png,wetland,desert,desert,0,1782901719.280141,1782901721.0741427,1.794001579284668,5.374099918395281,3.1409000000000002
877,/home/htj/resisc45/imgs_full/snowberg_s0005877.png,snowberg,desert,desert,0,1782901721.0757315,1782901722.8514464,1.7757148742675781,5.184342778236635,3.0915
878,/home/htj/resisc45/imgs_full/golf_course_s0005878.png,golf_course,golf course,golf_course,1,1782901722.8525653,1782901724.716128,1.863562822341919,5.413988828507336,3.0806
879,/home/htj/resisc45/imgs_full/ship_s0005879.png,ship,harbor,harbor,0,1782901724.7174494,1782901726.5063746,1.7889251708984375,5.141313233898533,3.041
880,/home/htj/resisc45/imgs_full/sea_ice_s0005880.png,sea_ice,harbor,harbor,0,1782901726.507687,1782901728.2925868,1.7848997116088867,5.161037516117096,3.0855499999999996
881,/home/htj/resisc45/imgs_full/industrial_area_s0005881.png,industrial_area,industrial area,industrial_area,1,1782901728.294112,1782901730.1574864,1.8633744716644287,5.4595125106200575,3.142
882,/home/htj/resisc45/imgs_full/palace_s0005882.png,palace,airport,airport,0,1782901730.1586444,1782901731.945254,1.7866096496582031,5.213494452357293,3.08755
883,/home/htj/resisc45/imgs_full/thermal_power_station_s0005883.png,thermal_power_station,church,church,0,1782901731.9464335,1782901733.73882,1.792386531829834,5.32743532396132,3.2945
884,/home/htj/resisc45/imgs_full/beach_s0005884.png,beach,beach,beach,1,1782901733.7401729,1782901735.5154088,1.775235891342163,5.358177311135877,3.244
885,/home/htj/resisc45/imgs_full/ship_s0005885.png,ship,harbor,harbor,0,1782901735.516838,1782901737.308113,1.7912750244140625,5.45308899307251,3.345
886,/home/htj/resisc45/imgs_full/runway_s0005886.png,runway,airport,airport,0,1782901737.309466,1782901739.0950868,1.785620927810669,5.372414965706486,3.244
887,/home/htj/resisc45/imgs_full/freeway_s0005887.png,freeway,highway,,0,1782901739.096697,1782901740.886331,1.7896339893341064,5.215329001292587,3.0864499999999997
888,/home/htj/resisc45/imgs_full/harbor_s0005888.png,harbor,harbor,harbor,1,1782901740.8877165,1782901742.6763003,1.788583755493164,5.240723492345502,3.142
889,/home/htj/resisc45/imgs_full/overpass_s0005889.png,overpass,intersection,intersection,0,1782901742.6774335,1782901744.464495,1.7870614528656006,5.18733678663522,3.043
890,/home/htj/resisc45/imgs_full/cloud_s0005890.png,cloud,desert,desert,0,1782901744.4658294,1782901746.2558143,1.789984941482544,5.226813770578754,3.0915
891,/home/htj/resisc45/imgs_full/church_s0005891.png,church,palace,palace,0,1782901746.257229,1782901748.032517,1.7752878665924072,5.148907486623333,3.042
892,/home/htj/resisc45/imgs_full/baseball_diamond_s0005892.png,baseball_diamond,baseball diamond,baseball_diamond,1,1782901748.033647,1782901749.8961987,1.8625516891479492,5.451970998937433,3.142
893,/home/htj/resisc45/imgs_full/parking_lot_s0005893.png,parking_lot,intersection,intersection,0,1782901749.897508,1782901751.6796815,1.7821736335754395,5.215732351810701,3.0925
894,/home/htj/resisc45/imgs_full/desert_s0005894.png,desert,desert,desert,1,1782901751.681033,1782901753.4726307,1.791597843170166,5.232305513545871,3.08755
895,/home/htj/resisc45/imgs_full/basketball_court_s0005895.png,basketball_court,tennis court,tennis_court,0,1782901753.4741538,1782901755.3379908,1.8638370037078857,5.462906257867814,3.1428000000000003
896,/home/htj/resisc45/imgs_full/wetland_s0005896.png,wetland,desert,desert,0,1782901755.3394504,1782901757.1324434,1.7929930686950684,5.160118374732233,3.0915
897,/home/htj/resisc45/imgs_full/intersection_s0005897.png,intersection,intersection,intersection,1,1782901757.13423,1782901758.927559,1.7933290004730225,5.197347651027143,3.0864499999999997
898,/home/htj/resisc45/imgs_full/golf_course_s0005898.png,golf_course,golf course,golf_course,1,1782901758.928721,1782901760.7715821,1.8428611755371094,5.405111827850342,3.142
899,/home/htj/resisc45/imgs_full/railway_s0005899.png,railway,intersection,intersection,0,1782901760.7733188,1782901762.5555327,1.7822139263153076,5.190841787322875,3.0905
900,/home/htj/resisc45/imgs_full/sparse_residential_s0005900.png,sparse_residential,intersection,intersection,0,1782901762.5566568,1782901764.353254,1.7965972423553467,5.195366219244898,3.0864499999999997
901,/home/htj/resisc45/imgs_full/railway_station_s0005901.png,railway_station,railway station,railway_station,1,1782901764.3545635,1782901766.2187057,1.8641421794891357,5.433466050798242,3.0813999999999995
902,/home/htj/resisc45/imgs_full/beach_s0005902.png,beach,harbor,harbor,0,1782901766.2202349,1782901768.010075,1.7898402214050293,5.198157897210891,3.0925
903,/home/htj/resisc45/imgs_full/tennis_court_s0005903.png,tennis_court,residential,,0,1782901768.0115986,1782901769.8034933,1.7918946743011475,5.234516320593655,3.142
904,/home/htj/resisc45/imgs_full/island_s0005904.png,island,island,island,1,1782901769.804473,1782901771.5912457,1.7867727279663086,5.165502318720664,3.041
905,/home/htj/resisc45/imgs_full/runway_s0005905.png,runway,airport,airport,0,1782901771.5925586,1782901773.3848941,1.7923355102539062,5.189707469940186,3.0864499999999997
906,/home/htj/resisc45/imgs_full/cloud_s0005906.png,cloud,desert,desert,0,1782901773.385938,1782901775.1738913,1.7879533767700195,5.203059678231516,3.142
907,/home/htj/resisc45/imgs_full/overpass_s0005907.png,overpass,highway,,0,1782901775.1752381,1782901776.96883,1.7935919761657715,5.378056611630225,3.2935
908,/home/htj/resisc45/imgs_full/airplane_s0005908.png,airplane,airport,airport,0,1782901776.9702957,1782901778.7613254,1.791029691696167,5.4460735350251195,3.28945
909,/home/htj/resisc45/imgs_full/parking_lot_s0005909.png,parking_lot,intersection,intersection,0,1782901778.7628944,1782901780.555439,1.7925446033477783,5.468533168638906,3.345
910,/home/htj/resisc45/imgs_full/wetland_s0005910.png,wetland,desert,desert,0,1782901780.5565403,1782901782.3431633,1.7866230010986328,5.449646809101105,3.345
911,/home/htj/resisc45/imgs_full/church_s0005911.png,church,palace,palace,0,1782901782.3444479,1782901784.1358693,1.7914214134216309,5.447365791490001,3.345
912,/home/htj/resisc45/imgs_full/terrace_s0005912.png,terrace,intersection,intersection,0,1782901784.1371596,1782901785.928344,1.791184425354004,5.26653000664711,3.043
913,/home/htj/resisc45/imgs_full/meadow_s0005913.png,meadow,desert,desert,0,1782901785.929548,1782901787.7206316,1.791083574295044,5.359615376964692,3.244
914,/home/htj/resisc45/imgs_full/island_s0005914.png,island,island,island,1,1782901787.7216558,1782901789.5080795,1.786423683166504,5.381545519798994,3.28945
915,/home/htj/resisc45/imgs_full/medium_residential_s0005915.png,medium_residential,residential,,0,1782901789.509446,1782901791.2973385,1.7878925800323486,5.4889455686077,3.3955
916,/home/htj/resisc45/imgs_full/wetland_s0005916.png,wetland,desert,desert,0,1782901791.2984047,1782901793.0872927,1.7888879776000977,5.451468403488398,3.345
917,/home/htj/resisc45/imgs_full/sparse_residential_s0005917.png,sparse_residential,intersection,intersection,0,1782901793.0884461,1782901794.87655,1.7881038188934326,5.373251975774765,3.244
918,/home/htj/resisc45/imgs_full/dense_residential_s0005918.png,dense_residential,intersection,intersection,0,1782901794.877823,1782901796.6697302,1.7919070720672607,5.38144375814161,3.246
919,/home/htj/resisc45/imgs_full/railway_s0005919.png,railway,intersection,intersection,0,1782901796.6709363,1782901798.4604566,1.789520263671875,5.403847893714905,3.28945
920,/home/htj/resisc45/imgs_full/snowberg_s0005920.png,snowberg,desert,desert,0,1782901798.4617407,1782901800.2536423,1.7919015884399414,5.4262248294584206,3.2945
921,/home/htj/resisc45/imgs_full/freeway_s0005921.png,freeway,intersection,intersection,0,1782901800.255048,1782901802.048749,1.793700933456421,5.500271806135774,3.28945
922,/home/htj/resisc45/imgs_full/ship_s0005922.png,ship,harbor,harbor,0,1782901802.0498455,1782901803.8377874,1.7879419326782227,5.409216452906209,3.2955
923,/home/htj/resisc45/imgs_full/ship_s0005923.png,ship,harbour,,0,1782901803.839122,1782901805.6332734,1.7941513061523438,5.4222055833339695,3.39045
924,/home/htj/resisc45/imgs_full/cloud_s0005924.png,cloud,desert,desert,0,1782901805.6343944,1782901807.4235399,1.7891454696655273,5.417474767777228,3.3955
925,/home/htj/resisc45/imgs_full/palace_s0005925.png,palace,palace,palace,1,1782901807.4249992,1782901809.2183924,1.7933931350708008,5.4592568337619305,3.28945
926,/home/htj/resisc45/imgs_full/ground_track_field_s0005926.png,ground_track_field,intersection,intersection,0,1782901809.2200248,1782901811.012533,1.7925081253051758,5.422163610519902,3.2945
927,/home/htj/resisc45/imgs_full/dense_residential_s0005927.png,dense_residential,residential,,0,1782901811.01435,1782901812.8081436,1.7937936782836914,5.6382298671603195,3.59345
928,/home/htj/resisc45/imgs_full/cloud_s0005928.png,cloud,stadium,stadium,0,1782901812.8092206,1782901814.5979395,1.7887189388275146,5.36898414641811,3.142
929,/home/htj/resisc45/imgs_full/airport_s0005929.png,airport,airport,airport,1,1782901814.5992968,1782901816.3902562,1.790959358215332,5.150799114227294,3.0864499999999997
930,/home/htj/resisc45/imgs_full/terrace_s0005930.png,terrace,circular farmland,circular_farmland,0,1782901816.3917868,1782901818.253646,1.8618590831756592,5.7144528079405426,3.38955
931,/home/htj/resisc45/imgs_full/sparse_residential_s0005931.png,sparse_residential,church,church,0,1782901818.2547731,1782901820.042988,1.788214921951294,6.0202851143344756,3.951
932,/home/htj/resisc45/imgs_full/storage_tank_s0005932.png,storage_tank,industrial area,industrial_area,0,1782901820.0444531,1782901821.9014456,1.856992483139038,5.760897135192698,3.345
933,/home/htj/resisc45/imgs_full/mobile_home_park_s0005933.png,mobile_home_park,residential,,0,1782901821.9027572,1782901823.6960022,1.7932450771331787,5.441052643714412,3.2945
934,/home/htj/resisc45/imgs_full/wetland_s0005934.png,wetland,desert,desert,0,1782901823.6971762,1782901825.485806,1.7886297702789307,5.450178488761186,3.28945
935,/home/htj/resisc45/imgs_full/roundabout_s0005935.png,roundabout,intersection,intersection,0,1782901825.4875243,1782901827.2747636,1.7872393131256104,5.423694786525542,3.244
936,/home/htj/resisc45/imgs_full/tennis_court_s0005936.png,tennis_court,tennis court,tennis_court,1,1782901827.276701,1782901829.1409836,1.8642826080322266,5.731708631688899,3.3846
937,/home/htj/resisc45/imgs_full/river_s0005937.png,river,river,river,1,1782901829.1421046,1782901830.9222326,1.780128002166748,5.4128524432336125,3.2945
938,/home/htj/resisc45/imgs_full/circular_farmland_s0005938.png,circular_farmland,circular farmland,circular_farmland,1,1782901830.9237971,1782901832.780497,1.8566999435424805,5.634184110496983,3.2843999999999998
939,/home/htj/resisc45/imgs_full/ground_track_field_s0005939.png,ground_track_field,stadium,stadium,0,1782901832.7820344,1782901834.5735621,1.7915277481079102,5.436708803330698,3.2945
940,/home/htj/resisc45/imgs_full/golf_course_s0005940.png,golf_course,golf course,golf_course,1,1782901834.57478,1782901836.4366994,1.8619194030761719,5.501238352688876,3.142
941,/home/htj/resisc45/imgs_full/overpass_s0005941.png,overpass,highway,,0,1782901836.4378889,1782901838.229111,1.791222095489502,5.230541862903102,3.0925
942,/home/htj/resisc45/imgs_full/ground_track_field_s0005942.png,ground_track_field,stadium,stadium,0,1782901838.230495,1782901840.021381,1.7908859252929688,5.236326584815979,3.08755
943,/home/htj/resisc45/imgs_full/snowberg_s0005943.png,snowberg,desert,desert,0,1782901840.0224693,1782901841.8129666,1.7904973030090332,5.193366306366459,3.041
944,/home/htj/resisc45/imgs_full/dense_residential_s0005944.png,dense_residential,residential,,0,1782901841.8145344,1782901843.6024106,1.7878761291503906,5.340888837933541,3.244
945,/home/htj/resisc45/imgs_full/terrace_s0005945.png,terrace,desert,desert,0,1782901843.60384,1782901845.391255,1.787414789199829,5.215388062177166,3.142
946,/home/htj/resisc45/imgs_full/chaparral_s0005946.png,chaparral,desert,desert,0,1782901845.3927865,1782901847.1845863,1.791799783706665,5.364480571188033,3.244
947,/home/htj/resisc45/imgs_full/mountain_s0005947.png,mountain,desert,desert,0,1782901847.185982,1782901848.9765508,1.7905688285827637,5.522345308488415,3.446
948,/home/htj/resisc45/imgs_full/beach_s0005948.png,beach,beach,beach,1,1782901848.9778178,1782901850.7669327,1.7891149520874023,5.435504364598182,3.244
949,/home/htj/resisc45/imgs_full/railway_s0005949.png,railway,railway station,railway_station,0,1782901850.7685518,1782901852.6324797,1.8639278411865234,5.7225497111678125,3.39045
950,/home/htj/resisc45/imgs_full/mobile_home_park_s0005950.png,mobile_home_park,residential,,0,1782901852.6338172,1782901854.4269862,1.7931690216064453,5.504972859799862,3.39045
951,/home/htj/resisc45/imgs_full/railway_s0005951.png,railway,railway station,railway_station,0,1782901854.4282942,1782901856.291356,1.8630619049072266,5.521946116880938,3.142
952,/home/htj/resisc45/imgs_full/beach_s0005952.png,beach,harbor,harbor,0,1782901856.2924404,1782901858.0839417,1.7915012836456299,5.412587700805357,3.3955
953,/home/htj/resisc45/imgs_full/church_s0005953.png,church,palace,palace,0,1782901858.0853114,1782901859.8761485,1.790837049484253,5.48227212890502,3.345
954,/home/htj/resisc45/imgs_full/basketball_court_s0005954.png,basketball_court,tennis court,tennis_court,0,1782901859.877433,1782901861.7430928,1.8656597137451172,5.7534684166185786,3.3853999999999997
955,/home/htj/resisc45/imgs_full/church_s0005955.png,church,palace,palace,0,1782901861.7443979,1782901863.5369534,1.792555570602417,5.428418441399932,3.244
956,/home/htj/resisc45/imgs_full/baseball_diamond_s0005956.png,baseball_diamond,stadium,stadium,0,1782901863.5380654,1782901865.3265405,1.7884750366210938,5.464425857051727,3.3955
957,/home/htj/resisc45/imgs_full/river_s0005957.png,river,river,river,1,1782901865.3281062,1782901867.119448,1.791341781616211,5.444671386361122,3.246
958,/home/htj/resisc45/imgs_full/wetland_s0005958.png,wetland,desert,desert,0,1782901867.1205194,1782901868.9069207,1.7864012718200684,5.295008621369639,3.0935
959,/home/htj/resisc45/imgs_full/mountain_s0005959.png,mountain,desert,desert,0,1782901868.9084318,1782901870.6968944,1.7884626388549805,5.21227243774168,3.043
960,/home/htj/resisc45/imgs_full/thermal_power_station_s0005960.png,thermal_power_station,industrial area,industrial_area,0,1782901870.6981387,1782901872.5634139,1.8652751445770264,5.447710929282009,3.142
961,/home/htj/resisc45/imgs_full/overpass_s0005961.png,overpass,intersection,intersection,0,1782901872.5646658,1782901874.3518798,1.7872140407562256,5.170968724295497,3.142
962,/home/htj/resisc45/imgs_full/medium_residential_s0005962.png,medium_residential,residential,,0,1782901874.3534167,1782901876.1477985,1.794381856918335,5.142698401927948,3.043
963,/home/htj/resisc45/imgs_full/terrace_s0005963.png,terrace,rectangular farmland,rectangular_farmland,0,1782901876.1488895,1782901878.0151567,1.866267204284668,5.463977945732348,3.0826
964,/home/htj/resisc45/imgs_full/mountain_s0005964.png,mountain,desert,desert,0,1782901878.016277,1782901879.7920663,1.7757892608642578,5.167661316164078,3.0915
965,/home/htj/resisc45/imgs_full/thermal_power_station_s0005965.png,thermal_power_station,industrial area,industrial_area,0,1782901879.7934632,1782901881.6484456,1.8549823760986328,5.469612276481859,3.142
966,/home/htj/resisc45/imgs_full/baseball_diamond_s0005966.png,baseball_diamond,baseball diamond,baseball_diamond,1,1782901881.6495776,1782901883.5102944,1.8607168197631836,5.526723652203877,3.142
967,/home/htj/resisc45/imgs_full/rectangular_farmland_s0005967.png,rectangular_farmland,circular farmland,circular_farmland,0,1782901883.511746,1782901885.3733609,1.8616149425506592,5.512939950495958,3.142
968,/home/htj/resisc45/imgs_full/parking_lot_s0005968.png,parking_lot,intersection,intersection,0,1782901885.3748186,1782901887.164971,1.7901525497436523,5.212644513517619,3.08755
969,/home/htj/resisc45/imgs_full/terrace_s0005969.png,terrace,desert,desert,0,1782901887.1665218,1782901888.959211,1.792689323425293,5.39356605862033,3.244
970,/home/htj/resisc45/imgs_full/storage_tank_s0005970.png,storage_tank,golf course,golf_course,0,1782901888.9603336,1782901890.8220587,1.861725091934204,5.633580128192901,3.244
971,/home/htj/resisc45/imgs_full/runway_s0005971.png,runway,intersection,intersection,0,1782901890.8233833,1782901892.6139555,1.790572166442871,5.421390436849286,3.244
972,/home/htj/resisc45/imgs_full/church_s0005972.png,church,palace,palace,0,1782901892.6153584,1782901894.396276,1.7809176445007324,5.422170729711652,3.345
973,/home/htj/resisc45/imgs_full/mountain_s0005973.png,mountain,desert,desert,0,1782901894.397666,1782901896.1863327,1.7886667251586914,5.251410107212682,3.0915
974,/home/htj/resisc45/imgs_full/meadow_s0005974.png,meadow,desert,desert,0,1782901896.1876137,1782901897.9744635,1.7868497371673584,5.2077735589742655,3.0864499999999997
975,/home/htj/resisc45/imgs_full/church_s0005975.png,church,church,church,1,1782901897.9760292,1782901899.7660384,1.7900092601776123,5.345083135358749,3.244
976,/home/htj/resisc45/imgs_full/medium_residential_s0005976.png,medium_residential,intersection,intersection,0,1782901899.7677357,1782901901.5600705,1.792334794998169,5.529744915805757,3.4919000000000002
977,/home/htj/resisc45/imgs_full/intersection_s0005977.png,intersection,intersection,intersection,1,1782901901.5613728,1782901903.3523893,1.7910165786743164,5.43492647007973,3.244
978,/home/htj/resisc45/imgs_full/palace_s0005978.png,palace,palace,palace,1,1782901903.353837,1782901905.1450624,1.7912254333496094,5.23760094857985,3.0925
979,/home/htj/resisc45/imgs_full/railway_station_s0005979.png,railway_station,intersection,intersection,0,1782901905.1463442,1782901906.9279435,1.7815992832183838,5.346078374139965,3.28945
980,/home/htj/resisc45/imgs_full/freeway_s0005980.png,freeway,intersection,intersection,0,1782901906.9292555,1782901908.7162786,1.7870230674743652,5.457568448066711,3.3955
981,/home/htj/resisc45/imgs_full/roundabout_s0005981.png,roundabout,intersection,intersection,0,1782901908.7175992,1782901910.5101202,1.7925209999084473,5.484666129469872,3.345
982,/home/htj/resisc45/imgs_full/airplane_s0005982.png,airplane,airport,airport,0,1782901910.5115018,1782901912.2925932,1.7810914516448975,5.451806024359119,3.345
983,/home/htj/resisc45/imgs_full/snowberg_s0005983.png,snowberg,desert,desert,0,1782901912.2937737,1782901914.075516,1.7817423343658447,5.499893732832324,3.446
984,/home/htj/resisc45/imgs_full/desert_s0005984.png,desert,desert,desert,1,1782901914.0766084,1782901915.8637552,1.787146806716919,5.490841018624604,3.39045
985,/home/htj/resisc45/imgs_full/intersection_s0005985.png,intersection,intersection,intersection,1,1782901915.8653545,1782901917.6561368,1.7907822132110596,5.509659198368749,3.3955
986,/home/htj/resisc45/imgs_full/island_s0005986.png,island,desert,desert,0,1782901917.6571765,1782901919.4300659,1.7728893756866455,5.262965086675459,3.142
987,/home/htj/resisc45/imgs_full/wetland_s0005987.png,wetland,desert,desert,0,1782901919.431081,1782901921.2162867,1.785205602645874,5.2873884813115,3.0864499999999997
988,/home/htj/resisc45/imgs_full/rectangular_farmland_s0005988.png,rectangular_farmland,circular farmland,circular_farmland,0,1782901921.217559,1782901923.0806222,1.863063097000122,5.518916879810393,3.142
989,/home/htj/resisc45/imgs_full/bridge_s0005989.png,bridge,harbor,harbor,0,1782901923.0817482,1782901924.8616743,1.779926061630249,5.3783803313523535,3.28945
990,/home/htj/resisc45/imgs_full/bridge_s0005990.png,bridge,river,river,0,1782901924.8627841,1782901926.6509092,1.7881250381469727,5.425517454454976,3.345
991,/home/htj/resisc45/imgs_full/chaparral_s0005991.png,chaparral,desert,desert,0,1782901926.6525624,1782901928.442454,1.7898917198181152,5.317488628998398,3.142
992,/home/htj/resisc45/imgs_full/parking_lot_s0005992.png,parking_lot,parking lot,parking_lot,1,1782901928.4441514,1782901930.2983146,1.8541631698608398,5.59632798743248,3.28945
993,/home/htj/resisc45/imgs_full/ground_track_field_s0005993.png,ground_track_field,stadium,stadium,0,1782901930.30012,1782901932.085185,1.785064935684204,5.399542514048517,3.28945
994,/home/htj/resisc45/imgs_full/island_s0005994.png,island,island,island,1,1782901932.0863047,1782901933.875197,1.7888922691345215,5.299506788007674,3.0915
995,/home/htj/resisc45/imgs_full/stadium_s0005995.png,stadium,stadium,stadium,1,1782901933.876974,1782901935.672723,1.7957489490509033,5.171925324730575,3.043
996,/home/htj/resisc45/imgs_full/meadow_s0005996.png,meadow,stadium,stadium,0,1782901935.6738157,1782901937.4628506,1.7890348434448242,5.170772383966754,3.041
997,/home/htj/resisc45/imgs_full/medium_residential_s0005997.png,medium_residential,residential,,0,1782901937.4645667,1782901939.2551997,1.790632963180542,5.353880645349622,3.3439
998,/home/htj/resisc45/imgs_full/mobile_home_park_s0005998.png,mobile_home_park,residential,,0,1782901939.2567258,1782901941.0513403,1.794614553451538,5.450360180416415,3.241
999,/home/htj/resisc45/imgs_full/sea_ice_s0005999.png,sea_ice,desert,desert,0,1782901941.0523121,1782901942.8382602,1.7859480381011963,5.401282979488373,3.345
1000,/home/htj/resisc45/imgs_full/harbor_s0006000.png,harbor,harbor,harbor,1,1782901942.8399715,1782901944.619992,1.7800204753875732,5.396132071137428,3.28945
1001,/home/htj/resisc45/imgs_full/snowberg_s0006001.png,snowberg,desert,desert,0,1782901944.6214032,1782901946.398701,1.7772977352142334,5.334530486153018,3.244
1002,/home/htj/resisc45/imgs_full/industrial_area_s0006002.png,industrial_area,industrial area,industrial_area,1,1782901946.4002435,1782901948.264802,1.864558458328247,5.6113039276816625,3.241
1003,/home/htj/resisc45/imgs_full/beach_s0006003.png,beach,beach,beach,1,1782901948.2660096,1782901950.0584662,1.7924566268920898,5.401943882819145,3.241
1004,/home/htj/resisc45/imgs_full/railway_station_s0006004.png,railway_station,intersection,intersection,0,1782901950.0602276,1782901951.8543591,1.7941315174102783,5.452702081069351,3.2869
1005,/home/htj/resisc45/imgs_full/medium_residential_s0006005.png,medium_residential,intersection,intersection,0,1782901951.8559783,1782901953.6476414,1.7916631698608398,5.504682804845994,3.444
1006,/home/htj/resisc45/imgs_full/river_s0006006.png,river,river,river,1,1782901953.6487684,1782901955.4367023,1.7879338264465332,5.37955764618516,3.142
1007,/home/htj/resisc45/imgs_full/desert_s0006007.png,desert,desert,desert,1,1782901955.4378583,1782901957.218275,1.78041672706604,5.314601363089777,3.2935
1008,/home/htj/resisc45/imgs_full/palace_s0006008.png,palace,palace,palace,1,1782901957.2198741,1782901959.000164,1.780289888381958,5.441312472074263,3.343
1009,/home/htj/resisc45/imgs_full/beach_s0006009.png,beach,beach,beach,1,1782901959.001206,1782901960.7802181,1.7790122032165527,5.402081743329764,3.2869
1010,/home/htj/resisc45/imgs_full/parking_lot_s0006010.png,parking_lot,parking lot,parking_lot,1,1782901960.7814832,1782901962.64469,1.8632068634033203,5.6578023163676265,3.343
1011,/home/htj/resisc45/imgs_full/bridge_s0006011.png,bridge,stadium,stadium,0,1782901962.6457844,1782901964.4318538,1.786069393157959,5.311602931246162,3.142
1012,/home/htj/resisc45/imgs_full/baseball_diamond_s0006012.png,baseball_diamond,baseball diamond,baseball_diamond,1,1782901964.4330742,1782901966.2869933,1.8539190292358398,5.502084068953991,3.244
1013,/home/htj/resisc45/imgs_full/golf_course_s0006013.png,golf_course,golf course,golf_course,1,1782901966.288171,1782901968.1499422,1.8617711067199707,5.655891370296478,3.2843999999999998
1014,/home/htj/resisc45/imgs_full/river_s0006014.png,river,desert,desert,0,1782901968.1514974,1782901969.9318113,1.7803139686584473,5.407674965058604,3.2945
1015,/home/htj/resisc45/imgs_full/ground_track_field_s0006015.png,ground_track_field,school,,0,1782901969.933377,1782901971.7139292,1.7805521488189697,5.36897679349035,3.244
1016,/home/htj/resisc45/imgs_full/wetland_s0006016.png,wetland,desert,desert,0,1782901971.7152376,1782901973.5009825,1.7857449054718018,5.430565466888489,3.3955
1017,/home/htj/resisc45/imgs_full/airplane_s0006017.png,airplane,airport,airport,0,1782901973.5020492,1782901975.2799673,1.7779181003570557,5.376366983282951,3.2425
1018,/home/htj/resisc45/imgs_full/island_s0006018.png,island,desert,desert,0,1782901975.2811263,1782901977.0707214,1.789595127105713,5.429743465334178,3.244
1019,/home/htj/resisc45/imgs_full/overpass_s0006019.png,overpass,highway,,0,1782901977.0723898,1782901978.8554173,1.7830274105072021,5.4150542457103725,3.292
1020,/home/htj/resisc45/imgs_full/basketball_court_s0006020.png,basketball_court,basketball court,basketball_court,1,1782901978.856555,1782901980.7198558,1.8633008003234863,5.595718158013892,3.1408
1021,/home/htj/resisc45/imgs_full/rectangular_farmland_s0006021.png,rectangular_farmland,rectangular farmland,rectangular_farmland,1,1782901980.7209885,1782901982.5705585,1.8495700359344482,5.45912155918777,3.0855499999999996
1022,/home/htj/resisc45/imgs_full/bridge_s0006022.png,bridge,river,river,0,1782901982.5719037,1782901984.345967,1.7740633487701416,5.173397636413574,3.0915
1023,/home/htj/resisc45/imgs_full/railway_s0006023.png,railway,railway station,railway_station,0,1782901984.3474545,1782901986.2126844,1.865229845046997,5.442175466681972,3.1408
1024,/home/htj/resisc45/imgs_full/ground_track_field_s0006024.png,ground_track_field,tennis court,tennis_court,0,1782901986.213815,1782901988.0793319,1.8655169010162354,5.546125215906086,3.345
1025,/home/htj/resisc45/imgs_full/mobile_home_park_s0006025.png,mobile_home_park,residential,,0,1782901988.0806901,1782901989.86531,1.7846198081970215,5.426856131584414,3.2945
1026,/home/htj/resisc45/imgs_full/cloud_s0006026.png,cloud,desert,desert,0,1782901989.866349,1782901991.6563654,1.7900164127349854,5.3853762537389995,3.24235
1027,/home/htj/resisc45/imgs_full/beach_s0006027.png,beach,harbor,harbor,0,1782901991.657533,1782901993.4473045,1.789771556854248,5.318681455873674,3.141
1028,/home/htj/resisc45/imgs_full/mountain_s0006028.png,mountain,desert,desert,0,1782901993.4484031,1782901995.2266278,1.7782247066497803,5.168151980484686,3.041
1029,/home/htj/resisc45/imgs_full/river_s0006029.png,river,desert,desert,0,1782901995.2282157,1782901997.0090942,1.7808785438537598,5.177347841709852,3.041
1030,/home/htj/resisc45/imgs_full/sparse_residential_s0006030.png,sparse_residential,intersection,intersection,0,1782901997.010213,1782901998.8004844,1.790271520614624,5.243705283880233,3.142
1031,/home/htj/resisc45/imgs_full/church_s0006031.png,church,intersection,intersection,0,1782901998.8017213,1782902000.5957892,1.7940678596496582,5.421560942620039,3.28855
1032,/home/htj/resisc45/imgs_full/baseball_diamond_s0006032.png,baseball_diamond,baseball diamond,baseball_diamond,1,1782902000.5969155,1782902002.4592998,1.86238431930542,5.691504679307342,3.3884499999999997
1033,/home/htj/resisc45/imgs_full/roundabout_s0006033.png,roundabout,intersection,intersection,0,1782902002.4606156,1782902004.2516465,1.7910308837890625,5.445253863426947,3.244
1034,/home/htj/resisc45/imgs_full/stadium_s0006034.png,stadium,stadium,stadium,1,1782902004.2531824,1782902006.0461125,1.7929301261901855,5.433272319824465,3.2935
1035,/home/htj/resisc45/imgs_full/lake_s0006035.png,lake,lake,lake,1,1782902006.047639,1782902007.8265543,1.7789154052734375,5.309890331637475,3.142
1036,/home/htj/resisc45/imgs_full/meadow_s0006036.png,meadow,beach,beach,0,1782902007.8275487,1782902009.6056366,1.778087854385376,5.168098385280178,3.0915
1037,/home/htj/resisc45/imgs_full/church_s0006037.png,church,palace,palace,0,1782902009.607137,1782902011.3995326,1.7923955917358398,5.20390259493551,3.0915
1038,/home/htj/resisc45/imgs_full/meadow_s0006038.png,meadow,desert,desert,0,1782902011.400582,1782902013.189868,1.7892858982086182,5.1725369372214045,3.043
1039,/home/htj/resisc45/imgs_full/forest_s0006039.png,forest,desert,desert,0,1782902013.1913536,1782902014.9837506,1.7923970222473145,5.192169438638995,3.041
1040,/home/htj/resisc45/imgs_full/baseball_diamond_s0006040.png,baseball_diamond,golf course,golf_course,0,1782902014.984777,1782902016.8444011,1.8596241474151611,5.436921132326126,3.1408
1041,/home/htj/resisc45/imgs_full/harbor_s0006041.png,harbor,harbor,harbor,1,1782902016.8456647,1782902018.6335766,1.7879118919372559,5.2209262134432795,3.0864499999999997
1042,/home/htj/resisc45/imgs_full/overpass_s0006042.png,overpass,highway,,0,1782902018.6346886,1782902020.4102576,1.775568962097168,5.207285554485936,3.0915
1043,/home/htj/resisc45/imgs_full/ship_s0006043.png,ship,harbor,harbor,0,1782902020.4115038,1782902022.1860297,1.7745258808135986,5.290376835638477,3.241
1044,/home/htj/resisc45/imgs_full/basketball_court_s0006044.png,basketball_court,intersection,intersection,0,1782902022.1873066,1782902023.975972,1.7886652946472168,5.32104845605358,3.142
1045,/home/htj/resisc45/imgs_full/basketball_court_s0006045.png,basketball_court,basketball court,basketball_court,1,1782902023.9771898,1782902025.8438172,1.8666274547576904,5.583365539521882,3.343
1046,/home/htj/resisc45/imgs_full/mountain_s0006046.png,mountain,desert,desert,0,1782902025.8449585,1782902027.635439,1.790480375289917,5.45447465327382,3.2869
1047,/home/htj/resisc45/imgs_full/tennis_court_s0006047.png,tennis_court,intersection,intersection,0,1782902027.6366756,1782902029.4279168,1.79124116897583,5.469988274266643,3.3955
1048,/home/htj/resisc45/imgs_full/island_s0006048.png,island,desert,desert,0,1782902029.4291162,1782902031.2159426,1.7868263721466064,5.483825974442065,3.343
1049,/home/htj/resisc45/imgs_full/sea_ice_s0006049.png,sea_ice,desert,desert,0,1782902031.2171745,1782902032.9933512,1.7761766910552979,5.429944032622922,3.345
1050,/home/htj/resisc45/imgs_full/rectangular_farmland_s0006050.png,rectangular_farmland,rectangular farmland,rectangular_farmland,1,1782902032.9945312,1782902034.8435845,1.8490533828735352,5.6984358285069465,3.38955
1051,/home/htj/resisc45/imgs_full/snowberg_s0006051.png,snowberg,desert,desert,0,1782902034.844783,1782902036.636104,1.791321039199829,5.491518560796976,3.343
1052,/home/htj/resisc45/imgs_full/lake_s0006052.png,lake,desert,desert,0,1782902036.6370497,1782902038.4221835,1.7851338386535645,5.4627398861300565,3.3945
1053,/home/htj/resisc45/imgs_full/railway_station_s0006053.png,railway_station,airport,airport,0,1782902038.4236424,1782902040.212494,1.7888514995574951,5.52945178835094,3.4894499999999997
1054,/home/htj/resisc45/imgs_full/mobile_home_park_s0006054.png,mobile_home_park,residential,,0,1782902040.2137334,1782902042.007119,1.7933855056762695,5.563428945479854,3.4945
1055,/home/htj/resisc45/imgs_full/stadium_s0006055.png,stadium,stadium,stadium,1,1782902042.0083332,1782902043.7989175,1.7905843257904053,5.514191072448607,3.444
1056,/home/htj/resisc45/imgs_full/snowberg_s0006056.png,snowberg,desert,desert,0,1782902043.8000517,1782902045.5776613,1.7776095867156982,5.40450656606305,3.241
1057,/home/htj/resisc45/imgs_full/forest_s0006057.png,forest,desert,desert,0,1782902045.5788908,1782902047.3612003,1.7823095321655273,5.348135967469984,3.241
1058,/home/htj/resisc45/imgs_full/harbor_s0006058.png,harbor,harbor,harbor,1,1782902047.3629067,1782902049.1549234,1.7920167446136475,5.423650678619742,3.2869
1059,/home/htj/resisc45/imgs_full/parking_lot_s0006059.png,parking_lot,intersection,intersection,0,1782902049.1564991,1782902050.9484334,1.7919342517852783,5.45742247030812,3.343
1060,/home/htj/resisc45/imgs_full/industrial_area_s0006060.png,industrial_area,industrial area,industrial_area,1,1782902050.9496295,1782902052.8135307,1.863901138305664,5.550754071726944,3.1408
1061,/home/htj/resisc45/imgs_full/chaparral_s0006061.png,chaparral,desert,desert,0,1782902052.8146758,1782902054.6061146,1.7914388179779053,5.19858208472498,3.0905
1062,/home/htj/resisc45/imgs_full/storage_tank_s0006062.png,storage_tank,industrial area,industrial_area,0,1782902054.6073682,1782902056.4680297,1.860661506652832,5.444746637922345,3.14
1063,/home/htj/resisc45/imgs_full/railway_station_s0006063.png,railway_station,railway station,railway_station,1,1782902056.4692476,1782902058.3356786,1.8664309978485107,5.479897968198314,3.1408
1064,/home/htj/resisc45/imgs_full/medium_residential_s0006064.png,medium_residential,residential,,0,1782902058.3368742,1782902060.1124449,1.7755706310272217,5.195090560497777,3.141
1065,/home/htj/resisc45/imgs_full/medium_residential_s0006065.png,medium_residential,residential,,0,1782902060.1140847,1782902061.9046652,1.7905805110931396,5.227859725113838,3.0915
1066,/home/htj/resisc45/imgs_full/harbor_s0006066.png,harbor,harbor,harbor,1,1782902061.9062922,1782902063.6986227,1.7923305034637451,5.250744230553508,3.0855499999999996
1067,/home/htj/resisc45/imgs_full/baseball_diamond_s0006067.png,baseball_diamond,park,,0,1782902063.7003353,1782902065.4869533,1.7866179943084717,5.169492717273774,3.0905
1068,/home/htj/resisc45/imgs_full/airplane_s0006068.png,airplane,airplane,airplane,1,1782902065.4882421,1782902067.2804713,1.792229175567627,5.19376813647151,3.041
1069,/home/htj/resisc45/imgs_full/dense_residential_s0006069.png,dense_residential,harbor,harbor,0,1782902067.281712,1782902069.0738084,1.7920963764190674,5.191182916441272,3.0905
1070,/home/htj/resisc45/imgs_full/industrial_area_s0006070.png,industrial_area,intersection,intersection,0,1782902069.0751412,1782902070.8707514,1.7956101894378662,5.215237569585442,3.0864499999999997
1071,/home/htj/resisc45/imgs_full/beach_s0006071.png,beach,desert,desert,0,1782902070.8720658,1782902072.6414187,1.769352912902832,5.166053898472939,3.0915
1072,/home/htj/resisc45/imgs_full/chaparral_s0006072.png,chaparral,desert,desert,0,1782902072.6430836,1782902074.434919,1.7918355464935303,5.232887728951871,3.142
1073,/home/htj/resisc45/imgs_full/lake_s0006073.png,lake,lake,lake,1,1782902074.4361134,1782902076.2253308,1.789217472076416,5.223995568229306,3.041
1074,/home/htj/resisc45/imgs_full/intersection_s0006074.png,intersection,intersection,intersection,1,1782902076.2264884,1782902078.0092971,1.782808780670166,5.165429647168806,3.042
1075,/home/htj/resisc45/imgs_full/bridge_s0006075.png,bridge,intersection,intersection,0,1782902078.0103796,1782902079.8003664,1.7899868488311768,5.18822094424814,3.0419
1076,/home/htj/resisc45/imgs_full/meadow_s0006076.png,meadow,desert,desert,0,1782902079.8014266,1782902081.5896225,1.7881958484649658,5.209014506578445,3.141
1077,/home/htj/resisc45/imgs_full/snowberg_s0006077.png,snowberg,desert,desert,0,1782902081.590819,1782902083.3840537,1.7932348251342773,5.179982946753502,3.0864499999999997
1078,/home/htj/resisc45/imgs_full/airport_s0006078.png,airport,airport,airport,1,1782902083.385425,1782902085.1751163,1.7896912097930908,5.190219972348983,3.0915
1079,/home/htj/resisc45/imgs_full/freeway_s0006079.png,freeway,intersection,intersection,0,1782902085.1762433,1782902086.9569345,1.780691146850586,5.169863374156337,3.0915
1080,/home/htj/resisc45/imgs_full/lake_s0006080.png,lake,lake,lake,1,1782902086.9581158,1782902088.748917,1.7908012866973877,5.212518882714212,3.0864499999999997
1081,/home/htj/resisc45/imgs_full/circular_farmland_s0006081.png,circular_farmland,circular farmland,circular_farmland,1,1782902088.7504482,1782902090.6142688,1.8638205528259277,5.466020887331529,3.1408
1082,/home/htj/resisc45/imgs_full/forest_s0006082.png,forest,forest,forest,1,1782902090.61589,1782902092.4091575,1.7932674884796143,5.276140035137053,3.142
1083,/home/htj/resisc45/imgs_full/commercial_area_s0006083.png,commercial_area,industrial area,industrial_area,0,1782902092.4102378,1782902094.2695549,1.8593170642852783,5.480928647864949,3.1408
1084,/home/htj/resisc45/imgs_full/railway_station_s0006084.png,railway_station,railway station,railway_station,1,1782902094.2708933,1782902096.1172302,1.846336841583252,5.383745135977864,3.14
1085,/home/htj/resisc45/imgs_full/circular_farmland_s0006085.png,circular_farmland,circular farmland,circular_farmland,1,1782902096.1185515,1782902097.9821339,1.8635823726654053,5.40834193424745,3.14
1086,/home/htj/resisc45/imgs_full/river_s0006086.png,river,river,river,1,1782902097.9833403,1782902099.775475,1.7921347618103027,5.35792289569974,3.444
1087,/home/htj/resisc45/imgs_full/sea_ice_s0006087.png,sea_ice,desert,desert,0,1782902099.7765315,1782902101.5643919,1.78786039352417,5.459145202252173,3.2935
1088,/home/htj/resisc45/imgs_full/airport_s0006088.png,airport,intersection,intersection,0,1782902101.5656207,1782902103.35702,1.7913992404937744,5.38818219297163,3.2935
1089,/home/htj/resisc45/imgs_full/golf_course_s0006089.png,golf_course,golf course,golf_course,1,1782902103.3580885,1782902105.2204726,1.8623840808868408,5.702789363319224,3.3853999999999997
1090,/home/htj/resisc45/imgs_full/airport_s0006090.png,airport,airport,airport,1,1782902105.221865,1782902107.0150821,1.7932171821594238,5.481136431381107,3.345
1091,/home/htj/resisc45/imgs_full/rectangular_farmland_s0006091.png,rectangular_farmland,circular farmland,circular_farmland,0,1782902107.0164416,1782902108.866906,1.8504643440246582,5.591178015470505,3.2324499999999996
1092,/home/htj/resisc45/imgs_full/rectangular_farmland_s0006092.png,rectangular_farmland,circular farmland,circular_farmland,0,1782902108.8681178,1782902110.730207,1.8620891571044922,5.661597441759977,3.244
1093,/home/htj/resisc45/imgs_full/commercial_area_s0006093.png,commercial_area,airport,airport,0,1782902110.731783,1782902112.5122764,1.7804934978485107,5.356126488447189,3.193
1094,/home/htj/resisc45/imgs_full/parking_lot_s0006094.png,parking_lot,parking lot,parking_lot,1,1782902112.5133612,1782902114.3642907,1.8509294986724854,5.525978062673048,3.345
1095,/home/htj/resisc45/imgs_full/commercial_area_s0006095.png,commercial_area,intersection,intersection,0,1782902114.3654604,1782902116.156151,1.7906906604766846,5.404015592244363,3.244
1096,/home/htj/resisc45/imgs_full/freeway_s0006096.png,freeway,intersection,intersection,0,1782902116.1572354,1782902117.946351,1.7891156673431396,5.377131228335202,3.2869
1097,/home/htj/resisc45/imgs_full/harbor_s0006097.png,harbor,harbor,harbor,1,1782902117.94792,1782902119.7310798,1.7831597328186035,5.397106819706578,3.3935
1098,/home/htj/resisc45/imgs_full/chaparral_s0006098.png,chaparral,desert,desert,0,1782902119.7323692,1782902121.5224776,1.7901084423065186,5.832750759370866,3.444
1099,/home/htj/resisc45/imgs_full/terrace_s0006099.png,terrace,circular farmland,circular_farmland,0,1782902121.5239007,1782902123.3860333,1.8621325492858887,5.740954649448395,3.3833999999999995
1100,/home/htj/resisc45/imgs_full/circular_farmland_s0006100.png,circular_farmland,circular farmland,circular_farmland,1,1782902123.3872561,1782902125.236115,1.8488588333129883,5.647255267316645,3.343
1101,/home/htj/resisc45/imgs_full/railway_s0006101.png,railway,intersection,intersection,0,1782902125.2373676,1782902127.0301921,1.7928245067596436,5.474592047060689,3.343
1102,/home/htj/resisc45/imgs_full/ground_track_field_s0006102.png,ground_track_field,intersection,intersection,0,1782902127.0317614,1782902128.8256662,1.7939047813415527,5.454591725766659,3.39045
1103,/home/htj/resisc45/imgs_full/airplane_s0006103.png,airplane,airport,airport,0,1782902128.8267007,1782902130.610214,1.7835133075714111,5.457378123106495,3.4945
1104,/home/htj/resisc45/imgs_full/mobile_home_park_s0006104.png,mobile_home_park,residential,,0,1782902130.6118667,1782902132.4049284,1.7930617332458496,5.5015056298524145,3.343
1105,/home/htj/resisc45/imgs_full/wetland_s0006105.png,wetland,desert,desert,0,1782902132.4060748,1782902134.187007,1.7809321880340576,5.401797124008978,3.292
1106,/home/htj/resisc45/imgs_full/lake_s0006106.png,lake,lake,lake,1,1782902134.1881647,1782902135.9777896,1.7896249294281006,5.365353268261879,3.142
1107,/home/htj/resisc45/imgs_full/medium_residential_s0006107.png,medium_residential,residential,,0,1782902135.9789386,1782902137.756113,1.777174472808838,5.206565838307142,3.0864499999999997
1108,/home/htj/resisc45/imgs_full/ground_track_field_s0006108.png,ground_track_field,airport,airport,0,1782902137.7572653,1782902139.5396705,1.782405138015747,5.233026491334361,3.0915
1109,/home/htj/resisc45/imgs_full/medium_residential_s0006109.png,medium_residential,residential,,0,1782902139.5407944,1782902141.318617,1.777822732925415,5.1786829227709,3.0915
1110,/home/htj/resisc45/imgs_full/mountain_s0006110.png,mountain,desert,desert,0,1782902141.3200948,1782902143.1124866,1.7923917770385742,5.154806726276875,3.0864499999999997
1111,/home/htj/resisc45/imgs_full/airport_s0006111.png,airport,airport,airport,1,1782902143.1138148,1782902144.9053817,1.7915668487548828,5.172311284834339,3.041
1112,/home/htj/resisc45/imgs_full/sparse_residential_s0006112.png,sparse_residential,desert,desert,0,1782902144.906578,1782902146.688493,1.7819149494171143,5.185372502803803,3.0915
1113,/home/htj/resisc45/imgs_full/parking_lot_s0006113.png,parking_lot,intersection,intersection,0,1782902146.6898358,1782902148.4787164,1.7888805866241455,5.252321109883487,3.142
1114,/home/htj/resisc45/imgs_full/rectangular_farmland_s0006114.png,rectangular_farmland,rectangular farmland,rectangular_farmland,1,1782902148.48025,1782902150.3252063,1.844956398010254,5.41690729433298,3.142
1115,/home/htj/resisc45/imgs_full/freeway_s0006115.png,freeway,intersection,intersection,0,1782902150.3263865,1782902152.1178184,1.7914319038391113,5.225886774733663,3.142
1116,/home/htj/resisc45/imgs_full/parking_lot_s0006116.png,parking_lot,parking lot,parking_lot,1,1782902152.119567,1782902153.9870539,1.8674869537353516,5.500371574401856,3.142
1117,/home/htj/resisc45/imgs_full/beach_s0006117.png,beach,beach,beach,1,1782902153.9881823,1782902155.781826,1.7936437129974365,5.190631326990743,3.041
1118,/home/htj/resisc45/imgs_full/baseball_diamond_s0006118.png,baseball_diamond,baseball diamond,baseball_diamond,1,1782902155.7831445,1782902157.6467783,1.8636338710784912,5.432549207947471,3.142
1119,/home/htj/resisc45/imgs_full/thermal_power_station_s0006119.png,thermal_power_station,industrial area,industrial_area,0,1782902157.6486378,1782902159.5127573,1.864119529724121,5.4520977166782725,3.142
1120,/home/htj/resisc45/imgs_full/industrial_area_s0006120.png,industrial_area,industrial area,industrial_area,1,1782902159.514247,1782902161.3743477,1.8601007461547852,5.432366100996733,3.142
1121,/home/htj/resisc45/imgs_full/bridge_s0006121.png,bridge,river,river,0,1782902161.375804,1782902163.165333,1.7895290851593018,5.205236803673207,3.08845
1122,/home/htj/resisc45/imgs_full/rectangular_farmland_s0006122.png,rectangular_farmland,desert,desert,0,1782902163.1663995,1782902164.9563186,1.789919137954712,5.18533800332777,3.041
1123,/home/htj/resisc45/imgs_full/rectangular_farmland_s0006123.png,rectangular_farmland,rectangular farmland,rectangular_farmland,1,1782902164.9574287,1782902166.81972,1.8622913360595703,5.46204405559193,3.1408
1124,/home/htj/resisc45/imgs_full/bridge_s0006124.png,bridge,harbor,harbor,0,1782902166.8207884,1782902168.6078393,1.7870509624481201,5.170860783246256,3.0915
1125,/home/htj/resisc45/imgs_full/beach_s0006125.png,beach,beach,beach,1,1782902168.6091995,1782902170.4012148,1.7920153141021729,5.256988924875855,3.0864499999999997
1126,/home/htj/resisc45/imgs_full/dense_residential_s0006126.png,dense_residential,residential,,0,1782902170.4025538,1782902172.1977036,1.795149803161621,5.570291931152344,3.548
1127,/home/htj/resisc45/imgs_full/church_s0006127.png,church,palace,palace,0,1782902172.1991675,1782902173.9919405,1.7927730083465576,5.190077859163284,3.041
1128,/home/htj/resisc45/imgs_full/runway_s0006128.png,runway,airport,airport,0,1782902173.9931026,1782902175.7845616,1.791459083557129,5.388708923339844,3.244
1129,/home/htj/resisc45/imgs_full/church_s0006129.png,church,intersection,intersection,0,1782902175.7854822,1782902177.571233,1.7857508659362793,5.3859920258075,3.244
1130,/home/htj/resisc45/imgs_full/sparse_residential_s0006130.png,sparse_residential,circular farmland,circular_farmland,0,1782902177.5724769,1782902179.4372241,1.8647472858428955,5.67137458617037,3.345
1131,/home/htj/resisc45/imgs_full/church_s0006131.png,church,palace,palace,0,1782902179.4384658,1782902181.233221,1.794755220413208,5.523793405794328,3.497
1132,/home/htj/resisc45/imgs_full/forest_s0006132.png,forest,desert,desert,0,1782902181.2343528,1782902183.0264823,1.7921295166015625,5.5345999836921695,3.39045
1133,/home/htj/resisc45/imgs_full/circular_farmland_s0006133.png,circular_farmland,circular farmland,circular_farmland,1,1782902183.0278494,1782902184.8909316,1.8630821704864502,5.666797306805849,3.39045
1134,/home/htj/resisc45/imgs_full/industrial_area_s0006134.png,industrial_area,industrial area,industrial_area,1,1782902184.8921616,1782902186.7552853,1.8631236553192139,5.706578381364996,3.345
1135,/home/htj/resisc45/imgs_full/desert_s0006135.png,desert,desert,desert,1,1782902186.7568016,1782902188.5477946,1.7909929752349854,5.418425372451543,3.28945
1136,/home/htj/resisc45/imgs_full/sparse_residential_s0006136.png,sparse_residential,desert,desert,0,1782902188.5490496,1782902190.3420463,1.7929966449737549,5.441397785886641,3.2945
1137,/home/htj/resisc45/imgs_full/rectangular_farmland_s0006137.png,rectangular_farmland,desert,desert,0,1782902190.343435,1782902192.1273904,1.7839553356170654,5.383631921214442,3.244
1138,/home/htj/resisc45/imgs_full/lake_s0006138.png,lake,lake,lake,1,1782902192.1284695,1782902193.9200916,1.7916221618652344,5.397653679966926,3.244
1139,/home/htj/resisc45/imgs_full/river_s0006139.png,river,river,river,1,1782902193.921412,1782902195.7120397,1.7906277179718018,5.456562516320136,3.3955
1140,/home/htj/resisc45/imgs_full/church_s0006140.png,church,intersection,intersection,0,1782902195.71323,1782902197.4964876,1.7832577228546143,5.428069327957928,3.28945
1141,/home/htj/resisc45/imgs_full/stadium_s0006141.png,stadium,stadium,stadium,1,1782902197.497779,1782902199.2902222,1.7924432754516602,5.397567089142338,3.2945
1142,/home/htj/resisc45/imgs_full/palace_s0006142.png,palace,palace,palace,1,1782902199.2918313,1782902201.0844722,1.7926409244537354,5.382684475816786,3.142
1143,/home/htj/resisc45/imgs_full/tennis_court_s0006143.png,tennis_court,residential,,0,1782902201.0857005,1782902202.8809087,1.795208215713501,5.23557998627232,3.0915
1144,/home/htj/resisc45/imgs_full/wetland_s0006144.png,wetland,intersection,intersection,0,1782902202.8819463,1782902204.671914,1.7899677753448486,5.223237841442227,3.244
1145,/home/htj/resisc45/imgs_full/industrial_area_s0006145.png,industrial_area,industrial area,industrial_area,1,1782902204.6731443,1782902206.5435498,1.8704054355621338,5.629977039994616,3.345
1146,/home/htj/resisc45/imgs_full/mountain_s0006146.png,mountain,desert,desert,0,1782902206.5446975,1782902208.334101,1.7894034385681152,5.458777218772519,3.345
1147,/home/htj/resisc45/imgs_full/airplane_s0006147.png,airplane,airport,airport,0,1782902208.3354383,1782902210.1277068,1.7922685146331787,5.427717171393335,3.244
1148,/home/htj/resisc45/imgs_full/overpass_s0006148.png,overpass,highway,,0,1782902210.129042,1782902211.9209564,1.791914463043213,5.378517966362738,3.244
1149,/home/htj/resisc45/imgs_full/medium_residential_s0006149.png,medium_residential,intersection,intersection,0,1782902211.9220812,1782902213.7125387,1.7904574871063232,5.420985460719754,3.345
1150,/home/htj/resisc45/imgs_full/tennis_court_s0006150.png,tennis_court,tennis court,tennis_court,1,1782902213.7136555,1782902215.5787673,1.8651118278503418,5.707242193222046,3.28945
1151,/home/htj/resisc45/imgs_full/church_s0006151.png,church,church,church,1,1782902215.5804932,1782902217.370647,1.7901537418365479,5.432053702689707,3.244
1152,/home/htj/resisc45/imgs_full/rectangular_farmland_s0006152.png,rectangular_farmland,desert,desert,0,1782902217.3721504,1782902219.1628811,1.7907307147979736,5.310325286472997,3.142
1153,/home/htj/resisc45/imgs_full/railway_s0006153.png,railway,industrial area,industrial_area,0,1782902219.1638696,1782902221.0228379,1.8589682579040527,5.584284314372323,3.3853999999999997
1154,/home/htj/resisc45/imgs_full/golf_course_s0006154.png,golf_course,golf course,golf_course,1,1782902221.0239038,1782902222.8872385,1.8633346557617188,5.649404817523378,3.244
1155,/home/htj/resisc45/imgs_full/desert_s0006155.png,desert,desert,desert,1,1782902222.8883722,1782902224.6794748,1.791102647781372,5.377814588715953,3.244
1156,/home/htj/resisc45/imgs_full/desert_s0006156.png,desert,beach,beach,0,1782902224.6804204,1782902226.4641619,1.7837414741516113,5.406175167868215,3.345
1157,/home/htj/resisc45/imgs_full/airport_s0006157.png,airport,airport,airport,1,1782902226.4653735,1782902228.241803,1.7764294147491455,5.379194808118045,3.244
1158,/home/htj/resisc45/imgs_full/roundabout_s0006158.png,roundabout,intersection,intersection,0,1782902228.2434444,1782902230.0349803,1.7915358543395996,5.464588896089984,3.3935
1159,/home/htj/resisc45/imgs_full/chaparral_s0006159.png,chaparral,chaparral,chaparral,1,1782902230.0362256,1782902231.9633496,1.9271240234375,5.835161502613741,3.241
1160,/home/htj/resisc45/imgs_full/mountain_s0006160.png,mountain,desert,desert,0,1782902231.9644818,1782902233.7560115,1.791529655456543,5.1726084455367065,3.0925
1161,/home/htj/resisc45/imgs_full/cloud_s0006161.png,cloud,desert,desert,0,1782902233.7572305,1782902235.5474153,1.790184736251831,5.244201815112945,3.0915
1162,/home/htj/resisc45/imgs_full/mountain_s0006162.png,mountain,desert,desert,0,1782902235.5485168,1782902237.3201237,1.7716069221496582,5.155033251793154,3.0915
1163,/home/htj/resisc45/imgs_full/airport_s0006163.png,airport,airport,airport,1,1782902237.3210993,1782902239.112985,1.7918856143951416,5.19305249979347,3.0864499999999997
1164,/home/htj/resisc45/imgs_full/snowberg_s0006164.png,snowberg,desert,desert,0,1782902239.114489,1782902240.9121609,1.7976717948913574,5.232906616103265,3.142
1165,/home/htj/resisc45/imgs_full/ship_s0006165.png,ship,harbor,harbor,0,1782902240.913234,1782902242.7034807,1.7902467250823975,5.2052542435973885,3.0864499999999997
1166,/home/htj/resisc45/imgs_full/railway_station_s0006166.png,railway_station,railway station,railway_station,1,1782902242.7049658,1782902244.5714731,1.8665072917938232,5.506604809261859,3.244
1167,/home/htj/resisc45/imgs_full/wetland_s0006167.png,wetland,harbor,harbor,0,1782902244.5725288,1782902246.3593755,1.78684663772583,5.438881970450282,3.345
1168,/home/htj/resisc45/imgs_full/wetland_s0006168.png,wetland,desert,desert,0,1782902246.3604858,1782902248.1484013,1.7879154682159424,5.467849224652014,3.346
1169,/home/htj/resisc45/imgs_full/basketball_court_s0006169.png,basketball_court,stadium,stadium,0,1782902248.1497726,1782902249.9296348,1.7798621654510498,5.485702055998146,3.446
1170,/home/htj/resisc45/imgs_full/palace_s0006170.png,palace,palace,palace,1,1782902249.9310477,1782902251.7118747,1.7808270454406738,5.439909609517743,3.3955
1171,/home/htj/resisc45/imgs_full/beach_s0006171.png,beach,harbor,harbor,0,1782902251.713298,1782902253.5055501,1.7922520637512207,5.485216348401962,3.345
1172,/home/htj/resisc45/imgs_full/wetland_s0006172.png,wetland,desert,desert,0,1782902253.5070686,1782902255.2999656,1.7928969860076904,5.509236269816756,3.345
1173,/home/htj/resisc45/imgs_full/forest_s0006173.png,forest,desert,desert,0,1782902255.3014076,1782902257.0910666,1.789659023284912,5.454822972036178,3.244
1174,/home/htj/resisc45/imgs_full/overpass_s0006174.png,overpass,intersection,intersection,0,1782902257.0925765,1782902258.865963,1.7733864784240723,5.3523664219610145,3.244
1175,/home/htj/resisc45/imgs_full/parking_lot_s0006175.png,parking_lot,intersection,intersection,0,1782902258.8674858,1782902260.6608055,1.7933197021484375,5.419019851207733,3.244
1176,/home/htj/resisc45/imgs_full/baseball_diamond_s0006176.png,baseball_diamond,baseball diamond,baseball_diamond,1,1782902260.662227,1782902262.524773,1.8625459671020508,5.480964814099398,3.142
1177,/home/htj/resisc45/imgs_full/bridge_s0006177.png,bridge,harbor,harbor,0,1782902262.5258565,1782902264.3165145,1.7906579971313477,5.286831091788508,3.345
1178,/home/htj/resisc45/imgs_full/terrace_s0006178.png,terrace,terraced farmland,terrace,1,1782902264.317705,1782902266.2527206,1.9350156784057617,5.91864383798487,3.3436999999999997
1179,/home/htj/resisc45/imgs_full/thermal_power_station_s0006179.png,thermal_power_station,industrial area,industrial_area,0,1782902266.2542644,1782902268.1190436,1.8647792339324951,5.698482796589534,3.3846
1180,/home/htj/resisc45/imgs_full/overpass_s0006180.png,overpass,highway,,0,1782902268.120532,1782902269.9041607,1.7836287021636963,5.458479192718383,3.345
1181,/home/htj/resisc45/imgs_full/bridge_s0006181.png,bridge,bridge,bridge,1,1782902269.905068,1782902271.6740043,1.7689363956451416,5.378536704655616,3.345
1182,/home/htj/resisc45/imgs_full/stadium_s0006182.png,stadium,stadium,stadium,1,1782902271.6754403,1782902273.4559011,1.7804608345031738,5.463733546480537,3.3884499999999997
1183,/home/htj/resisc45/imgs_full/ground_track_field_s0006183.png,ground_track_field,stadium,stadium,0,1782902273.457075,1782902275.2485187,1.7914435863494873,5.445352828971801,3.292
1184,/home/htj/resisc45/imgs_full/terrace_s0006184.png,terrace,circular farmland,circular_farmland,0,1782902275.249667,1782902277.112958,1.8632910251617432,5.70432431512168,3.2817999999999996
1185,/home/htj/resisc45/imgs_full/circular_farmland_s0006185.png,circular_farmland,circular farmland,circular_farmland,1,1782902277.1140196,1782902278.9505842,1.836564540863037,5.582697063088418,3.241
1186,/home/htj/resisc45/imgs_full/wetland_s0006186.png,wetland,desert,desert,0,1782902278.9517994,1782902280.7322934,1.780493974685669,5.399204390010526,3.241
1187,/home/htj/resisc45/imgs_full/island_s0006187.png,island,desert,desert,0,1782902280.733283,1782902282.519481,1.7861979007720947,5.428590332552791,3.2869
1188,/home/htj/resisc45/imgs_full/island_s0006188.png,island,desert,desert,0,1782902282.5205123,1782902284.2907863,1.7702739238739014,5.213285388977297,3.0905
1189,/home/htj/resisc45/imgs_full/forest_s0006189.png,forest,desert,desert,0,1782902284.2926023,1782902286.083654,1.7910516262054443,5.356515431250295,3.241
1190,/home/htj/resisc45/imgs_full/terrace_s0006190.png,terrace,circular farmland,circular_farmland,0,1782902286.0847683,1782902287.948399,1.863630771636963,5.515951768427184,3.14
1191,/home/htj/resisc45/imgs_full/river_s0006191.png,river,airport,airport,0,1782902287.9494667,1782902289.7330785,1.78361177444458,5.194546341598034,3.14
1192,/home/htj/resisc45/imgs_full/stadium_s0006192.png,stadium,stadium,stadium,1,1782902289.7346613,1782902291.5138433,1.779181957244873,5.105104357965532,3.04
1193,/home/htj/resisc45/imgs_full/industrial_area_s0006193.png,industrial_area,industrial area,industrial_area,1,1782902291.515146,1782902293.37812,1.862973928451538,5.581865065928661,3.343
1194,/home/htj/resisc45/imgs_full/baseball_diamond_s0006194.png,baseball_diamond,residential,,0,1782902293.3795164,1782902295.1727998,1.793283462524414,5.399923592782789,3.2945
1195,/home/htj/resisc45/imgs_full/cloud_s0006195.png,cloud,desert,desert,0,1782902295.1739078,1782902296.9500413,1.7761335372924805,5.324733755542386,3.1915
1196,/home/htj/resisc45/imgs_full/railway_s0006196.png,railway,railway station,railway_station,0,1782902296.9515018,1782902298.815629,1.8641271591186523,5.627404472466671,3.2422
1197,/home/htj/resisc45/imgs_full/church_s0006197.png,church,church,church,1,1782902298.816724,1782902300.595527,1.7788028717041016,5.431201593952794,3.3935
1198,/home/htj/resisc45/imgs_full/sea_ice_s0006198.png,sea_ice,desert,desert,0,1782902300.5965304,1782902302.3836355,1.7871050834655762,5.330878616943956,3.142
1199,/home/htj/resisc45/imgs_full/lake_s0006199.png,lake,lake,lake,1,1782902302.3847516,1782902304.1533895,1.7686378955841064,5.1577474733706445,3.0905
1200,/home/htj/resisc45/imgs_full/medium_residential_s0006200.png,medium_residential,residential,,0,1782902304.1546552,1782902305.9488955,1.7942402362823486,5.232641194889622,3.0915
1201,/home/htj/resisc45/imgs_full/basketball_court_s0006201.png,basketball_court,tennis court,tennis_court,0,1782902305.950058,1782902307.8133364,1.8632783889770508,5.479562964092602,3.14
1202,/home/htj/resisc45/imgs_full/baseball_diamond_s0006202.png,baseball_diamond,baseball diamond,baseball_diamond,1,1782902307.8144715,1782902309.6627383,1.848266839981079,5.451435040481163,3.14
1203,/home/htj/resisc45/imgs_full/palace_s0006203.png,palace,palace,palace,1,1782902309.6646264,1782902311.439322,1.774695634841919,5.201632905721665,3.0885
1204,/home/htj/resisc45/imgs_full/industrial_area_s0006204.png,industrial_area,industrial area,industrial_area,1,1782902311.4412208,1782902313.2871854,1.8459646701812744,5.451883594192564,3.14
1205,/home/htj/resisc45/imgs_full/baseball_diamond_s0006205.png,baseball_diamond,intersection,intersection,0,1782902313.2885556,1782902315.0663114,1.7777557373046875,5.286300052273658,3.3935
1206,/home/htj/resisc45/imgs_full/commercial_area_s0006206.png,commercial_area,airport,airport,0,1782902315.0676634,1782902316.8403912,1.7727277278900146,5.3591775123775,3.241
1207,/home/htj/resisc45/imgs_full/ship_s0006207.png,ship,harbor,harbor,0,1782902316.8417034,1782902318.612562,1.7708585262298584,5.2026681011261475,3.0905
1208,/home/htj/resisc45/imgs_full/storage_tank_s0006208.png,storage_tank,industrial area,industrial_area,0,1782902318.6150007,1782902320.461471,1.8464703559875488,5.477092693448067,3.14
1209,/home/htj/resisc45/imgs_full/island_s0006209.png,island,island,island,1,1782902320.4624364,1782902322.230497,1.7680604457855225,5.1996946684314365,3.14
1210,/home/htj/resisc45/imgs_full/beach_s0006210.png,beach,harbor,harbor,0,1782902322.2317367,1782902324.0043006,1.7725639343261719,5.212996171889767,3.0895
1211,/home/htj/resisc45/imgs_full/chaparral_s0006211.png,chaparral,desert,desert,0,1782902324.0055053,1782902325.7842944,1.7787890434265137,5.19806628215313,3.0855499999999996
1212,/home/htj/resisc45/imgs_full/dense_residential_s0006212.png,dense_residential,residential,,0,1782902325.785817,1782902327.5758376,1.7900207042694092,5.223280415058136,3.0895
1213,/home/htj/resisc45/imgs_full/desert_s0006213.png,desert,desert,desert,1,1782902327.576924,1782902329.3519197,1.7749955654144287,5.185277367868731,3.0895
1214,/home/htj/resisc45/imgs_full/railway_s0006214.png,railway,railway station,railway_station,0,1782902329.3531919,1782902331.1984732,1.8452813625335693,5.444418783729727,3.14
1215,/home/htj/resisc45/imgs_full/ship_s0006215.png,ship,harbor,harbor,0,1782902331.199588,1782902332.971085,1.7714970111846924,5.1927149003013495,3.0905
1216,/home/htj/resisc45/imgs_full/cloud_s0006216.png,cloud,stadium,stadium,0,1782902332.9721363,1782902334.7440777,1.7719414234161377,5.188530284766228,3.0905
1217,/home/htj/resisc45/imgs_full/runway_s0006217.png,runway,intersection,intersection,0,1782902334.7450857,1782902336.5145924,1.7695066928863525,5.19253176898341,3.0895
1218,/home/htj/resisc45/imgs_full/commercial_area_s0006218.png,commercial_area,industrial area,industrial_area,0,1782902336.5161016,1782902338.3665352,1.850433588027954,5.441508371194203,3.14
1219,/home/htj/resisc45/imgs_full/industrial_area_s0006219.png,industrial_area,intersection,intersection,0,1782902338.3678815,1782902340.160958,1.793076515197754,5.273495872374504,3.14
1220,/home/htj/resisc45/imgs_full/snowberg_s0006220.png,snowberg,desert,desert,0,1782902340.1625006,1782902341.9392705,1.7767698764801025,5.21401717526682,3.0905
1221,/home/htj/resisc45/imgs_full/lake_s0006221.png,lake,lake,lake,1,1782902341.9403052,1782902343.713516,1.7732107639312744,5.198444418646395,3.0855499999999996
1222,/home/htj/resisc45/imgs_full/industrial_area_s0006222.png,industrial_area,industrial area,industrial_area,1,1782902343.7147145,1782902345.5653794,1.8506648540496826,5.438583506561816,3.14
1223,/home/htj/resisc45/imgs_full/mountain_s0006223.png,mountain,desert,desert,0,1782902345.5669467,1782902347.3513951,1.7844483852386475,5.424607965423215,3.343
1224,/home/htj/resisc45/imgs_full/mobile_home_park_s0006224.png,mobile_home_park,residential,,0,1782902347.3526347,1782902349.1260533,1.773418664932251,5.397233448721468,3.28855
1225,/home/htj/resisc45/imgs_full/cloud_s0006225.png,cloud,overpass,overpass,0,1782902349.1272624,1782902350.9814336,1.8541712760925293,5.59982902520895,3.241
1226,/home/htj/resisc45/imgs_full/roundabout_s0006226.png,roundabout,highway,,0,1782902350.9831214,1782902352.7634358,1.7803144454956055,5.148267369885599,3.039
1227,/home/htj/resisc45/imgs_full/rectangular_farmland_s0006227.png,rectangular_farmland,circular farmland,circular_farmland,0,1782902352.7645628,1782902354.6144404,1.8498775959014893,5.627501072756946,3.241
1228,/home/htj/resisc45/imgs_full/church_s0006228.png,church,church,church,1,1782902354.6157303,1782902356.394621,1.778890609741211,5.412073837649438,3.292
1229,/home/htj/resisc45/imgs_full/harbor_s0006229.png,harbor,harbor,harbor,1,1782902356.39612,1782902358.1756651,1.7795450687408447,5.397248971924186,3.241
1230,/home/htj/resisc45/imgs_full/forest_s0006230.png,forest,desert,desert,0,1782902358.1768792,1782902359.9607933,1.7839140892028809,5.421257371471774,3.292
1231,/home/htj/resisc45/imgs_full/baseball_diamond_s0006231.png,baseball_diamond,baseball diamond,baseball_diamond,1,1782902359.9619021,1782902361.8087485,1.846846342086792,5.594847851507366,3.241
1232,/home/htj/resisc45/imgs_full/circular_farmland_s0006232.png,circular_farmland,circular farmland,circular_farmland,1,1782902361.8097832,1782902363.6732473,1.863464117050171,5.6901159157175005,3.341
1233,/home/htj/resisc45/imgs_full/beach_s0006233.png,beach,desert,desert,0,1782902363.674485,1782902365.4509697,1.776484727859497,5.398737087965012,3.343
1234,/home/htj/resisc45/imgs_full/ground_track_field_s0006234.png,ground_track_field,residential,,0,1782902365.4525993,1782902367.2271369,1.7745375633239746,5.363682893014723,3.292
1235,/home/htj/resisc45/imgs_full/palace_s0006235.png,palace,church,church,0,1782902367.2283454,1782902369.0099914,1.7816460132598877,5.373501848443862,3.241
1236,/home/htj/resisc45/imgs_full/roundabout_s0006236.png,roundabout,intersection,intersection,0,1782902369.0114353,1782902370.7911584,1.7797231674194336,5.373558346686825,3.241
1237,/home/htj/resisc45/imgs_full/church_s0006237.png,church,palace,palace,0,1782902370.7923317,1782902372.5721095,1.7797777652740479,5.350413847715624,3.241
1238,/home/htj/resisc45/imgs_full/stadium_s0006238.png,stadium,stadium,stadium,1,1782902372.5737047,1782902374.3567214,1.7830166816711426,5.362478389397263,3.2869
1239,/home/htj/resisc45/imgs_full/sea_ice_s0006239.png,sea_ice,desert,desert,0,1782902374.3578537,1782902376.1335547,1.7757010459899902,5.3615861066695185,3.241
1240,/home/htj/resisc45/imgs_full/industrial_area_s0006240.png,industrial_area,industrial area,industrial_area,1,1782902376.135019,1782902377.9912086,1.856189489364624,5.5952863471074545,3.241
1241,/home/htj/resisc45/imgs_full/desert_s0006241.png,desert,desert,desert,1,1782902377.9926581,1782902379.766623,1.7739648818969727,5.424212362104846,3.341
1242,/home/htj/resisc45/imgs_full/terrace_s0006242.png,terrace,circular farmland,circular_farmland,0,1782902379.7680597,1782902381.6185393,1.8504796028137207,5.44121961709857,3.138
1243,/home/htj/resisc45/imgs_full/railway_station_s0006243.png,railway_station,industrial area,industrial_area,0,1782902381.6199374,1782902383.4725227,1.8525853157043457,5.473940496314657,3.138
1244,/home/htj/resisc45/imgs_full/sparse_residential_s0006244.png,sparse_residential,intersection,intersection,0,1782902383.4734774,1782902385.2519565,1.7784790992736816,5.397167733653899,3.29
1245,/home/htj/resisc45/imgs_full/chaparral_s0006245.png,chaparral,desert,desert,0,1782902385.2535787,1782902387.0374572,1.7838785648345947,5.395081769227982,3.239
1246,/home/htj/resisc45/imgs_full/forest_s0006246.png,forest,desert,desert,0,1782902387.0388432,1782902388.8196356,1.780792474746704,5.3868415863439445,3.2849
1247,/home/htj/resisc45/imgs_full/mountain_s0006247.png,mountain,desert,desert,0,1782902388.8207796,1782902390.5974224,1.7766427993774414,5.373255558013916,3.239
1248,/home/htj/resisc45/imgs_full/circular_farmland_s0006248.png,circular_farmland,circular farmland,circular_farmland,1,1782902390.5987768,1782902392.4458606,1.8470838069915771,5.629796000972391,3.341
1249,/home/htj/resisc45/imgs_full/mobile_home_park_s0006249.png,mobile_home_park,residential,,0,1782902392.4471917,1782902394.2219446,1.7747528553009033,5.3925310898050665,3.286
1250,/home/htj/resisc45/imgs_full/mobile_home_park_s0006250.png,mobile_home_park,residential,,0,1782902394.2233255,1782902396.0011094,1.7777838706970215,5.4143268000079745,3.343
1251,/home/htj/resisc45/imgs_full/mountain_s0006251.png,mountain,desert,desert,0,1782902396.0022633,1782902397.7883961,1.7861328125,5.3753955078125,3.241
1252,/home/htj/resisc45/imgs_full/harbor_s0006252.png,harbor,harbor,harbor,1,1782902397.7894855,1782902399.5675974,1.7781119346618652,5.368750873688729,3.241
1253,/home/htj/resisc45/imgs_full/golf_course_s0006253.png,golf_course,golf course,golf_course,1,1782902399.5687406,1782902401.4126263,1.8438856601715088,5.631785559394143,3.343
1254,/home/htj/resisc45/imgs_full/forest_s0006254.png,forest,desert,desert,0,1782902401.413952,1782902403.1975768,1.7836246490478516,5.448915766562185,3.343
1255,/home/htj/resisc45/imgs_full/beach_s0006255.png,beach,beach,beach,1,1782902403.199095,1782902404.9820144,1.7829194068908691,5.348591071978212,3.239
1256,/home/htj/resisc45/imgs_full/overpass_s0006256.png,overpass,intersection,intersection,0,1782902404.983449,1782902406.7630286,1.7795796394348145,5.399990901377893,3.29
1257,/home/htj/resisc45/imgs_full/meadow_s0006257.png,meadow,desert,desert,0,1782902406.7641857,1782902408.5543053,1.7901196479797363,5.52604160751835,3.442
1258,/home/htj/resisc45/imgs_full/ground_track_field_s0006258.png,ground_track_field,tennis court,tennis_court,0,1782902408.5557113,1782902410.4097676,1.8540563583374023,5.529414079348246,3.14
1259,/home/htj/resisc45/imgs_full/forest_s0006259.png,forest,desert,desert,0,1782902410.411081,1782902412.189462,1.7783808708190918,5.181800287692778,3.138
1260,/home/htj/resisc45/imgs_full/terrace_s0006260.png,terrace,circular farmland,circular_farmland,0,1782902412.1905334,1782902414.0366483,1.8461148738861084,5.603406185244069,3.239
1261,/home/htj/resisc45/imgs_full/meadow_s0006261.png,meadow,desert,desert,0,1782902414.0376034,1782902415.8201175,1.7825140953063965,5.426087907022045,3.29
1262,/home/htj/resisc45/imgs_full/church_s0006262.png,church,palace,palace,0,1782902415.821374,1782902417.6004653,1.7790913581848145,5.399771832266161,3.29
1263,/home/htj/resisc45/imgs_full/chaparral_s0006263.png,chaparral,desert,desert,0,1782902417.6019633,1782902419.384836,1.7828726768493652,5.4224634665827605,3.341
1264,/home/htj/resisc45/imgs_full/thermal_power_station_s0006264.png,thermal_power_station,industrial area,industrial_area,0,1782902419.3860333,1782902421.2506893,1.8646559715270996,5.690055967614055,3.2869
1265,/home/htj/resisc45/imgs_full/palace_s0006265.png,palace,palace,palace,1,1782902421.2523098,1782902423.0415277,1.7892179489135742,5.646548194527626,3.444
1266,/home/htj/resisc45/imgs_full/lake_s0006266.png,lake,lake,lake,1,1782902423.042832,1782902424.8213089,1.7784769535064697,5.38763776463847,3.241
1267,/home/htj/resisc45/imgs_full/snowberg_s0006267.png,snowberg,desert,desert,0,1782902424.8229344,1782902426.6022146,1.779280185699463,5.384388822601687,3.292
1268,/home/htj/resisc45/imgs_full/harbor_s0006268.png,harbor,harbor,harbor,1,1782902426.6036327,1782902428.3933303,1.7896976470947266,5.4273699709177015,3.241
1269,/home/htj/resisc45/imgs_full/mobile_home_park_s0006269.png,mobile_home_park,residential,,0,1782902428.3944166,1782902430.171137,1.7767205238342285,5.3936076882731525,3.292
1270,/home/htj/resisc45/imgs_full/freeway_s0006270.png,freeway,highway,,0,1782902430.172363,1782902431.9534798,1.7811167240142822,5.418042163695058,3.291
1271,/home/htj/resisc45/imgs_full/roundabout_s0006271.png,roundabout,intersection,intersection,0,1782902431.955575,1782902433.7520123,1.7964372634887695,5.437029655277729,3.241
1272,/home/htj/resisc45/imgs_full/airplane_s0006272.png,airplane,airplane,airplane,1,1782902433.7533176,1782902435.5424426,1.7891249656677246,5.554078744226887,3.4945
1273,/home/htj/resisc45/imgs_full/dense_residential_s0006273.png,dense_residential,residential,,0,1782902435.5442114,1782902437.3229136,1.7787022590637207,5.4172044833153485,3.2869
1274,/home/htj/resisc45/imgs_full/meadow_s0006274.png,meadow,harbor,harbor,0,1782902437.3239331,1782902439.1002688,1.7763357162475586,5.404816573019951,3.292
1275,/home/htj/resisc45/imgs_full/industrial_area_s0006275.png,industrial_area,industrial area,industrial_area,1,1782902439.1013458,1782902440.961617,1.8602712154388428,5.38903131069988,3.0855499999999996
1276,/home/htj/resisc45/imgs_full/beach_s0006276.png,beach,beach,beach,1,1782902440.9630523,1782902442.7453017,1.7822494506835938,5.219206125736236,3.08445
1277,/home/htj/resisc45/imgs_full/wetland_s0006277.png,wetland,desert,desert,0,1782902442.7463152,1782902444.5176113,1.7712960243225098,5.204010580878104,3.14
1278,/home/htj/resisc45/imgs_full/freeway_s0006278.png,freeway,intersection,intersection,0,1782902444.5196767,1782902446.3123512,1.7926745414733887,5.213791505136798,3.0905
1279,/home/htj/resisc45/imgs_full/bridge_s0006279.png,bridge,intersection,intersection,0,1782902446.313897,1782902448.104912,1.7910151481628418,5.221648695245385,3.08445
1280,/home/htj/resisc45/imgs_full/parking_lot_s0006280.png,parking_lot,intersection,intersection,0,1782902448.1061893,1782902449.883957,1.7777676582336426,5.205475745339547,3.0895
1281,/home/htj/resisc45/imgs_full/cloud_s0006281.png,cloud,desert,desert,0,1782902449.8851218,1782902451.6563807,1.77125883102417,5.204358407220532,3.0905
1282,/home/htj/resisc45/imgs_full/harbor_s0006282.png,harbor,airport,airport,0,1782902451.6573696,1782902453.4288683,1.771498680114746,5.235292905807496,3.0905
1283,/home/htj/resisc45/imgs_full/lake_s0006283.png,lake,lake,lake,1,1782902453.4306479,1782902455.208675,1.778027057647705,5.247902423992753,3.142
1284,/home/htj/resisc45/imgs_full/baseball_diamond_s0006284.png,baseball_diamond,baseball diamond,baseball_diamond,1,1782902455.20974,1782902457.051824,1.8420841693878174,5.483711876876652,3.1409000000000002
1285,/home/htj/resisc45/imgs_full/commercial_area_s0006285.png,commercial_area,intersection,intersection,0,1782902457.0537755,1782902458.839834,1.7860584259033203,5.25366205240065,3.0905
1286,/home/htj/resisc45/imgs_full/stadium_s0006286.png,stadium,stadium,stadium,1,1782902458.8409536,1782902460.6323793,1.7914257049560547,5.207898452520371,3.0855499999999996
1287,/home/htj/resisc45/imgs_full/desert_s0006287.png,desert,beach,beach,0,1782902460.63333,1782902462.419075,1.7857449054718018,5.189950742044757,3.0905
1288,/home/htj/resisc45/imgs_full/forest_s0006288.png,forest,desert,desert,0,1782902462.4202933,1782902464.1949017,1.7746083736419678,5.2212413078431155,3.0905
1289,/home/htj/resisc45/imgs_full/forest_s0006289.png,forest,desert,desert,0,1782902464.1961358,1782902465.972035,1.7758991718292236,5.2085457804277535,3.0864499999999997
1290,/home/htj/resisc45/imgs_full/river_s0006290.png,river,harbor,harbor,0,1782902465.97311,1782902467.7522352,1.7791252136230469,5.188330860876268,3.0915
1291,/home/htj/resisc45/imgs_full/river_s0006291.png,river,river,river,1,1782902467.7535486,1782902469.5338438,1.7802951335906982,5.17451394909428,3.0915
1292,/home/htj/resisc45/imgs_full/tennis_court_s0006292.png,tennis_court,residential,,0,1782902469.5355241,1782902471.3135865,1.778062343597412,5.1274729441365885,3.142
1293,/home/htj/resisc45/imgs_full/medium_residential_s0006293.png,medium_residential,residential,,0,1782902471.3148813,1782902473.095896,1.7810146808624268,5.229170416429638,3.0864499999999997
1294,/home/htj/resisc45/imgs_full/stadium_s0006294.png,stadium,stadium,stadium,1,1782902473.0969908,1782902474.8846579,1.7876670360565186,5.400657449283908,3.244
1295,/home/htj/resisc45/imgs_full/sparse_residential_s0006295.png,sparse_residential,desert,desert,0,1782902474.8858676,1782902476.6653275,1.7794599533081055,5.3932561088069795,3.244
1296,/home/htj/resisc45/imgs_full/airplane_s0006296.png,airplane,airplane,airplane,1,1782902476.6664228,1782902478.438669,1.7722461223602295,5.366361258506775,3.28945
1297,/home/htj/resisc45/imgs_full/terrace_s0006297.png,terrace,desert,desert,0,1782902478.4398248,1782902480.2311194,1.7912945747375488,5.376137288355059,3.2425
1298,/home/htj/resisc45/imgs_full/river_s0006298.png,river,intersection,intersection,0,1782902480.2326887,1782902482.0066314,1.7739427089691162,5.405375106103958,3.345
1299,/home/htj/resisc45/imgs_full/island_s0006299.png,island,river,river,0,1782902482.0081508,1782902483.786689,1.7785382270812988,5.408075770947241,3.244
