n,path,true,answer,pred,correct,t_start,t_end,latency_s,E_im_J,Ppeak_W
0,/home/htj/resisc45/imgs_full/church_s0005000.png,church,bridge,bridge,0,1782887148.0044425,1782887150.718489,2.7140464782714844,3.021242614030838,2.1956499999999997
1,/home/htj/resisc45/imgs_full/church_s0005001.png,church,church,church,1,1782887150.7200732,1782887152.336076,1.6160027980804443,5.293678880197661,4.016649999999999
2,/home/htj/resisc45/imgs_full/airport_s0005002.png,airport,airport,airport,1,1782887152.3406181,1782887153.9490507,1.6084325313568115,5.314261083602905,3.647
3,/home/htj/resisc45/imgs_full/dense_residential_s0005003.png,dense_residential,dense residential,dense_residential,1,1782887153.9537294,1782887155.6955824,1.7418529987335205,5.773062725866995,3.647
4,/home/htj/resisc45/imgs_full/stadium_s0005004.png,stadium,stadium,stadium,1,1782887155.7002614,1782887157.4253924,1.7251310348510742,5.70651086573447,3.647
5,/home/htj/resisc45/imgs_full/commercial_area_s0005005.png,commercial_area,church,church,0,1782887157.4301014,1782887159.0437236,1.6136221885681152,5.371915192176555,3.7051999999999996
6,/home/htj/resisc45/imgs_full/sparse_residential_s0005006.png,sparse_residential,forest,forest,0,1782887159.0481608,1782887160.6540132,1.6058523654937744,5.375762849100998,3.7126499999999996
7,/home/htj/resisc45/imgs_full/chaparral_s0005007.png,chaparral,beach,beach,0,1782887160.6585383,1782887162.402819,1.7442805767059326,5.86747852446187,3.748
8,/home/htj/resisc45/imgs_full/railway_s0005008.png,railway,runway,runway,0,1782887162.407498,1782887164.1558592,1.748361349105835,5.859266469632426,3.6975
9,/home/htj/resisc45/imgs_full/basketball_court_s0005009.png,basketball_court,basketball court,basketball_court,1,1782887164.1604204,1782887166.0245323,1.8641119003295898,5.915165989182212,3.345
10,/home/htj/resisc45/imgs_full/golf_course_s0005010.png,golf_course,golf course,golf_course,1,1782887166.0291169,1782887167.8898845,1.8607676029205322,5.925360690463672,3.343
11,/home/htj/resisc45/imgs_full/lake_s0005011.png,lake,lake,lake,1,1782887167.894387,1782887169.490933,1.596545934677124,5.066866601688521,3.244
12,/home/htj/resisc45/imgs_full/river_s0005012.png,river,river,river,1,1782887169.4955506,1782887171.1118848,1.6163341999053955,5.14964076089859,3.343
13,/home/htj/resisc45/imgs_full/forest_s0005013.png,forest,forest,forest,1,1782887171.116731,1782887172.722083,1.6053521633148193,5.050380571782589,3.244
14,/home/htj/resisc45/imgs_full/chaparral_s0005014.png,chaparral,desert,desert,0,1782887172.7267373,1782887174.473505,1.7467677593231201,5.539733080325588,3.245
15,/home/htj/resisc45/imgs_full/commercial_area_s0005015.png,commercial_area,airport,airport,0,1782887174.4786165,1782887176.0884044,1.609787940979004,5.05717657155004,3.244
16,/home/htj/resisc45/imgs_full/baseball_diamond_s0005016.png,baseball_diamond,baseball diamond,baseball_diamond,1,1782887176.092957,1782887177.9510403,1.8580832481384277,5.88280417471221,3.244
17,/home/htj/resisc45/imgs_full/parking_lot_s0005017.png,parking_lot,ground track field,ground_track_field,0,1782887177.9525747,1782887179.820425,1.8678503036499023,5.953178526878357,3.2836
18,/home/htj/resisc45/imgs_full/wetland_s0005018.png,wetland,chaparral,chaparral,0,1782887179.8219535,1782887181.6881707,1.8662171363830566,5.964373415845813,3.343
19,/home/htj/resisc45/imgs_full/sparse_residential_s0005019.png,sparse_residential,church,church,0,1782887181.6897519,1782887183.3067238,1.6169719696044922,5.433193090833466,3.746
20,/home/htj/resisc45/imgs_full/tennis_court_s0005020.png,tennis_court,tennis court,tennis_court,1,1782887183.308318,1782887185.1710608,1.8627429008483887,6.188201256882061,3.647
21,/home/htj/resisc45/imgs_full/baseball_diamond_s0005021.png,baseball_diamond,baseball diamond,baseball_diamond,1,1782887185.1753678,1782887187.048881,1.8735132217407227,5.964990581372206,3.3436999999999997
22,/home/htj/resisc45/imgs_full/ground_track_field_s0005022.png,ground_track_field,stadium,stadium,0,1782887187.050486,1782887188.7812107,1.730724573135376,5.4845507906277975,3.29845
23,/home/htj/resisc45/imgs_full/chaparral_s0005023.png,chaparral,chaparral,chaparral,1,1782887188.7824206,1782887190.649142,1.8667213916778564,5.978769213654779,3.343
24,/home/htj/resisc45/imgs_full/mobile_home_park_s0005024.png,mobile_home_park,mobile home park,mobile_home_park,1,1782887190.650523,1782887192.5159173,1.8653943538665771,5.947838160854397,3.343
25,/home/htj/resisc45/imgs_full/roundabout_s0005025.png,roundabout,roundabout,roundabout,1,1782887192.5174663,1782887194.2554958,1.7380294799804688,5.858665639750162,3.748
26,/home/htj/resisc45/imgs_full/golf_course_s0005026.png,golf_course,golf course,golf_course,1,1782887194.2567039,1782887196.1282182,1.8715143203735352,5.958221045407382,3.3418
27,/home/htj/resisc45/imgs_full/baseball_diamond_s0005027.png,baseball_diamond,baseball diamond,baseball_diamond,1,1782887196.1295648,1782887198.0023458,1.8727810382843018,6.216554779233355,3.647
28,/home/htj/resisc45/imgs_full/parking_lot_s0005028.png,parking_lot,storage tank,storage_tank,0,1782887198.007168,1782887199.756918,1.7497498989105225,5.840495831927946,3.647
29,/home/htj/resisc45/imgs_full/railway_station_s0005029.png,railway_station,airport,airport,0,1782887199.761277,1782887201.3781533,1.6168763637542725,5.43499051086656,3.748
30,/home/htj/resisc45/imgs_full/golf_course_s0005030.png,golf_course,stadium,stadium,0,1782887201.3827374,1782887203.114326,1.73158860206604,5.807692313632658,3.748
31,/home/htj/resisc45/imgs_full/dense_residential_s0005031.png,dense_residential,dense residential,dense_residential,1,1782887203.1189563,1782887204.8537629,1.7348065376281738,5.807013057954849,3.647
32,/home/htj/resisc45/imgs_full/desert_s0005032.png,desert,beach,beach,0,1782887204.855225,1782887206.5968168,1.7415916919708252,5.79500590409002,3.647
33,/home/htj/resisc45/imgs_full/intersection_s0005033.png,intersection,intersection,intersection,1,1782887206.601276,1782887208.2188277,1.6175518035888672,5.461201507159641,3.647
34,/home/htj/resisc45/imgs_full/stadium_s0005034.png,stadium,stadium,stadium,1,1782887208.2234247,1782887209.969166,1.745741367340088,5.8607916555866115,3.6975
35,/home/htj/resisc45/imgs_full/beach_s0005035.png,beach,beach,beach,1,1782887209.9738243,1782887211.7165754,1.742751121520996,5.816572412521608,3.6975
36,/home/htj/resisc45/imgs_full/terrace_s0005036.png,terrace,circular farmland,circular_farmland,0,1782887211.721138,1782887213.728356,2.0072178840637207,6.790585369944573,3.849
37,/home/htj/resisc45/imgs_full/terrace_s0005037.png,terrace,circular farmland,circular_farmland,0,1782887213.7329001,1782887215.7313929,1.99849271774292,6.705054095400704,3.77325
38,/home/htj/resisc45/imgs_full/ground_track_field_s0005038.png,ground_track_field,stadium,stadium,0,1782887215.735849,1782887217.4746056,1.7387566566467285,5.766894940853119,3.644
39,/home/htj/resisc45/imgs_full/sparse_residential_s0005039.png,sparse_residential,house,,0,1782887217.4788284,1782887219.096037,1.617208480834961,5.360295267173222,3.647
40,/home/htj/resisc45/imgs_full/overpass_s0005040.png,overpass,bridge,bridge,0,1782887219.0980577,1782887220.7155893,1.6175315380096436,5.392180824329113,3.647
41,/home/htj/resisc45/imgs_full/palace_s0005041.png,palace,church,church,0,1782887220.7205565,1782887222.3442373,1.623680830001831,5.434907649969233,3.7076
42,/home/htj/resisc45/imgs_full/rectangular_farmland_s0005042.png,rectangular_farmland,circular farmland,circular_farmland,0,1782887222.3484917,1782887224.3529189,2.004427194595337,6.568841987888018,3.67225
43,/home/htj/resisc45/imgs_full/railway_s0005043.png,railway,runway,runway,0,1782887224.3552766,1782887226.103197,1.7479205131530762,5.824465841554826,3.6975
44,/home/htj/resisc45/imgs_full/airport_s0005044.png,airport,airport,airport,1,1782887226.1078162,1782887227.7153804,1.6075642108917236,5.359159775052752,3.7126499999999996
45,/home/htj/resisc45/imgs_full/bridge_s0005045.png,bridge,bridge,bridge,1,1782887227.7195356,1782887229.316396,1.596860408782959,5.323822474578331,3.7076
46,/home/htj/resisc45/imgs_full/sparse_residential_s0005046.png,sparse_residential,circular farmland,circular_farmland,0,1782887229.3208404,1782887231.3266623,2.005821943283081,6.687123812913894,3.6786999999999996
47,/home/htj/resisc45/imgs_full/church_s0005047.png,church,church,church,1,1782887231.331471,1782887232.9509063,1.6194353103637695,5.3821932539939885,3.649
48,/home/htj/resisc45/imgs_full/dense_residential_s0005048.png,dense_residential,dense residential,dense_residential,1,1782887232.9558792,1782887234.7081752,1.752295970916748,5.916542557285678,3.7985
49,/home/htj/resisc45/imgs_full/railway_s0005049.png,railway,railway,railway,1,1782887234.7130554,1782887236.463579,1.750523567199707,5.872498351435507,3.748
50,/home/htj/resisc45/imgs_full/runway_s0005050.png,runway,runway,runway,1,1782887236.4679408,1782887238.212464,1.744523286819458,5.824119130519128,3.6985
51,/home/htj/resisc45/imgs_full/snowberg_s0005051.png,snowberg,lake,lake,0,1782887238.217289,1782887239.8243914,1.607102394104004,5.38063621197428,3.7126499999999996
52,/home/htj/resisc45/imgs_full/chaparral_s0005052.png,chaparral,desert,desert,0,1782887239.8290436,1782887241.5621517,1.7331080436706543,5.758391241873464,3.649
53,/home/htj/resisc45/imgs_full/overpass_s0005053.png,overpass,intersection,intersection,0,1782887241.5672386,1782887243.1842155,1.6169769763946533,5.357267754102575,3.647
54,/home/htj/resisc45/imgs_full/railway_station_s0005054.png,railway_station,intersection,intersection,0,1782887243.18893,1782887244.8085303,1.6196002960205078,5.427727378253279,3.7076
55,/home/htj/resisc45/imgs_full/sea_ice_s0005055.png,sea_ice,sea ice,sea_ice,1,1782887244.8130548,1782887246.559057,1.746002197265625,5.543331685712261,3.345
56,/home/htj/resisc45/imgs_full/airplane_s0005056.png,airplane,airport,airport,0,1782887246.5637805,1782887248.177601,1.6138205528259277,5.357272096551698,3.7076
57,/home/htj/resisc45/imgs_full/bridge_s0005057.png,bridge,bridge,bridge,1,1782887248.1818762,1782887249.794755,1.6128787994384766,5.440643410205841,3.748
58,/home/htj/resisc45/imgs_full/commercial_area_s0005058.png,commercial_area,commercial area,commercial_area,1,1782887249.7994423,1782887251.5330698,1.7336275577545166,5.748653058044372,3.647
59,/home/htj/resisc45/imgs_full/dense_residential_s0005059.png,dense_residential,dense residential,dense_residential,1,1782887251.5381277,1782887253.2752855,1.7371578216552734,5.79969751831793,3.649
60,/home/htj/resisc45/imgs_full/forest_s0005060.png,forest,forest,forest,1,1782887253.279849,1782887254.898775,1.6189260482788086,5.437079395590157,3.748
61,/home/htj/resisc45/imgs_full/ship_s0005061.png,ship,harbor,harbor,0,1782887254.9034648,1782887256.6472714,1.7438066005706787,5.753324241715093,3.647
62,/home/htj/resisc45/imgs_full/baseball_diamond_s0005062.png,baseball_diamond,baseball diamond,baseball_diamond,1,1782887256.6516287,1782887258.524985,1.8733563423156738,6.305774216608567,3.7896
63,/home/htj/resisc45/imgs_full/basketball_court_s0005063.png,basketball_court,basketball court,basketball_court,1,1782887258.5294657,1782887260.4049985,1.875532865524292,6.319056363070712,3.7846499999999996
64,/home/htj/resisc45/imgs_full/sparse_residential_s0005064.png,sparse_residential,storage tank,storage_tank,0,1782887260.4096787,1782887262.1563866,1.7467079162597656,5.852373046136671,3.748
65,/home/htj/resisc45/imgs_full/overpass_s0005065.png,overpass,intersection,intersection,0,1782887262.160943,1782887263.7632968,1.602353811264038,5.409775374514716,3.8136499999999995
66,/home/htj/resisc45/imgs_full/airport_s0005066.png,airport,airport,airport,1,1782887263.7679534,1782887265.3738372,1.6058838367462158,5.414431169156371,3.748
67,/home/htj/resisc45/imgs_full/airplane_s0005067.png,airplane,runway,runway,0,1782887265.375704,1782887267.1203935,1.7446894645690918,5.579404347081338,3.345
68,/home/htj/resisc45/imgs_full/island_s0005068.png,island,island,island,1,1782887267.1244638,1782887268.862334,1.737870216369629,5.511907662699299,3.2945
69,/home/htj/resisc45/imgs_full/wetland_s0005069.png,wetland,meadow,meadow,0,1782887268.8669586,1782887270.6124225,1.7454638481140137,5.536329799790536,3.2945
70,/home/htj/resisc45/imgs_full/baseball_diamond_s0005070.png,baseball_diamond,baseball diamond,baseball_diamond,1,1782887270.6168163,1782887272.4893272,1.8725109100341797,5.947321621287952,3.345
71,/home/htj/resisc45/imgs_full/tennis_court_s0005071.png,tennis_court,basketball court,basketball_court,0,1782887272.4939992,1782887274.3707027,1.8767035007476807,5.955746994524291,3.345
72,/home/htj/resisc45/imgs_full/parking_lot_s0005072.png,parking_lot,storage tank,storage_tank,0,1782887274.3755558,1782887276.1120636,1.7365078926086426,5.486207268714905,3.2451
73,/home/htj/resisc45/imgs_full/roundabout_s0005073.png,roundabout,roundabout,roundabout,1,1782887276.1162648,1782887277.849828,1.7335631847381592,5.527214568268868,3.343
74,/home/htj/resisc45/imgs_full/bridge_s0005074.png,bridge,bridge,bridge,1,1782887277.85421,1782887279.4645796,1.6103696823120117,5.11697743054094,3.345
75,/home/htj/resisc45/imgs_full/meadow_s0005075.png,meadow,forest,forest,0,1782887279.469228,1782887281.083911,1.614682912826538,5.107075017106944,3.244
76,/home/htj/resisc45/imgs_full/sparse_residential_s0005076.png,sparse_residential,runway,runway,0,1782887281.0883758,1782887282.8338552,1.7454793453216553,5.505635995641831,3.244
77,/home/htj/resisc45/imgs_full/wetland_s0005077.png,wetland,river,river,0,1782887282.838624,1782887284.455043,1.6164190769195557,5.071803500098842,3.244
78,/home/htj/resisc45/imgs_full/tennis_court_s0005078.png,tennis_court,forest,forest,0,1782887284.4598484,1782887286.075396,1.6155476570129395,5.08632100558281,3.24295
79,/home/htj/resisc45/imgs_full/harbor_s0005079.png,harbor,harbor,harbor,1,1782887286.0800827,1782887287.8102784,1.7301957607269287,5.4488329526609,3.246
80,/home/htj/resisc45/imgs_full/sparse_residential_s0005080.png,sparse_residential,forest,forest,0,1782887287.8145306,1782887289.4175773,1.6030466556549072,5.105703598260879,3.3053999999999997
81,/home/htj/resisc45/imgs_full/ship_s0005081.png,ship,harbor,harbor,0,1782887289.4215703,1782887291.1627147,1.7411444187164307,5.535446335983276,3.345
82,/home/htj/resisc45/imgs_full/dense_residential_s0005082.png,dense_residential,lake,lake,0,1782887291.1676798,1782887292.7856677,1.617987871170044,5.101226831393582,3.244
83,/home/htj/resisc45/imgs_full/runway_s0005083.png,runway,runway,runway,1,1782887292.7898972,1782887294.5313892,1.7414920330047607,5.5044630761915645,3.244
84,/home/htj/resisc45/imgs_full/mountain_s0005084.png,mountain,mountain,mountain,1,1782887294.5360355,1782887296.2728636,1.736828088760376,5.474874322760489,3.244
85,/home/htj/resisc45/imgs_full/storage_tank_s0005085.png,storage_tank,storage tank,storage_tank,1,1782887296.2770615,1782887298.0229228,1.745861291885376,5.526608396622442,3.245
86,/home/htj/resisc45/imgs_full/mobile_home_park_s0005086.png,mobile_home_park,dense residential,dense_residential,0,1782887298.027812,1782887299.758493,1.7306809425354004,5.46722109746933,3.246
87,/home/htj/resisc45/imgs_full/wetland_s0005087.png,wetland,forest,forest,0,1782887299.7630472,1782887301.3634949,1.600447654724121,5.085560392511302,3.2451999999999996
88,/home/htj/resisc45/imgs_full/commercial_area_s0005088.png,commercial_area,medium residential,medium_residential,0,1782887301.3681312,1782887303.1155922,1.7474610805511475,5.54334113549417,3.246
89,/home/htj/resisc45/imgs_full/railway_s0005089.png,railway,runway,runway,0,1782887303.1200616,1782887304.8638713,1.743809700012207,5.514320034919247,3.244
90,/home/htj/resisc45/imgs_full/ship_s0005090.png,ship,harbor,harbor,0,1782887304.8683379,1782887306.6146314,1.746293544769287,5.533328258775895,3.2945
91,/home/htj/resisc45/imgs_full/golf_course_s0005091.png,golf_course,golf course,golf_course,1,1782887306.6192865,1782887308.4948685,1.875581979751587,5.910640848008069,3.244
92,/home/htj/resisc45/imgs_full/baseball_diamond_s0005092.png,baseball_diamond,stadium,stadium,0,1782887308.4993746,1782887310.2445812,1.745206594467163,5.529264867167319,3.344
93,/home/htj/resisc45/imgs_full/desert_s0005093.png,desert,desert,desert,1,1782887310.2492628,1782887311.9877968,1.7385339736938477,5.519452794290358,3.343
94,/home/htj/resisc45/imgs_full/airport_s0005094.png,airport,airport,airport,1,1782887311.9925153,1782887313.6082873,1.615772008895874,5.370213278532028,3.647
95,/home/htj/resisc45/imgs_full/circular_farmland_s0005095.png,circular_farmland,circular farmland,circular_farmland,1,1782887313.6128113,1782887315.6125083,1.999696969985962,6.324927247667313,3.345
96,/home/htj/resisc45/imgs_full/terrace_s0005096.png,terrace,circular farmland,circular_farmland,0,1782887315.6169186,1782887317.6186588,2.0017402172088623,6.40053574823652,3.3436
97,/home/htj/resisc45/imgs_full/thermal_power_station_s0005097.png,thermal_power_station,stadium,stadium,0,1782887317.6233208,1782887319.3697867,1.7464659214019775,5.563620711872654,3.246
98,/home/htj/resisc45/imgs_full/golf_course_s0005098.png,golf_course,golf course,golf_course,1,1782887319.3742275,1782887321.2493455,1.8751180171966553,5.956568079536611,3.2856
99,/home/htj/resisc45/imgs_full/mountain_s0005099.png,mountain,forest,forest,0,1782887321.2538579,1782887322.8683207,1.6144628524780273,5.371779185295106,3.647
100,/home/htj/resisc45/imgs_full/baseball_diamond_s0005100.png,baseball_diamond,airplane,airplane,0,1782887322.8730159,1782887324.6227388,1.749722957611084,5.898767631515381,3.7985
101,/home/htj/resisc45/imgs_full/commercial_area_s0005101.png,commercial_area,airplane,airplane,0,1782887324.6276956,1782887326.3779387,1.7502431869506836,5.877535402178764,3.748
102,/home/htj/resisc45/imgs_full/desert_s0005102.png,desert,desert,desert,1,1782887326.382427,1782887328.1283505,1.7459235191345215,5.8237813385840385,3.6995
103,/home/htj/resisc45/imgs_full/mobile_home_park_s0005103.png,mobile_home_park,sparse residential,sparse_residential,0,1782887328.1332536,1782887329.8820212,1.748767614364624,5.854197030590426,3.6975
104,/home/htj/resisc45/imgs_full/ground_track_field_s0005104.png,ground_track_field,stadium,stadium,0,1782887329.8864963,1782887331.6337867,1.7472903728485107,5.779980189177298,3.647
105,/home/htj/resisc45/imgs_full/intersection_s0005105.png,intersection,runway,runway,0,1782887331.6383665,1782887333.3862562,1.747889757156372,5.8517657563378735,3.6975
106,/home/htj/resisc45/imgs_full/golf_course_s0005106.png,golf_course,golf course,golf_course,1,1782887333.3906884,1782887335.2647896,1.874101161956787,6.244050744085601,3.6874
107,/home/htj/resisc45/imgs_full/terrace_s0005107.png,terrace,forest,forest,0,1782887335.266705,1782887336.881488,1.6147830486297607,5.359966077968992,3.7076
108,/home/htj/resisc45/imgs_full/thermal_power_station_s0005108.png,thermal_power_station,runway,runway,0,1782887336.8859923,1782887338.632834,1.7468416690826416,5.880939703026126,3.7975
109,/home/htj/resisc45/imgs_full/terrace_s0005109.png,terrace,circular farmland,circular_farmland,0,1782887338.63742,1782887340.6419,2.0044801235198975,6.687224092079533,3.748
110,/home/htj/resisc45/imgs_full/commercial_area_s0005110.png,commercial_area,airplane,airplane,0,1782887340.6464002,1782887342.3952372,1.7488369941711426,5.9508409783917084,3.7985
111,/home/htj/resisc45/imgs_full/snowberg_s0005111.png,snowberg,mountain,mountain,0,1782887342.4000287,1782887344.149856,1.7498273849487305,5.953477224042339,3.847
112,/home/htj/resisc45/imgs_full/ship_s0005112.png,ship,ship,ship,1,1782887344.154135,1782887345.7643864,1.6102514266967773,5.441539304009798,3.8085999999999998
113,/home/htj/resisc45/imgs_full/terrace_s0005113.png,terrace,runway,runway,0,1782887345.768888,1782887347.516761,1.747873067855835,5.931040766254548,3.748
114,/home/htj/resisc45/imgs_full/cloud_s0005114.png,cloud,sea ice,sea_ice,0,1782887347.521344,1782887349.2685778,1.7472338676452637,5.874425712554686,3.801
115,/home/htj/resisc45/imgs_full/meadow_s0005115.png,meadow,dense residential,dense_residential,0,1782887349.2730403,1782887351.0162768,1.7432365417480469,5.764489609502977,3.5985
116,/home/htj/resisc45/imgs_full/palace_s0005116.png,palace,stadium,stadium,0,1782887351.0209198,1782887352.7679143,1.7469944953918457,5.868098155360069,3.75
117,/home/htj/resisc45/imgs_full/roundabout_s0005117.png,roundabout,roundabout,roundabout,1,1782887352.7724447,1782887354.5189047,1.7464599609375,5.968442410376764,3.9015
118,/home/htj/resisc45/imgs_full/overpass_s0005118.png,overpass,runway,runway,0,1782887354.5234044,1782887356.2674537,1.744049310684204,5.918684504255171,3.8495
119,/home/htj/resisc45/imgs_full/industrial_area_s0005119.png,industrial_area,runway,runway,0,1782887356.2722397,1782887358.0234618,1.7512221336364746,5.999912993984837,3.9
120,/home/htj/resisc45/imgs_full/mobile_home_park_s0005120.png,mobile_home_park,mobile home park,mobile_home_park,1,1782887358.0282574,1782887359.9083054,1.8800480365753174,6.253924498137306,3.68235
121,/home/htj/resisc45/imgs_full/rectangular_farmland_s0005121.png,rectangular_farmland,circular farmland,circular_farmland,0,1782887359.9130208,1782887361.917136,2.004115104675293,6.597775966317313,3.5756
122,/home/htj/resisc45/imgs_full/storage_tank_s0005122.png,storage_tank,storage tank,storage_tank,1,1782887361.9218092,1782887363.6688,1.7469909191131592,5.812745978801481,3.596
123,/home/htj/resisc45/imgs_full/rectangular_farmland_s0005123.png,rectangular_farmland,airplane,airplane,0,1782887363.6731358,1782887365.4146178,1.7414820194244385,5.516003854428568,3.343
124,/home/htj/resisc45/imgs_full/storage_tank_s0005124.png,storage_tank,storage tank,storage_tank,1,1782887365.4191837,1782887367.1652303,1.746046543121338,5.53203868942876,3.2945
125,/home/htj/resisc45/imgs_full/palace_s0005125.png,palace,stadium,stadium,0,1782887367.1672952,1782887368.9108639,1.7435686588287354,5.501915269159501,3.244
126,/home/htj/resisc45/imgs_full/beach_s0005126.png,beach,beach,beach,1,1782887368.9151776,1782887370.6559722,1.7407946586608887,5.511471942297617,3.244
127,/home/htj/resisc45/imgs_full/stadium_s0005127.png,stadium,stadium,stadium,1,1782887370.6609933,1782887372.4134278,1.752434492111206,5.556586429439485,3.2449
128,/home/htj/resisc45/imgs_full/medium_residential_s0005128.png,medium_residential,dense residential,dense_residential,0,1782887372.4178696,1782887374.1616967,1.7438271045684814,5.456603767656511,3.244
129,/home/htj/resisc45/imgs_full/tennis_court_s0005129.png,tennis_court,stadium,stadium,0,1782887374.166722,1782887375.9157248,1.7490026950836182,5.522955574981628,3.244
130,/home/htj/resisc45/imgs_full/commercial_area_s0005130.png,commercial_area,industrial area,industrial_area,0,1782887375.920473,1782887377.7980034,1.8775303363800049,5.948983318249384,3.244
131,/home/htj/resisc45/imgs_full/bridge_s0005131.png,bridge,bridge,bridge,1,1782887377.8020842,1782887379.4127505,1.610666275024414,5.070155272911335,3.244
132,/home/htj/resisc45/imgs_full/commercial_area_s0005132.png,commercial_area,stadium,stadium,0,1782887379.417187,1782887381.1604643,1.7432773113250732,5.497959231407412,3.244
133,/home/htj/resisc45/imgs_full/cloud_s0005133.png,cloud,beach,beach,0,1782887381.164834,1782887382.908818,1.7439839839935303,5.505644922371834,3.2425
134,/home/htj/resisc45/imgs_full/roundabout_s0005134.png,roundabout,intersection,intersection,0,1782887382.913677,1782887384.528562,1.6148850917816162,5.10598823174937,3.3033999999999994
135,/home/htj/resisc45/imgs_full/basketball_court_s0005135.png,basketball_court,basketball court,basketball_court,1,1782887384.5328858,1782887386.409097,1.876211166381836,5.9560607751210535,3.343
136,/home/htj/resisc45/imgs_full/commercial_area_s0005136.png,commercial_area,stadium,stadium,0,1782887386.4137144,1782887388.1586666,1.7449522018432617,5.509208122684109,3.2935
137,/home/htj/resisc45/imgs_full/commercial_area_s0005137.png,commercial_area,urban area,,0,1782887388.1635668,1782887389.906571,1.7430040836334229,5.514583790925242,3.2935
138,/home/htj/resisc45/imgs_full/golf_course_s0005138.png,golf_course,golf course,golf_course,1,1782887389.9111316,1782887391.7838638,1.872732162475586,5.941214410724062,3.345
139,/home/htj/resisc45/imgs_full/ship_s0005139.png,ship,ship,ship,1,1782887391.7885072,1782887393.4054973,1.616990089416504,5.121788229087304,3.246
140,/home/htj/resisc45/imgs_full/thermal_power_station_s0005140.png,thermal_power_station,airport,airport,0,1782887393.4078104,1782887395.023989,1.6161785125732422,5.130252171549304,3.345
141,/home/htj/resisc45/imgs_full/tennis_court_s0005141.png,tennis_court,tennis court,tennis_court,1,1782887395.0285683,1782887396.9008508,1.8722825050354004,5.936724144299825,3.246
142,/home/htj/resisc45/imgs_full/freeway_s0005142.png,freeway,runway,runway,0,1782887396.905603,1782887398.6544387,1.748835802078247,5.5526664997146975,3.2945
143,/home/htj/resisc45/imgs_full/medium_residential_s0005143.png,medium_residential,dense residential,dense_residential,0,1782887398.6592474,1782887400.408132,1.748884677886963,5.533527536469121,3.2935
144,/home/htj/resisc45/imgs_full/island_s0005144.png,island,island,island,1,1782887400.4123428,1782887402.15542,1.743077278137207,5.848082370726267,3.748
145,/home/htj/resisc45/imgs_full/stadium_s0005145.png,stadium,runway,runway,0,1782887402.1600547,1782887403.9096563,1.7496016025543213,5.811217064742118,3.6975
146,/home/htj/resisc45/imgs_full/runway_s0005146.png,runway,runway,runway,1,1782887403.9138844,1782887405.658055,1.7441706657409668,5.754919243397251,3.647
147,/home/htj/resisc45/imgs_full/church_s0005147.png,church,church,church,1,1782887405.662614,1782887407.2813492,1.6187350749969482,5.486586912768228,3.8162999999999996
148,/home/htj/resisc45/imgs_full/railway_station_s0005148.png,railway_station,airport,airport,0,1782887407.285943,1782887408.9040473,1.6181042194366455,5.4018097788436075,3.649
149,/home/htj/resisc45/imgs_full/stadium_s0005149.png,stadium,stadium,stadium,1,1782887408.9086719,1782887410.6553173,1.746645450592041,5.847994342188681,3.6975
150,/home/htj/resisc45/imgs_full/cloud_s0005150.png,cloud,forest,forest,0,1782887410.6598904,1782887412.276717,1.6168265342712402,5.373104841857121,3.7076
151,/home/htj/resisc45/imgs_full/airport_s0005151.png,airport,airport,airport,1,1782887412.2812142,1782887413.897315,1.616100788116455,5.415832379045158,3.7076
152,/home/htj/resisc45/imgs_full/sea_ice_s0005152.png,sea_ice,runway,runway,0,1782887413.8995001,1782887415.6474888,1.7479887008666992,5.8570590427460205,3.748
153,/home/htj/resisc45/imgs_full/snowberg_s0005153.png,snowberg,mountain,mountain,0,1782887415.6518145,1782887417.3993661,1.747551679611206,5.800180397264419,3.649
154,/home/htj/resisc45/imgs_full/industrial_area_s0005154.png,industrial_area,industrial area,industrial_area,1,1782887417.4011776,1782887419.2761786,1.8750009536743164,6.167844046217022,3.5858
155,/home/htj/resisc45/imgs_full/dense_residential_s0005155.png,dense_residential,medium residential,medium_residential,0,1782887419.2808523,1782887421.0294492,1.7485969066619873,5.944665419132479,3.7985
156,/home/htj/resisc45/imgs_full/lake_s0005156.png,lake,lake,lake,1,1782887421.0337422,1782887422.6496212,1.6158790588378906,5.441299600737436,3.71465
157,/home/htj/resisc45/imgs_full/desert_s0005157.png,desert,desert,desert,1,1782887422.6539776,1782887424.398042,1.7440643310546875,5.915641170378654,3.852
158,/home/htj/resisc45/imgs_full/stadium_s0005158.png,stadium,stadium,stadium,1,1782887424.4024744,1782887426.1511252,1.7486507892608643,5.769757891301186,3.5985
159,/home/htj/resisc45/imgs_full/bridge_s0005159.png,bridge,bridge,bridge,1,1782887426.155616,1782887427.7726932,1.617077112197876,5.419048448094006,3.748
160,/home/htj/resisc45/imgs_full/stadium_s0005160.png,stadium,stadium,stadium,1,1782887427.7771769,1782887429.5235693,1.7463924884796143,5.864329641072981,3.748
161,/home/htj/resisc45/imgs_full/terrace_s0005161.png,terrace,circular farmland,circular_farmland,0,1782887429.5279415,1782887431.5357273,2.0077857971191406,6.642815081596375,3.67375
162,/home/htj/resisc45/imgs_full/sea_ice_s0005162.png,sea_ice,runway,runway,0,1782887431.539887,1782887433.28253,1.742643117904663,5.873213235985848,3.6975
163,/home/htj/resisc45/imgs_full/bridge_s0005163.png,bridge,intersection,intersection,0,1782887433.287212,1782887434.9025362,1.6153242588043213,5.406713097564105,3.7472
164,/home/htj/resisc45/imgs_full/intersection_s0005164.png,intersection,stadium,stadium,0,1782887434.9069936,1782887436.653624,1.7466304302215576,5.892173241976769,3.748
165,/home/htj/resisc45/imgs_full/sea_ice_s0005165.png,sea_ice,island,island,0,1782887436.6579974,1782887438.4030888,1.745091438293457,5.864239045204655,3.748
166,/home/htj/resisc45/imgs_full/snowberg_s0005166.png,snowberg,mountain,mountain,0,1782887438.4078374,1782887440.159116,1.7512786388397217,5.850005060895797,3.6975
167,/home/htj/resisc45/imgs_full/medium_residential_s0005167.png,medium_residential,dense residential,dense_residential,0,1782887440.1635,1782887441.9118035,1.7483034133911133,5.840404941528074,3.6975
168,/home/htj/resisc45/imgs_full/industrial_area_s0005168.png,industrial_area,storage tank,storage_tank,0,1782887441.9164412,1782887443.6639948,1.7475535869598389,5.780287166003258,3.6975
169,/home/htj/resisc45/imgs_full/wetland_s0005169.png,wetland,lake,lake,0,1782887443.6684794,1782887445.2845702,1.6160907745361328,5.341068555305744,3.647
170,/home/htj/resisc45/imgs_full/island_s0005170.png,island,island,island,1,1782887445.2887135,1782887447.0315173,1.7428038120269775,5.848062520473234,3.695
171,/home/htj/resisc45/imgs_full/runway_s0005171.png,runway,runway,runway,1,1782887447.0357113,1782887448.7779737,1.742262363433838,5.79515803486301,3.695
172,/home/htj/resisc45/imgs_full/sparse_residential_s0005172.png,sparse_residential,circular farmland,circular_farmland,0,1782887448.7825925,1782887450.7890024,2.0064098834991455,6.665739501847161,3.77125
173,/home/htj/resisc45/imgs_full/bridge_s0005173.png,bridge,bridge,bridge,1,1782887450.7933428,1782887452.408444,1.6151010990142822,5.446986138607774,3.746
174,/home/htj/resisc45/imgs_full/river_s0005174.png,river,river,river,1,1782887452.4129186,1782887454.025755,1.6128363609313965,5.451502102545329,3.8136499999999995
175,/home/htj/resisc45/imgs_full/chaparral_s0005175.png,chaparral,wetland,wetland,0,1782887454.030515,1782887455.907622,1.8771071434020996,6.299847618425593,3.68235
176,/home/htj/resisc45/imgs_full/roundabout_s0005176.png,roundabout,roundabout,roundabout,1,1782887455.9122865,1782887457.6619322,1.749645709991455,5.8733913278887355,3.6975
177,/home/htj/resisc45/imgs_full/basketball_court_s0005177.png,basketball_court,stadium,stadium,0,1782887457.6664128,1782887459.4128625,1.7464497089385986,5.78790334668467,3.647
178,/home/htj/resisc45/imgs_full/freeway_s0005178.png,freeway,lake,lake,0,1782887459.4175217,1782887461.0352523,1.6177306175231934,5.369303703373876,3.647
179,/home/htj/resisc45/imgs_full/mountain_s0005179.png,mountain,forest,forest,0,1782887461.0402362,1782887462.6600258,1.6197896003723145,5.410039415614945,3.7126499999999996
180,/home/htj/resisc45/imgs_full/baseball_diamond_s0005180.png,baseball_diamond,baseball diamond,baseball_diamond,1,1782887462.6647058,1782887464.5420988,1.8773930072784424,6.227643909790936,3.647
181,/home/htj/resisc45/imgs_full/basketball_court_s0005181.png,basketball_court,basketball court,basketball_court,1,1782887464.5464602,1782887466.4219038,1.875443696975708,6.252501959208286,3.6847999999999996
182,/home/htj/resisc45/imgs_full/intersection_s0005182.png,intersection,intersection,intersection,1,1782887466.426546,1782887468.0448968,1.6183507442474365,5.400380628355618,3.7076
183,/home/htj/resisc45/imgs_full/parking_lot_s0005183.png,parking_lot,commercial area,commercial_area,0,1782887468.0470974,1782887469.7965837,1.7494862079620361,5.895204170442397,3.7985
184,/home/htj/resisc45/imgs_full/rectangular_farmland_s0005184.png,rectangular_farmland,circular farmland,circular_farmland,0,1782887469.8011453,1782887471.8060503,2.0049049854278564,6.641526223255528,3.67225
185,/home/htj/resisc45/imgs_full/medium_residential_s0005185.png,medium_residential,dense residential,dense_residential,0,1782887471.8108351,1782887473.5621665,1.7513313293457031,5.866564491395027,3.647
186,/home/htj/resisc45/imgs_full/parking_lot_s0005186.png,parking_lot,mobile home park,mobile_home_park,0,1782887473.5669887,1782887475.4480104,1.8810217380523682,6.195515598557212,3.6847999999999996
187,/home/htj/resisc45/imgs_full/dense_residential_s0005187.png,dense_residential,dense residential,dense_residential,1,1782887475.4526885,1782887477.2029583,1.750269889831543,5.823147923469543,3.644
188,/home/htj/resisc45/imgs_full/medium_residential_s0005188.png,medium_residential,medium residential,medium_residential,1,1782887477.2078102,1782887478.9579701,1.7501599788665771,5.793650554557001,3.6965
189,/home/htj/resisc45/imgs_full/church_s0005189.png,church,stadium,stadium,0,1782887478.9627361,1782887480.7157378,1.7530016899108887,5.809899987897565,3.647
190,/home/htj/resisc45/imgs_full/intersection_s0005190.png,intersection,bridge,bridge,0,1782887480.7203698,1782887482.337981,1.6176111698150635,5.36979972743988,3.647
191,/home/htj/resisc45/imgs_full/palace_s0005191.png,palace,stadium,stadium,0,1782887482.3427067,1782887484.091944,1.749237298965454,5.84346826471821,3.7985
192,/home/htj/resisc45/imgs_full/commercial_area_s0005192.png,commercial_area,runway,runway,0,1782887484.0965004,1782887485.8425012,1.7460007667541504,5.941133705815961,3.849
193,/home/htj/resisc45/imgs_full/mobile_home_park_s0005193.png,mobile_home_park,dense residential,dense_residential,0,1782887485.8472412,1782887487.5939333,1.746692180633545,5.789721129709674,3.647
194,/home/htj/resisc45/imgs_full/palace_s0005194.png,palace,church,church,0,1782887487.5984795,1782887489.2154498,1.6169703006744385,5.350108664159117,3.7076
195,/home/htj/resisc45/imgs_full/medium_residential_s0005195.png,medium_residential,dense residential,dense_residential,0,1782887489.220029,1782887490.9634516,1.743422508239746,5.784619642903728,3.6975
196,/home/htj/resisc45/imgs_full/island_s0005196.png,island,island,island,1,1782887490.967647,1782887492.708129,1.7404818534851074,5.820171318054199,3.6975
197,/home/htj/resisc45/imgs_full/meadow_s0005197.png,meadow,wetland,wetland,0,1782887492.7127867,1782887494.589013,1.8762264251708984,5.916083050641146,3.244
198,/home/htj/resisc45/imgs_full/lake_s0005198.png,lake,lake,lake,1,1782887494.5936756,1782887496.213416,1.6197404861450195,5.127874966654284,3.244
199,/home/htj/resisc45/imgs_full/basketball_court_s0005199.png,basketball_court,tennis court,tennis_court,0,1782887496.2179801,1782887498.0957918,1.8778116703033447,5.9300154480500655,3.2847999999999997
200,/home/htj/resisc45/imgs_full/bridge_s0005200.png,bridge,bridge,bridge,1,1782887498.1004987,1782887499.713983,1.6134843826293945,5.114411668580154,3.244
201,/home/htj/resisc45/imgs_full/storage_tank_s0005201.png,storage_tank,storage tank,storage_tank,1,1782887499.7186158,1782887501.466535,1.7479193210601807,5.559567515350157,3.2935
202,/home/htj/resisc45/imgs_full/mobile_home_park_s0005202.png,mobile_home_park,medium residential,medium_residential,0,1782887501.4712777,1782887503.2211757,1.7498979568481445,5.536790032109907,3.244
203,/home/htj/resisc45/imgs_full/mobile_home_park_s0005203.png,mobile_home_park,lake,lake,0,1782887503.2258961,1782887504.8453374,1.619441270828247,5.404689791580727,3.7076
204,/home/htj/resisc45/imgs_full/snowberg_s0005204.png,snowberg,mountain,mountain,0,1782887504.8500361,1782887506.6020596,1.752023458480835,5.949645597457885,3.848
205,/home/htj/resisc45/imgs_full/golf_course_s0005205.png,golf_course,golf course,golf_course,1,1782887506.606208,1782887508.4788277,1.87261962890625,6.2063020665785835,3.68235
206,/home/htj/resisc45/imgs_full/industrial_area_s0005206.png,industrial_area,industrial area,industrial_area,1,1782887508.483635,1782887510.3655596,1.8819246292114258,6.304732647953611,3.6874
207,/home/htj/resisc45/imgs_full/airplane_s0005207.png,airplane,airport,airport,0,1782887510.3699884,1782887511.9870126,1.6170241832733154,5.412793295416338,3.7076
208,/home/htj/resisc45/imgs_full/storage_tank_s0005208.png,storage_tank,storage tank,storage_tank,1,1782887511.9918144,1782887513.7416081,1.7497937679290771,5.803840148379726,3.695
209,/home/htj/resisc45/imgs_full/railway_s0005209.png,railway,railway station,railway_station,0,1782887513.7461953,1782887515.623939,1.8777437210083008,6.225517053690824,3.6874
210,/home/htj/resisc45/imgs_full/harbor_s0005210.png,harbor,harbor,harbor,1,1782887515.6285856,1782887517.374954,1.746368408203125,5.928470070131363,3.7965
211,/home/htj/resisc45/imgs_full/dense_residential_s0005211.png,dense_residential,dense residential,dense_residential,1,1782887517.3798702,1782887519.1305199,1.7506496906280518,5.892573913512691,3.7965
212,/home/htj/resisc45/imgs_full/overpass_s0005212.png,overpass,intersection,intersection,0,1782887519.134924,1782887520.7493455,1.6144216060638428,5.389400584357125,3.7102999999999997
213,/home/htj/resisc45/imgs_full/tennis_court_s0005213.png,tennis_court,tennis court,tennis_court,1,1782887520.7539916,1782887522.634117,1.8801252841949463,6.232947103921105,3.644
214,/home/htj/resisc45/imgs_full/railway_station_s0005214.png,railway_station,runway,runway,0,1782887522.6389287,1782887524.387917,1.748988389968872,5.830675940313646,3.647
215,/home/htj/resisc45/imgs_full/church_s0005215.png,church,stadium,stadium,0,1782887524.3925595,1782887526.1418858,1.749326229095459,5.840718129557948,3.746
216,/home/htj/resisc45/imgs_full/sea_ice_s0005216.png,sea_ice,island,island,0,1782887526.1460876,1782887527.8896675,1.7435798645019531,5.7981342281218495,3.695
217,/home/htj/resisc45/imgs_full/circular_farmland_s0005217.png,circular_farmland,circular farmland,circular_farmland,1,1782887527.8940654,1782887529.89817,2.0041046142578125,6.634643995073106,3.6695
218,/home/htj/resisc45/imgs_full/stadium_s0005218.png,stadium,stadium,stadium,1,1782887529.9031544,1782887531.654334,1.7511796951293945,5.874078083807422,3.6935
219,/home/htj/resisc45/imgs_full/lake_s0005219.png,lake,lake,lake,1,1782887531.6563785,1782887533.2708194,1.61444091796875,5.360723232926994,3.644
220,/home/htj/resisc45/imgs_full/river_s0005220.png,river,river,river,1,1782887533.2757719,1782887534.8949168,1.6191449165344238,5.403780505725316,3.70835
221,/home/htj/resisc45/imgs_full/rectangular_farmland_s0005221.png,rectangular_farmland,circular farmland,circular_farmland,0,1782887534.8992748,1782887536.9031472,2.0038723945617676,6.604935172966548,3.6746
222,/home/htj/resisc45/imgs_full/wetland_s0005222.png,wetland,forest,forest,0,1782887536.9073982,1782887538.5203424,1.6129441261291504,5.451584290027618,3.7051999999999996
223,/home/htj/resisc45/imgs_full/church_s0005223.png,church,church,church,1,1782887538.5252943,1782887540.1453717,1.62007737159729,5.444353804358121,3.8036
224,/home/htj/resisc45/imgs_full/ship_s0005224.png,ship,harbor,harbor,0,1782887540.1499245,1782887541.8977664,1.7478418350219727,5.84980109383983,3.6935
225,/home/htj/resisc45/imgs_full/stadium_s0005225.png,stadium,stadium,stadium,1,1782887541.9027824,1782887543.6517353,1.748952865600586,5.9046905456050744,3.7935
226,/home/htj/resisc45/imgs_full/ship_s0005226.png,ship,harbor,harbor,0,1782887543.656122,1782887545.3997688,1.7436468601226807,5.831542553670944,3.644
227,/home/htj/resisc45/imgs_full/palace_s0005227.png,palace,stadium,stadium,0,1782887545.404291,1782887547.1508887,1.7465977668762207,5.869920701426845,3.743
228,/home/htj/resisc45/imgs_full/baseball_diamond_s0005228.png,baseball_diamond,baseball diamond,baseball_diamond,1,1782887547.155451,1782887549.0312717,1.8758206367492676,6.257339742848369,3.6847999999999996
229,/home/htj/resisc45/imgs_full/railway_station_s0005229.png,railway_station,runway,runway,0,1782887549.0335238,1782887550.7831218,1.7495980262756348,5.954954417690154,3.847
230,/home/htj/resisc45/imgs_full/mobile_home_park_s0005230.png,mobile_home_park,mobile home park,mobile_home_park,1,1782887550.7877145,1782887552.6661909,1.8784763813018799,6.311452947067492,3.7863999999999995
231,/home/htj/resisc45/imgs_full/baseball_diamond_s0005231.png,baseball_diamond,golf course,golf_course,0,1782887552.6707225,1782887554.5452785,1.874556064605713,6.281750981952205,3.746
232,/home/htj/resisc45/imgs_full/commercial_area_s0005232.png,commercial_area,stadium,stadium,0,1782887554.5498123,1782887556.2993908,1.7495784759521484,5.88050257172123,3.695
233,/home/htj/resisc45/imgs_full/mountain_s0005233.png,mountain,desert,desert,0,1782887556.3038342,1782887558.0491502,1.7453160285949707,5.8032883961123805,3.695
234,/home/htj/resisc45/imgs_full/medium_residential_s0005234.png,medium_residential,dense residential,dense_residential,0,1782887558.053888,1782887559.802836,1.7489478588104248,5.791838296305748,3.644
235,/home/htj/resisc45/imgs_full/golf_course_s0005235.png,golf_course,golf course,golf_course,1,1782887559.807259,1782887561.6822634,1.8750042915344238,6.1948437242941425,3.642
236,/home/htj/resisc45/imgs_full/forest_s0005236.png,forest,forest,forest,1,1782887561.6871512,1782887563.3104722,1.6233210563659668,5.463203050317436,3.644
237,/home/htj/resisc45/imgs_full/lake_s0005237.png,lake,lake,lake,1,1782887563.3149061,1782887564.9304984,1.6155922412872314,5.375521067380905,3.644
238,/home/htj/resisc45/imgs_full/meadow_s0005238.png,meadow,forest,forest,0,1782887564.9349,1782887566.5485573,1.6136572360992432,5.404022822465215,3.7102999999999997
239,/home/htj/resisc45/imgs_full/airplane_s0005239.png,airplane,airport,airport,0,1782887566.5529795,1782887568.169256,1.616276502609253,5.452146512681041,3.8066
240,/home/htj/resisc45/imgs_full/river_s0005240.png,river,river,river,1,1782887568.1737778,1782887569.7903116,1.6165337562561035,5.446882620433281,3.8066
241,/home/htj/resisc45/imgs_full/mountain_s0005241.png,mountain,beach,beach,0,1782887569.7949038,1782887571.5393403,1.744436502456665,5.824392120976602,3.746
242,/home/htj/resisc45/imgs_full/overpass_s0005242.png,overpass,intersection,intersection,0,1782887571.5437353,1782887573.159102,1.6153666973114014,5.437602814649713,3.7051999999999996
243,/home/htj/resisc45/imgs_full/overpass_s0005243.png,overpass,intersection,intersection,0,1782887573.1637185,1782887574.7803617,1.6166431903839111,5.431747907919544,3.746
244,/home/htj/resisc45/imgs_full/meadow_s0005244.png,meadow,meadow,meadow,1,1782887574.7845411,1782887576.5279055,1.7433643341064453,5.871763552388837,3.746
245,/home/htj/resisc45/imgs_full/stadium_s0005245.png,stadium,stadium,stadium,1,1782887576.5325384,1782887578.2789836,1.7464451789855957,5.8728876330534625,3.7001
246,/home/htj/resisc45/imgs_full/bridge_s0005246.png,bridge,bridge,bridge,1,1782887578.2836137,1782887579.9005673,1.6169536113739014,5.526689695332731,3.847
247,/home/htj/resisc45/imgs_full/basketball_court_s0005247.png,basketball_court,basketball court,basketball_court,1,1782887579.9049246,1782887581.7787235,1.8737988471984863,6.178300581329008,3.644
248,/home/htj/resisc45/imgs_full/railway_s0005248.png,railway,runway,runway,0,1782887581.783403,1782887583.531857,1.7484540939331055,5.876610611454133,3.695
249,/home/htj/resisc45/imgs_full/dense_residential_s0005249.png,dense_residential,medium residential,medium_residential,0,1782887583.536578,1782887585.2887137,1.7521357536315918,5.883445778662159,3.746
250,/home/htj/resisc45/imgs_full/desert_s0005250.png,desert,desert,desert,1,1782887585.2930534,1782887587.0373924,1.7443389892578125,5.868462780860162,3.746
251,/home/htj/resisc45/imgs_full/ship_s0005251.png,ship,harbor,harbor,0,1782887587.0416355,1782887588.7844086,1.7427730560302734,5.750645118528797,3.5935
252,/home/htj/resisc45/imgs_full/storage_tank_s0005252.png,storage_tank,storage tank,storage_tank,1,1782887588.7890759,1782887590.5407245,1.7516486644744873,5.809088524149311,3.644
253,/home/htj/resisc45/imgs_full/sparse_residential_s0005253.png,sparse_residential,desert,desert,0,1782887590.5454152,1782887592.2942276,1.7488124370574951,5.803518692331929,3.644
254,/home/htj/resisc45/imgs_full/beach_s0005254.png,beach,beach,beach,1,1782887592.2985413,1782887594.042884,1.7443428039550781,5.874608948984454,3.746
255,/home/htj/resisc45/imgs_full/mobile_home_park_s0005255.png,mobile_home_park,dense residential,dense_residential,0,1782887594.0476189,1782887595.7954814,1.7478625774383545,5.806343099586425,3.644
256,/home/htj/resisc45/imgs_full/island_s0005256.png,island,island,island,1,1782887595.799557,1782887597.5336235,1.7340664863586426,5.789488621665585,3.644
257,/home/htj/resisc45/imgs_full/cloud_s0005257.png,cloud,forest,forest,0,1782887597.538033,1782887599.1534135,1.6153805255889893,5.434251493634848,3.7051999999999996
258,/home/htj/resisc45/imgs_full/runway_s0005258.png,runway,runway,runway,1,1782887599.1579034,1782887600.9057837,1.747880220413208,5.812829397532248,3.695
259,/home/htj/resisc45/imgs_full/golf_course_s0005259.png,golf_course,golf course,golf_course,1,1782887600.9100955,1782887602.7830305,1.8729350566864014,6.2529923313747755,3.746
260,/home/htj/resisc45/imgs_full/meadow_s0005260.png,meadow,forest,forest,0,1782887602.7877734,1782887604.4052005,1.617427110671997,5.440100556237357,3.7102999999999997
261,/home/htj/resisc45/imgs_full/medium_residential_s0005261.png,medium_residential,medium residential,medium_residential,1,1782887604.4098258,1782887606.158577,1.748751163482666,5.8259362954785745,3.746
262,/home/htj/resisc45/imgs_full/basketball_court_s0005262.png,basketball_court,basketball court,basketball_court,1,1782887606.1632953,1782887608.0390463,1.87575101852417,6.24481649384779,3.743
263,/home/htj/resisc45/imgs_full/railway_station_s0005263.png,railway_station,airport,airport,0,1782887608.0437415,1782887609.6558783,1.6121368408203125,5.456852900913783,3.644
264,/home/htj/resisc45/imgs_full/medium_residential_s0005264.png,medium_residential,medium residential,medium_residential,1,1782887609.6599064,1782887611.4060898,1.7461833953857422,5.740099120109312,3.644
265,/home/htj/resisc45/imgs_full/palace_s0005265.png,palace,stadium,stadium,0,1782887611.4109855,1782887613.1610415,1.7500560283660889,5.746506556110997,3.647
266,/home/htj/resisc45/imgs_full/ship_s0005266.png,ship,ship,ship,1,1782887613.165665,1782887614.7814128,1.6157479286193848,5.422334637880326,3.7102999999999997
267,/home/htj/resisc45/imgs_full/bridge_s0005267.png,bridge,bridge,bridge,1,1782887614.785897,1782887616.4000669,1.6141698360443115,5.411699188939457,3.7051999999999996
268,/home/htj/resisc45/imgs_full/sea_ice_s0005268.png,sea_ice,sea ice,sea_ice,1,1782887616.404567,1782887618.1457047,1.7411377429962158,5.739239326784688,3.695
269,/home/htj/resisc45/imgs_full/basketball_court_s0005269.png,basketball_court,basketball court,basketball_court,1,1782887618.1501882,1782887620.02493,1.874741792678833,6.306517769856886,3.847
270,/home/htj/resisc45/imgs_full/roundabout_s0005270.png,roundabout,intersection,intersection,0,1782887620.0294294,1782887621.6431222,1.6136927604675293,5.119209755046027,3.241
271,/home/htj/resisc45/imgs_full/baseball_diamond_s0005271.png,baseball_diamond,stadium,stadium,0,1782887621.6477811,1782887623.3971326,1.7493515014648438,5.493640882922757,3.241
272,/home/htj/resisc45/imgs_full/commercial_area_s0005272.png,commercial_area,forest,forest,0,1782887623.4019136,1782887625.0197258,1.617812156677246,5.113904227256775,3.241
273,/home/htj/resisc45/imgs_full/bridge_s0005273.png,bridge,bridge,bridge,1,1782887625.024006,1782887626.6362183,1.6122124195098877,5.083917287563455,3.241
274,/home/htj/resisc45/imgs_full/roundabout_s0005274.png,roundabout,roundabout,roundabout,1,1782887626.6408281,1782887628.388741,1.747912883758545,5.472658854761431,3.244
275,/home/htj/resisc45/imgs_full/snowberg_s0005275.png,snowberg,forest,forest,0,1782887628.393283,1782887630.0107815,1.6174986362457275,5.118602322307126,3.301
276,/home/htj/resisc45/imgs_full/railway_s0005276.png,railway,railway,railway,1,1782887630.0129597,1782887631.7573967,1.7444369792938232,5.477700931464471,3.241
277,/home/htj/resisc45/imgs_full/island_s0005277.png,island,island,island,1,1782887631.7614515,1782887633.503815,1.742363452911377,5.517671618461609,3.244
278,/home/htj/resisc45/imgs_full/parking_lot_s0005278.png,parking_lot,stadium,stadium,0,1782887633.5083258,1782887635.2533438,1.7450180053710938,5.536322931105091,3.291
279,/home/htj/resisc45/imgs_full/parking_lot_s0005279.png,parking_lot,storage tank,storage_tank,0,1782887635.2579968,1782887637.004968,1.7469711303710938,5.50865080531951,3.241
280,/home/htj/resisc45/imgs_full/baseball_diamond_s0005280.png,baseball_diamond,baseball diamond,baseball_diamond,1,1782887637.0093427,1782887638.884525,1.8751823902130127,5.906767705462196,3.2836
281,/home/htj/resisc45/imgs_full/island_s0005281.png,island,island,island,1,1782887638.8884816,1782887640.6278586,1.7393770217895508,5.553774721637849,3.343
282,/home/htj/resisc45/imgs_full/railway_station_s0005282.png,railway_station,runway,runway,0,1782887640.6300569,1782887642.378536,1.7484791278839111,5.541212369026676,3.241
283,/home/htj/resisc45/imgs_full/dense_residential_s0005283.png,dense_residential,residential,,0,1782887642.3836021,1782887644.1323757,1.7487735748291016,5.526857853120373,3.244
284,/home/htj/resisc45/imgs_full/church_s0005284.png,church,church,church,1,1782887644.1371312,1782887645.7572749,1.6201436519622803,5.145352770542276,3.343
285,/home/htj/resisc45/imgs_full/storage_tank_s0005285.png,storage_tank,golf course,golf_course,0,1782887645.7586937,1782887647.6370056,1.8783118724822998,5.884861585420721,3.244
286,/home/htj/resisc45/imgs_full/terrace_s0005286.png,terrace,runway,runway,0,1782887647.6384304,1782887649.3844469,1.746016502380371,5.535097604997696,3.244
287,/home/htj/resisc45/imgs_full/church_s0005287.png,church,church,church,1,1782887649.3861365,1782887651.0040464,1.6179099082946777,5.428781132289341,3.647
288,/home/htj/resisc45/imgs_full/storage_tank_s0005288.png,storage_tank,storage tank,storage_tank,1,1782887651.0056167,1782887652.7516127,1.7459959983825684,5.821601238219968,3.748
289,/home/htj/resisc45/imgs_full/circular_farmland_s0005289.png,circular_farmland,circular farmland,circular_farmland,1,1782887652.7528613,1782887654.76024,2.0073788166046143,6.716577999313672,3.748
290,/home/htj/resisc45/imgs_full/palace_s0005290.png,palace,church,church,0,1782887654.7618318,1782887656.382233,1.62040114402771,5.416442265469453,3.6035999999999997
291,/home/htj/resisc45/imgs_full/intersection_s0005291.png,intersection,tennis court,tennis_court,0,1782887656.3838398,1782887658.2639842,1.8801443576812744,6.243389671145064,3.746
292,/home/htj/resisc45/imgs_full/cloud_s0005292.png,cloud,forest,forest,0,1782887658.265718,1782887659.8810506,1.6153326034545898,5.477704260563028,3.746
293,/home/htj/resisc45/imgs_full/medium_residential_s0005293.png,medium_residential,medium residential,medium_residential,1,1782887659.8827193,1782887661.6326306,1.7499113082885742,5.787803427788519,3.6975
294,/home/htj/resisc45/imgs_full/snowberg_s0005294.png,snowberg,mountain,mountain,0,1782887661.634378,1782887663.3841636,1.7497856616973877,5.816174650084588,3.647
295,/home/htj/resisc45/imgs_full/overpass_s0005295.png,overpass,bridge,bridge,0,1782887663.3857055,1782887665.0009418,1.6152362823486328,5.434211831849197,3.7076
296,/home/htj/resisc45/imgs_full/lake_s0005296.png,lake,lake,lake,1,1782887665.0022619,1782887666.6144495,1.6121876239776611,5.45938549795321,3.7473
297,/home/htj/resisc45/imgs_full/commercial_area_s0005297.png,commercial_area,stadium,stadium,0,1782887666.6161807,1782887668.3651052,1.7489244937896729,5.8019159658493535,3.6975
298,/home/htj/resisc45/imgs_full/beach_s0005298.png,beach,beach,beach,1,1782887668.366432,1782887670.1088028,1.742370843887329,5.818619330406189,3.6965
299,/home/htj/resisc45/imgs_full/sparse_residential_s0005299.png,sparse_residential,circular farmland,circular_farmland,0,1782887670.110373,1782887672.1135554,2.0031824111938477,6.596034528414409,3.647
300,/home/htj/resisc45/imgs_full/circular_farmland_s0005300.png,circular_farmland,circular farmland,circular_farmland,1,1782887672.115037,1782887674.1215827,2.0065457820892334,6.374461525400481,3.341
301,/home/htj/resisc45/imgs_full/bridge_s0005301.png,bridge,bridge,bridge,1,1782887674.1230357,1782887675.7367618,1.6137261390686035,5.161618321963719,3.3423000000000003
302,/home/htj/resisc45/imgs_full/commercial_area_s0005302.png,commercial_area,stadium,stadium,0,1782887675.7383647,1782887677.486649,1.7482843399047852,5.457015783802156,3.244
303,/home/htj/resisc45/imgs_full/golf_course_s0005303.png,golf_course,golf course,golf_course,1,1782887677.4881148,1782887679.361609,1.8734941482543945,5.88365326982386,3.241
304,/home/htj/resisc45/imgs_full/ship_s0005304.png,ship,runway,runway,0,1782887679.3631344,1782887681.108328,1.7451937198638916,5.524720351372995,3.2425
305,/home/htj/resisc45/imgs_full/forest_s0005305.png,forest,forest,forest,1,1782887681.1099231,1782887682.7287207,1.6187975406646729,5.147544922522136,3.241
306,/home/htj/resisc45/imgs_full/airplane_s0005306.png,airplane,airport,airport,0,1782887682.7301319,1782887684.3444748,1.6143429279327393,5.424247904851518,3.8066
307,/home/htj/resisc45/imgs_full/commercial_area_s0005307.png,commercial_area,airplane,airplane,0,1782887684.3457716,1782887686.0876007,1.7418291568756104,5.816585623218168,3.7965
308,/home/htj/resisc45/imgs_full/mobile_home_park_s0005308.png,mobile_home_park,dense residential,dense_residential,0,1782887686.0893464,1782887687.83804,1.7486937046051025,5.53704118247186,3.292
309,/home/htj/resisc45/imgs_full/island_s0005309.png,island,island,island,1,1782887687.8392215,1782887689.5804853,1.7412638664245605,5.506101024843031,3.241
310,/home/htj/resisc45/imgs_full/intersection_s0005310.png,intersection,intersection,intersection,1,1782887689.5819514,1782887691.2004945,1.6185431480407715,5.49394937460998,3.746
311,/home/htj/resisc45/imgs_full/basketball_court_s0005311.png,basketball_court,basketball court,basketball_court,1,1782887691.2020378,1782887693.0768213,1.8747835159301758,5.910340251402421,3.2422
312,/home/htj/resisc45/imgs_full/mobile_home_park_s0005312.png,mobile_home_park,sparse residential,sparse_residential,0,1782887693.0785143,1782887694.8232832,1.7447688579559326,5.5423989844629835,3.343
313,/home/htj/resisc45/imgs_full/river_s0005313.png,river,bridge,bridge,0,1782887694.8248081,1782887696.4408555,1.6160473823547363,5.136745919244042,3.241
314,/home/htj/resisc45/imgs_full/rectangular_farmland_s0005314.png,rectangular_farmland,circular farmland,circular_farmland,0,1782887696.4421573,1782887698.4400394,1.9978821277618408,6.303318113088608,3.244
315,/home/htj/resisc45/imgs_full/palace_s0005315.png,palace,stadium,stadium,0,1782887698.441668,1782887700.1903734,1.7487053871154785,5.583165022250144,3.343
316,/home/htj/resisc45/imgs_full/mobile_home_park_s0005316.png,mobile_home_park,medium residential,medium_residential,0,1782887700.192015,1782887701.9387207,1.7467057704925537,5.520153688230823,3.244
317,/home/htj/resisc45/imgs_full/desert_s0005317.png,desert,desert,desert,1,1782887701.9402058,1782887703.6856844,1.745478630065918,5.493077554579704,3.2425
318,/home/htj/resisc45/imgs_full/forest_s0005318.png,forest,forest,forest,1,1782887703.6873286,1782887705.3076458,1.6203172206878662,5.11757638601599,3.244
319,/home/htj/resisc45/imgs_full/mobile_home_park_s0005319.png,mobile_home_park,medium residential,medium_residential,0,1782887705.3093405,1782887707.058231,1.7488906383514404,5.470417085109219,3.244
320,/home/htj/resisc45/imgs_full/storage_tank_s0005320.png,storage_tank,stadium,stadium,0,1782887707.059696,1782887708.8045712,1.744875192642212,5.816682170414155,3.6975
321,/home/htj/resisc45/imgs_full/railway_s0005321.png,railway,runway,runway,0,1782887708.806304,1782887710.5543158,1.748011827468872,5.860350620285157,3.6965
322,/home/htj/resisc45/imgs_full/forest_s0005322.png,forest,forest,forest,1,1782887710.559141,1782887712.17917,1.6200289726257324,5.448101571872317,3.7051999999999996
323,/home/htj/resisc45/imgs_full/mobile_home_park_s0005323.png,mobile_home_park,mobile home park,mobile_home_park,1,1782887712.1838753,1782887714.0630283,1.8791530132293701,6.297318093362977,3.7813499999999998
324,/home/htj/resisc45/imgs_full/commercial_area_s0005324.png,commercial_area,stadium,stadium,0,1782887714.0673082,1782887715.8076386,1.740330457687378,5.764032486875852,3.59855
325,/home/htj/resisc45/imgs_full/island_s0005325.png,island,island,island,1,1782887715.8121593,1782887717.5565145,1.7443552017211914,5.869530175701265,3.644
326,/home/htj/resisc45/imgs_full/island_s0005326.png,island,island,island,1,1782887717.5606809,1782887719.3023152,1.7416343688964844,5.805204442054994,3.644
327,/home/htj/resisc45/imgs_full/airplane_s0005327.png,airplane,airport,airport,0,1782887719.306684,1782887720.9202352,1.613551139831543,5.441931726387569,3.7126499999999996
328,/home/htj/resisc45/imgs_full/mountain_s0005328.png,mountain,forest,forest,0,1782887720.924747,1782887722.5443692,1.6196222305297852,5.4322129611969,3.7472
329,/home/htj/resisc45/imgs_full/terrace_s0005329.png,terrace,circular farmland,circular_farmland,0,1782887722.5487983,1782887724.55286,2.004061698913574,6.762928876505958,3.77325
330,/home/htj/resisc45/imgs_full/baseball_diamond_s0005330.png,baseball_diamond,golf course,golf_course,0,1782887724.557127,1782887726.4284403,1.8713133335113525,6.221719888672685,3.5858
331,/home/htj/resisc45/imgs_full/baseball_diamond_s0005331.png,baseball_diamond,meadow,meadow,0,1782887726.4326315,1782887728.1772401,1.7446086406707764,5.844495223945187,3.6965
332,/home/htj/resisc45/imgs_full/island_s0005332.png,island,island,island,1,1782887728.1811826,1782887729.9197206,1.7385380268096924,5.899700753042774,3.849
333,/home/htj/resisc45/imgs_full/overpass_s0005333.png,overpass,intersection,intersection,0,1782887729.9244714,1782887731.5435257,1.6190543174743652,5.465089933905109,3.8085999999999998
334,/home/htj/resisc45/imgs_full/dense_residential_s0005334.png,dense_residential,dense residential,dense_residential,1,1782887731.548093,1782887733.2956088,1.7475156784057617,5.769676683887359,3.6975
335,/home/htj/resisc45/imgs_full/circular_farmland_s0005335.png,circular_farmland,circular farmland,circular_farmland,1,1782887733.3001485,1782887735.3052626,2.0051140785217285,6.828193203952576,3.849
336,/home/htj/resisc45/imgs_full/storage_tank_s0005336.png,storage_tank,storage tank,storage_tank,1,1782887735.3095987,1782887737.0529413,1.743342638015747,5.721088169374774,3.444
337,/home/htj/resisc45/imgs_full/island_s0005337.png,island,island,island,1,1782887737.057205,1782887738.8010406,1.743835687637329,5.791559582464156,3.6455
338,/home/htj/resisc45/imgs_full/thermal_power_station_s0005338.png,thermal_power_station,industrial area,industrial_area,0,1782887738.8056846,1782887740.6850002,1.8793156147003174,6.013582171208931,3.4645999999999995
339,/home/htj/resisc45/imgs_full/storage_tank_s0005339.png,storage_tank,storage tank,storage_tank,1,1782887740.6894495,1782887742.44067,1.751220464706421,5.764283387038016,3.596
340,/home/htj/resisc45/imgs_full/tennis_court_s0005340.png,tennis_court,stadium,stadium,0,1782887742.445188,1782887744.1932688,1.7480807304382324,5.782651056289673,3.6975
341,/home/htj/resisc45/imgs_full/forest_s0005341.png,forest,forest,forest,1,1782887744.1980348,1782887745.8145585,1.6165237426757812,5.461732046719256,3.7076
342,/home/htj/resisc45/imgs_full/railway_s0005342.png,railway,railway,railway,1,1782887745.8192081,1782887747.568499,1.749290943145752,5.774635118284532,3.6975
343,/home/htj/resisc45/imgs_full/airport_s0005343.png,airport,airport,airport,1,1782887747.5729067,1782887749.18976,1.6168532371520996,5.400122551408308,3.7076
344,/home/htj/resisc45/imgs_full/mountain_s0005344.png,mountain,river,river,0,1782887749.1941776,1782887750.8090904,1.614912748336792,5.374485313111338,3.7051999999999996
345,/home/htj/resisc45/imgs_full/storage_tank_s0005345.png,storage_tank,storage tank,storage_tank,1,1782887750.8137093,1782887752.5640883,1.7503790855407715,5.890533797417918,3.847
346,/home/htj/resisc45/imgs_full/basketball_court_s0005346.png,basketball_court,stadium,stadium,0,1782887752.568782,1782887754.318127,1.749344825744629,5.883554523283436,3.7985
347,/home/htj/resisc45/imgs_full/basketball_court_s0005347.png,basketball_court,basketball court,basketball_court,1,1782887754.32233,1782887756.1979463,1.8756163120269775,6.305822041034698,3.6874
348,/home/htj/resisc45/imgs_full/palace_s0005348.png,palace,stadium,stadium,0,1782887756.2027802,1782887757.9500797,1.7472994327545166,5.785026599361051,3.596
349,/home/htj/resisc45/imgs_full/baseball_diamond_s0005349.png,baseball_diamond,baseball diamond,baseball_diamond,1,1782887757.9548552,1782887759.8326056,1.8777503967285156,6.289781010714444,3.746
350,/home/htj/resisc45/imgs_full/mountain_s0005350.png,mountain,mountain,mountain,1,1782887759.837196,1782887761.583946,1.7467498779296875,5.754582952683972,3.545
351,/home/htj/resisc45/imgs_full/thermal_power_station_s0005351.png,thermal_power_station,industrial area,industrial_area,0,1782887761.5884042,1782887763.464765,1.8763608932495117,6.267898274768482,3.7863999999999995
352,/home/htj/resisc45/imgs_full/stadium_s0005352.png,stadium,stadium,stadium,1,1782887763.4693916,1782887765.215166,1.745774507522583,5.518167957052108,3.244
353,/home/htj/resisc45/imgs_full/cloud_s0005353.png,cloud,lake,lake,0,1782887765.2195745,1782887766.830729,1.611154556274414,5.1394719204080515,3.3033999999999994
354,/home/htj/resisc45/imgs_full/bridge_s0005354.png,bridge,bridge,bridge,1,1782887766.8352485,1782887768.4528062,1.6175577640533447,5.561498259938996,3.9101999999999997
355,/home/htj/resisc45/imgs_full/dense_residential_s0005355.png,dense_residential,dense residential,dense_residential,1,1782887768.457601,1782887770.2069287,1.7493276596069336,5.781640774849922,3.647
356,/home/htj/resisc45/imgs_full/wetland_s0005356.png,wetland,forest,forest,0,1782887770.211435,1782887771.8261235,1.6146883964538574,5.534650712851821,3.9101999999999997
357,/home/htj/resisc45/imgs_full/beach_s0005357.png,beach,beach,beach,1,1782887771.8305116,1782887773.5750973,1.7445857524871826,5.9588296069791244,3.9
358,/home/htj/resisc45/imgs_full/baseball_diamond_s0005358.png,baseball_diamond,golf course,golf_course,0,1782887773.579388,1782887775.4514525,1.8720645904541016,6.345107647809115,3.7883999999999998
359,/home/htj/resisc45/imgs_full/intersection_s0005359.png,intersection,intersection,intersection,1,1782887775.4560394,1782887777.0747826,1.6187431812286377,5.4898837710413435,3.8066
360,/home/htj/resisc45/imgs_full/commercial_area_s0005360.png,commercial_area,dense residential,dense_residential,0,1782887777.0794516,1782887778.8263574,1.74690580368042,5.799276453818044,3.644
361,/home/htj/resisc45/imgs_full/meadow_s0005361.png,meadow,chaparral,chaparral,0,1782887778.8310187,1782887780.7082052,1.8771865367889404,6.286470173944127,3.7468000000000004
362,/home/htj/resisc45/imgs_full/tennis_court_s0005362.png,tennis_court,golf course,golf_course,0,1782887780.7128098,1782887782.593622,1.880812168121338,6.282521139579661,3.746
363,/home/htj/resisc45/imgs_full/palace_s0005363.png,palace,temple,,0,1782887782.598198,1782887784.3494394,1.7512414455413818,5.7515853320937005,3.544
364,/home/htj/resisc45/imgs_full/storage_tank_s0005364.png,storage_tank,stadium,stadium,0,1782887784.3538795,1782887786.1004539,1.7465744018554688,5.799134084147792,3.695
365,/home/htj/resisc45/imgs_full/ship_s0005365.png,ship,ship,ship,1,1782887786.104633,1782887787.7164783,1.6118452548980713,5.422191856606253,3.746
366,/home/htj/resisc45/imgs_full/wetland_s0005366.png,wetland,wetland,wetland,1,1782887787.7208416,1782887789.5953982,1.874556541442871,6.2779466620358555,3.7468000000000004
367,/home/htj/resisc45/imgs_full/railway_s0005367.png,railway,railway,railway,1,1782887789.6001105,1782887791.3495638,1.7494533061981201,5.751863866913704,3.545
368,/home/htj/resisc45/imgs_full/runway_s0005368.png,runway,airport,airport,0,1782887791.3537662,1782887792.9667287,1.6129624843597412,5.376226437955067,3.647
369,/home/htj/resisc45/imgs_full/island_s0005369.png,island,island,island,1,1782887792.9709253,1782887794.7123532,1.7414278984069824,5.7662048221865,3.647
370,/home/htj/resisc45/imgs_full/mobile_home_park_s0005370.png,mobile_home_park,medium residential,medium_residential,0,1782887794.7171237,1782887796.4665956,1.74947190284729,5.804070558717173,3.6975
371,/home/htj/resisc45/imgs_full/sea_ice_s0005371.png,sea_ice,runway,runway,0,1782887796.4710987,1782887798.2169538,1.7458550930023193,5.78694645424043,3.647
372,/home/htj/resisc45/imgs_full/forest_s0005372.png,forest,forest,forest,1,1782887798.2216644,1782887799.8416977,1.6200332641601562,5.42828456247264,3.647
373,/home/htj/resisc45/imgs_full/meadow_s0005373.png,meadow,forest,forest,0,1782887799.8462615,1782887801.4620314,1.615769863128662,5.430435361368903,3.7472
374,/home/htj/resisc45/imgs_full/medium_residential_s0005374.png,medium_residential,medium residential,medium_residential,1,1782887801.4668336,1782887803.2153175,1.7484838962554932,5.845125262475783,3.695
375,/home/htj/resisc45/imgs_full/runway_s0005375.png,runway,airplane,airplane,0,1782887803.2170153,1782887804.956585,1.7395696640014648,5.907129657745362,3.849
376,/home/htj/resisc45/imgs_full/cloud_s0005376.png,cloud,forest,forest,0,1782887804.9608228,1782887806.5760162,1.6151933670043945,5.496670116884955,3.847
377,/home/htj/resisc45/imgs_full/chaparral_s0005377.png,chaparral,chaparral,chaparral,1,1782887806.5805564,1782887808.4584212,1.8778648376464844,6.342346226663301,3.7883999999999998
378,/home/htj/resisc45/imgs_full/forest_s0005378.png,forest,forest,forest,1,1782887808.4631388,1782887810.0832279,1.620089054107666,5.399756817340851,3.647
379,/home/htj/resisc45/imgs_full/ship_s0005379.png,ship,harbor,harbor,0,1782887810.0873973,1782887811.829396,1.7419986724853516,5.784109914718136,3.695
380,/home/htj/resisc45/imgs_full/cloud_s0005380.png,cloud,chaparral,chaparral,0,1782887811.8337338,1782887813.7054014,1.8716676235198975,6.263790929512544,3.748
381,/home/htj/resisc45/imgs_full/palace_s0005381.png,palace,airplane,airplane,0,1782887813.7098227,1782887815.4567752,1.7469525337219238,5.795655913891331,3.596
382,/home/htj/resisc45/imgs_full/freeway_s0005382.png,freeway,intersection,intersection,0,1782887815.4613295,1782887817.0759463,1.614616870880127,5.112378101200893,3.246
383,/home/htj/resisc45/imgs_full/runway_s0005383.png,runway,runway,runway,1,1782887817.0801208,1782887818.821476,1.7413551807403564,5.829046035658929,3.748
384,/home/htj/resisc45/imgs_full/rectangular_farmland_s0005384.png,rectangular_farmland,runway,runway,0,1782887818.8231835,1782887820.5651312,1.7419476509094238,5.556813006401062,3.343
385,/home/htj/resisc45/imgs_full/railway_station_s0005385.png,railway_station,railway,railway,0,1782887820.5697963,1782887822.3180175,1.7482211589813232,5.919758815465435,3.7985
386,/home/htj/resisc45/imgs_full/railway_station_s0005386.png,railway_station,runway,runway,0,1782887822.3225088,1782887824.068262,1.745753288269043,5.8939446743073,3.7975
387,/home/htj/resisc45/imgs_full/golf_course_s0005387.png,golf_course,golf course,golf_course,1,1782887824.0725815,1782887825.9439332,1.871351718902588,6.296644873084444,3.7468000000000004
388,/home/htj/resisc45/imgs_full/dense_residential_s0005388.png,dense_residential,dense residential,dense_residential,1,1782887825.948826,1782887827.701439,1.752612829208374,5.774915808139308,3.545
389,/home/htj/resisc45/imgs_full/meadow_s0005389.png,meadow,meadow,meadow,1,1782887827.706045,1782887829.4528456,1.7468006610870361,5.8067034879038415,3.6975
390,/home/htj/resisc45/imgs_full/runway_s0005390.png,runway,intersection,intersection,0,1782887829.4570942,1782887831.0720947,1.6150004863739014,5.312255706982953,3.6112999999999995
391,/home/htj/resisc45/imgs_full/storage_tank_s0005391.png,storage_tank,storage tank,storage_tank,1,1782887831.076651,1782887832.8207293,1.7440781593322754,5.730421965122223,3.647
392,/home/htj/resisc45/imgs_full/dense_residential_s0005392.png,dense_residential,dense residential,dense_residential,1,1782887832.825477,1782887834.575992,1.7505152225494385,5.8934765402270894,3.6975
393,/home/htj/resisc45/imgs_full/mobile_home_park_s0005393.png,mobile_home_park,dense residential,dense_residential,0,1782887834.5806842,1782887836.3292305,1.7485463619232178,5.840878110201128,3.748
394,/home/htj/resisc45/imgs_full/airport_s0005394.png,airport,airport,airport,1,1782887836.333638,1782887837.9498885,1.6162505149841309,5.427369229316712,3.7102999999999997
395,/home/htj/resisc45/imgs_full/railway_station_s0005395.png,railway_station,airport,airport,0,1782887837.9545393,1782887839.572812,1.6182727813720703,5.450342727661132,3.746
396,/home/htj/resisc45/imgs_full/lake_s0005396.png,lake,lake,lake,1,1782887839.577397,1782887841.1955364,1.6181392669677734,5.4507300197338235,3.8085999999999998
397,/home/htj/resisc45/imgs_full/beach_s0005397.png,beach,beach,beach,1,1782887841.1999862,1782887842.945419,1.7454328536987305,5.795963159991849,3.647
398,/home/htj/resisc45/imgs_full/palace_s0005398.png,palace,castle,,0,1782887842.9499674,1782887844.5686545,1.6186871528625488,5.379120676155749,3.647
399,/home/htj/resisc45/imgs_full/railway_station_s0005399.png,railway_station,railway,railway,0,1782887844.573557,1782887846.3230536,1.7494966983795166,5.9069216428802855,3.7985
400,/home/htj/resisc45/imgs_full/freeway_s0005400.png,freeway,freeway,freeway,1,1782887846.3274639,1782887848.0719297,1.7444658279418945,5.826966050055719,3.6975
401,/home/htj/resisc45/imgs_full/parking_lot_s0005401.png,parking_lot,storage tank,storage_tank,0,1782887848.0763977,1782887849.818247,1.741849422454834,5.778220232502107,3.6975
402,/home/htj/resisc45/imgs_full/commercial_area_s0005402.png,commercial_area,stadium,stadium,0,1782887849.8228881,1782887851.5727348,1.7498466968536377,5.936213802406865,3.748
403,/home/htj/resisc45/imgs_full/overpass_s0005403.png,overpass,intersection,intersection,0,1782887851.577368,1782887853.1970925,1.6197245121002197,5.39770401028929,3.7063999999999995
404,/home/htj/resisc45/imgs_full/meadow_s0005404.png,meadow,river,river,0,1782887853.2014081,1782887854.814698,1.6132898330688477,5.352561882019042,3.644
405,/home/htj/resisc45/imgs_full/bridge_s0005405.png,bridge,bridge,bridge,1,1782887854.8193057,1782887856.4332075,1.6139018535614014,5.3846106163518765,3.71135
406,/home/htj/resisc45/imgs_full/cloud_s0005406.png,cloud,lake,lake,0,1782887856.437599,1782887858.0528963,1.6152973175048828,5.401842675685883,3.7126499999999996
407,/home/htj/resisc45/imgs_full/meadow_s0005407.png,meadow,forest,forest,0,1782887858.0574188,1782887859.6711898,1.6137709617614746,5.407301314666354,3.647
408,/home/htj/resisc45/imgs_full/intersection_s0005408.png,intersection,commercial area,commercial_area,0,1782887859.6759949,1782887861.4251516,1.7491567134857178,5.7972695925927935,3.748
409,/home/htj/resisc45/imgs_full/cloud_s0005409.png,cloud,runway,runway,0,1782887861.429483,1782887863.1762004,1.7467174530029297,5.8054126650902536,3.647
410,/home/htj/resisc45/imgs_full/palace_s0005410.png,palace,church,church,0,1782887863.180835,1782887864.7993324,1.618497371673584,5.351868515836782,3.6035999999999997
411,/home/htj/resisc45/imgs_full/desert_s0005411.png,desert,desert,desert,1,1782887864.803558,1782887866.5453696,1.7418115139007568,5.793489845106679,3.644
412,/home/htj/resisc45/imgs_full/stadium_s0005412.png,stadium,stadium,stadium,1,1782887866.5501218,1782887868.2986395,1.7485177516937256,5.821097614380621,3.746
413,/home/htj/resisc45/imgs_full/runway_s0005413.png,runway,runway,runway,1,1782887868.3034108,1782887870.0478346,1.7444238662719727,5.773930453884986,3.695
414,/home/htj/resisc45/imgs_full/commercial_area_s0005414.png,commercial_area,stadium,stadium,0,1782887870.0526717,1782887871.8013496,1.7486779689788818,5.515048269325687,3.244
415,/home/htj/resisc45/imgs_full/circular_farmland_s0005415.png,circular_farmland,circular farmland,circular_farmland,1,1782887871.8054907,1782887873.808283,2.0027923583984375,6.539506482018365,3.748
416,/home/htj/resisc45/imgs_full/desert_s0005416.png,desert,desert,desert,1,1782887873.8125143,1782887875.5592313,1.7467169761657715,5.771660000631886,3.545
417,/home/htj/resisc45/imgs_full/basketball_court_s0005417.png,basketball_court,basketball court,basketball_court,1,1782887875.563784,1782887877.4375362,1.8737523555755615,6.3578120835911145,3.849
418,/home/htj/resisc45/imgs_full/bridge_s0005418.png,bridge,runway,runway,0,1782887877.4418914,1782887879.185071,1.7431795597076416,5.857758099802079,3.748
419,/home/htj/resisc45/imgs_full/intersection_s0005419.png,intersection,intersection,intersection,1,1782887879.189947,1782887880.8078182,1.6178712844848633,5.3758515463533065,3.647
420,/home/htj/resisc45/imgs_full/airport_s0005420.png,airport,airport,airport,1,1782887880.8124168,1782887882.4278412,1.615424394607544,5.452892896142499,3.748
421,/home/htj/resisc45/imgs_full/wetland_s0005421.png,wetland,river,river,0,1782887882.4324706,1782887884.04734,1.6148693561553955,5.412039749129065,3.748
422,/home/htj/resisc45/imgs_full/commercial_area_s0005422.png,commercial_area,commercial area,commercial_area,1,1782887884.0517423,1782887885.7949543,1.7432119846343994,5.897567307241501,3.748
423,/home/htj/resisc45/imgs_full/ship_s0005423.png,ship,ship,ship,1,1782887885.799453,1782887887.4132864,1.6138334274291992,5.3270335963112965,3.545
424,/home/htj/resisc45/imgs_full/stadium_s0005424.png,stadium,stadium,stadium,1,1782887887.417789,1782887889.165749,1.747960090637207,5.8571887204877795,3.748
425,/home/htj/resisc45/imgs_full/freeway_s0005425.png,freeway,runway,runway,0,1782887889.170427,1782887890.9159045,1.7454774379730225,5.769084461119867,3.6985
426,/home/htj/resisc45/imgs_full/desert_s0005426.png,desert,river,river,0,1782887890.920569,1782887892.536091,1.6155221462249756,5.36145642556463,3.647
427,/home/htj/resisc45/imgs_full/railway_s0005427.png,railway,railway,railway,1,1782887892.5410793,1782887894.2893507,1.7482714653015137,5.885753273425564,3.748
428,/home/htj/resisc45/imgs_full/airport_s0005428.png,airport,airport,airport,1,1782887894.293752,1782887895.9101858,1.61643385887146,5.336405559120507,3.647
429,/home/htj/resisc45/imgs_full/bridge_s0005429.png,bridge,bridge,bridge,1,1782887895.9145548,1782887897.5294225,1.6148676872253418,5.365481418445193,3.7076
430,/home/htj/resisc45/imgs_full/snowberg_s0005430.png,snowberg,runway,runway,0,1782887897.5339923,1782887899.2807271,1.746734857559204,5.869367199113292,3.748
431,/home/htj/resisc45/imgs_full/roundabout_s0005431.png,roundabout,roundabout,roundabout,1,1782887899.2855086,1782887901.0316796,1.746170997619629,5.798752242611301,3.647
432,/home/htj/resisc45/imgs_full/meadow_s0005432.png,meadow,forest,forest,0,1782887901.0360658,1782887902.6502526,1.6141867637634277,5.403017067991454,3.7063999999999995
433,/home/htj/resisc45/imgs_full/chaparral_s0005433.png,chaparral,chaparral,chaparral,1,1782887902.6549568,1782887904.534108,1.8791511058807373,6.39361233385404,3.849
434,/home/htj/resisc45/imgs_full/overpass_s0005434.png,overpass,intersection,intersection,0,1782887904.5386086,1782887906.155714,1.617105484008789,5.305667330774768,3.545
435,/home/htj/resisc45/imgs_full/desert_s0005435.png,desert,desert,desert,1,1782887906.1597574,1782887907.8960407,1.736283302307129,5.551177763169812,3.497
436,/home/htj/resisc45/imgs_full/stadium_s0005436.png,stadium,stadium,stadium,1,1782887907.9005613,1782887909.6450207,1.7444593906402588,5.9999836647818166,3.951
437,/home/htj/resisc45/imgs_full/sparse_residential_s0005437.png,sparse_residential,forest,forest,0,1782887909.6494122,1782887911.263882,1.6144697666168213,5.382196830930381,3.7076
438,/home/htj/resisc45/imgs_full/overpass_s0005438.png,overpass,bridge,bridge,0,1782887911.2684586,1782887912.8861496,1.6176910400390625,5.123111974443709,3.244
439,/home/htj/resisc45/imgs_full/basketball_court_s0005439.png,basketball_court,basketball court,basketball_court,1,1782887912.890696,1782887914.761985,1.8712890148162842,6.040237411188357,3.748
440,/home/htj/resisc45/imgs_full/parking_lot_s0005440.png,parking_lot,storage tank,storage_tank,0,1782887914.7668114,1782887916.515779,1.7489676475524902,5.735541936059152,3.4945
441,/home/htj/resisc45/imgs_full/sea_ice_s0005441.png,sea_ice,sea ice,sea_ice,1,1782887916.5202918,1782887918.2656872,1.7453954219818115,5.495799759195696,3.244
442,/home/htj/resisc45/imgs_full/desert_s0005442.png,desert,runway,runway,0,1782887918.2701564,1782887920.0109994,1.7408430576324463,5.48803581730012,3.246
443,/home/htj/resisc45/imgs_full/ground_track_field_s0005443.png,ground_track_field,stadium,stadium,0,1782887920.0157952,1782887921.761341,1.7455458641052246,5.520485872991623,3.246
444,/home/htj/resisc45/imgs_full/sparse_residential_s0005444.png,sparse_residential,chaparral,chaparral,0,1782887921.765828,1782887923.639266,1.8734381198883057,5.945270717187362,3.246
445,/home/htj/resisc45/imgs_full/rectangular_farmland_s0005445.png,rectangular_farmland,circular farmland,circular_farmland,0,1782887923.64363,1782887925.6426592,1.9990291595458984,6.310657413747576,3.27075
446,/home/htj/resisc45/imgs_full/river_s0005446.png,river,river,river,1,1782887925.6475022,1782887927.2636783,1.6161761283874512,5.17365843802485,3.3442
447,/home/htj/resisc45/imgs_full/stadium_s0005447.png,stadium,stadium,stadium,1,1782887927.2679987,1782887929.011287,1.743288278579712,5.589263396655359,3.6465
448,/home/htj/resisc45/imgs_full/river_s0005448.png,river,river,river,1,1782887929.0160575,1782887930.6320143,1.6159567832946777,5.346335304788181,3.6112999999999995
449,/home/htj/resisc45/imgs_full/cloud_s0005449.png,cloud,airplane,airplane,0,1782887930.6364286,1782887932.3797486,1.7433199882507324,5.903331369246206,3.7985
450,/home/htj/resisc45/imgs_full/medium_residential_s0005450.png,medium_residential,medium residential,medium_residential,1,1782887932.3845508,1782887934.136199,1.751648187637329,5.907433512806892,3.79345
451,/home/htj/resisc45/imgs_full/sea_ice_s0005451.png,sea_ice,snowberg,snowberg,0,1782887934.1405234,1782887935.8692112,1.7286877632141113,5.775142456420262,3.7025499999999996
452,/home/htj/resisc45/imgs_full/railway_station_s0005452.png,railway_station,airport,airport,0,1782887935.873684,1782887937.4904184,1.616734504699707,5.317049539697582,3.6062
453,/home/htj/resisc45/imgs_full/chaparral_s0005453.png,chaparral,chaparral,chaparral,1,1782887937.4950762,1782887939.3709612,1.875885009765625,6.3419693030155075,3.748
454,/home/htj/resisc45/imgs_full/freeway_s0005454.png,freeway,runway,runway,0,1782887939.376055,1782887941.1180348,1.7419798374176025,5.67261685830547,3.3945
455,/home/htj/resisc45/imgs_full/circular_farmland_s0005455.png,circular_farmland,circular farmland,circular_farmland,1,1782887941.12273,1782887943.1284318,2.005701780319214,6.348447275066376,3.2445999999999997
456,/home/htj/resisc45/imgs_full/river_s0005456.png,river,river,river,1,1782887943.132795,1782887944.748809,1.616014003753662,5.127110912322998,3.244
457,/home/htj/resisc45/imgs_full/mobile_home_park_s0005457.png,mobile_home_park,medium residential,medium_residential,0,1782887944.753557,1782887946.49817,1.7446129322052002,5.492266621928062,3.244
458,/home/htj/resisc45/imgs_full/forest_s0005458.png,forest,forest,forest,1,1782887946.50311,1782887948.1222718,1.61916184425354,5.115490597667366,3.343
459,/home/htj/resisc45/imgs_full/medium_residential_s0005459.png,medium_residential,medium residential,medium_residential,1,1782887948.1272066,1782887949.8760982,1.7488915920257568,5.516060497107044,3.244
460,/home/htj/resisc45/imgs_full/airplane_s0005460.png,airplane,airport,airport,0,1782887949.880425,1782887951.4951596,1.6147346496582031,5.094153736640667,3.3033999999999994
461,/home/htj/resisc45/imgs_full/baseball_diamond_s0005461.png,baseball_diamond,baseball diamond,baseball_diamond,1,1782887951.497092,1782887953.3698857,1.8727936744689941,5.899810836488551,3.244
462,/home/htj/resisc45/imgs_full/freeway_s0005462.png,freeway,bridge,bridge,0,1782887953.3744826,1782887954.9895737,1.61509108543396,5.1456245053965475,3.3421999999999996
463,/home/htj/resisc45/imgs_full/industrial_area_s0005463.png,industrial_area,industrial area,industrial_area,1,1782887954.9941015,1782887956.868708,1.8746063709259033,6.329807233319138,3.746
464,/home/htj/resisc45/imgs_full/lake_s0005464.png,lake,lake,lake,1,1782887956.8732717,1782887958.491239,1.6179673671722412,5.301688518376186,3.5033999999999996
465,/home/htj/resisc45/imgs_full/golf_course_s0005465.png,golf_course,meadow,meadow,0,1782887958.4957905,1782887960.240452,1.744661569595337,5.81512584967767,3.6965
466,/home/htj/resisc45/imgs_full/tennis_court_s0005466.png,tennis_court,stadium,stadium,0,1782887960.2449841,1782887961.9891071,1.7441229820251465,5.823964209172033,3.695
467,/home/htj/resisc45/imgs_full/forest_s0005467.png,forest,forest,forest,1,1782887961.9936059,1782887963.6096046,1.6159987449645996,5.346726882046666,3.6043999999999996
468,/home/htj/resisc45/imgs_full/rectangular_farmland_s0005468.png,rectangular_farmland,circular farmland,circular_farmland,0,1782887963.613962,1782887965.617689,2.0037269592285156,6.810209939684187,3.748
469,/home/htj/resisc45/imgs_full/sea_ice_s0005469.png,sea_ice,island,island,0,1782887965.622108,1782887967.365406,1.743298053741455,5.74860968534408,3.6465
470,/home/htj/resisc45/imgs_full/freeway_s0005470.png,freeway,freeway,freeway,1,1782887967.3701043,1782887969.1178265,1.7477221488952637,5.792909629714104,3.6975
471,/home/htj/resisc45/imgs_full/lake_s0005471.png,lake,lake,lake,1,1782887969.1225824,1782887970.7399633,1.6173808574676514,5.339725137327399,3.545
472,/home/htj/resisc45/imgs_full/runway_s0005472.png,runway,runway,runway,1,1782887970.744455,1782887972.4890754,1.7446203231811523,5.91392522713446,3.849
473,/home/htj/resisc45/imgs_full/roundabout_s0005473.png,roundabout,roundabout,roundabout,1,1782887972.4936395,1782887974.244014,1.7503745555877686,5.876063846803481,3.6975
474,/home/htj/resisc45/imgs_full/cloud_s0005474.png,cloud,forest,forest,0,1782887974.2486346,1782887975.8618016,1.6131670475006104,5.3016158885019165,3.5096499999999997
475,/home/htj/resisc45/imgs_full/island_s0005475.png,island,island,island,1,1782887975.8659391,1782887977.604576,1.7386369705200195,5.865319862581068,3.748
476,/home/htj/resisc45/imgs_full/industrial_area_s0005476.png,industrial_area,industrial area,industrial_area,1,1782887977.6092315,1782887979.488602,1.8793704509735107,6.318443456172943,3.78335
477,/home/htj/resisc45/imgs_full/baseball_diamond_s0005477.png,baseball_diamond,baseball diamond,baseball_diamond,1,1782887979.4930842,1782887981.370105,1.8770208358764648,6.293593983274517,3.6874
478,/home/htj/resisc45/imgs_full/mobile_home_park_s0005478.png,mobile_home_park,medium residential,medium_residential,0,1782887981.374969,1782887983.1245542,1.7495851516723633,5.769849639061959,3.647
479,/home/htj/resisc45/imgs_full/freeway_s0005479.png,freeway,runway,runway,0,1782887983.128927,1782887984.873019,1.7440919876098633,5.788191218622268,3.649
480,/home/htj/resisc45/imgs_full/cloud_s0005480.png,cloud,cloud,cloud,1,1782887984.8772602,1782887986.4916928,1.6144325733184814,5.3321367691385335,3.6073999999999997
481,/home/htj/resisc45/imgs_full/terrace_s0005481.png,terrace,river,river,0,1782887986.496226,1782887988.1131794,1.6169533729553223,5.394100695166094,3.7472
482,/home/htj/resisc45/imgs_full/golf_course_s0005482.png,golf_course,golf course,golf_course,1,1782887988.1179774,1782887989.9938922,1.8759148120880127,6.376177600383759,3.7883999999999998
483,/home/htj/resisc45/imgs_full/cloud_s0005483.png,cloud,snowberg,snowberg,0,1782887989.9980285,1782887991.741645,1.7436165809631348,5.824298083074631,3.849
484,/home/htj/resisc45/imgs_full/snowberg_s0005484.png,snowberg,mountain,mountain,0,1782887991.746359,1782887993.4961782,1.749819040298462,5.867764145651171,3.6975
485,/home/htj/resisc45/imgs_full/railway_station_s0005485.png,railway_station,railway station,railway_station,1,1782887993.5007625,1782887995.3754613,1.8746988773345947,6.268662216593238,3.68235
486,/home/htj/resisc45/imgs_full/intersection_s0005486.png,intersection,intersection,intersection,1,1782887995.3799486,1782887996.9966338,1.616685152053833,5.301341568606241,3.40935
487,/home/htj/resisc45/imgs_full/mobile_home_park_s0005487.png,mobile_home_park,medium residential,medium_residential,0,1782887997.001372,1782887998.7506776,1.7493054866790771,5.86186625665234,3.748
488,/home/htj/resisc45/imgs_full/palace_s0005488.png,palace,runway,runway,0,1782887998.7555833,1782888000.5037458,1.7481625080108643,5.8124147697802515,3.647
489,/home/htj/resisc45/imgs_full/commercial_area_s0005489.png,commercial_area,medium residential,medium_residential,0,1782888000.5083733,1782888002.2587829,1.7504096031188965,5.800970354387837,3.647
490,/home/htj/resisc45/imgs_full/sparse_residential_s0005490.png,sparse_residential,medium residential,medium_residential,0,1782888002.263512,1782888004.0074089,1.7438969612121582,5.809258306241804,3.7985
491,/home/htj/resisc45/imgs_full/cloud_s0005491.png,cloud,chaparral,chaparral,0,1782888004.0116136,1782888005.8819225,1.8703088760375977,6.3114423162286934,3.647
492,/home/htj/resisc45/imgs_full/industrial_area_s0005492.png,industrial_area,industrial area,industrial_area,1,1782888005.88663,1782888007.7634666,1.8768365383148193,6.235590340130257,3.647
493,/home/htj/resisc45/imgs_full/stadium_s0005493.png,stadium,stadium,stadium,1,1782888007.7656014,1782888009.5174198,1.7518184185028076,5.76797163157165,3.69245
494,/home/htj/resisc45/imgs_full/rectangular_farmland_s0005494.png,rectangular_farmland,circular farmland,circular_farmland,0,1782888009.5219052,1782888011.5229988,2.001093626022339,6.690570777450289,3.6773
495,/home/htj/resisc45/imgs_full/overpass_s0005495.png,overpass,bridge,bridge,0,1782888011.5275419,1782888013.1458328,1.618290901184082,5.309779856188543,3.4649999999999994
496,/home/htj/resisc45/imgs_full/island_s0005496.png,island,runway,runway,0,1782888013.149913,1782888014.8910806,1.7411675453186035,5.828249441131469,3.6975
497,/home/htj/resisc45/imgs_full/baseball_diamond_s0005497.png,baseball_diamond,baseball diamond,baseball_diamond,1,1782888014.8957412,1782888016.7731028,1.877361536026001,6.254799740603476,3.647
498,/home/htj/resisc45/imgs_full/snowberg_s0005498.png,snowberg,runway,runway,0,1782888016.7774377,1782888018.52403,1.7465922832489014,5.760655741960771,3.6975
499,/home/htj/resisc45/imgs_full/beach_s0005499.png,beach,beach,beach,1,1782888018.5281575,1782888020.2705114,1.742353916168213,5.809570006155199,3.748
500,/home/htj/resisc45/imgs_full/golf_course_s0005500.png,golf_course,golf course,golf_course,1,1782888020.2750106,1782888022.14817,1.873159408569336,6.32384125625386,3.847
501,/home/htj/resisc45/imgs_full/harbor_s0005501.png,harbor,harbor,harbor,1,1782888022.1529331,1782888023.897366,1.7444329261779785,5.713580553531647,3.444
502,/home/htj/resisc45/imgs_full/lake_s0005502.png,lake,lake,lake,1,1782888023.9016852,1782888025.5145943,1.6129090785980225,5.090744279325008,3.244
503,/home/htj/resisc45/imgs_full/desert_s0005503.png,desert,desert,desert,1,1782888025.5190878,1782888027.2586932,1.73960542678833,5.481728647200266,3.244
504,/home/htj/resisc45/imgs_full/overpass_s0005504.png,overpass,overpass,overpass,1,1782888027.2634594,1782888029.0072398,1.7437803745269775,5.61435404519881,3.748
505,/home/htj/resisc45/imgs_full/runway_s0005505.png,runway,runway,runway,1,1782888029.0117347,1782888030.752384,1.7406492233276367,5.67921622095108,3.444
506,/home/htj/resisc45/imgs_full/tennis_court_s0005506.png,tennis_court,tennis court,tennis_court,1,1782888030.757289,1782888032.6324897,1.8752007484436035,5.92932794231357,3.2836
507,/home/htj/resisc45/imgs_full/church_s0005507.png,church,stadium,stadium,0,1782888032.6370966,1782888034.3872976,1.7502009868621826,5.548475876931221,3.2935
508,/home/htj/resisc45/imgs_full/railway_station_s0005508.png,railway_station,railway station,railway_station,1,1782888034.3917658,1782888036.2684534,1.8766875267028809,6.101054279992075,3.6874
509,/home/htj/resisc45/imgs_full/sparse_residential_s0005509.png,sparse_residential,forest,forest,0,1782888036.2728891,1782888037.8874075,1.614518404006958,5.32969227077221,3.5046
510,/home/htj/resisc45/imgs_full/church_s0005510.png,church,stadium,stadium,0,1782888037.8895652,1782888039.6401844,1.7506191730499268,5.902184306144714,3.746
511,/home/htj/resisc45/imgs_full/runway_s0005511.png,runway,freeway,freeway,0,1782888039.6444023,1782888041.385989,1.741586685180664,5.70290987094756,3.545
512,/home/htj/resisc45/imgs_full/chaparral_s0005512.png,chaparral,chaparral,chaparral,1,1782888041.3907595,1782888043.2705398,1.8797802925109863,5.930209233971203,3.2420500000000003
513,/home/htj/resisc45/imgs_full/storage_tank_s0005513.png,storage_tank,storage tank,storage_tank,1,1782888043.2751215,1782888045.0214128,1.7462913990020752,5.647957040217616,3.746
514,/home/htj/resisc45/imgs_full/airplane_s0005514.png,airplane,airport,airport,0,1782888045.025816,1782888046.6402907,1.6144747734069824,5.355904741150993,3.543
515,/home/htj/resisc45/imgs_full/commercial_area_s0005515.png,commercial_area,dense residential,dense_residential,0,1782888046.6449506,1782888048.3940127,1.7490620613098145,5.940525316670537,3.7914499999999998
516,/home/htj/resisc45/imgs_full/intersection_s0005516.png,intersection,intersection,intersection,1,1782888048.3986459,1782888050.014258,1.6156120300292969,5.349522233145578,3.545
517,/home/htj/resisc45/imgs_full/beach_s0005517.png,beach,beach,beach,1,1782888050.018656,1782888051.7590501,1.740394115447998,5.718149078922887,3.596
518,/home/htj/resisc45/imgs_full/intersection_s0005518.png,intersection,intersection,intersection,1,1782888051.7636943,1782888053.3816044,1.6179101467132568,5.15203959719066,3.345
519,/home/htj/resisc45/imgs_full/intersection_s0005519.png,intersection,intersection,intersection,1,1782888053.386299,1782888055.0033188,1.6170198917388916,5.148368298070184,3.5261999999999993
520,/home/htj/resisc45/imgs_full/beach_s0005520.png,beach,beach,beach,1,1782888055.0077088,1782888056.753198,1.7454891204833984,5.707918342282695,3.5465
521,/home/htj/resisc45/imgs_full/railway_station_s0005521.png,railway_station,storage tank,storage_tank,0,1782888056.7580523,1782888058.506167,1.7481145858764648,5.607274901974585,3.647
522,/home/htj/resisc45/imgs_full/tennis_court_s0005522.png,tennis_court,tennis court,tennis_court,1,1782888058.5109766,1782888060.3883855,1.8774089813232422,6.221676472923972,3.647
523,/home/htj/resisc45/imgs_full/terrace_s0005523.png,terrace,forest,forest,0,1782888060.392883,1782888062.009472,1.616588830947876,5.277411973944732,3.345
524,/home/htj/resisc45/imgs_full/stadium_s0005524.png,stadium,stadium,stadium,1,1782888062.0141115,1782888063.7606778,1.7465662956237793,5.657128231525421,3.6975
525,/home/htj/resisc45/imgs_full/runway_s0005525.png,runway,runway,runway,1,1782888063.7651079,1782888065.5088594,1.7437515258789062,5.842523862531108,3.6975
526,/home/htj/resisc45/imgs_full/island_s0005526.png,island,island,island,1,1782888065.5130458,1782888067.2570217,1.7439758777618408,5.814246804598839,3.748
527,/home/htj/resisc45/imgs_full/terrace_s0005527.png,terrace,circular farmland,circular_farmland,0,1782888067.2615523,1782888069.2641392,2.002586841583252,6.727801749123468,3.746
528,/home/htj/resisc45/imgs_full/industrial_area_s0005528.png,industrial_area,industrial area,industrial_area,1,1782888069.2687144,1782888071.1477249,1.8790104389190674,6.356009038339962,3.7883999999999998
529,/home/htj/resisc45/imgs_full/sea_ice_s0005529.png,sea_ice,runway,runway,0,1782888071.1521158,1782888072.8944287,1.7423129081726074,5.814379192782987,3.6975
530,/home/htj/resisc45/imgs_full/bridge_s0005530.png,bridge,runway,runway,0,1782888072.898827,1782888074.645035,1.7462079524993896,5.7988186345177315,3.647
531,/home/htj/resisc45/imgs_full/roundabout_s0005531.png,roundabout,roundabout,roundabout,1,1782888074.64971,1782888076.40052,1.750810146331787,5.819918837393484,3.6975
532,/home/htj/resisc45/imgs_full/sparse_residential_s0005532.png,sparse_residential,stadium,stadium,0,1782888076.405001,1782888078.1493812,1.744380235671997,5.771816577857541,3.6975
533,/home/htj/resisc45/imgs_full/palace_s0005533.png,palace,church,church,0,1782888078.1540084,1782888079.7733703,1.6193618774414062,5.305550019672938,3.5759499999999997
534,/home/htj/resisc45/imgs_full/lake_s0005534.png,lake,lake,lake,1,1782888079.777999,1782888081.3955362,1.617537260055542,5.340530340824809,3.7126499999999996
535,/home/htj/resisc45/imgs_full/palace_s0005535.png,palace,runway,runway,0,1782888081.400248,1782888083.1483293,1.7480812072753906,5.864586891543481,3.6975
536,/home/htj/resisc45/imgs_full/stadium_s0005536.png,stadium,stadium,stadium,1,1782888083.1530735,1782888084.9017415,1.7486679553985596,5.848146747462452,3.69245
537,/home/htj/resisc45/imgs_full/ship_s0005537.png,ship,harbor,harbor,0,1782888084.906044,1782888086.6504042,1.7443602085113525,5.839499011570407,3.6975
538,/home/htj/resisc45/imgs_full/mobile_home_park_s0005538.png,mobile_home_park,medium residential,medium_residential,0,1782888086.654977,1782888088.4039614,1.7489843368530273,5.842566805531902,3.6975
539,/home/htj/resisc45/imgs_full/ship_s0005539.png,ship,ship,ship,1,1782888088.4083142,1782888090.0223417,1.614027500152588,5.338280669076102,3.60935
540,/home/htj/resisc45/imgs_full/terrace_s0005540.png,terrace,circular farmland,circular_farmland,0,1782888090.0269027,1782888092.028234,2.001331329345703,6.70273658466339,3.647
541,/home/htj/resisc45/imgs_full/dense_residential_s0005541.png,dense_residential,dense residential,dense_residential,1,1782888092.0329237,1782888093.7836611,1.7507374286651611,5.772633105516434,3.644
542,/home/htj/resisc45/imgs_full/airport_s0005542.png,airport,runway,runway,0,1782888093.788227,1782888095.537861,1.749634027481079,5.815670627732431,3.647
543,/home/htj/resisc45/imgs_full/sparse_residential_s0005543.png,sparse_residential,meadow,meadow,0,1782888095.542462,1782888097.2915769,1.749114751815796,5.773658526574412,3.647
544,/home/htj/resisc45/imgs_full/terrace_s0005544.png,terrace,circular farmland,circular_farmland,0,1782888097.2960556,1782888099.302329,2.0062735080718994,6.691208759920938,3.6773
545,/home/htj/resisc45/imgs_full/cloud_s0005545.png,cloud,forest,forest,0,1782888099.3065548,1782888100.9199371,1.613382339477539,5.327332851081059,3.7076
546,/home/htj/resisc45/imgs_full/golf_course_s0005546.png,golf_course,golf course,golf_course,1,1782888100.9244823,1782888102.799229,1.874746561050415,6.257165484262235,3.6874
547,/home/htj/resisc45/imgs_full/intersection_s0005547.png,intersection,intersection,intersection,1,1782888102.8039236,1782888104.4203317,1.616408109664917,5.348861649513244,3.748
548,/home/htj/resisc45/imgs_full/commercial_area_s0005548.png,commercial_area,stadium,stadium,0,1782888104.424927,1782888106.171627,1.7467000484466553,5.886829924568053,3.6975
549,/home/htj/resisc45/imgs_full/dense_residential_s0005549.png,dense_residential,dense residential,dense_residential,1,1782888106.1762023,1782888107.9219477,1.7457454204559326,5.803251978174332,3.748
550,/home/htj/resisc45/imgs_full/meadow_s0005550.png,meadow,runway,runway,0,1782888107.9264002,1782888109.6712308,1.74483060836792,5.861786571241194,3.847
551,/home/htj/resisc45/imgs_full/circular_farmland_s0005551.png,circular_farmland,circular farmland,circular_farmland,1,1782888109.6758602,1782888111.6837122,2.007852077484131,6.756254919727643,3.746
552,/home/htj/resisc45/imgs_full/golf_course_s0005552.png,golf_course,golf course,golf_course,1,1782888111.687998,1782888113.5642066,1.8762085437774658,6.250162352561952,3.5858
553,/home/htj/resisc45/imgs_full/roundabout_s0005553.png,roundabout,intersection,intersection,0,1782888113.5689726,1782888115.186621,1.6176483631134033,5.295957616921129,3.647
554,/home/htj/resisc45/imgs_full/terrace_s0005554.png,terrace,golf course,golf_course,0,1782888115.1912732,1782888117.0667255,1.8754522800445557,6.322945282452035,3.7883999999999998
555,/home/htj/resisc45/imgs_full/ground_track_field_s0005555.png,ground_track_field,stadium,stadium,0,1782888117.0716953,1782888118.8208337,1.749138355255127,5.831299312978983,3.644
556,/home/htj/resisc45/imgs_full/forest_s0005556.png,forest,forest,forest,1,1782888118.8250995,1782888120.4383903,1.613290786743164,5.236165718487331,3.40805
557,/home/htj/resisc45/imgs_full/palace_s0005557.png,palace,stadium,stadium,0,1782888120.4432776,1782888122.1907444,1.747466802597046,5.50576056591157,3.244
558,/home/htj/resisc45/imgs_full/harbor_s0005558.png,harbor,harbor,harbor,1,1782888122.1953547,1782888123.9432476,1.7478928565979004,5.528923407262371,3.2425
559,/home/htj/resisc45/imgs_full/golf_course_s0005559.png,golf_course,golf course,golf_course,1,1782888123.9451673,1782888125.8217707,1.876603364944458,5.920573227966533,3.241
560,/home/htj/resisc45/imgs_full/desert_s0005560.png,desert,desert,desert,1,1782888125.8258169,1782888127.567934,1.742117166519165,5.642155529076053,3.647
561,/home/htj/resisc45/imgs_full/parking_lot_s0005561.png,parking_lot,stadium,stadium,0,1782888127.572591,1782888129.3198626,1.7472715377807617,5.800828778236143,3.6965
562,/home/htj/resisc45/imgs_full/overpass_s0005562.png,overpass,intersection,intersection,0,1782888129.3244665,1782888130.9439535,1.6194870471954346,5.370163204119123,3.748
563,/home/htj/resisc45/imgs_full/sparse_residential_s0005563.png,sparse_residential,circular farmland,circular_farmland,0,1782888130.948358,1782888132.9526687,2.0043106079101562,6.760138818359375,3.748
564,/home/htj/resisc45/imgs_full/lake_s0005564.png,lake,lake,lake,1,1782888132.956929,1782888134.573637,1.6167080402374268,5.344000552728259,3.6458000000000004
565,/home/htj/resisc45/imgs_full/chaparral_s0005565.png,chaparral,chaparral,chaparral,1,1782888134.57828,1782888136.4473393,1.8690593242645264,6.25953631512324,3.6874
566,/home/htj/resisc45/imgs_full/runway_s0005566.png,runway,runway,runway,1,1782888136.451771,1782888138.1928518,1.7410807609558105,5.81582754444307,3.7985
567,/home/htj/resisc45/imgs_full/rectangular_farmland_s0005567.png,rectangular_farmland,circular farmland,circular_farmland,0,1782888138.197339,1782888140.2003784,2.0030393600463867,6.782013073205948,3.77325
568,/home/htj/resisc45/imgs_full/palace_s0005568.png,palace,stadium,stadium,0,1782888140.204935,1782888141.9514117,1.746476650238037,5.844893968782117,3.6965
569,/home/htj/resisc45/imgs_full/snowberg_s0005569.png,snowberg,mountain,mountain,0,1782888141.9561129,1782888143.7066104,1.750497579574585,5.830003954941227,3.647
570,/home/htj/resisc45/imgs_full/storage_tank_s0005570.png,storage_tank,storage tank,storage_tank,1,1782888143.711156,1782888145.4575293,1.7463734149932861,5.764947646771708,3.647
571,/home/htj/resisc45/imgs_full/lake_s0005571.png,lake,lake,lake,1,1782888145.4622169,1782888147.0794227,1.6172058582305908,5.305885123696821,3.647
572,/home/htj/resisc45/imgs_full/commercial_area_s0005572.png,commercial_area,airplane,airplane,0,1782888147.0840828,1782888148.8212426,1.7371597290039062,5.575554243764569,3.3935
573,/home/htj/resisc45/imgs_full/industrial_area_s0005573.png,industrial_area,harbor,harbor,0,1782888148.825384,1782888150.5710704,1.7456865310668945,5.465631903832959,3.244
574,/home/htj/resisc45/imgs_full/storage_tank_s0005574.png,storage_tank,runway,runway,0,1782888150.5756328,1782888152.323854,1.7482211589813232,5.684933237852588,3.647
575,/home/htj/resisc45/imgs_full/airplane_s0005575.png,airplane,runway,runway,0,1782888152.3282533,1782888154.0724697,1.7442164421081543,5.74696811656029,3.6975
576,/home/htj/resisc45/imgs_full/storage_tank_s0005576.png,storage_tank,runway,runway,0,1782888154.0771446,1782888155.8233595,1.7462148666381836,5.776028142744495,3.6975
577,/home/htj/resisc45/imgs_full/airport_s0005577.png,airport,airport,airport,1,1782888155.827939,1782888157.4470377,1.6190986633300781,5.390481929121346,3.8073999999999995
578,/home/htj/resisc45/imgs_full/meadow_s0005578.png,meadow,forest,forest,0,1782888157.4514422,1782888159.066008,1.6145658493041992,5.437746431087625,3.748
579,/home/htj/resisc45/imgs_full/palace_s0005579.png,palace,church,church,0,1782888159.070285,1782888160.674881,1.6045958995819092,5.360095295556954,3.647
580,/home/htj/resisc45/imgs_full/baseball_diamond_s0005580.png,baseball_diamond,golf course,golf_course,0,1782888160.6794956,1782888162.556226,1.8767304420471191,6.2580680549144745,3.647
581,/home/htj/resisc45/imgs_full/church_s0005581.png,church,church,church,1,1782888162.5608673,1782888164.1789963,1.618129014968872,5.35857372695002,3.8066
582,/home/htj/resisc45/imgs_full/sparse_residential_s0005582.png,sparse_residential,house,,0,1782888164.1811607,1782888165.7977262,1.616565465927124,5.398635842425483,3.7102999999999997
583,/home/htj/resisc45/imgs_full/wetland_s0005583.png,wetland,river,river,0,1782888165.8021107,1782888167.4186974,1.616586685180664,5.36935331390644,3.7051999999999996
584,/home/htj/resisc45/imgs_full/ground_track_field_s0005584.png,ground_track_field,stadium,stadium,0,1782888167.42329,1782888169.169972,1.7466819286346436,5.794025680172828,3.647
585,/home/htj/resisc45/imgs_full/mobile_home_park_s0005585.png,mobile_home_park,dense residential,dense_residential,0,1782888169.1744502,1782888170.91913,1.7446799278259277,5.827456078929286,3.748
586,/home/htj/resisc45/imgs_full/terrace_s0005586.png,terrace,circular farmland,circular_farmland,0,1782888170.9237332,1782888172.9196415,1.995908260345459,6.700984774629275,3.67175
587,/home/htj/resisc45/imgs_full/cloud_s0005587.png,cloud,runway,runway,0,1782888172.9212303,1782888174.6623719,1.7411415576934814,5.797776723692494,3.6965
588,/home/htj/resisc45/imgs_full/sea_ice_s0005588.png,sea_ice,beach,beach,0,1782888174.6669939,1782888176.412382,1.7453880310058594,5.823909436748873,3.695
589,/home/htj/resisc45/imgs_full/mobile_home_park_s0005589.png,mobile_home_park,dense residential,dense_residential,0,1782888176.4174848,1782888178.1692545,1.751769781112671,5.82203512187927,3.695
590,/home/htj/resisc45/imgs_full/palace_s0005590.png,palace,church,church,0,1782888178.1738603,1782888179.7915044,1.6176440715789795,5.356800452618764,3.7051999999999996
591,/home/htj/resisc45/imgs_full/chaparral_s0005591.png,chaparral,chaparral,chaparral,1,1782888179.7959592,1782888181.6745646,1.8786053657531738,6.280633157195466,3.6874
592,/home/htj/resisc45/imgs_full/parking_lot_s0005592.png,parking_lot,commercial area,commercial_area,0,1782888181.6791067,1782888183.4275763,1.748469591140747,5.768652399132329,3.644
593,/home/htj/resisc45/imgs_full/river_s0005593.png,river,river,river,1,1782888183.432,1782888185.0372276,1.6052277088165283,5.336994663057657,3.644
594,/home/htj/resisc45/imgs_full/palace_s0005594.png,palace,dense residential,dense_residential,0,1782888185.0417156,1782888186.7859907,1.7442750930786133,5.812712347276749,3.746
595,/home/htj/resisc45/imgs_full/stadium_s0005595.png,stadium,stadium,stadium,1,1782888186.7906492,1782888188.5382464,1.7475972175598145,5.837876692310457,3.6975
596,/home/htj/resisc45/imgs_full/mobile_home_park_s0005596.png,mobile_home_park,medium residential,medium_residential,0,1782888188.5430489,1782888190.2897,1.7466511726379395,5.811671887228566,3.6975
597,/home/htj/resisc45/imgs_full/meadow_s0005597.png,meadow,golf course,golf_course,0,1782888190.29408,1782888192.1680965,1.874016523361206,6.312141957716507,3.7883999999999998
598,/home/htj/resisc45/imgs_full/thermal_power_station_s0005598.png,thermal_power_station,runway,runway,0,1782888192.172779,1782888193.92364,1.7508609294891357,5.870581982173026,3.5909
599,/home/htj/resisc45/imgs_full/bridge_s0005599.png,bridge,runway,runway,0,1782888193.92806,1782888195.671607,1.743546962738037,5.782614110546727,3.644
600,/home/htj/resisc45/imgs_full/snowberg_s0005600.png,snowberg,mountain,mountain,0,1782888195.6762736,1782888197.4098063,1.7335326671600342,5.612774285308521,3.343
601,/home/htj/resisc45/imgs_full/river_s0005601.png,river,river,river,1,1782888197.4143937,1782888199.0315328,1.6171391010284424,5.1175203303304215,3.3022
602,/home/htj/resisc45/imgs_full/freeway_s0005602.png,freeway,intersection,intersection,0,1782888199.0362182,1782888200.6456137,1.6093955039978027,5.070927751113629,3.244
603,/home/htj/resisc45/imgs_full/desert_s0005603.png,desert,desert,desert,1,1782888200.650134,1782888202.397653,1.7475190162658691,5.521652747169617,3.241
604,/home/htj/resisc45/imgs_full/mountain_s0005604.png,mountain,chaparral,chaparral,0,1782888202.402455,1782888204.2802203,1.87776517868042,6.1511035095561635,3.6874
605,/home/htj/resisc45/imgs_full/railway_station_s0005605.png,railway_station,railway,railway,0,1782888204.2850566,1782888206.0290365,1.7439799308776855,5.620115970796155,3.345
606,/home/htj/resisc45/imgs_full/meadow_s0005606.png,meadow,runway,runway,0,1782888206.033286,1782888207.7746835,1.7413973808288574,5.508152263779794,3.241
607,/home/htj/resisc45/imgs_full/terrace_s0005607.png,terrace,circular farmland,circular_farmland,0,1782888207.7792478,1782888209.7663054,1.9870576858520508,6.307528251409531,3.244
608,/home/htj/resisc45/imgs_full/baseball_diamond_s0005608.png,baseball_diamond,baseball diamond,baseball_diamond,1,1782888209.7684882,1782888211.641332,1.8728437423706055,6.007969219843547,3.343
609,/home/htj/resisc45/imgs_full/bridge_s0005609.png,bridge,bridge,bridge,1,1782888211.6457775,1782888213.2603645,1.6145870685577393,5.121637207713619,3.244
610,/home/htj/resisc45/imgs_full/roundabout_s0005610.png,roundabout,roundabout,roundabout,1,1782888213.2651105,1782888215.0125155,1.7474050521850586,5.489557523296725,3.244
611,/home/htj/resisc45/imgs_full/harbor_s0005611.png,harbor,harbor,harbor,1,1782888215.017079,1782888216.7586002,1.7415211200714111,5.493094681309115,3.244
612,/home/htj/resisc45/imgs_full/mobile_home_park_s0005612.png,mobile_home_park,storage tank,storage_tank,0,1782888216.7635415,1782888218.5126162,1.7490746974945068,5.717386655522931,3.6975
613,/home/htj/resisc45/imgs_full/runway_s0005613.png,runway,runway,runway,1,1782888218.5169606,1782888220.2632182,1.7462575435638428,5.650607756530086,3.345
614,/home/htj/resisc45/imgs_full/mountain_s0005614.png,mountain,forest,forest,0,1782888220.267718,1782888221.8697963,1.6020781993865967,5.215924664596032,3.7051999999999996
615,/home/htj/resisc45/imgs_full/basketball_court_s0005615.png,basketball_court,basketball court,basketball_court,1,1782888221.8743207,1782888223.7418735,1.8675527572631836,6.192465388037942,3.647
616,/home/htj/resisc45/imgs_full/railway_s0005616.png,railway,railway,railway,1,1782888223.746562,1782888225.4824097,1.7358477115631104,5.816097745310875,3.7985
617,/home/htj/resisc45/imgs_full/circular_farmland_s0005617.png,circular_farmland,circular farmland,circular_farmland,1,1782888225.487019,1782888227.4942284,2.007209300994873,6.688938972309658,3.6773
618,/home/htj/resisc45/imgs_full/circular_farmland_s0005618.png,circular_farmland,circular farmland,circular_farmland,1,1782888227.4986918,1782888229.503134,2.0044422149658203,6.669057643943363,3.647
619,/home/htj/resisc45/imgs_full/stadium_s0005619.png,stadium,stadium,stadium,1,1782888229.5078316,1782888231.257241,1.7494094371795654,5.821075253371269,3.6975
620,/home/htj/resisc45/imgs_full/airport_s0005620.png,airport,airport,airport,1,1782888231.2618284,1782888232.883275,1.6214466094970703,5.382252240345395,3.647
621,/home/htj/resisc45/imgs_full/bridge_s0005621.png,bridge,bridge,bridge,1,1782888232.8874726,1782888234.4851413,1.5976686477661133,5.335813866376877,3.746
622,/home/htj/resisc45/imgs_full/river_s0005622.png,river,river,river,1,1782888234.4898646,1782888236.0992963,1.6094317436218262,5.362741529158184,3.7126499999999996
623,/home/htj/resisc45/imgs_full/palace_s0005623.png,palace,stadium,stadium,0,1782888236.10413,1782888237.841754,1.737623929977417,5.821600689272727,3.647
624,/home/htj/resisc45/imgs_full/ship_s0005624.png,ship,bridge,bridge,0,1782888237.8457897,1782888239.4528937,1.6071040630340576,5.340240549317722,3.748
625,/home/htj/resisc45/imgs_full/palace_s0005625.png,palace,church,church,0,1782888239.4576643,1782888241.0757039,1.618039608001709,5.2709373844521386,3.444
626,/home/htj/resisc45/imgs_full/roundabout_s0005626.png,roundabout,roundabout,roundabout,1,1782888241.0806644,1782888242.8282723,1.747607946395874,5.500285951806653,3.244
627,/home/htj/resisc45/imgs_full/sparse_residential_s0005627.png,sparse_residential,church,church,0,1782888242.8329308,1782888244.4520423,1.6191115379333496,5.114426395859037,3.244
628,/home/htj/resisc45/imgs_full/airport_s0005628.png,airport,airport,airport,1,1782888244.4564438,1782888246.059189,1.6027452945709229,5.244845808785538,3.8066
629,/home/htj/resisc45/imgs_full/dense_residential_s0005629.png,dense_residential,dense residential,dense_residential,1,1782888246.0642257,1782888247.80464,1.7404143810272217,5.847567750653913,3.6975
630,/home/htj/resisc45/imgs_full/stadium_s0005630.png,stadium,stadium,stadium,1,1782888247.8093941,1782888249.5464199,1.7370257377624512,5.848229460516284,3.849
631,/home/htj/resisc45/imgs_full/sparse_residential_s0005631.png,sparse_residential,chaparral,chaparral,0,1782888249.551178,1782888251.428371,1.8771929740905762,6.345253560239619,3.7876
632,/home/htj/resisc45/imgs_full/beach_s0005632.png,beach,runway,runway,0,1782888251.4327285,1782888253.1746938,1.7419652938842773,5.835864696656504,3.6975
633,/home/htj/resisc45/imgs_full/lake_s0005633.png,lake,lake,lake,1,1782888253.1793613,1782888254.795324,1.6159627437591553,5.397817069834677,3.748
634,/home/htj/resisc45/imgs_full/railway_station_s0005634.png,railway_station,airport,airport,0,1782888254.7998261,1782888256.418009,1.618182897567749,5.406237461953328,3.7083999999999997
635,/home/htj/resisc45/imgs_full/commercial_area_s0005635.png,commercial_area,intersection,intersection,0,1782888256.4226615,1782888258.0286229,1.6059613227844238,5.337871302366256,3.7133499999999997
636,/home/htj/resisc45/imgs_full/church_s0005636.png,church,castle,,0,1782888258.0332465,1782888259.6398087,1.6065621376037598,5.3844207035262,3.647
637,/home/htj/resisc45/imgs_full/thermal_power_station_s0005637.png,thermal_power_station,thermal power station,thermal_power_station,1,1782888259.6445396,1782888261.5250547,1.8805150985717773,6.277330354950645,3.647
638,/home/htj/resisc45/imgs_full/wetland_s0005638.png,wetland,wetland,wetland,1,1782888261.5298755,1782888263.4089153,1.8790397644042969,6.266873943665448,3.68235
639,/home/htj/resisc45/imgs_full/cloud_s0005639.png,cloud,forest,forest,0,1782888263.4138255,1782888265.031089,1.6172635555267334,5.353476975046355,3.7096
640,/home/htj/resisc45/imgs_full/overpass_s0005640.png,overpass,overpass,overpass,1,1782888265.0355725,1782888266.780066,1.7444934844970703,5.84045163812945,3.748
641,/home/htj/resisc45/imgs_full/parking_lot_s0005641.png,parking_lot,commercial area,commercial_area,0,1782888266.784894,1782888268.5325348,1.74764084815979,5.7761785052130294,3.647
642,/home/htj/resisc45/imgs_full/island_s0005642.png,island,island,island,1,1782888268.5368118,1782888270.2649496,1.728137731552124,5.756092305529503,3.6975
643,/home/htj/resisc45/imgs_full/terrace_s0005643.png,terrace,runway,runway,0,1782888270.2691193,1782888272.0035822,1.7344629764556885,5.765354933738708,3.7025499999999996
644,/home/htj/resisc45/imgs_full/rectangular_farmland_s0005644.png,rectangular_farmland,circular farmland,circular_farmland,0,1782888272.0078816,1782888274.0108943,2.0030126571655273,6.703248774925869,3.67225
645,/home/htj/resisc45/imgs_full/airplane_s0005645.png,airplane,runway,runway,0,1782888274.0126097,1782888275.7551823,1.742572546005249,5.826488049630195,3.748
646,/home/htj/resisc45/imgs_full/stadium_s0005646.png,stadium,stadium,stadium,1,1782888275.759967,1782888277.509723,1.749755859375,5.782152902910786,3.6975
647,/home/htj/resisc45/imgs_full/beach_s0005647.png,beach,beach,beach,1,1782888277.5138786,1782888279.2574317,1.7435531616210938,5.744332743737005,3.6975
648,/home/htj/resisc45/imgs_full/circular_farmland_s0005648.png,circular_farmland,circular farmland,circular_farmland,1,1782888279.2619612,1782888281.2690327,2.0070714950561523,6.6315872276094225,3.647
649,/home/htj/resisc45/imgs_full/airplane_s0005649.png,airplane,airport,airport,0,1782888281.2733698,1782888282.874278,1.6009082794189453,5.3297095386641375,3.647
650,/home/htj/resisc45/imgs_full/airplane_s0005650.png,airplane,airport,airport,0,1782888282.8787768,1782888284.4801352,1.601358413696289,5.35516341242297,3.7076
651,/home/htj/resisc45/imgs_full/parking_lot_s0005651.png,parking_lot,storage tank,storage_tank,0,1782888284.4843838,1782888286.218954,1.7345702648162842,5.8343110165288365,3.748
652,/home/htj/resisc45/imgs_full/rectangular_farmland_s0005652.png,rectangular_farmland,circular farmland,circular_farmland,0,1782888286.2230961,1782888288.227101,2.004004955291748,6.6991022791181285,3.6746
653,/home/htj/resisc45/imgs_full/forest_s0005653.png,forest,forest,forest,1,1782888288.231533,1782888289.8459718,1.614438772201538,5.397681188797128,3.748
654,/home/htj/resisc45/imgs_full/beach_s0005654.png,beach,beach,beach,1,1782888289.850328,1782888291.5949128,1.7445847988128662,5.827926212756864,3.748
655,/home/htj/resisc45/imgs_full/meadow_s0005655.png,meadow,forest,forest,0,1782888291.599321,1782888293.2128217,1.6135008335113525,5.418859092408213,3.8085999999999998
656,/home/htj/resisc45/imgs_full/commercial_area_s0005656.png,commercial_area,intersection,intersection,0,1782888293.217376,1782888294.8184755,1.6010994911193848,5.383411128265516,3.748
657,/home/htj/resisc45/imgs_full/wetland_s0005657.png,wetland,beach,beach,0,1782888294.8231761,1782888296.554404,1.7312278747558594,5.834517168229626,3.6975
658,/home/htj/resisc45/imgs_full/freeway_s0005658.png,freeway,freeway,freeway,1,1782888296.5586243,1782888298.2946389,1.7360146045684814,5.7889367005825045,3.6975
659,/home/htj/resisc45/imgs_full/forest_s0005659.png,forest,forest,forest,1,1782888298.299328,1782888299.9168632,1.61753511428833,5.3017223339080815,3.6062
660,/home/htj/resisc45/imgs_full/sparse_residential_s0005660.png,sparse_residential,stadium,stadium,0,1782888299.921231,1782888301.665872,1.7446410655975342,5.8001436406950795,3.6975
661,/home/htj/resisc45/imgs_full/ship_s0005661.png,ship,harbor,harbor,0,1782888301.6701748,1782888303.4165657,1.7463908195495605,5.84601510084829,3.6975
662,/home/htj/resisc45/imgs_full/ship_s0005662.png,ship,bridge,bridge,0,1782888303.4205213,1782888305.0289812,1.6084599494934082,5.3568372014473224,3.7076
663,/home/htj/resisc45/imgs_full/bridge_s0005663.png,bridge,bridge,bridge,1,1782888305.0332284,1782888306.649653,1.616424560546875,5.3529631205967485,3.647
664,/home/htj/resisc45/imgs_full/ship_s0005664.png,ship,harbor,harbor,0,1782888306.6539407,1782888308.386295,1.7323544025421143,5.726772478003656,3.648
665,/home/htj/resisc45/imgs_full/commercial_area_s0005665.png,commercial_area,stadium,stadium,0,1782888308.391032,1782888310.1293824,1.7383503913879395,5.781529098479979,3.648
666,/home/htj/resisc45/imgs_full/forest_s0005666.png,forest,lake,lake,0,1782888310.1340694,1782888311.752103,1.6180336475372314,5.384871773267614,3.7076
667,/home/htj/resisc45/imgs_full/snowberg_s0005667.png,snowberg,sea ice,sea_ice,0,1782888311.7567377,1782888313.5053086,1.7485709190368652,5.813208628608335,3.6975
668,/home/htj/resisc45/imgs_full/sparse_residential_s0005668.png,sparse_residential,airplane,airplane,0,1782888313.5097234,1782888315.2555065,1.7457830905914307,5.820328192864695,3.647
669,/home/htj/resisc45/imgs_full/tennis_court_s0005669.png,tennis_court,tennis court,tennis_court,1,1782888315.2601066,1782888317.1352932,1.8751866817474365,6.21880092274059,3.647
670,/home/htj/resisc45/imgs_full/intersection_s0005670.png,intersection,intersection,intersection,1,1782888317.1401188,1782888318.759317,1.6191980838775635,5.409294122901456,3.7076
671,/home/htj/resisc45/imgs_full/bridge_s0005671.png,bridge,runway,runway,0,1782888318.7640011,1782888320.499003,1.735001802444458,5.847235913238218,3.748
672,/home/htj/resisc45/imgs_full/palace_s0005672.png,palace,stadium,stadium,0,1782888320.5035439,1782888322.2370586,1.7335147857666016,5.815942106246948,3.6985
673,/home/htj/resisc45/imgs_full/ground_track_field_s0005673.png,ground_track_field,stadium,stadium,0,1782888322.2412465,1782888323.9866421,1.7453956604003906,5.809859122614707,3.647
674,/home/htj/resisc45/imgs_full/bridge_s0005674.png,bridge,bridge,bridge,1,1782888323.9910238,1782888325.6042025,1.6131787300109863,5.349690056685743,3.7076
675,/home/htj/resisc45/imgs_full/wetland_s0005675.png,wetland,lake,lake,0,1782888325.608761,1782888327.2275968,1.618835687637329,5.3850848258857065,3.748
676,/home/htj/resisc45/imgs_full/chaparral_s0005676.png,chaparral,chaparral,chaparral,1,1782888327.2320738,1782888329.1088548,1.8767809867858887,6.230287282466888,3.6874
677,/home/htj/resisc45/imgs_full/river_s0005677.png,river,lake,lake,0,1782888329.113358,1782888330.7274697,1.6141116619110107,5.369370272858389,3.647
678,/home/htj/resisc45/imgs_full/wetland_s0005678.png,wetland,wetland,wetland,1,1782888330.7318726,1782888332.5995822,1.8677096366882324,6.182967856363817,3.647
679,/home/htj/resisc45/imgs_full/church_s0005679.png,church,stadium,stadium,0,1782888332.6043873,1782888334.3426425,1.738255262374878,5.795286972007444,3.748
680,/home/htj/resisc45/imgs_full/tennis_court_s0005680.png,tennis_court,tennis court,tennis_court,1,1782888334.3473024,1782888336.2237313,1.8764288425445557,6.245721833149592,3.647
681,/home/htj/resisc45/imgs_full/harbor_s0005681.png,harbor,harbor,harbor,1,1782888336.2284153,1782888337.9720235,1.7436082363128662,5.818083212014168,3.6965
682,/home/htj/resisc45/imgs_full/medium_residential_s0005682.png,medium_residential,dense residential,dense_residential,0,1782888337.9742572,1782888339.7265694,1.752312183380127,5.641371232694196,3.345
683,/home/htj/resisc45/imgs_full/medium_residential_s0005683.png,medium_residential,dense residential,dense_residential,0,1782888339.7313478,1782888341.479039,1.7476911544799805,5.6895239877085535,3.6975
684,/home/htj/resisc45/imgs_full/mobile_home_park_s0005684.png,mobile_home_park,dense residential,dense_residential,0,1782888341.4836376,1782888343.2323375,1.7486999034881592,5.911451818904569,3.7985
685,/home/htj/resisc45/imgs_full/palace_s0005685.png,palace,airplane,airplane,0,1782888343.2367404,1782888344.9717872,1.7350468635559082,5.820388208484649,3.7025499999999996
686,/home/htj/resisc45/imgs_full/industrial_area_s0005686.png,industrial_area,runway,runway,0,1782888344.9761846,1782888346.7124157,1.7362310886383057,5.795018504548072,3.7025499999999996
687,/home/htj/resisc45/imgs_full/tennis_court_s0005687.png,tennis_court,tennis court,tennis_court,1,1782888346.7167397,1782888348.5923383,1.875598669052124,6.24927410661473,3.68235
688,/home/htj/resisc45/imgs_full/terrace_s0005688.png,terrace,forest,forest,0,1782888348.596788,1782888350.2149913,1.6182034015655518,5.393918338356347,3.7076
689,/home/htj/resisc45/imgs_full/bridge_s0005689.png,bridge,bridge,bridge,1,1782888350.219379,1782888351.83229,1.6129109859466553,5.364829959077495,3.647
690,/home/htj/resisc45/imgs_full/desert_s0005690.png,desert,forest,forest,0,1782888351.8367867,1782888353.4540656,1.617278814315796,5.374217499971389,3.647
691,/home/htj/resisc45/imgs_full/river_s0005691.png,river,river,river,1,1782888353.4584985,1782888355.0742817,1.6157832145690918,5.391757153691917,3.7076
692,/home/htj/resisc45/imgs_full/harbor_s0005692.png,harbor,harbor,harbor,1,1782888355.0789933,1782888356.8156006,1.736607313156128,5.768113180852706,3.647
693,/home/htj/resisc45/imgs_full/beach_s0005693.png,beach,beach,beach,1,1782888356.8197505,1782888358.5533013,1.733550786972046,5.742191258368954,3.647
694,/home/htj/resisc45/imgs_full/overpass_s0005694.png,overpass,bridge,bridge,0,1782888358.5576174,1782888360.1766636,1.6190462112426758,5.338053181546075,3.647
695,/home/htj/resisc45/imgs_full/commercial_area_s0005695.png,commercial_area,commercial area,commercial_area,1,1782888360.181296,1782888361.9309738,1.7496776580810547,5.839859610526792,3.748
696,/home/htj/resisc45/imgs_full/palace_s0005696.png,palace,castle,,0,1782888361.935691,1782888363.5571866,1.6214954853057861,5.470694125209535,3.8136499999999995
697,/home/htj/resisc45/imgs_full/industrial_area_s0005697.png,industrial_area,storage tank,storage_tank,0,1782888363.561765,1782888365.307522,1.7457571029663086,5.82654880326794,3.647
698,/home/htj/resisc45/imgs_full/baseball_diamond_s0005698.png,baseball_diamond,baseball diamond,baseball_diamond,1,1782888365.312233,1782888367.1900544,1.877821445465088,5.997021948973337,3.345
699,/home/htj/resisc45/imgs_full/railway_station_s0005699.png,railway_station,stadium,stadium,0,1782888367.194635,1782888368.924356,1.7297210693359375,5.494821660195627,3.244
700,/home/htj/resisc45/imgs_full/dense_residential_s0005700.png,dense_residential,dense residential,dense_residential,1,1782888368.9291177,1782888370.6549742,1.7258565425872803,5.513306253846486,3.343
701,/home/htj/resisc45/imgs_full/lake_s0005701.png,lake,lake,lake,1,1782888370.6592464,1782888372.2722375,1.6129910945892334,5.127198106256025,3.3033999999999994
702,/home/htj/resisc45/imgs_full/medium_residential_s0005702.png,medium_residential,forest,forest,0,1782888372.2767177,1782888373.880595,1.603877305984497,5.0883837124068165,3.244
703,/home/htj/resisc45/imgs_full/intersection_s0005703.png,intersection,intersection,intersection,1,1782888373.8850844,1782888375.5026908,1.6176064014434814,5.086390014367445,3.244
704,/home/htj/resisc45/imgs_full/medium_residential_s0005704.png,medium_residential,dense residential,dense_residential,0,1782888375.5071666,1782888377.2573135,1.7501468658447266,5.497375381886959,3.244
705,/home/htj/resisc45/imgs_full/commercial_area_s0005705.png,commercial_area,stadium,stadium,0,1782888377.2620108,1782888378.99263,1.730619192123413,5.481678603744507,3.2426500000000003
706,/home/htj/resisc45/imgs_full/storage_tank_s0005706.png,storage_tank,storage tank,storage_tank,1,1782888378.9972205,1782888380.7319841,1.7347636222839355,5.510560586360193,3.244
707,/home/htj/resisc45/imgs_full/ship_s0005707.png,ship,bridge,bridge,0,1782888380.7357671,1782888382.3354404,1.5996732711791992,5.0860232628460595,3.244
708,/home/htj/resisc45/imgs_full/railway_s0005708.png,railway,runway,runway,0,1782888382.3402271,1782888384.0891647,1.7489376068115234,5.500183104053621,3.244
709,/home/htj/resisc45/imgs_full/thermal_power_station_s0005709.png,thermal_power_station,industrial area,industrial_area,0,1782888384.0937994,1782888385.9565017,1.8627023696899414,5.9019442355994025,3.244
710,/home/htj/resisc45/imgs_full/sea_ice_s0005710.png,sea_ice,island,island,0,1782888385.9603937,1782888387.6895728,1.7291791439056396,5.510503471820585,3.2935
711,/home/htj/resisc45/imgs_full/mobile_home_park_s0005711.png,mobile_home_park,dense residential,dense_residential,0,1782888387.6942477,1782888389.4420447,1.7477970123291016,5.50685734145872,3.244
712,/home/htj/resisc45/imgs_full/intersection_s0005712.png,intersection,stadium,stadium,0,1782888389.4467862,1782888391.1804476,1.733661413192749,5.520201637852576,3.244
713,/home/htj/resisc45/imgs_full/chaparral_s0005713.png,chaparral,forest,forest,0,1782888391.1850407,1782888392.794135,1.6090943813323975,5.101231462419033,3.244
714,/home/htj/resisc45/imgs_full/chaparral_s0005714.png,chaparral,river,river,0,1782888392.7991126,1782888394.4033,1.6041874885559082,5.279878876127046,3.7076
715,/home/htj/resisc45/imgs_full/ship_s0005715.png,ship,runway,runway,0,1782888394.4079833,1782888396.156594,1.7486107349395752,5.824622358083725,3.6975
716,/home/htj/resisc45/imgs_full/ground_track_field_s0005716.png,ground_track_field,stadium,stadium,0,1782888396.1610115,1782888397.888298,1.7272865772247314,5.555677978338734,3.345
717,/home/htj/resisc45/imgs_full/circular_farmland_s0005717.png,circular_farmland,circular farmland,circular_farmland,1,1782888397.8922124,1782888399.8810244,1.98881196975708,6.315671291160583,3.244
718,/home/htj/resisc45/imgs_full/terrace_s0005718.png,terrace,circular farmland,circular_farmland,0,1782888399.8853292,1782888401.8841126,1.9987833499908447,6.3963843287693125,3.343
719,/home/htj/resisc45/imgs_full/airport_s0005719.png,airport,airport,airport,1,1782888401.888691,1782888403.4991765,1.610485553741455,5.361824064476149,3.7126499999999996
720,/home/htj/resisc45/imgs_full/mobile_home_park_s0005720.png,mobile_home_park,mobile home park,mobile_home_park,1,1782888403.5037425,1782888405.3655457,1.8618032932281494,5.992298526677218,3.345
721,/home/htj/resisc45/imgs_full/airplane_s0005721.png,airplane,runway,runway,0,1782888405.3698173,1782888407.1002285,1.7304112911224365,5.509127173462222,3.2945
722,/home/htj/resisc45/imgs_full/runway_s0005722.png,runway,intersection,intersection,0,1782888407.102056,1782888408.7141652,1.6121091842651367,5.1079957453300215,3.244
723,/home/htj/resisc45/imgs_full/palace_s0005723.png,palace,church,church,0,1782888408.7164202,1782888410.3259375,1.6095173358917236,5.103721989350659,3.244
724,/home/htj/resisc45/imgs_full/parking_lot_s0005724.png,parking_lot,storage tank,storage_tank,0,1782888410.3309958,1782888412.066495,1.7354991436004639,5.48701194237868,3.244
725,/home/htj/resisc45/imgs_full/mobile_home_park_s0005725.png,mobile_home_park,mobile home park,mobile_home_park,1,1782888412.0713665,1782888413.9351282,1.8637616634368896,5.876056809179923,3.244
726,/home/htj/resisc45/imgs_full/snowberg_s0005726.png,snowberg,mountain,mountain,0,1782888413.9396644,1782888415.676292,1.7366275787353516,5.54661482372284,3.343
727,/home/htj/resisc45/imgs_full/island_s0005727.png,island,island,island,1,1782888415.6803992,1782888417.4117327,1.7313334941864014,5.511169608800642,3.244
728,/home/htj/resisc45/imgs_full/beach_s0005728.png,beach,beach,beach,1,1782888417.4134183,1782888419.1411479,1.7277295589447021,5.7312690795006285,3.7985
729,/home/htj/resisc45/imgs_full/baseball_diamond_s0005729.png,baseball_diamond,baseball diamond,baseball_diamond,1,1782888419.1455207,1782888421.0175326,1.8720118999481201,6.253257205060034,3.748
730,/home/htj/resisc45/imgs_full/river_s0005730.png,river,river,river,1,1782888421.0218832,1782888422.6228375,1.600954294204712,5.3627000377013765,3.7063999999999995
731,/home/htj/resisc45/imgs_full/island_s0005731.png,island,island,island,1,1782888422.627139,1782888424.363414,1.7362749576568604,5.811200265538308,3.696
732,/home/htj/resisc45/imgs_full/dense_residential_s0005732.png,dense_residential,dense residential,dense_residential,1,1782888424.3679035,1782888426.1025758,1.7346723079681396,5.75257813009421,3.647
733,/home/htj/resisc45/imgs_full/medium_residential_s0005733.png,medium_residential,medium residential,medium_residential,1,1782888426.107438,1782888427.8418033,1.7343652248382568,5.796364205757777,3.7001
734,/home/htj/resisc45/imgs_full/desert_s0005734.png,desert,desert,desert,1,1782888427.8461304,1782888429.577677,1.7315466403961182,5.752868215514767,3.695
735,/home/htj/resisc45/imgs_full/industrial_area_s0005735.png,industrial_area,storage tank,storage_tank,0,1782888429.5825632,1782888431.3215117,1.7389485836029053,5.794401061027281,3.746
736,/home/htj/resisc45/imgs_full/harbor_s0005736.png,harbor,harbor,harbor,1,1782888431.3259656,1782888433.071585,1.745619297027588,5.821865596786622,3.644
737,/home/htj/resisc45/imgs_full/beach_s0005737.png,beach,beach,beach,1,1782888433.0759315,1782888434.8059323,1.7300007343292236,5.561450102590745,3.343
738,/home/htj/resisc45/imgs_full/stadium_s0005738.png,stadium,stadium,stadium,1,1782888434.8106184,1782888436.5460143,1.735395908355713,5.524213020401617,3.2935
739,/home/htj/resisc45/imgs_full/overpass_s0005739.png,overpass,runway,runway,0,1782888436.5503495,1782888438.2867875,1.7364380359649658,5.512182509845303,3.244
740,/home/htj/resisc45/imgs_full/airplane_s0005740.png,airplane,runway,runway,0,1782888438.2909372,1782888440.0181863,1.7272491455078125,5.489773534138998,3.244
741,/home/htj/resisc45/imgs_full/rectangular_farmland_s0005741.png,rectangular_farmland,circular farmland,circular_farmland,0,1782888440.0229855,1782888442.011754,1.9887685775756836,6.332807370594569,3.343
742,/home/htj/resisc45/imgs_full/airport_s0005742.png,airport,airport,airport,1,1782888442.0163646,1782888443.6242213,1.6078567504882812,5.184648938860212,3.343
743,/home/htj/resisc45/imgs_full/bridge_s0005743.png,bridge,bridge,bridge,1,1782888443.628782,1782888445.24462,1.6158380508422852,5.088389439105987,3.244
744,/home/htj/resisc45/imgs_full/golf_course_s0005744.png,golf_course,golf course,golf_course,1,1782888445.2488568,1782888447.1222384,1.8733816146850586,5.913935160805197,3.244
745,/home/htj/resisc45/imgs_full/medium_residential_s0005745.png,medium_residential,dense residential,dense_residential,0,1782888447.1271546,1782888448.8729026,1.7457480430603027,5.569161515174374,3.343
746,/home/htj/resisc45/imgs_full/baseball_diamond_s0005746.png,baseball_diamond,baseball diamond,baseball_diamond,1,1782888448.8776312,1782888450.7449331,1.8673019409179688,5.91708375641794,3.244
747,/home/htj/resisc45/imgs_full/overpass_s0005747.png,overpass,runway,runway,0,1782888450.7495263,1782888452.480887,1.731360673904419,5.520080481506163,3.2945
748,/home/htj/resisc45/imgs_full/runway_s0005748.png,runway,airport,airport,0,1782888452.4854872,1782888454.0859802,1.6004929542541504,5.0940832710777,3.31035
749,/home/htj/resisc45/imgs_full/terrace_s0005749.png,terrace,circular farmland,circular_farmland,0,1782888454.0878763,1782888456.076292,1.9884157180786133,6.295778658458165,3.246
750,/home/htj/resisc45/imgs_full/baseball_diamond_s0005750.png,baseball_diamond,baseball diamond,baseball_diamond,1,1782888456.0807455,1782888457.9536762,1.8729307651519775,5.986738057591698,3.343
751,/home/htj/resisc45/imgs_full/wetland_s0005751.png,wetland,lake,lake,0,1782888457.9585783,1782888459.5766838,1.618105411529541,5.16158887256425,3.343
752,/home/htj/resisc45/imgs_full/forest_s0005752.png,forest,forest,forest,1,1782888459.5812855,1782888461.1992748,1.6179893016815186,5.100017849564552,3.244
753,/home/htj/resisc45/imgs_full/mountain_s0005753.png,mountain,mountain,mountain,1,1782888461.203897,1782888462.9273472,1.7234501838684082,5.493636448998605,3.2945
754,/home/htj/resisc45/imgs_full/church_s0005754.png,church,runway,runway,0,1782888462.9315698,1782888464.662023,1.7304532527923584,5.508925840800808,3.2935
755,/home/htj/resisc45/imgs_full/mountain_s0005755.png,mountain,chaparral,chaparral,0,1782888464.6666808,1782888466.5320754,1.8653945922851562,5.912000734040232,3.244
756,/home/htj/resisc45/imgs_full/thermal_power_station_s0005756.png,thermal_power_station,industrial area,industrial_area,0,1782888466.5367193,1782888468.3979247,1.8612053394317627,5.926867403015946,3.2847999999999997
757,/home/htj/resisc45/imgs_full/railway_station_s0005757.png,railway_station,runway,runway,0,1782888468.4024513,1782888470.1495557,1.7471044063568115,5.515552252661798,3.244
758,/home/htj/resisc45/imgs_full/commercial_area_s0005758.png,commercial_area,stadium,stadium,0,1782888470.1544082,1782888471.9018443,1.7474360466003418,5.514344474023388,3.2955
759,/home/htj/resisc45/imgs_full/tennis_court_s0005759.png,tennis_court,tennis court,tennis_court,1,1782888471.906667,1782888473.785567,1.8789000511169434,5.924669217067606,3.244
760,/home/htj/resisc45/imgs_full/desert_s0005760.png,desert,desert,desert,1,1782888473.7899206,1782888475.5174172,1.72749662399292,5.516008171804489,3.343
761,/home/htj/resisc45/imgs_full/dense_residential_s0005761.png,dense_residential,dense residential,dense_residential,1,1782888475.5221045,1782888477.260593,1.7384884357452393,5.501388705301285,3.244
762,/home/htj/resisc45/imgs_full/airport_s0005762.png,airport,airport,airport,1,1782888477.2651134,1782888478.8663843,1.6012709140777588,5.075456915157182,3.244
763,/home/htj/resisc45/imgs_full/cloud_s0005763.png,cloud,sea ice,sea_ice,0,1782888478.8707373,1782888480.599866,1.7291285991668701,5.464492600102578,3.244
764,/home/htj/resisc45/imgs_full/palace_s0005764.png,palace,stadium,stadium,0,1782888480.604589,1782888482.3528278,1.7482388019561768,5.517498053773757,3.241
765,/home/htj/resisc45/imgs_full/basketball_court_s0005765.png,basketball_court,basketball court,basketball_court,1,1782888482.357315,1782888484.2342222,1.8769071102142334,5.928580801436395,3.2836
766,/home/htj/resisc45/imgs_full/intersection_s0005766.png,intersection,intersection,intersection,1,1782888484.2388878,1782888485.8518987,1.6130108833312988,5.126037345096982,3.341
767,/home/htj/resisc45/imgs_full/freeway_s0005767.png,freeway,freeway,freeway,1,1782888485.8564672,1782888487.5863526,1.7298853397369385,5.470064852506884,3.241
768,/home/htj/resisc45/imgs_full/parking_lot_s0005768.png,parking_lot,stadium,stadium,0,1782888487.5911465,1782888489.3304632,1.739316701889038,5.488441906306051,3.241
769,/home/htj/resisc45/imgs_full/church_s0005769.png,church,church,church,1,1782888489.3350167,1782888490.9364,1.6013832092285156,5.085935880252293,3.241
770,/home/htj/resisc45/imgs_full/river_s0005770.png,river,river,river,1,1782888490.9407377,1782888492.5426161,1.6018784046173096,5.070110862172883,3.244
771,/home/htj/resisc45/imgs_full/snowberg_s0005771.png,snowberg,mountain,mountain,0,1782888492.5472796,1782888494.298079,1.7507994174957275,5.492144817882969,3.241
772,/home/htj/resisc45/imgs_full/intersection_s0005772.png,intersection,intersection,intersection,1,1782888494.3029747,1782888495.9063523,1.6033775806427002,5.0883760156546325,3.244
773,/home/htj/resisc45/imgs_full/ground_track_field_s0005773.png,ground_track_field,stadium,stadium,0,1782888495.9105873,1782888497.654669,1.744081735610962,5.495320245404397,3.244
774,/home/htj/resisc45/imgs_full/mobile_home_park_s0005774.png,mobile_home_park,mobile home park,mobile_home_park,1,1782888497.6593509,1782888499.519254,1.85990309715271,5.915337259444324,3.343
775,/home/htj/resisc45/imgs_full/storage_tank_s0005775.png,storage_tank,storage tank,storage_tank,1,1782888499.521288,1782888501.248224,1.7269361019134521,5.521647927721342,3.343
776,/home/htj/resisc45/imgs_full/thermal_power_station_s0005776.png,thermal_power_station,storage tank,storage_tank,0,1782888501.2528968,1782888502.9839025,1.7310056686401367,5.515821643675527,3.343
777,/home/htj/resisc45/imgs_full/church_s0005777.png,church,church,church,1,1782888502.9884868,1782888504.5927494,1.6042625904083252,5.100227371906412,3.3033999999999994
778,/home/htj/resisc45/imgs_full/roundabout_s0005778.png,roundabout,roundabout,roundabout,1,1782888504.5972235,1782888506.3424697,1.745246171951294,5.504731619388826,3.244
779,/home/htj/resisc45/imgs_full/storage_tank_s0005779.png,storage_tank,storage tank,storage_tank,1,1782888506.3470738,1782888508.0968297,1.749755859375,5.552821997857863,3.343
780,/home/htj/resisc45/imgs_full/thermal_power_station_s0005780.png,thermal_power_station,airplane,airplane,0,1782888508.1011076,1782888509.8460224,1.7449147701263428,5.469182052881487,3.244
781,/home/htj/resisc45/imgs_full/railway_s0005781.png,railway,railway,railway,1,1782888509.8504937,1782888511.5870886,1.7365949153900146,5.764598812041744,3.746
782,/home/htj/resisc45/imgs_full/railway_s0005782.png,railway,bridge,bridge,0,1782888511.5917547,1782888513.1993823,1.6076276302337646,5.373150862421308,3.7102999999999997
783,/home/htj/resisc45/imgs_full/snowberg_s0005783.png,snowberg,river,river,0,1782888513.2040844,1782888514.810341,1.6062564849853516,5.370601639780505,3.7076
784,/home/htj/resisc45/imgs_full/harbor_s0005784.png,harbor,harbor,harbor,1,1782888514.8150456,1782888516.5495057,1.7344601154327393,5.793432487503175,3.6975
785,/home/htj/resisc45/imgs_full/church_s0005785.png,church,church,church,1,1782888516.5540397,1782888518.1710958,1.617056131362915,5.365615286087168,3.644
786,/home/htj/resisc45/imgs_full/palace_s0005786.png,palace,church,church,0,1782888518.1753957,1782888519.7833369,1.6079411506652832,5.375462119613374,3.71135
787,/home/htj/resisc45/imgs_full/snowberg_s0005787.png,snowberg,mountain,mountain,0,1782888519.7856348,1782888521.537248,1.7516131401062012,5.794844800318441,3.647
788,/home/htj/resisc45/imgs_full/baseball_diamond_s0005788.png,baseball_diamond,stadium,stadium,0,1782888521.541651,1782888523.2779016,1.736250638961792,5.77196922093053,3.6975
789,/home/htj/resisc45/imgs_full/beach_s0005789.png,beach,beach,beach,1,1782888523.2824702,1782888525.0211694,1.738699197769165,5.7616565319107425,3.6455
790,/home/htj/resisc45/imgs_full/basketball_court_s0005790.png,basketball_court,basketball court,basketball_court,1,1782888525.0255508,1782888526.9035485,1.877997636795044,6.201369137595681,3.647
791,/home/htj/resisc45/imgs_full/baseball_diamond_s0005791.png,baseball_diamond,stadium,stadium,0,1782888526.9082415,1782888528.6420672,1.73382568359375,5.814442224121094,3.7025499999999996
792,/home/htj/resisc45/imgs_full/railway_station_s0005792.png,railway_station,railway,railway,0,1782888528.6463993,1782888530.3903177,1.7439184188842773,5.852822736231486,3.8015499999999998
793,/home/htj/resisc45/imgs_full/forest_s0005793.png,forest,forest,forest,1,1782888530.395035,1782888531.9987497,1.6037147045135498,5.360301848786218,3.7102999999999997
794,/home/htj/resisc45/imgs_full/overpass_s0005794.png,overpass,intersection,intersection,0,1782888532.0032666,1782888533.618327,1.6150603294372559,5.371969114385802,3.647
795,/home/htj/resisc45/imgs_full/tennis_court_s0005795.png,tennis_court,dense residential,dense_residential,0,1782888533.623131,1782888535.3591492,1.736018180847168,5.759436317013155,3.647
796,/home/htj/resisc45/imgs_full/chaparral_s0005796.png,chaparral,forest,forest,0,1782888535.3638842,1782888536.9722285,1.608344316482544,5.34826182012047,3.647
797,/home/htj/resisc45/imgs_full/river_s0005797.png,river,river,river,1,1782888536.9765046,1782888538.5897763,1.613271713256836,5.394724979071782,3.7076
798,/home/htj/resisc45/imgs_full/industrial_area_s0005798.png,industrial_area,bridge,bridge,0,1782888538.5941436,1782888540.1979518,1.6038081645965576,5.39145001207549,3.748
799,/home/htj/resisc45/imgs_full/lake_s0005799.png,lake,lake,lake,1,1782888540.2018988,1782888541.800684,1.598785161972046,5.318929836000715,3.647
800,/home/htj/resisc45/imgs_full/golf_course_s0005800.png,golf_course,golf course,golf_course,1,1782888541.804862,1782888543.6677666,1.8629045486450195,6.207197956085205,3.748
801,/home/htj/resisc45/imgs_full/chaparral_s0005801.png,chaparral,desert,desert,0,1782888543.6721096,1782888545.4185536,1.7464439868927002,5.845967730060701,3.748
802,/home/htj/resisc45/imgs_full/railway_station_s0005802.png,railway_station,airport,airport,0,1782888545.4234173,1782888547.026964,1.6035466194152832,5.3674023034490395,3.7076
803,/home/htj/resisc45/imgs_full/wetland_s0005803.png,wetland,runway,runway,0,1782888547.0314062,1782888548.7593274,1.7279212474822998,5.772812095713616,3.748
804,/home/htj/resisc45/imgs_full/basketball_court_s0005804.png,basketball_court,basketball court,basketball_court,1,1782888548.7639062,1782888550.6395705,1.875664234161377,6.300924545649327,3.748
805,/home/htj/resisc45/imgs_full/sea_ice_s0005805.png,sea_ice,island,island,0,1782888550.6439023,1782888552.3794994,1.7355971336364746,5.837373030462573,3.748
806,/home/htj/resisc45/imgs_full/overpass_s0005806.png,overpass,freeway,freeway,0,1782888552.384196,1782888554.120373,1.7361769676208496,5.760803195691877,3.596
807,/home/htj/resisc45/imgs_full/lake_s0005807.png,lake,desert,desert,0,1782888554.1248288,1782888555.8612518,1.7364230155944824,5.772374226647039,3.647
808,/home/htj/resisc45/imgs_full/intersection_s0005808.png,intersection,intersection,intersection,1,1782888555.8659701,1782888557.4842482,1.6182780265808105,5.446256902813912,3.8136499999999995
809,/home/htj/resisc45/imgs_full/bridge_s0005809.png,bridge,runway,runway,0,1782888557.4888172,1782888559.219886,1.7310688495635986,5.528307973407929,3.344
810,/home/htj/resisc45/imgs_full/chaparral_s0005810.png,chaparral,chaparral,chaparral,1,1782888559.2241912,1782888561.086567,1.8623757362365723,5.884599405852231,3.244
811,/home/htj/resisc45/imgs_full/circular_farmland_s0005811.png,circular_farmland,runway,runway,0,1782888561.0913737,1782888562.8380315,1.7466578483581543,5.788931203672964,3.647
812,/home/htj/resisc45/imgs_full/thermal_power_station_s0005812.png,thermal_power_station,railway,railway,0,1782888562.84266,1782888564.5774724,1.7348124980926514,5.753477669077535,3.644
813,/home/htj/resisc45/imgs_full/overpass_s0005813.png,overpass,bridge,bridge,0,1782888564.5824635,1782888566.187666,1.6052024364471436,5.349143388131569,3.644
814,/home/htj/resisc45/imgs_full/industrial_area_s0005814.png,industrial_area,medium residential,medium_residential,0,1782888566.19219,1782888567.9309604,1.7387704849243164,5.797172975478634,3.6455
815,/home/htj/resisc45/imgs_full/airplane_s0005815.png,airplane,runway,runway,0,1782888567.9353077,1782888569.680345,1.745037317276001,5.937855366952957,3.9
816,/home/htj/resisc45/imgs_full/cloud_s0005816.png,cloud,forest,forest,0,1782888569.6847656,1782888571.290741,1.6059753894805908,5.451712884647506,3.8136499999999995
817,/home/htj/resisc45/imgs_full/mountain_s0005817.png,mountain,forest,forest,0,1782888571.2949178,1782888572.8939183,1.5990004539489746,5.362716694864734,3.7076
818,/home/htj/resisc45/imgs_full/meadow_s0005818.png,meadow,forest,forest,0,1782888572.898219,1782888574.5113757,1.6131565570831299,5.3768176830225975,3.748
819,/home/htj/resisc45/imgs_full/forest_s0005819.png,forest,forest,forest,1,1782888574.5162375,1782888576.1168349,1.6005973815917969,5.369775558471679,3.647
820,/home/htj/resisc45/imgs_full/snowberg_s0005820.png,snowberg,lake,lake,0,1782888576.1217008,1782888577.7336674,1.611966609954834,5.130889719486237,3.345
821,/home/htj/resisc45/imgs_full/parking_lot_s0005821.png,parking_lot,storage tank,storage_tank,0,1782888577.7382998,1782888579.4755642,1.7372643947601318,5.456579341580791,3.244
822,/home/htj/resisc45/imgs_full/snowberg_s0005822.png,snowberg,mountain,mountain,0,1782888579.4801104,1782888581.2298124,1.749701976776123,5.478316889286041,3.244
823,/home/htj/resisc45/imgs_full/industrial_area_s0005823.png,industrial_area,storage tank,storage_tank,0,1782888581.2319746,1782888582.97643,1.744455337524414,5.456937659540484,3.244
824,/home/htj/resisc45/imgs_full/freeway_s0005824.png,freeway,medium residential,medium_residential,0,1782888582.9809344,1782888584.7264473,1.7455129623413086,5.488455822298604,3.244
825,/home/htj/resisc45/imgs_full/intersection_s0005825.png,intersection,intersection,intersection,1,1782888584.7311604,1782888586.3459687,1.6148083209991455,5.088984899060479,3.244
826,/home/htj/resisc45/imgs_full/church_s0005826.png,church,church,church,1,1782888586.3508883,1782888587.9568784,1.6059901714324951,5.075273082477706,3.244
827,/home/htj/resisc45/imgs_full/snowberg_s0005827.png,snowberg,mountain,mountain,0,1782888587.9617548,1782888589.6967123,1.7349574565887451,5.700230706807106,3.6975
828,/home/htj/resisc45/imgs_full/river_s0005828.png,river,river,river,1,1782888589.7011364,1782888591.301485,1.600348711013794,5.3683973433149275,3.748
829,/home/htj/resisc45/imgs_full/railway_station_s0005829.png,railway_station,runway,runway,0,1782888591.30611,1782888593.052188,1.7460780143737793,5.759917093738434,3.596
830,/home/htj/resisc45/imgs_full/parking_lot_s0005830.png,parking_lot,storage tank,storage_tank,0,1782888593.056874,1782888594.8032327,1.7463586330413818,5.839935937189287,3.7985
831,/home/htj/resisc45/imgs_full/stadium_s0005831.png,stadium,stadium,stadium,1,1782888594.8077624,1782888596.54346,1.7356975078582764,5.815986407379951,3.748
832,/home/htj/resisc45/imgs_full/airport_s0005832.png,airport,airport,airport,1,1782888596.5450447,1782888598.1605058,1.6154611110687256,5.44883493755545,3.7126499999999996
833,/home/htj/resisc45/imgs_full/airplane_s0005833.png,airplane,airport,airport,0,1782888598.1650457,1782888599.7647767,1.5997309684753418,5.355623466771225,3.748
834,/home/htj/resisc45/imgs_full/lake_s0005834.png,lake,lake,lake,1,1782888599.7693834,1782888601.3736947,1.604311227798462,5.1209614391326905,3.3443
835,/home/htj/resisc45/imgs_full/thermal_power_station_s0005835.png,thermal_power_station,storage tank,storage_tank,0,1782888601.3782966,1782888603.1148207,1.7365241050720215,5.4668579672997994,3.244
836,/home/htj/resisc45/imgs_full/industrial_area_s0005836.png,industrial_area,airport,airport,0,1782888603.1192403,1782888604.7373853,1.6181449890136719,5.124051401072535,3.244
837,/home/htj/resisc45/imgs_full/golf_course_s0005837.png,golf_course,golf course,golf_course,1,1782888604.7419798,1782888606.6175642,1.875584363937378,5.900133721828461,3.2448
838,/home/htj/resisc45/imgs_full/railway_station_s0005838.png,railway_station,airport,airport,0,1782888606.6222968,1782888608.2378964,1.6155996322631836,5.122489434037891,3.244
839,/home/htj/resisc45/imgs_full/rectangular_farmland_s0005839.png,rectangular_farmland,circular farmland,circular_farmland,0,1782888608.2422926,1782888610.2446063,2.0023136138916016,6.308400280210707,3.244
840,/home/htj/resisc45/imgs_full/airplane_s0005840.png,airplane,airplane,airplane,1,1782888610.2489977,1782888611.9826515,1.7336537837982178,5.5491461403600635,3.343
841,/home/htj/resisc45/imgs_full/airport_s0005841.png,airport,airport,airport,1,1782888611.9878633,1782888613.5918431,1.6039798259735107,5.072643484635012,3.244
842,/home/htj/resisc45/imgs_full/railway_s0005842.png,railway,intersection,intersection,0,1782888613.5964694,1782888615.1992018,1.6027324199676514,5.335440959437141,3.748
843,/home/htj/resisc45/imgs_full/church_s0005843.png,church,temple,,0,1782888615.2034876,1782888616.94788,1.7443923950195312,5.553301324905888,3.345
844,/home/htj/resisc45/imgs_full/ground_track_field_s0005844.png,ground_track_field,stadium,stadium,0,1782888616.952524,1782888618.6995223,1.7469983100891113,5.515217310167128,3.244
845,/home/htj/resisc45/imgs_full/terrace_s0005845.png,terrace,roundabout,roundabout,0,1782888618.703914,1782888620.446663,1.7427489757537842,5.49083984551122,3.244
846,/home/htj/resisc45/imgs_full/chaparral_s0005846.png,chaparral,chaparral,chaparral,1,1782888620.4514046,1782888622.3285346,1.8771300315856934,5.9142110195159905,3.2836
847,/home/htj/resisc45/imgs_full/roundabout_s0005847.png,roundabout,roundabout,roundabout,1,1782888622.3330522,1782888624.0655143,1.7324621677398682,5.799780364705669,3.7985
848,/home/htj/resisc45/imgs_full/desert_s0005848.png,desert,desert,desert,1,1782888624.0699813,1782888625.8020148,1.7320334911346436,5.836673504883244,3.7985
849,/home/htj/resisc45/imgs_full/island_s0005849.png,island,island,island,1,1782888625.8063588,1782888627.5405943,1.7342355251312256,5.803535270229463,3.647
850,/home/htj/resisc45/imgs_full/stadium_s0005850.png,stadium,stadium,stadium,1,1782888627.545277,1782888629.2949662,1.7496891021728516,5.855362801213418,3.6975
851,/home/htj/resisc45/imgs_full/thermal_power_station_s0005851.png,thermal_power_station,airport,airport,0,1782888629.2996309,1782888630.9206617,1.6210308074951172,5.4482286463770375,3.7076
852,/home/htj/resisc45/imgs_full/snowberg_s0005852.png,snowberg,lake,lake,0,1782888630.9254663,1782888632.546693,1.6212267875671387,5.4837716567598545,3.849
853,/home/htj/resisc45/imgs_full/runway_s0005853.png,runway,runway,runway,1,1782888632.5509324,1782888634.2917955,1.7408630847930908,5.850310788631439,3.748
854,/home/htj/resisc45/imgs_full/tennis_court_s0005854.png,tennis_court,tennis court,tennis_court,1,1782888634.296487,1782888636.1793065,1.882819414138794,6.255810141310547,3.647
855,/home/htj/resisc45/imgs_full/roundabout_s0005855.png,roundabout,roundabout,roundabout,1,1782888636.1841218,1782888637.9199905,1.7358686923980713,5.798697364837893,3.748
856,/home/htj/resisc45/imgs_full/tennis_court_s0005856.png,tennis_court,runway,runway,0,1782888637.924468,1782888639.6611671,1.736699104309082,5.749930621608611,3.6975
857,/home/htj/resisc45/imgs_full/thermal_power_station_s0005857.png,thermal_power_station,thermal power station,thermal_power_station,1,1782888639.665448,1782888641.5421717,1.8767237663269043,6.257679481939837,3.748
858,/home/htj/resisc45/imgs_full/dense_residential_s0005858.png,dense_residential,dense residential,dense_residential,1,1782888641.5469515,1782888643.3020797,1.7551281452178955,5.802069713808596,3.647
859,/home/htj/resisc45/imgs_full/stadium_s0005859.png,stadium,stadium,stadium,1,1782888643.306935,1782888645.0563006,1.7493655681610107,5.568851346077458,3.2935
860,/home/htj/resisc45/imgs_full/island_s0005860.png,island,island,island,1,1782888645.060538,1782888646.8026814,1.7421433925628662,5.824940730294873,3.748
861,/home/htj/resisc45/imgs_full/beach_s0005861.png,beach,beach,beach,1,1782888646.807048,1782888648.549856,1.7428078651428223,5.879221784037928,3.748
862,/home/htj/resisc45/imgs_full/terrace_s0005862.png,terrace,circular farmland,circular_farmland,0,1782888648.5542583,1782888650.5459871,1.9917287826538086,6.683957261902945,3.748
863,/home/htj/resisc45/imgs_full/tennis_court_s0005863.png,tennis_court,airplane,airplane,0,1782888650.5502913,1782888652.2810898,1.7307984828948975,5.571719477484303,3.345
864,/home/htj/resisc45/imgs_full/palace_s0005864.png,palace,stadium,stadium,0,1782888652.2853546,1782888654.030215,1.7448604106903076,5.505878883023415,3.244
865,/home/htj/resisc45/imgs_full/roundabout_s0005865.png,roundabout,roundabout,roundabout,1,1782888654.0347865,1782888655.7824554,1.747668981552124,5.504029763513996,3.245
866,/home/htj/resisc45/imgs_full/tennis_court_s0005866.png,tennis_court,lake,lake,0,1782888655.7872674,1782888657.4069886,1.6197211742401123,5.0903368310024,3.246
867,/home/htj/resisc45/imgs_full/sparse_residential_s0005867.png,sparse_residential,airplane,airplane,0,1782888657.411681,1782888659.1564527,1.7447717189788818,5.431249229346553,3.244
868,/home/htj/resisc45/imgs_full/ground_track_field_s0005868.png,ground_track_field,stadium,stadium,0,1782888659.1610117,1782888660.9060426,1.7450308799743652,5.472698296193154,3.245
869,/home/htj/resisc45/imgs_full/railway_s0005869.png,railway,runway,runway,0,1782888660.9105392,1782888662.6390524,1.728513240814209,5.459815742815694,3.245
870,/home/htj/resisc45/imgs_full/storage_tank_s0005870.png,storage_tank,storage tank,storage_tank,1,1782888662.6435497,1782888664.377725,1.734175205230713,5.499964633957032,3.2935
871,/home/htj/resisc45/imgs_full/storage_tank_s0005871.png,storage_tank,runway,runway,0,1782888664.38207,1782888666.1241443,1.7420742511749268,5.467584331227887,3.244
872,/home/htj/resisc45/imgs_full/terrace_s0005872.png,terrace,bridge,bridge,0,1782888666.1286187,1782888667.7421234,1.6135046482086182,5.063465711908681,3.244
873,/home/htj/resisc45/imgs_full/mountain_s0005873.png,mountain,forest,forest,0,1782888667.746359,1782888669.3590624,1.6127033233642578,5.090080961753582,3.244
874,/home/htj/resisc45/imgs_full/rectangular_farmland_s0005874.png,rectangular_farmland,circular farmland,circular_farmland,0,1782888669.3629584,1782888671.3652477,2.002289295196533,6.578521479368209,3.6475
875,/home/htj/resisc45/imgs_full/mobile_home_park_s0005875.png,mobile_home_park,mobile home park,mobile_home_park,1,1782888671.3700109,1782888673.2509987,1.8809878826141357,6.323881261348725,3.748
876,/home/htj/resisc45/imgs_full/wetland_s0005876.png,wetland,lake,lake,0,1782888673.2557461,1782888674.8673291,1.6115829944610596,5.439481609097842,3.748
877,/home/htj/resisc45/imgs_full/snowberg_s0005877.png,snowberg,mountain,mountain,0,1782888674.871942,1782888676.6070356,1.735093593597412,5.774223567208937,3.6975
878,/home/htj/resisc45/imgs_full/golf_course_s0005878.png,golf_course,golf course,golf_course,1,1782888676.6114585,1782888678.4862382,1.8747797012329102,6.2806824336485425,3.748
879,/home/htj/resisc45/imgs_full/ship_s0005879.png,ship,runway,runway,0,1782888678.4882586,1782888680.2284293,1.7401707172393799,5.813180617286313,3.6975
880,/home/htj/resisc45/imgs_full/sea_ice_s0005880.png,sea_ice,runway,runway,0,1782888680.2327838,1782888681.975625,1.7428412437438965,5.77077224077717,3.647
881,/home/htj/resisc45/imgs_full/industrial_area_s0005881.png,industrial_area,storage tank,storage_tank,0,1782888681.9802918,1782888683.7285523,1.748260498046875,5.817421400500883,3.6975
882,/home/htj/resisc45/imgs_full/palace_s0005882.png,palace,airport,airport,0,1782888683.73304,1782888685.3513134,1.6182732582092285,5.354922013940482,3.647
883,/home/htj/resisc45/imgs_full/thermal_power_station_s0005883.png,thermal_power_station,stadium,stadium,0,1782888685.3559,1782888687.0945473,1.738647222518921,5.740676616391829,3.647
884,/home/htj/resisc45/imgs_full/beach_s0005884.png,beach,beach,beach,1,1782888687.098698,1782888688.8298354,1.7311375141143799,5.783060316908744,3.6975
885,/home/htj/resisc45/imgs_full/ship_s0005885.png,ship,harbor,harbor,0,1782888688.8341289,1782888690.5822873,1.7481584548950195,5.800220576717008,3.647
886,/home/htj/resisc45/imgs_full/runway_s0005886.png,runway,runway,runway,1,1782888690.5865588,1782888692.3184783,1.731919527053833,5.769526759962882,3.647
887,/home/htj/resisc45/imgs_full/freeway_s0005887.png,freeway,freeway,freeway,1,1782888692.3231938,1782888694.0699632,1.7467694282531738,5.806374274315373,3.647
888,/home/htj/resisc45/imgs_full/harbor_s0005888.png,harbor,harbor,harbor,1,1782888694.0744698,1782888695.8205347,1.7460649013519287,5.872016263246536,3.7965
889,/home/htj/resisc45/imgs_full/overpass_s0005889.png,overpass,bridge,bridge,0,1782888695.825057,1782888697.4414194,1.6163623332977295,5.368516581143651,3.644
890,/home/htj/resisc45/imgs_full/cloud_s0005890.png,cloud,forest,forest,0,1782888697.4458878,1782888699.0516386,1.6057507991790771,5.32151549672229,3.647
891,/home/htj/resisc45/imgs_full/church_s0005891.png,church,church,church,1,1782888699.0561779,1782888700.6663113,1.610133409500122,5.417266095342307,3.748
892,/home/htj/resisc45/imgs_full/baseball_diamond_s0005892.png,baseball_diamond,baseball diamond,baseball_diamond,1,1782888700.6703148,1782888702.543554,1.873239278793335,6.218757051807462,3.647
893,/home/htj/resisc45/imgs_full/parking_lot_s0005893.png,parking_lot,storage tank,storage_tank,0,1782888702.5481462,1782888704.2879388,1.7397925853729248,5.873427523536067,3.7965
894,/home/htj/resisc45/imgs_full/desert_s0005894.png,desert,river,river,0,1782888704.292545,1782888705.9089203,1.616375207901001,5.431299383928035,3.746
895,/home/htj/resisc45/imgs_full/basketball_court_s0005895.png,basketball_court,basketball court,basketball_court,1,1782888705.9136343,1782888707.7938786,1.880244255065918,6.274602987549521,3.746
896,/home/htj/resisc45/imgs_full/wetland_s0005896.png,wetland,lake,lake,0,1782888707.7985897,1782888709.4190104,1.6204206943511963,5.432041303494881,3.7051999999999996
897,/home/htj/resisc45/imgs_full/intersection_s0005897.png,intersection,intersection,intersection,1,1782888709.4237673,1782888711.0465229,1.622755527496338,5.3730554657146845,3.746
898,/home/htj/resisc45/imgs_full/golf_course_s0005898.png,golf_course,golf course,golf_course,1,1782888711.05133,1782888712.9180899,1.8667597770690918,6.213142222866868,3.6874
899,/home/htj/resisc45/imgs_full/railway_s0005899.png,railway,runway,runway,0,1782888712.9229214,1782888714.6723933,1.74947190284729,5.849105351571114,3.647
900,/home/htj/resisc45/imgs_full/sparse_residential_s0005900.png,sparse_residential,circular farmland,circular_farmland,0,1782888714.6769125,1782888716.67289,1.9959774017333984,6.584840335951911,3.67225
901,/home/htj/resisc45/imgs_full/railway_station_s0005901.png,railway_station,railway station,railway_station,1,1782888716.6775384,1782888718.5528448,1.8753063678741455,6.24738426844279,3.647
902,/home/htj/resisc45/imgs_full/beach_s0005902.png,beach,island,island,0,1782888718.5571666,1782888720.30315,1.745983362197876,5.866616741072747,3.6975
903,/home/htj/resisc45/imgs_full/tennis_court_s0005903.png,tennis_court,stadium,stadium,0,1782888720.3077745,1782888722.0499225,1.7421479225158691,5.8542913994942944,3.748
904,/home/htj/resisc45/imgs_full/island_s0005904.png,island,island,island,1,1782888722.0540469,1782888723.7948985,1.740851640701294,5.867400063722364,3.7985
905,/home/htj/resisc45/imgs_full/runway_s0005905.png,runway,runway,runway,1,1782888723.7996793,1782888725.5402386,1.7405593395233154,5.878430360324922,3.748
906,/home/htj/resisc45/imgs_full/cloud_s0005906.png,cloud,airplane,airplane,0,1782888725.5447438,1782888727.288942,1.7441983222961426,5.844358462318296,3.6975
907,/home/htj/resisc45/imgs_full/overpass_s0005907.png,overpass,freeway,freeway,0,1782888727.2935545,1782888729.0325174,1.7389628887176514,5.776161569395373,3.647
908,/home/htj/resisc45/imgs_full/airplane_s0005908.png,airplane,airport,airport,0,1782888729.037194,1782888730.6528695,1.615675449371338,5.4253267330958925,3.748
909,/home/htj/resisc45/imgs_full/parking_lot_s0005909.png,parking_lot,storage tank,storage_tank,0,1782888730.657474,1782888732.406507,1.749032974243164,5.887809195487731,3.7975
910,/home/htj/resisc45/imgs_full/wetland_s0005910.png,wetland,meadow,meadow,0,1782888732.410905,1782888734.1502364,1.7393314838409424,5.770204143908717,3.6975
911,/home/htj/resisc45/imgs_full/church_s0005911.png,church,stadium,stadium,0,1782888734.1523707,1782888735.9001527,1.7477819919586182,5.815096207503349,3.6975
912,/home/htj/resisc45/imgs_full/terrace_s0005912.png,terrace,runway,runway,0,1782888735.9048297,1782888737.654432,1.7496023178100586,5.821999248258529,3.6975
913,/home/htj/resisc45/imgs_full/meadow_s0005913.png,meadow,forest,forest,0,1782888737.6589594,1782888739.2767248,1.6177654266357422,5.325070149323036,3.647
914,/home/htj/resisc45/imgs_full/island_s0005914.png,island,island,island,1,1782888739.2807493,1782888741.0135076,1.7327582836151123,5.8001009295448185,3.6975
915,/home/htj/resisc45/imgs_full/medium_residential_s0005915.png,medium_residential,medium residential,medium_residential,1,1782888741.0182002,1782888742.7666562,1.7484560012817383,5.857609613326288,3.6975
916,/home/htj/resisc45/imgs_full/wetland_s0005916.png,wetland,beach,beach,0,1782888742.771258,1782888744.514594,1.7433359622955322,5.801034769504302,3.6975
917,/home/htj/resisc45/imgs_full/sparse_residential_s0005917.png,sparse_residential,golf course,golf_course,0,1782888744.5190737,1782888746.393766,1.8746922016143799,6.2292613328370185,3.6874
918,/home/htj/resisc45/imgs_full/dense_residential_s0005918.png,dense_residential,dense residential,dense_residential,1,1782888746.398363,1782888748.1475456,1.7491824626922607,5.831322928690141,3.6975
919,/home/htj/resisc45/imgs_full/railway_s0005919.png,railway,dense residential,dense_residential,0,1782888748.1520772,1782888749.9000957,1.748018503189087,5.753574709400054,3.647
920,/home/htj/resisc45/imgs_full/snowberg_s0005920.png,snowberg,river,river,0,1782888749.9047763,1782888751.5248864,1.620110034942627,5.41157254421711,3.647
921,/home/htj/resisc45/imgs_full/freeway_s0005921.png,freeway,airplane,airplane,0,1782888751.5294936,1782888753.2673562,1.7378625869750977,5.766676544250981,3.6975
922,/home/htj/resisc45/imgs_full/ship_s0005922.png,ship,harbor,harbor,0,1782888753.2717378,1782888755.0141444,1.7424066066741943,5.8208746129159,3.748
923,/home/htj/resisc45/imgs_full/ship_s0005923.png,ship,runway,runway,0,1782888755.0186946,1782888756.7669919,1.7482972145080566,5.839312696456909,3.695
924,/home/htj/resisc45/imgs_full/cloud_s0005924.png,cloud,mountain,mountain,0,1782888756.7714229,1782888758.51724,1.7458171844482422,5.832212046407884,3.748
925,/home/htj/resisc45/imgs_full/palace_s0005925.png,palace,stadium,stadium,0,1782888758.5223095,1782888760.2735608,1.751251220703125,5.89555898850964,3.748
926,/home/htj/resisc45/imgs_full/ground_track_field_s0005926.png,ground_track_field,stadium,stadium,0,1782888760.2780957,1782888762.0208712,1.7427754402160645,5.798551200974371,3.6975
927,/home/htj/resisc45/imgs_full/dense_residential_s0005927.png,dense_residential,medium residential,medium_residential,0,1782888762.0259268,1782888763.7762883,1.750361442565918,5.806118294808172,3.647
928,/home/htj/resisc45/imgs_full/cloud_s0005928.png,cloud,forest,forest,0,1782888763.7808,1782888765.385252,1.6044518947601318,5.406200659394264,3.7126499999999996
929,/home/htj/resisc45/imgs_full/airport_s0005929.png,airport,airport,airport,1,1782888765.389713,1782888767.0065722,1.6168591976165771,5.132189862062191,3.3053999999999997
930,/home/htj/resisc45/imgs_full/terrace_s0005930.png,terrace,circular farmland,circular_farmland,0,1782888767.0111814,1782888769.0137956,2.0026142597198486,6.704029375281598,3.77325
931,/home/htj/resisc45/imgs_full/sparse_residential_s0005931.png,sparse_residential,forest,forest,0,1782888769.018163,1782888770.6339705,1.6158075332641602,5.4878952754777055,3.748
932,/home/htj/resisc45/imgs_full/storage_tank_s0005932.png,storage_tank,storage tank,storage_tank,1,1782888770.6360652,1782888772.3842585,1.7481932640075684,5.865357580738683,3.749
933,/home/htj/resisc45/imgs_full/mobile_home_park_s0005933.png,mobile_home_park,storage tank,storage_tank,0,1782888772.3891373,1782888774.1399064,1.7507691383361816,5.7885510591537725,3.5975
934,/home/htj/resisc45/imgs_full/wetland_s0005934.png,wetland,lake,lake,0,1782888774.1417675,1782888775.7572975,1.615530014038086,5.380349619252342,3.7126499999999996
935,/home/htj/resisc45/imgs_full/roundabout_s0005935.png,roundabout,roundabout,roundabout,1,1782888775.759333,1782888777.500917,1.741584062576294,5.802203410077095,3.7025499999999996
936,/home/htj/resisc45/imgs_full/tennis_court_s0005936.png,tennis_court,tennis court,tennis_court,1,1782888777.505413,1782888779.3836384,1.878225326538086,6.265152028195998,3.68235
937,/home/htj/resisc45/imgs_full/river_s0005937.png,river,river,river,1,1782888779.388003,1782888781.0006065,1.6126034259796143,5.43080348258183,3.7076
938,/home/htj/resisc45/imgs_full/circular_farmland_s0005938.png,circular_farmland,circular farmland,circular_farmland,1,1782888781.0051596,1782888783.011313,2.0061533451080322,6.7891095131805965,3.847
939,/home/htj/resisc45/imgs_full/ground_track_field_s0005939.png,ground_track_field,stadium,stadium,0,1782888783.015828,1782888784.7611003,1.7452723979949951,5.8272393404668374,3.695
940,/home/htj/resisc45/imgs_full/golf_course_s0005940.png,golf_course,golf course,golf_course,1,1782888784.7657375,1782888786.6428945,1.8771569728851318,6.316246740264051,3.748
941,/home/htj/resisc45/imgs_full/overpass_s0005941.png,overpass,bridge,bridge,0,1782888786.6474166,1782888788.26474,1.617323398590088,5.4252535790205005,3.647
942,/home/htj/resisc45/imgs_full/ground_track_field_s0005942.png,ground_track_field,stadium,stadium,0,1782888788.2693782,1782888790.0173419,1.7479636669158936,5.925653216769619,3.9
943,/home/htj/resisc45/imgs_full/snowberg_s0005943.png,snowberg,mountain,mountain,0,1782888790.0217714,1782888791.7642155,1.7424440383911133,5.839323427754063,3.6975
944,/home/htj/resisc45/imgs_full/dense_residential_s0005944.png,dense_residential,dense residential,dense_residential,1,1782888791.7690794,1782888793.5174208,1.7483413219451904,5.836301721296002,3.648
945,/home/htj/resisc45/imgs_full/terrace_s0005945.png,terrace,river,river,0,1782888793.5218425,1782888795.140227,1.618384599685669,5.43528687859433,3.647
946,/home/htj/resisc45/imgs_full/chaparral_s0005946.png,chaparral,chaparral,chaparral,1,1782888795.1450114,1782888797.0228462,1.8778347969055176,6.210967042807376,3.647
947,/home/htj/resisc45/imgs_full/mountain_s0005947.png,mountain,mountain,mountain,1,1782888797.0274708,1782888798.7734087,1.7459378242492676,5.912308678657778,3.849
948,/home/htj/resisc45/imgs_full/beach_s0005948.png,beach,beach,beach,1,1782888798.777845,1782888800.525975,1.7481300830841064,5.554880708525258,3.345
949,/home/htj/resisc45/imgs_full/railway_s0005949.png,railway,railway,railway,1,1782888800.530564,1782888802.2779665,1.7474024295806885,5.508714343163275,3.245
950,/home/htj/resisc45/imgs_full/mobile_home_park_s0005950.png,mobile_home_park,airplane,airplane,0,1782888802.2830002,1782888804.0299509,1.746950626373291,5.490158639477145,3.246
951,/home/htj/resisc45/imgs_full/railway_s0005951.png,railway,freeway,freeway,0,1782888804.034701,1782888805.7803905,1.7456893920898438,5.513056037902832,3.244
952,/home/htj/resisc45/imgs_full/beach_s0005952.png,beach,beach,beach,1,1782888805.7846136,1782888807.5270734,1.742459774017334,5.49875337976025,3.246
953,/home/htj/resisc45/imgs_full/church_s0005953.png,church,runway,runway,0,1782888807.5316136,1782888809.277711,1.7460973262786865,5.520089557009358,3.244
954,/home/htj/resisc45/imgs_full/basketball_court_s0005954.png,basketball_court,basketball court,basketball_court,1,1782888809.2792912,1782888811.1598034,1.8805122375488281,5.943027071672328,3.244
955,/home/htj/resisc45/imgs_full/church_s0005955.png,church,circular farmland,circular_farmland,0,1782888811.161521,1782888813.1704042,2.008883237838745,6.372010223488013,3.244
956,/home/htj/resisc45/imgs_full/baseball_diamond_s0005956.png,baseball_diamond,golf course,golf_course,0,1782888813.171833,1782888815.0455186,1.873685598373413,6.276903532902399,3.748
957,/home/htj/resisc45/imgs_full/river_s0005957.png,river,river,river,1,1782888815.0469117,1782888816.6625638,1.615652084350586,5.3860070306233,3.647
958,/home/htj/resisc45/imgs_full/wetland_s0005958.png,wetland,river,river,0,1782888816.6639028,1782888818.2782662,1.614363431930542,5.405004081777164,3.748
959,/home/htj/resisc45/imgs_full/mountain_s0005959.png,mountain,forest,forest,0,1782888818.2798014,1782888819.8954024,1.6156010627746582,5.38697104710546,3.748
960,/home/htj/resisc45/imgs_full/thermal_power_station_s0005960.png,thermal_power_station,airport,airport,0,1782888819.89678,1782888821.513035,1.6162550449371338,5.418522904618032,3.75
961,/home/htj/resisc45/imgs_full/overpass_s0005961.png,overpass,bridge,bridge,0,1782888821.5146556,1782888823.1339374,1.6192817687988281,5.346463580131531,3.6112999999999995
962,/home/htj/resisc45/imgs_full/medium_residential_s0005962.png,medium_residential,medium residential,medium_residential,1,1782888823.1355803,1782888824.8827865,1.747206211090088,5.804331756222632,3.6975
963,/home/htj/resisc45/imgs_full/terrace_s0005963.png,terrace,circular farmland,circular_farmland,0,1782888824.8842773,1782888826.888725,2.0044476985931396,6.659944515883923,3.647
964,/home/htj/resisc45/imgs_full/mountain_s0005964.png,mountain,mountain,mountain,1,1782888826.8900073,1782888828.6257129,1.7357056140899658,5.792945482277101,3.6975
965,/home/htj/resisc45/imgs_full/thermal_power_station_s0005965.png,thermal_power_station,industrial area,industrial_area,0,1782888828.6272886,1782888830.5028799,1.8755912780761719,6.24952697464914,3.6874
966,/home/htj/resisc45/imgs_full/baseball_diamond_s0005966.png,baseball_diamond,baseball diamond,baseball_diamond,1,1782888830.5043428,1782888832.3810537,1.8767108917236328,6.246717508142645,3.647
967,/home/htj/resisc45/imgs_full/rectangular_farmland_s0005967.png,rectangular_farmland,circular farmland,circular_farmland,0,1782888832.3823512,1782888834.3889406,2.006589412689209,6.723622472912925,3.647
968,/home/htj/resisc45/imgs_full/parking_lot_s0005968.png,parking_lot,airplane,airplane,0,1782888834.3903189,1782888836.1388202,1.7485013008117676,5.837794617268346,3.649
969,/home/htj/resisc45/imgs_full/terrace_s0005969.png,terrace,runway,runway,0,1782888836.1404111,1782888837.8873258,1.7469146251678467,5.81981789770434,3.6975
970,/home/htj/resisc45/imgs_full/storage_tank_s0005970.png,storage_tank,golf course,golf_course,0,1782888837.8886242,1782888839.7614183,1.8727941513061523,6.221762678666548,3.6874
971,/home/htj/resisc45/imgs_full/runway_s0005971.png,runway,freeway,freeway,0,1782888839.7626235,1782888841.5064366,1.7438130378723145,5.8542053762712785,3.748
972,/home/htj/resisc45/imgs_full/church_s0005972.png,church,church,church,1,1782888841.5081892,1782888843.12715,1.6189608573913574,5.44283475007682,3.8085999999999998
973,/home/htj/resisc45/imgs_full/mountain_s0005973.png,mountain,forest,forest,0,1782888843.1286566,1782888844.7445946,1.6159379482269287,5.400520344972611,3.7096
974,/home/htj/resisc45/imgs_full/meadow_s0005974.png,meadow,golf course,golf_course,0,1782888844.745893,1782888846.6183326,1.8724396228790283,6.224897155964014,3.649
975,/home/htj/resisc45/imgs_full/church_s0005975.png,church,church,church,1,1782888846.6198943,1782888848.2360973,1.6162030696868896,5.320261849707571,3.6062
976,/home/htj/resisc45/imgs_full/medium_residential_s0005976.png,medium_residential,medium residential,medium_residential,1,1782888848.2378647,1782888849.985492,1.7476272583007812,5.874057090513168,3.849
977,/home/htj/resisc45/imgs_full/intersection_s0005977.png,intersection,intersection,intersection,1,1782888849.9872632,1782888851.6059995,1.6187362670898438,5.503870763581374,3.8085999999999998
978,/home/htj/resisc45/imgs_full/palace_s0005978.png,palace,church,church,0,1782888851.607682,1782888853.2252812,1.6175992488861084,5.409887373694351,3.7126499999999996
979,/home/htj/resisc45/imgs_full/railway_station_s0005979.png,railway_station,intersection,intersection,0,1782888853.2269866,1782888854.8441215,1.6171348094940186,5.447681067031005,3.8085999999999998
980,/home/htj/resisc45/imgs_full/freeway_s0005980.png,freeway,runway,runway,0,1782888854.8455935,1782888856.5910802,1.7454867362976074,5.865342188173725,3.7985
981,/home/htj/resisc45/imgs_full/roundabout_s0005981.png,roundabout,roundabout,roundabout,1,1782888856.592736,1782888858.341878,1.7491419315338135,5.843093258188617,3.6975
982,/home/htj/resisc45/imgs_full/airplane_s0005982.png,airplane,airport,airport,0,1782888858.343497,1782888859.9592967,1.6157996654510498,5.485584146976471,3.847
983,/home/htj/resisc45/imgs_full/snowberg_s0005983.png,snowberg,runway,runway,0,1782888859.9608748,1782888861.7078345,1.7469596862792969,5.829829887267081,3.6975
984,/home/htj/resisc45/imgs_full/desert_s0005984.png,desert,beach,beach,0,1782888861.7090776,1782888863.4529629,1.7438852787017822,5.832339933072367,3.647
985,/home/htj/resisc45/imgs_full/intersection_s0005985.png,intersection,intersection,intersection,1,1782888863.4545941,1782888865.0719202,1.617326021194458,5.476712066666833,3.849
986,/home/htj/resisc45/imgs_full/island_s0005986.png,island,island,island,1,1782888865.0732238,1782888866.8154488,1.742224931716919,5.524988664104092,3.345
987,/home/htj/resisc45/imgs_full/wetland_s0005987.png,wetland,wetland,wetland,1,1782888866.816783,1782888868.6890194,1.8722364902496338,6.22677489437479,3.748
988,/home/htj/resisc45/imgs_full/rectangular_farmland_s0005988.png,rectangular_farmland,circular farmland,circular_farmland,0,1782888868.69063,1782888870.697415,2.0067851543426514,6.6766299525300665,3.647
989,/home/htj/resisc45/imgs_full/bridge_s0005989.png,bridge,runway,runway,0,1782888870.698733,1782888872.442112,1.7433788776397705,5.845436900669529,3.746
990,/home/htj/resisc45/imgs_full/bridge_s0005990.png,bridge,runway,runway,0,1782888872.4434254,1782888874.1861832,1.742757797241211,5.838993815803528,3.7025499999999996
991,/home/htj/resisc45/imgs_full/chaparral_s0005991.png,chaparral,beach,beach,0,1782888874.1878283,1782888875.935137,1.7473087310791016,5.841760371177427,3.746
992,/home/htj/resisc45/imgs_full/parking_lot_s0005992.png,parking_lot,storage tank,storage_tank,0,1782888875.9366558,1782888877.6853857,1.748729944229126,5.7957987309655845,3.6975
993,/home/htj/resisc45/imgs_full/ground_track_field_s0005993.png,ground_track_field,stadium,stadium,0,1782888877.6871436,1782888879.4334106,1.7462670803070068,5.8278565589458715,3.6975
994,/home/htj/resisc45/imgs_full/island_s0005994.png,island,island,island,1,1782888879.4349031,1782888881.1812882,1.746385097503662,5.55333560505221,3.344
995,/home/htj/resisc45/imgs_full/stadium_s0005995.png,stadium,stadium,stadium,1,1782888881.1830838,1782888882.930308,1.7472243309020996,5.849988870236181,3.7965
996,/home/htj/resisc45/imgs_full/meadow_s0005996.png,meadow,golf course,golf_course,0,1782888882.931818,1782888884.8052192,1.873401165008545,6.3015538217660145,3.6847999999999996
997,/home/htj/resisc45/imgs_full/medium_residential_s0005997.png,medium_residential,medium residential,medium_residential,1,1782888884.8069417,1782888886.5564566,1.7495148181915283,5.863414259226092,3.695
998,/home/htj/resisc45/imgs_full/mobile_home_park_s0005998.png,mobile_home_park,medium residential,medium_residential,0,1782888886.5581968,1782888888.305925,1.7477281093597412,5.851619223440847,3.695
999,/home/htj/resisc45/imgs_full/sea_ice_s0005999.png,sea_ice,forest,forest,0,1782888888.307094,1782888889.9174643,1.61037015914917,5.42728061636563,3.746
1000,/home/htj/resisc45/imgs_full/harbor_s0006000.png,harbor,runway,runway,0,1782888889.9192708,1782888891.6710417,1.7517709732055664,5.841082529560212,3.6975
1001,/home/htj/resisc45/imgs_full/snowberg_s0006001.png,snowberg,runway,runway,0,1782888891.6724768,1782888893.422668,1.7501912117004395,5.8008111689475275,3.647
1002,/home/htj/resisc45/imgs_full/industrial_area_s0006002.png,industrial_area,circular farmland,circular_farmland,0,1782888893.424203,1782888895.4293423,2.0051393508911133,6.744063413461049,3.77325
1003,/home/htj/resisc45/imgs_full/beach_s0006003.png,beach,beach,beach,1,1782888895.4306889,1782888897.1793706,1.7486817836761475,5.8785040658212475,3.7965
1004,/home/htj/resisc45/imgs_full/railway_station_s0006004.png,railway_station,intersection,intersection,0,1782888897.18111,1782888898.7997959,1.6186859607696533,5.45682161460604,3.8116499999999998
1005,/home/htj/resisc45/imgs_full/medium_residential_s0006005.png,medium_residential,medium residential,medium_residential,1,1782888898.8011515,1782888900.5489576,1.7478060722351074,5.827129063990808,3.6975
1006,/home/htj/resisc45/imgs_full/river_s0006006.png,river,river,river,1,1782888900.5504382,1782888902.16772,1.6172819137573242,5.422802025170161,3.746
1007,/home/htj/resisc45/imgs_full/desert_s0006007.png,desert,lake,lake,0,1782888902.1691258,1782888903.7833831,1.6142573356628418,5.4234593354586895,3.746
1008,/home/htj/resisc45/imgs_full/palace_s0006008.png,palace,commercial area,commercial_area,0,1782888903.784784,1782888905.532066,1.7472820281982422,5.937433423626807,3.847
1009,/home/htj/resisc45/imgs_full/beach_s0006009.png,beach,beach,beach,1,1782888905.5333312,1782888907.2727025,1.7393712997436523,5.91049589403214,3.847
1010,/home/htj/resisc45/imgs_full/parking_lot_s0006010.png,parking_lot,storage tank,storage_tank,0,1782888907.2742882,1782888909.0194836,1.7451953887939453,5.901744135272118,3.7975
1011,/home/htj/resisc45/imgs_full/bridge_s0006011.png,bridge,forest,forest,0,1782888909.0208607,1782888910.6339486,1.6130878925323486,5.409432637325355,3.7102999999999997
1012,/home/htj/resisc45/imgs_full/baseball_diamond_s0006012.png,baseball_diamond,baseball diamond,baseball_diamond,1,1782888910.6354873,1782888912.5107455,1.875258207321167,6.268822723115192,3.6816499999999994
1013,/home/htj/resisc45/imgs_full/golf_course_s0006013.png,golf_course,golf course,golf_course,1,1782888912.5122645,1782888914.3870003,1.8747358322143555,6.328710498318528,3.7863999999999995
1014,/home/htj/resisc45/imgs_full/river_s0006014.png,river,river,river,1,1782888914.3886707,1782888916.009357,1.6206862926483154,5.401300327523002,3.647
1015,/home/htj/resisc45/imgs_full/ground_track_field_s0006015.png,ground_track_field,stadium,stadium,0,1782888916.010636,1782888917.7560637,1.7454276084899902,5.808107431657852,3.6975
1016,/home/htj/resisc45/imgs_full/wetland_s0006016.png,wetland,river,river,0,1782888917.7576349,1782888919.3731985,1.6155636310577393,5.371460579761437,3.7102999999999997
1017,/home/htj/resisc45/imgs_full/airplane_s0006017.png,airplane,airplane,airplane,1,1782888919.3745937,1782888921.1156833,1.7410895824432373,5.520937029608091,3.29845
1018,/home/htj/resisc45/imgs_full/island_s0006018.png,island,island,island,1,1782888921.1169639,1782888922.860336,1.7433722019195557,5.526152453207201,3.343
1019,/home/htj/resisc45/imgs_full/overpass_s0006019.png,overpass,intersection,intersection,0,1782888922.8619437,1782888924.4775536,1.615609884262085,5.095967839076601,3.2428000000000003
1020,/home/htj/resisc45/imgs_full/basketball_court_s0006020.png,basketball_court,basketball court,basketball_court,1,1782888924.479005,1782888926.3541327,1.8751275539398193,5.92784641847466,3.2422
1021,/home/htj/resisc45/imgs_full/rectangular_farmland_s0006021.png,rectangular_farmland,circular farmland,circular_farmland,0,1782888926.3556702,1782888928.358613,2.0029428005218506,6.3572848115563385,3.241
1022,/home/htj/resisc45/imgs_full/bridge_s0006022.png,bridge,bridge,bridge,1,1782888928.3599658,1782888929.9702508,1.6102850437164307,5.118596410340277,3.3421999999999996
1023,/home/htj/resisc45/imgs_full/railway_s0006023.png,railway,railway,railway,1,1782888929.971944,1782888931.7164743,1.744530200958252,5.502191978654554,3.2935
1024,/home/htj/resisc45/imgs_full/ground_track_field_s0006024.png,ground_track_field,stadium,stadium,0,1782888931.7179856,1782888933.4645448,1.7465591430664062,5.53129646547379,3.244
1025,/home/htj/resisc45/imgs_full/mobile_home_park_s0006025.png,mobile_home_park,sparse residential,sparse_residential,0,1782888933.4662151,1782888935.21424,1.7480249404907227,5.530638135910034,3.2935
1026,/home/htj/resisc45/imgs_full/cloud_s0006026.png,cloud,mountain,mountain,0,1782888935.2156746,1782888936.959561,1.7438864707946777,5.517319267180658,3.244
1027,/home/htj/resisc45/imgs_full/beach_s0006027.png,beach,beach,beach,1,1782888936.9610498,1782888938.7077577,1.7467079162597656,5.503256844551332,3.244
1028,/home/htj/resisc45/imgs_full/mountain_s0006028.png,mountain,runway,runway,0,1782888938.7090418,1782888940.452621,1.7435791492462158,5.839752771223745,3.7965
1029,/home/htj/resisc45/imgs_full/river_s0006029.png,river,river,river,1,1782888940.4542007,1782888942.0725691,1.61836838722229,5.414887227032866,3.7102999999999997
1030,/home/htj/resisc45/imgs_full/sparse_residential_s0006030.png,sparse_residential,airplane,airplane,0,1782888942.0738473,1782888943.8155887,1.741741418838501,5.843991941859646,3.746
1031,/home/htj/resisc45/imgs_full/church_s0006031.png,church,commercial area,commercial_area,0,1782888943.8171175,1782888945.5633824,1.746264934539795,5.824751185847867,3.644
1032,/home/htj/resisc45/imgs_full/baseball_diamond_s0006032.png,baseball_diamond,baseball diamond,baseball_diamond,1,1782888945.5647168,1782888947.439745,1.875028133392334,6.3167491898536685,3.7813499999999998
1033,/home/htj/resisc45/imgs_full/roundabout_s0006033.png,roundabout,roundabout,roundabout,1,1782888947.4412048,1782888949.1891437,1.747938871383667,5.899970312418476,3.7965
1034,/home/htj/resisc45/imgs_full/stadium_s0006034.png,stadium,stadium,stadium,1,1782888949.190631,1782888950.9382422,1.7476112842559814,5.831835230119767,3.647
1035,/home/htj/resisc45/imgs_full/lake_s0006035.png,lake,lake,lake,1,1782888950.9398034,1782888952.5590484,1.6192450523376465,5.53201113122085,3.9076
1036,/home/htj/resisc45/imgs_full/meadow_s0006036.png,meadow,circular farmland,circular_farmland,0,1782888952.5601301,1782888954.559075,1.9989449977874756,6.623418581097467,3.644
1037,/home/htj/resisc45/imgs_full/church_s0006037.png,church,church,church,1,1782888954.5606854,1782888956.1788845,1.618199110031128,5.508963570208385,3.847
1038,/home/htj/resisc45/imgs_full/meadow_s0006038.png,meadow,forest,forest,0,1782888956.1802373,1782888957.7935116,1.613274335861206,5.367882267875331,3.644
1039,/home/htj/resisc45/imgs_full/forest_s0006039.png,forest,forest,forest,1,1782888957.7948806,1782888959.41153,1.6166493892669678,5.397936564231741,3.746
1040,/home/htj/resisc45/imgs_full/baseball_diamond_s0006040.png,baseball_diamond,baseball diamond,baseball_diamond,1,1782888959.4127378,1782888961.2833493,1.8706114292144775,6.27102641825965,3.748
1041,/home/htj/resisc45/imgs_full/harbor_s0006041.png,harbor,harbor,harbor,1,1782888961.2847106,1782888963.031322,1.7466113567352295,5.816159475626485,3.6965
1042,/home/htj/resisc45/imgs_full/overpass_s0006042.png,overpass,intersection,intersection,0,1782888963.0328188,1782888964.648646,1.6158273220062256,5.4023236374855035,3.7076
1043,/home/htj/resisc45/imgs_full/ship_s0006043.png,ship,ship,ship,1,1782888964.6499848,1782888966.2632418,1.6132569313049316,5.371589285751869,3.647
1044,/home/htj/resisc45/imgs_full/basketball_court_s0006044.png,basketball_court,beach,beach,0,1782888966.2646253,1782888968.007765,1.7431397438049316,5.803643201212729,3.695
1045,/home/htj/resisc45/imgs_full/basketball_court_s0006045.png,basketball_court,basketball court,basketball_court,1,1782888968.0091608,1782888969.8839855,1.8748247623443604,6.2149304614283825,3.644
1046,/home/htj/resisc45/imgs_full/mountain_s0006046.png,mountain,river,river,0,1782888969.8853493,1782888971.5040767,1.618727445602417,5.3946603943150615,3.647
1047,/home/htj/resisc45/imgs_full/tennis_court_s0006047.png,tennis_court,medium residential,medium_residential,0,1782888971.5054963,1782888973.254607,1.7491106986999512,5.824482203745073,3.746
1048,/home/htj/resisc45/imgs_full/island_s0006048.png,island,desert,desert,0,1782888973.255903,1782888974.9974375,1.7415344715118408,5.768804847617303,3.644
1049,/home/htj/resisc45/imgs_full/sea_ice_s0006049.png,sea_ice,sea ice,sea_ice,1,1782888974.998681,1782888976.7439795,1.7452983856201172,5.79928873572811,3.695
1050,/home/htj/resisc45/imgs_full/rectangular_farmland_s0006050.png,rectangular_farmland,circular farmland,circular_farmland,0,1782888976.7454922,1782888978.750664,2.005171775817871,6.666966992105756,3.6746
1051,/home/htj/resisc45/imgs_full/snowberg_s0006051.png,snowberg,lake,lake,0,1782888978.752299,1782888980.3713388,1.61903977394104,5.427970414531642,3.7051999999999996
1052,/home/htj/resisc45/imgs_full/lake_s0006052.png,lake,beach,beach,0,1782888980.3723955,1782888982.1114502,1.7390546798706055,5.826506360023252,3.748
1053,/home/htj/resisc45/imgs_full/railway_station_s0006053.png,railway_station,stadium,stadium,0,1782888982.112916,1782888983.8605757,1.747659683227539,5.8923191861798685,3.746
1054,/home/htj/resisc45/imgs_full/mobile_home_park_s0006054.png,mobile_home_park,dense residential,dense_residential,0,1782888983.8620598,1782888985.6115181,1.7494583129882812,5.8370394442158355,3.6965
1055,/home/htj/resisc45/imgs_full/stadium_s0006055.png,stadium,stadium,stadium,1,1782888985.6128566,1782888987.3616312,1.748774528503418,5.853091934819376,3.6975
1056,/home/htj/resisc45/imgs_full/snowberg_s0006056.png,snowberg,mountain,mountain,0,1782888987.363131,1782888989.1112547,1.7481236457824707,5.833601388146801,3.647
1057,/home/htj/resisc45/imgs_full/forest_s0006057.png,forest,forest,forest,1,1782888989.1128616,1782888990.7301154,1.6172537803649902,5.395270146041081,3.7051999999999996
1058,/home/htj/resisc45/imgs_full/harbor_s0006058.png,harbor,harbor,harbor,1,1782888990.7316794,1782888992.4797013,1.7480218410491943,5.833656373793079,3.6975
1059,/home/htj/resisc45/imgs_full/parking_lot_s0006059.png,parking_lot,mobile home park,mobile_home_park,0,1782888992.4812667,1782888994.3587012,1.877434492111206,6.249012261014997,3.647
1060,/home/htj/resisc45/imgs_full/industrial_area_s0006060.png,industrial_area,industrial area,industrial_area,1,1782888994.360286,1782888996.2378907,1.8776047229766846,6.239667060129783,3.68235
1061,/home/htj/resisc45/imgs_full/chaparral_s0006061.png,chaparral,desert,desert,0,1782888996.2393048,1782888997.9844615,1.7451567649841309,5.796228570307456,3.647
1062,/home/htj/resisc45/imgs_full/storage_tank_s0006062.png,storage_tank,storage tank,storage_tank,1,1782888997.9857495,1782888999.731203,1.7454535961151123,5.848564560944033,3.6975
1063,/home/htj/resisc45/imgs_full/railway_station_s0006063.png,railway_station,railway,railway,0,1782888999.7327547,1782889001.4803534,1.747598648071289,5.7999980421989195,3.648
1064,/home/htj/resisc45/imgs_full/medium_residential_s0006064.png,medium_residential,medium residential,medium_residential,1,1782889001.481728,1782889003.228309,1.7465808391571045,5.811832254271354,3.6975
1065,/home/htj/resisc45/imgs_full/medium_residential_s0006065.png,medium_residential,medium residential,medium_residential,1,1782889003.229735,1782889004.9779668,1.7482318878173828,5.800069458007813,3.647
1066,/home/htj/resisc45/imgs_full/harbor_s0006066.png,harbor,harbor,harbor,1,1782889004.9795754,1782889006.728347,1.7487716674804688,5.833620222768476,3.695
1067,/home/htj/resisc45/imgs_full/baseball_diamond_s0006067.png,baseball_diamond,circular farmland,circular_farmland,0,1782889006.7295766,1782889008.7331214,2.003544807434082,6.65188006872601,3.6695
1068,/home/htj/resisc45/imgs_full/airplane_s0006068.png,airplane,airport,airport,0,1782889008.7345436,1782889010.356012,1.6214685440063477,5.406555221625736,3.644
1069,/home/htj/resisc45/imgs_full/dense_residential_s0006069.png,dense_residential,stadium,stadium,0,1782889010.3575227,1782889012.1088064,1.7512836456298828,5.815222084845266,3.647
1070,/home/htj/resisc45/imgs_full/industrial_area_s0006070.png,industrial_area,industrial area,industrial_area,1,1782889012.110159,1782889013.987219,1.8770601749420166,6.248457284120953,3.647
1071,/home/htj/resisc45/imgs_full/beach_s0006071.png,beach,beach,beach,1,1782889013.988624,1782889015.7332733,1.7446491718292236,5.8218380073885765,3.6965
1072,/home/htj/resisc45/imgs_full/chaparral_s0006072.png,chaparral,bridge,bridge,0,1782889015.7347128,1782889017.3546855,1.6199727058410645,5.484948276338907,3.849
1073,/home/htj/resisc45/imgs_full/lake_s0006073.png,lake,lake,lake,1,1782889017.3563151,1782889018.9724205,1.616105318069458,5.427401120500905,3.7126499999999996
1074,/home/htj/resisc45/imgs_full/intersection_s0006074.png,intersection,intersection,intersection,1,1782889018.9737685,1782889020.5883076,1.6145391464233398,5.409541246973235,3.7076
1075,/home/htj/resisc45/imgs_full/bridge_s0006075.png,bridge,bridge,bridge,1,1782889020.589554,1782889022.2054892,1.6159350872039795,5.358385027268837,3.7076
1076,/home/htj/resisc45/imgs_full/meadow_s0006076.png,meadow,meadow,meadow,1,1782889022.2066894,1782889023.9488893,1.7421998977661133,5.77471826113424,3.647
1077,/home/htj/resisc45/imgs_full/snowberg_s0006077.png,snowberg,mountain,mountain,0,1782889023.950244,1782889025.6973648,1.7471208572387695,5.772712747266215,3.6455
1078,/home/htj/resisc45/imgs_full/airport_s0006078.png,airport,airport,airport,1,1782889025.6987054,1782889027.3166807,1.6179752349853516,5.392075825078146,3.647
1079,/home/htj/resisc45/imgs_full/freeway_s0006079.png,freeway,runway,runway,0,1782889027.318163,1782889029.0641093,1.7459464073181152,5.85579160844126,3.6975
1080,/home/htj/resisc45/imgs_full/lake_s0006080.png,lake,lake,lake,1,1782889029.0657353,1782889030.6828234,1.6170880794525146,5.440888009120679,3.748
1081,/home/htj/resisc45/imgs_full/circular_farmland_s0006081.png,circular_farmland,circular farmland,circular_farmland,1,1782889030.6843038,1782889032.687916,2.0036122798919678,6.744771148979663,3.748
1082,/home/htj/resisc45/imgs_full/forest_s0006082.png,forest,forest,forest,1,1782889032.689592,1782889034.3093102,1.619718313217163,5.460301822185516,3.746
1083,/home/htj/resisc45/imgs_full/commercial_area_s0006083.png,commercial_area,dense residential,dense_residential,0,1782889034.3107448,1782889036.0533717,1.7426269054412842,5.532027198886871,3.3441
1084,/home/htj/resisc45/imgs_full/railway_station_s0006084.png,railway_station,railway station,railway_station,1,1782889036.0548987,1782889037.9265082,1.8716094493865967,5.916377658858019,3.241
1085,/home/htj/resisc45/imgs_full/circular_farmland_s0006085.png,circular_farmland,circular farmland,circular_farmland,1,1782889037.9280128,1782889039.9333086,2.005295753479004,6.349854944637843,3.2419000000000002
1086,/home/htj/resisc45/imgs_full/river_s0006086.png,river,forest,forest,0,1782889039.9345653,1782889041.551145,1.6165797710418701,5.379420036726985,3.7051999999999996
1087,/home/htj/resisc45/imgs_full/sea_ice_s0006087.png,sea_ice,runway,runway,0,1782889041.552487,1782889043.2952986,1.742811679840088,5.752852695957307,3.647
1088,/home/htj/resisc45/imgs_full/airport_s0006088.png,airport,airport,airport,1,1782889043.2968795,1782889044.9110188,1.6141393184661865,5.45100413843681,3.8066
1089,/home/htj/resisc45/imgs_full/golf_course_s0006089.png,golf_course,golf course,golf_course,1,1782889044.9122963,1782889046.786004,1.8737077713012695,6.275331221204816,3.6866
1090,/home/htj/resisc45/imgs_full/airport_s0006090.png,airport,airport,airport,1,1782889046.7877078,1782889048.4074535,1.6197457313537598,5.4476517209513435,3.7051999999999996
1091,/home/htj/resisc45/imgs_full/rectangular_farmland_s0006091.png,rectangular_farmland,river,river,0,1782889048.4085777,1782889050.0199025,1.6113247871398926,5.358460579633713,3.647
1092,/home/htj/resisc45/imgs_full/rectangular_farmland_s0006092.png,rectangular_farmland,circular farmland,circular_farmland,0,1782889050.021207,1782889052.0195422,1.9983351230621338,6.8441312685608855,3.948
1093,/home/htj/resisc45/imgs_full/commercial_area_s0006093.png,commercial_area,airport,airport,0,1782889052.0212662,1782889053.631168,1.6099016666412354,5.399897672355175,3.7126499999999996
1094,/home/htj/resisc45/imgs_full/parking_lot_s0006094.png,parking_lot,ground track field,ground_track_field,0,1782889053.6323767,1782889055.5045786,1.872201919555664,6.2776582305571615,3.68235
1095,/home/htj/resisc45/imgs_full/commercial_area_s0006095.png,commercial_area,industrial area,industrial_area,0,1782889055.505891,1782889057.3826783,1.8767871856689453,6.258573413155295,3.748
1096,/home/htj/resisc45/imgs_full/freeway_s0006096.png,freeway,runway,runway,0,1782889057.3841157,1782889059.1262205,1.7421047687530518,5.647791266441345,3.344
1097,/home/htj/resisc45/imgs_full/harbor_s0006097.png,harbor,harbor,harbor,1,1782889059.127808,1782889060.8715796,1.7437715530395508,5.830497065021146,3.647
1098,/home/htj/resisc45/imgs_full/chaparral_s0006098.png,chaparral,chaparral,chaparral,1,1782889060.8730652,1782889062.7525208,1.87945556640625,6.307623740456321,3.748
1099,/home/htj/resisc45/imgs_full/terrace_s0006099.png,terrace,wetland,wetland,0,1782889062.7538953,1782889064.6315105,1.877615213394165,6.276867658376694,3.6816499999999994
1100,/home/htj/resisc45/imgs_full/circular_farmland_s0006100.png,circular_farmland,circular farmland,circular_farmland,1,1782889064.6330464,1782889066.6401813,2.0071349143981934,6.663859955937522,3.6746
1101,/home/htj/resisc45/imgs_full/railway_s0006101.png,railway,railway,railway,1,1782889066.641646,1782889068.3905447,1.7488987445831299,5.825073973409591,3.647
1102,/home/htj/resisc45/imgs_full/ground_track_field_s0006102.png,ground_track_field,stadium,stadium,0,1782889068.3922625,1782889070.1400433,1.7477807998657227,5.856193280066213,3.748
1103,/home/htj/resisc45/imgs_full/airplane_s0006103.png,airplane,airplane,airplane,1,1782889070.1412597,1782889071.8836536,1.742393970489502,5.866078436067027,3.7985
1104,/home/htj/resisc45/imgs_full/mobile_home_park_s0006104.png,mobile_home_park,mobile home park,mobile_home_park,1,1782889071.8851728,1782889073.7678964,1.8827235698699951,6.278938479739077,3.748
1105,/home/htj/resisc45/imgs_full/wetland_s0006105.png,wetland,lake,lake,0,1782889073.7692924,1782889075.3856,1.6163077354431152,5.427115497621997,3.748
1106,/home/htj/resisc45/imgs_full/lake_s0006106.png,lake,lake,lake,1,1782889075.3869991,1782889077.0030124,1.6160132884979248,5.444810487031937,3.748
1107,/home/htj/resisc45/imgs_full/medium_residential_s0006107.png,medium_residential,stadium,stadium,0,1782889077.0042987,1782889078.737782,1.7334833145141602,5.836358725886192,3.748
1108,/home/htj/resisc45/imgs_full/ground_track_field_s0006108.png,ground_track_field,stadium,stadium,0,1782889078.7392504,1782889080.4879012,1.7486507892608643,5.904742450614129,3.7985
1109,/home/htj/resisc45/imgs_full/medium_residential_s0006109.png,medium_residential,dense residential,dense_residential,0,1782889080.489412,1782889082.235342,1.7459299564361572,5.865085606559631,3.695
1110,/home/htj/resisc45/imgs_full/mountain_s0006110.png,mountain,forest,forest,0,1782889082.2366958,1782889083.8521395,1.6154437065124512,5.424437146647223,3.7076
1111,/home/htj/resisc45/imgs_full/airport_s0006111.png,airport,runway,runway,0,1782889083.8534522,1782889085.6002848,1.7468326091766357,5.858820221739431,3.748
1112,/home/htj/resisc45/imgs_full/sparse_residential_s0006112.png,sparse_residential,forest,forest,0,1782889085.60187,1782889087.2206209,1.618750810623169,5.3280345646759555,3.647
1113,/home/htj/resisc45/imgs_full/parking_lot_s0006113.png,parking_lot,ground track field,ground_track_field,0,1782889087.2219746,1782889089.0975852,1.875610589981079,6.283750169912974,3.6874
1114,/home/htj/resisc45/imgs_full/rectangular_farmland_s0006114.png,rectangular_farmland,circular farmland,circular_farmland,0,1782889089.0989075,1782889091.0968144,1.9979069232940674,6.6103890125206535,3.6773
1115,/home/htj/resisc45/imgs_full/freeway_s0006115.png,freeway,runway,runway,0,1782889091.097953,1782889092.8477285,1.7497754096984863,5.77008196876895,3.596
1116,/home/htj/resisc45/imgs_full/parking_lot_s0006116.png,parking_lot,airport,airport,0,1782889092.8489783,1782889094.459712,1.6107337474822998,5.099180361092091,3.3072999999999997
1117,/home/htj/resisc45/imgs_full/beach_s0006117.png,beach,beach,beach,1,1782889094.4612374,1782889096.2059913,1.7447538375854492,5.497831906995466,3.244
1118,/home/htj/resisc45/imgs_full/baseball_diamond_s0006118.png,baseball_diamond,baseball diamond,baseball_diamond,1,1782889096.207361,1782889098.0802295,1.872868537902832,6.261964333274148,3.7468000000000004
1119,/home/htj/resisc45/imgs_full/thermal_power_station_s0006119.png,thermal_power_station,thermal power station,thermal_power_station,1,1782889098.081656,1782889099.9562318,1.8745758533477783,6.20716172710587,3.647
1120,/home/htj/resisc45/imgs_full/industrial_area_s0006120.png,industrial_area,industrial area,industrial_area,1,1782889099.9575021,1782889101.8310447,1.8735425472259521,6.310659039222833,3.7883999999999998
1121,/home/htj/resisc45/imgs_full/bridge_s0006121.png,bridge,bridge,bridge,1,1782889101.8324986,1782889103.4343224,1.6018238067626953,5.3788099271229335,3.7126499999999996
1122,/home/htj/resisc45/imgs_full/rectangular_farmland_s0006122.png,rectangular_farmland,runway,runway,0,1782889103.435752,1782889105.170697,1.7349450588226318,5.834284437002674,3.746
1123,/home/htj/resisc45/imgs_full/rectangular_farmland_s0006123.png,rectangular_farmland,circular farmland,circular_farmland,0,1782889105.1721723,1782889107.1707253,1.9985530376434326,6.6519617243475375,3.6695
1124,/home/htj/resisc45/imgs_full/bridge_s0006124.png,bridge,bridge,bridge,1,1782889107.1721425,1782889108.7846777,1.6125352382659912,5.407003425538539,3.7102999999999997
1125,/home/htj/resisc45/imgs_full/beach_s0006125.png,beach,beach,beach,1,1782889108.785973,1782889110.519996,1.734022855758667,5.807522225041543,3.746
1126,/home/htj/resisc45/imgs_full/dense_residential_s0006126.png,dense_residential,dense residential,dense_residential,1,1782889110.5215483,1782889112.2696702,1.748121976852417,5.854686064604789,3.746
1127,/home/htj/resisc45/imgs_full/church_s0006127.png,church,church,church,1,1782889112.271096,1782889113.8896506,1.6185545921325684,5.400000429400082,3.7076
1128,/home/htj/resisc45/imgs_full/runway_s0006128.png,runway,runway,runway,1,1782889113.89107,1782889115.6247544,1.7336845397949219,5.85442898965651,3.7985
1129,/home/htj/resisc45/imgs_full/church_s0006129.png,church,airplane,airplane,0,1782889115.625883,1782889117.3536794,1.7277963161468506,5.830045516363779,3.7025499999999996
1130,/home/htj/resisc45/imgs_full/sparse_residential_s0006130.png,sparse_residential,stadium,stadium,0,1782889117.3547776,1782889119.094658,1.7398803234100342,5.875351351468794,3.748
1131,/home/htj/resisc45/imgs_full/church_s0006131.png,church,stadium,stadium,0,1782889119.0963824,1782889120.842723,1.7463405132293701,5.851142056357476,3.6975
1132,/home/htj/resisc45/imgs_full/forest_s0006132.png,forest,forest,forest,1,1782889120.8442907,1782889122.448998,1.6047072410583496,5.404155975292469,3.8066
1133,/home/htj/resisc45/imgs_full/circular_farmland_s0006133.png,circular_farmland,circular farmland,circular_farmland,1,1782889122.4502208,1782889124.4562001,2.005979299545288,6.673280191467867,3.647
1134,/home/htj/resisc45/imgs_full/industrial_area_s0006134.png,industrial_area,meadow,meadow,0,1782889124.4576187,1782889126.2019963,1.744377613067627,5.856108230749766,3.748
1135,/home/htj/resisc45/imgs_full/desert_s0006135.png,desert,desert,desert,1,1782889126.2034168,1782889127.9373047,1.7338879108428955,5.803843003964424,3.647
1136,/home/htj/resisc45/imgs_full/sparse_residential_s0006136.png,sparse_residential,forest,forest,0,1782889127.939057,1782889129.55008,1.61102294921875,5.352707077552533,3.647
1137,/home/htj/resisc45/imgs_full/rectangular_farmland_s0006137.png,rectangular_farmland,circular farmland,circular_farmland,0,1782889129.551648,1782889131.546322,1.9946742057800293,6.622204381806509,3.644
1138,/home/htj/resisc45/imgs_full/lake_s0006138.png,lake,lake,lake,1,1782889131.5476425,1782889133.1623993,1.6147568225860596,5.52280242086279,3.849
1139,/home/htj/resisc45/imgs_full/river_s0006139.png,river,river,river,1,1782889133.163908,1782889134.7670188,1.6031107902526855,5.382803796209138,3.7076
1140,/home/htj/resisc45/imgs_full/church_s0006140.png,church,stadium,stadium,0,1782889134.7685525,1782889136.5176966,1.7491440773010254,5.78566079168935,3.6975
1141,/home/htj/resisc45/imgs_full/stadium_s0006141.png,stadium,stadium,stadium,1,1782889136.51932,1782889138.267365,1.7480449676513672,5.529968449438772,3.343
1142,/home/htj/resisc45/imgs_full/palace_s0006142.png,palace,stadium,stadium,0,1782889138.2690947,1782889140.003852,1.7347571849822998,5.776163173596063,3.7025499999999996
1143,/home/htj/resisc45/imgs_full/tennis_court_s0006143.png,tennis_court,stadium,stadium,0,1782889140.0054488,1782889141.7405944,1.7351455688476562,5.766056642593876,3.6455
1144,/home/htj/resisc45/imgs_full/wetland_s0006144.png,wetland,river,river,0,1782889141.7419846,1782889143.3421857,1.60020112991333,5.3206687569618225,3.7051999999999996
1145,/home/htj/resisc45/imgs_full/industrial_area_s0006145.png,industrial_area,storage tank,storage_tank,0,1782889143.3433008,1782889145.0899324,1.7466316223144531,5.831270528485698,3.695
1146,/home/htj/resisc45/imgs_full/mountain_s0006146.png,mountain,forest,forest,0,1782889145.0916858,1782889146.6950617,1.6033759117126465,5.369705928325653,3.746
1147,/home/htj/resisc45/imgs_full/airplane_s0006147.png,airplane,airplane,airplane,1,1782889146.696552,1782889148.443883,1.747330904006958,5.879204836853088,3.746
1148,/home/htj/resisc45/imgs_full/overpass_s0006148.png,overpass,intersection,intersection,0,1782889148.4450102,1782889150.061237,1.6162269115447998,5.367099449503011,3.644
1149,/home/htj/resisc45/imgs_full/medium_residential_s0006149.png,medium_residential,sparse residential,sparse_residential,0,1782889150.0625546,1782889151.7983525,1.7357978820800781,5.779367045125654,3.644
1150,/home/htj/resisc45/imgs_full/tennis_court_s0006150.png,tennis_court,tennis court,tennis_court,1,1782889151.799736,1782889153.6677887,1.8680527210235596,6.204312555443157,3.644
1151,/home/htj/resisc45/imgs_full/church_s0006151.png,church,stadium,stadium,0,1782889153.6691525,1782889155.4060266,1.7368741035461426,5.8388664823501335,3.746
1152,/home/htj/resisc45/imgs_full/rectangular_farmland_s0006152.png,rectangular_farmland,circular farmland,circular_farmland,0,1782889155.407442,1782889157.411194,2.0037519931793213,6.696424661091395,3.6746
1153,/home/htj/resisc45/imgs_full/railway_s0006153.png,railway,railway,railway,1,1782889157.4130123,1782889159.1465716,1.7335593700408936,5.520659617070229,3.341
1154,/home/htj/resisc45/imgs_full/golf_course_s0006154.png,golf_course,lake,lake,0,1782889159.1479597,1782889160.762252,1.6142923831939697,5.09069886302948,3.241
1155,/home/htj/resisc45/imgs_full/desert_s0006155.png,desert,desert,desert,1,1782889160.7637095,1782889162.5116181,1.747908592224121,5.517470815873915,3.241
1156,/home/htj/resisc45/imgs_full/desert_s0006156.png,desert,beach,beach,0,1782889162.5128078,1782889164.2413545,1.7285466194152832,5.4734707501626785,3.2425
1157,/home/htj/resisc45/imgs_full/airport_s0006157.png,airport,airport,airport,1,1782889164.2429798,1782889165.8448792,1.6018993854522705,5.041749472941671,3.241
1158,/home/htj/resisc45/imgs_full/roundabout_s0006158.png,roundabout,roundabout,roundabout,1,1782889165.8465517,1782889167.5807178,1.734166145324707,5.478510557297737,3.241
1159,/home/htj/resisc45/imgs_full/chaparral_s0006159.png,chaparral,chaparral,chaparral,1,1782889167.582391,1782889169.46464,1.882248878479004,6.249750730687921,3.746
1160,/home/htj/resisc45/imgs_full/mountain_s0006160.png,mountain,forest,forest,0,1782889169.4658663,1782889171.0703924,1.6045260429382324,5.3274690904288455,3.644
1161,/home/htj/resisc45/imgs_full/cloud_s0006161.png,cloud,runway,runway,0,1782889171.0718815,1782889172.8124628,1.7405812740325928,5.844815770418413,3.695
1162,/home/htj/resisc45/imgs_full/mountain_s0006162.png,mountain,mountain,mountain,1,1782889172.8139606,1782889174.556697,1.7427363395690918,5.558541881007533,3.343
1163,/home/htj/resisc45/imgs_full/airport_s0006163.png,airport,airport,airport,1,1782889174.5580518,1782889176.162464,1.6044120788574219,5.083694272722517,3.3072999999999997
1164,/home/htj/resisc45/imgs_full/snowberg_s0006164.png,snowberg,lake,lake,0,1782889176.164215,1782889177.7648764,1.600661277770996,5.069018290618371,3.241
1165,/home/htj/resisc45/imgs_full/ship_s0006165.png,ship,ship,ship,1,1782889177.7662973,1782889179.366615,1.6003177165985107,5.057804143309593,3.2403000000000004
1166,/home/htj/resisc45/imgs_full/railway_station_s0006166.png,railway_station,railway,railway,0,1782889179.3683555,1782889181.1171007,1.7487452030181885,5.506065299541719,3.241
1167,/home/htj/resisc45/imgs_full/wetland_s0006167.png,wetland,lake,lake,0,1782889181.1183217,1782889182.7234583,1.6051366329193115,5.082471424752268,3.241
1168,/home/htj/resisc45/imgs_full/wetland_s0006168.png,wetland,lake,lake,0,1782889182.7244358,1782889184.3397894,1.6153535842895508,5.089113776104791,3.241
1169,/home/htj/resisc45/imgs_full/basketball_court_s0006169.png,basketball_court,basketball court,basketball_court,1,1782889184.3410735,1782889186.2145312,1.873457670211792,6.250846618357826,3.6797
1170,/home/htj/resisc45/imgs_full/palace_s0006170.png,palace,harbor,harbor,0,1782889186.216303,1782889187.9533381,1.7370350360870361,5.811839063805919,3.695
1171,/home/htj/resisc45/imgs_full/beach_s0006171.png,beach,beach,beach,1,1782889187.9545426,1782889189.6866758,1.732133150100708,5.826491752537092,3.7471
1172,/home/htj/resisc45/imgs_full/wetland_s0006172.png,wetland,forest,forest,0,1782889189.6882083,1782889191.292641,1.6044325828552246,5.119246444537722,3.345
1173,/home/htj/resisc45/imgs_full/forest_s0006173.png,forest,runway,runway,0,1782889191.2940843,1782889193.038024,1.7439396381378174,5.478558245151274,3.244
1174,/home/htj/resisc45/imgs_full/overpass_s0006174.png,overpass,intersection,intersection,0,1782889193.0396073,1782889194.6409454,1.6013381481170654,5.075212497864451,3.24295
1175,/home/htj/resisc45/imgs_full/parking_lot_s0006175.png,parking_lot,parking lot,parking_lot,1,1782889194.642594,1782889196.518266,1.8756718635559082,5.952499825814191,3.27865
1176,/home/htj/resisc45/imgs_full/baseball_diamond_s0006176.png,baseball_diamond,baseball diamond,baseball_diamond,1,1782889196.5197299,1782889198.3922596,1.8725297451019287,5.966163484522791,3.343
1177,/home/htj/resisc45/imgs_full/bridge_s0006177.png,bridge,bridge,bridge,1,1782889198.3936439,1782889199.9994643,1.6058204174041748,5.095268184423447,3.341
1178,/home/htj/resisc45/imgs_full/terrace_s0006178.png,terrace,golf course,golf_course,0,1782889200.0005317,1782889201.8613534,1.8608217239379883,5.924461649258932,3.244
1179,/home/htj/resisc45/imgs_full/thermal_power_station_s0006179.png,thermal_power_station,airplane,airplane,0,1782889201.8626335,1782889203.5949876,1.7323541641235352,5.546271562422475,3.343
1180,/home/htj/resisc45/imgs_full/overpass_s0006180.png,overpass,bridge,bridge,0,1782889203.5961132,1782889205.2135606,1.6174473762512207,5.117938142743604,3.3421999999999996
1181,/home/htj/resisc45/imgs_full/bridge_s0006181.png,bridge,bridge,bridge,1,1782889205.2145896,1782889206.8073814,1.5927917957305908,5.053131971955299,3.241
1182,/home/htj/resisc45/imgs_full/stadium_s0006182.png,stadium,stadium,stadium,1,1782889206.8085825,1782889208.5536468,1.7450642585754395,5.525098612231592,3.292
1183,/home/htj/resisc45/imgs_full/ground_track_field_s0006183.png,ground_track_field,stadium,stadium,0,1782889208.5550737,1782889210.2997277,1.7446539402008057,5.528583219858908,3.342
1184,/home/htj/resisc45/imgs_full/terrace_s0006184.png,terrace,circular farmland,circular_farmland,0,1782889210.301243,1782889212.2911162,1.9898731708526611,6.357701634393419,3.343
1185,/home/htj/resisc45/imgs_full/circular_farmland_s0006185.png,circular_farmland,circular farmland,circular_farmland,1,1782889212.2924662,1782889214.2782679,1.9858016967773438,6.34565769064767,3.343
1186,/home/htj/resisc45/imgs_full/wetland_s0006186.png,wetland,wetland,wetland,1,1782889214.2798314,1782889216.1433163,1.8634848594665527,5.94858248684623,3.343
1187,/home/htj/resisc45/imgs_full/island_s0006187.png,island,island,island,1,1782889216.1445663,1782889217.8843584,1.7397921085357666,5.485957374495844,3.291
1188,/home/htj/resisc45/imgs_full/island_s0006188.png,island,island,island,1,1782889217.8856409,1782889219.61554,1.7298991680145264,5.8062335675239565,3.746
1189,/home/htj/resisc45/imgs_full/forest_s0006189.png,forest,meadow,meadow,0,1782889219.6170301,1782889221.3632884,1.74625825881958,5.793577924559193,3.647
1190,/home/htj/resisc45/imgs_full/terrace_s0006190.png,terrace,airport,airport,0,1782889221.3646755,1782889222.9773483,1.6126728057861328,5.415240090915135,3.748
1191,/home/htj/resisc45/imgs_full/river_s0006191.png,river,river,river,1,1782889222.978723,1782889224.5941617,1.61543869972229,5.3673786370014325,3.7076
1192,/home/htj/resisc45/imgs_full/stadium_s0006192.png,stadium,stadium,stadium,1,1782889224.5956736,1782889226.3420396,1.746366024017334,5.816976222838124,3.6975
1193,/home/htj/resisc45/imgs_full/industrial_area_s0006193.png,industrial_area,storage tank,storage_tank,0,1782889226.3435771,1782889228.0794337,1.735856533050537,5.7698751251159175,3.647
1194,/home/htj/resisc45/imgs_full/baseball_diamond_s0006194.png,baseball_diamond,stadium,stadium,0,1782889228.0809836,1782889229.8265808,1.7455971240997314,5.854225967968664,3.748
1195,/home/htj/resisc45/imgs_full/cloud_s0006195.png,cloud,desert,desert,0,1782889229.828048,1782889231.556547,1.728498935699463,5.839099871317546,3.8035499999999995
1196,/home/htj/resisc45/imgs_full/railway_s0006196.png,railway,railway,railway,1,1782889231.5579677,1782889233.2977498,1.7397820949554443,5.800657992593703,3.647
1197,/home/htj/resisc45/imgs_full/church_s0006197.png,church,church,church,1,1782889233.2990932,1782889234.9116392,1.6125459671020508,5.3847358244205346,3.7063999999999995
1198,/home/htj/resisc45/imgs_full/sea_ice_s0006198.png,sea_ice,forest,forest,0,1782889234.9130507,1782889236.523751,1.6107003688812256,5.109696984011552,3.345
1199,/home/htj/resisc45/imgs_full/lake_s0006199.png,lake,lake,lake,1,1782889236.524983,1782889238.1387546,1.613771677017212,5.115425677333559,3.343
1200,/home/htj/resisc45/imgs_full/medium_residential_s0006200.png,medium_residential,dense residential,dense_residential,0,1782889238.1404662,1782889239.8736396,1.7331733703613281,5.517529470136089,3.244
1201,/home/htj/resisc45/imgs_full/basketball_court_s0006201.png,basketball_court,basketball court,basketball_court,1,1782889239.874979,1782889241.749783,1.8748040199279785,5.928868870171634,3.244
1202,/home/htj/resisc45/imgs_full/baseball_diamond_s0006202.png,baseball_diamond,baseball diamond,baseball_diamond,1,1782889241.7512922,1782889243.6152616,1.863969326019287,5.917142383488742,3.244
1203,/home/htj/resisc45/imgs_full/palace_s0006203.png,palace,church,church,0,1782889243.616708,1782889245.2369626,1.6202545166015625,5.122127364586139,3.301
1204,/home/htj/resisc45/imgs_full/industrial_area_s0006204.png,industrial_area,storage tank,storage_tank,0,1782889245.2382364,1782889246.980965,1.7427284717559814,5.501793785333634,3.244
1205,/home/htj/resisc45/imgs_full/baseball_diamond_s0006205.png,baseball_diamond,baseball diamond,baseball_diamond,1,1782889246.9825366,1782889248.8582737,1.875737190246582,5.951383092207068,3.241
1206,/home/htj/resisc45/imgs_full/commercial_area_s0006206.png,commercial_area,runway,runway,0,1782889248.8597782,1782889250.603925,1.7441468238830566,5.512085345745087,3.244
1207,/home/htj/resisc45/imgs_full/ship_s0006207.png,ship,ship,ship,1,1782889250.6052847,1782889252.210612,1.6053273677825928,5.081721115836076,3.24295
1208,/home/htj/resisc45/imgs_full/storage_tank_s0006208.png,storage_tank,storage tank,storage_tank,1,1782889252.2122607,1782889253.9575047,1.745244026184082,5.521051327736147,3.244
1209,/home/htj/resisc45/imgs_full/island_s0006209.png,island,island,island,1,1782889253.9585543,1782889255.6981437,1.7395894527435303,5.507933017907604,3.241
1210,/home/htj/resisc45/imgs_full/beach_s0006210.png,beach,beach,beach,1,1782889255.6997695,1782889257.4390922,1.7393226623535156,5.490648894771454,3.244
1211,/home/htj/resisc45/imgs_full/chaparral_s0006211.png,chaparral,chaparral,chaparral,1,1782889257.4404316,1782889259.3148265,1.8743948936462402,6.185503149032592,3.5833999999999997
1212,/home/htj/resisc45/imgs_full/dense_residential_s0006212.png,dense_residential,medium residential,medium_residential,0,1782889259.315964,1782889261.0641685,1.7482044696807861,5.576321108741144,3.343
1213,/home/htj/resisc45/imgs_full/desert_s0006213.png,desert,desert,desert,1,1782889261.0653687,1782889262.808583,1.7432143688201904,5.527395367199375,3.2935
1214,/home/htj/resisc45/imgs_full/railway_s0006214.png,railway,runway,runway,0,1782889262.8100743,1782889264.5497098,1.7396354675292969,5.502186397429435,3.241
1215,/home/htj/resisc45/imgs_full/ship_s0006215.png,ship,harbor,harbor,0,1782889264.5510287,1782889266.2915764,1.7405476570129395,5.833866572718466,3.746
1216,/home/htj/resisc45/imgs_full/cloud_s0006216.png,cloud,sea ice,sea_ice,0,1782889266.2927768,1782889268.0345538,1.741776943206787,5.550256509057937,3.343
1217,/home/htj/resisc45/imgs_full/runway_s0006217.png,runway,runway,runway,1,1782889268.0359848,1782889269.7672765,1.7312917709350586,5.511204339981079,3.244
1218,/home/htj/resisc45/imgs_full/commercial_area_s0006218.png,commercial_area,commercial area,commercial_area,1,1782889269.768738,1782889271.4975646,1.7288265228271484,5.867810101127624,3.8035499999999995
1219,/home/htj/resisc45/imgs_full/industrial_area_s0006219.png,industrial_area,industrial area,industrial_area,1,1782889271.4985762,1782889273.374601,1.8760247230529785,5.9700624407319465,3.343
1220,/home/htj/resisc45/imgs_full/snowberg_s0006220.png,snowberg,mountain,mountain,0,1782889273.376305,1782889275.1184251,1.7421200275421143,5.807722395043219,3.6965
1221,/home/htj/resisc45/imgs_full/lake_s0006221.png,lake,lake,lake,1,1782889275.1193933,1782889276.7234344,1.6040410995483398,5.380755868434906,3.7126499999999996
1222,/home/htj/resisc45/imgs_full/industrial_area_s0006222.png,industrial_area,stadium,stadium,0,1782889276.7244995,1782889278.4710584,1.7465589046478271,5.805956183318169,3.647
1223,/home/htj/resisc45/imgs_full/mountain_s0006223.png,mountain,mountain,mountain,1,1782889278.472877,1782889280.2152164,1.7423393726348877,5.80176529289061,3.6455
1224,/home/htj/resisc45/imgs_full/mobile_home_park_s0006224.png,mobile_home_park,medium residential,medium_residential,0,1782889280.2165933,1782889281.949887,1.7332937717437744,5.794624729748695,3.695
1225,/home/htj/resisc45/imgs_full/cloud_s0006225.png,cloud,cloud,cloud,1,1782889281.9512832,1782889283.5540836,1.6028003692626953,5.403841444969178,3.8116499999999998
1226,/home/htj/resisc45/imgs_full/roundabout_s0006226.png,roundabout,roundabout,roundabout,1,1782889283.5559607,1782889285.2914324,1.7354717254638672,5.783655465464438,3.644
1227,/home/htj/resisc45/imgs_full/rectangular_farmland_s0006227.png,rectangular_farmland,circular farmland,circular_farmland,0,1782889285.292802,1782889287.2877216,1.9949195384979248,6.629616356313228,3.6695
1228,/home/htj/resisc45/imgs_full/church_s0006228.png,church,airplane,airplane,0,1782889287.2894998,1782889289.0325503,1.7430505752563477,5.760276104281026,3.596
1229,/home/htj/resisc45/imgs_full/harbor_s0006229.png,harbor,harbor,harbor,1,1782889289.0342283,1782889290.7844234,1.750195026397705,5.852595710369848,3.7985
1230,/home/htj/resisc45/imgs_full/forest_s0006230.png,forest,forest,forest,1,1782889290.786002,1782889292.4035563,1.6175544261932373,5.420193802969796,3.748
1231,/home/htj/resisc45/imgs_full/baseball_diamond_s0006231.png,baseball_diamond,baseball diamond,baseball_diamond,1,1782889292.4049325,1782889294.2763624,1.8714299201965332,6.256905769951203,3.68235
1232,/home/htj/resisc45/imgs_full/circular_farmland_s0006232.png,circular_farmland,circular farmland,circular_farmland,1,1782889294.2777011,1782889296.2693272,1.9916260242462158,6.705178884029388,3.748
1233,/home/htj/resisc45/imgs_full/beach_s0006233.png,beach,beach,beach,1,1782889296.270754,1782889298.00198,1.7312259674072266,5.84489809596154,3.7975
1234,/home/htj/resisc45/imgs_full/ground_track_field_s0006234.png,ground_track_field,stadium,stadium,0,1782889298.0036423,1782889299.7404964,1.736854076385498,5.863619361877441,3.7965
1235,/home/htj/resisc45/imgs_full/palace_s0006235.png,palace,church,church,0,1782889299.742134,1782889301.3506634,1.6085293292999268,5.381966793409416,3.7102999999999997
1236,/home/htj/resisc45/imgs_full/roundabout_s0006236.png,roundabout,roundabout,roundabout,1,1782889301.3523266,1782889303.098603,1.7462763786315918,5.847378288099843,3.746
1237,/home/htj/resisc45/imgs_full/church_s0006237.png,church,residential,,0,1782889303.100188,1782889304.8471856,1.746997594833374,5.832717776298522,3.695
1238,/home/htj/resisc45/imgs_full/stadium_s0006238.png,stadium,stadium,stadium,1,1782889304.8487554,1782889306.59967,1.7509145736694336,5.822525211949502,3.746
1239,/home/htj/resisc45/imgs_full/sea_ice_s0006239.png,sea_ice,runway,runway,0,1782889306.6012104,1782889308.3383176,1.737107276916504,5.798295983191459,3.7445
1240,/home/htj/resisc45/imgs_full/industrial_area_s0006240.png,industrial_area,stadium,stadium,0,1782889308.3400123,1782889310.0771143,1.7371020317077637,5.804442385627377,3.695
1241,/home/htj/resisc45/imgs_full/desert_s0006241.png,desert,desert,desert,1,1782889310.0786107,1782889311.8129666,1.7343559265136719,5.801476521153604,3.695
1242,/home/htj/resisc45/imgs_full/terrace_s0006242.png,terrace,circular farmland,circular_farmland,0,1782889311.814379,1782889313.8050892,1.9907102584838867,6.606598573548454,3.644
1243,/home/htj/resisc45/imgs_full/railway_station_s0006243.png,railway_station,storage tank,storage_tank,0,1782889313.8064814,1782889315.5502272,1.7437458038330078,5.792498560874693,3.644
1244,/home/htj/resisc45/imgs_full/sparse_residential_s0006244.png,sparse_residential,circular farmland,circular_farmland,0,1782889315.551595,1782889317.5541503,2.0025553703308105,6.736429386178652,3.746
1245,/home/htj/resisc45/imgs_full/chaparral_s0006245.png,chaparral,chaparral,chaparral,1,1782889317.5558834,1782889319.4367244,1.8808410167694092,6.220169223185741,3.642
1246,/home/htj/resisc45/imgs_full/forest_s0006246.png,forest,meadow,meadow,0,1782889319.4380746,1782889321.1874893,1.7494146823883057,5.793609966216549,3.5935
1247,/home/htj/resisc45/imgs_full/mountain_s0006247.png,mountain,mountain,mountain,1,1782889321.1889932,1782889322.9262989,1.7373056411743164,5.799294356592239,3.644
1248,/home/htj/resisc45/imgs_full/circular_farmland_s0006248.png,circular_farmland,circular farmland,circular_farmland,1,1782889322.927854,1782889324.9220254,1.994171380996704,6.708004770126608,3.6695
1249,/home/htj/resisc45/imgs_full/mobile_home_park_s0006249.png,mobile_home_park,dense residential,dense_residential,0,1782889324.92356,1782889326.662326,1.7387661933898926,5.856164539337158,3.743
1250,/home/htj/resisc45/imgs_full/mobile_home_park_s0006250.png,mobile_home_park,dense residential,dense_residential,0,1782889326.6634552,1782889328.4086342,1.7451789379119873,5.928035075518393,3.8455
1251,/home/htj/resisc45/imgs_full/mountain_s0006251.png,mountain,mountain,mountain,1,1782889328.4099934,1782889330.1571064,1.7471129894256592,5.8803314545385295,3.7965
1252,/home/htj/resisc45/imgs_full/harbor_s0006252.png,harbor,harbor,harbor,1,1782889330.1584878,1782889331.9044592,1.745971441268921,5.860935133099556,3.70145
1253,/home/htj/resisc45/imgs_full/golf_course_s0006253.png,golf_course,golf course,golf_course,1,1782889331.9057841,1782889333.7830002,1.877216100692749,6.264042586666165,3.746
1254,/home/htj/resisc45/imgs_full/forest_s0006254.png,forest,forest,forest,1,1782889333.784777,1782889335.397406,1.6126291751861572,5.409219004767281,3.71135
1255,/home/htj/resisc45/imgs_full/beach_s0006255.png,beach,beach,beach,1,1782889335.3989527,1782889337.1342409,1.735288143157959,5.7884585020701085,3.647
1256,/home/htj/resisc45/imgs_full/overpass_s0006256.png,overpass,intersection,intersection,0,1782889337.1353076,1782889338.742115,1.6068074703216553,5.3358197588591745,3.644
1257,/home/htj/resisc45/imgs_full/meadow_s0006257.png,meadow,forest,forest,0,1782889338.7432353,1782889340.3573778,1.6141424179077148,5.434539220678396,3.746
1258,/home/htj/resisc45/imgs_full/ground_track_field_s0006258.png,ground_track_field,stadium,stadium,0,1782889340.3589745,1782889342.1075497,1.748575210571289,5.833303308117775,3.695
1259,/home/htj/resisc45/imgs_full/forest_s0006259.png,forest,forest,forest,1,1782889342.1090117,1782889343.7274847,1.6184730529785156,5.368648524556841,3.7102999999999997
1260,/home/htj/resisc45/imgs_full/terrace_s0006260.png,terrace,circular farmland,circular_farmland,0,1782889343.728673,1782889345.720518,1.9918451309204102,6.614862350755268,3.67225
1261,/home/htj/resisc45/imgs_full/meadow_s0006261.png,meadow,circular farmland,circular_farmland,0,1782889345.7217357,1782889347.7152536,1.9935178756713867,6.652426108769008,3.6767
1262,/home/htj/resisc45/imgs_full/church_s0006262.png,church,church,church,1,1782889347.716853,1782889349.323309,1.6064560413360596,5.393094510908784,3.7051999999999996
1263,/home/htj/resisc45/imgs_full/chaparral_s0006263.png,chaparral,desert,desert,0,1782889349.324682,1782889351.0657566,1.741074562072754,5.764978693500641,3.647
1264,/home/htj/resisc45/imgs_full/thermal_power_station_s0006264.png,thermal_power_station,lake,lake,0,1782889351.0668933,1782889352.6847398,1.6178464889526367,5.478432673215866,3.849
1265,/home/htj/resisc45/imgs_full/palace_s0006265.png,palace,stadium,stadium,0,1782889352.6861877,1782889354.43298,1.7467923164367676,5.8662357318478255,3.746
1266,/home/htj/resisc45/imgs_full/lake_s0006266.png,lake,lake,lake,1,1782889354.4344673,1782889356.0521305,1.6176631450653076,5.497321400321763,3.847
1267,/home/htj/resisc45/imgs_full/snowberg_s0006267.png,snowberg,sea ice,sea_ice,0,1782889356.0537684,1782889357.785764,1.7319955825805664,5.784809374993848,3.6975
1268,/home/htj/resisc45/imgs_full/harbor_s0006268.png,harbor,harbor,harbor,1,1782889357.7871592,1782889359.5287828,1.7416236400604248,5.838484255559983,3.6965
1269,/home/htj/resisc45/imgs_full/mobile_home_park_s0006269.png,mobile_home_park,mobile home park,mobile_home_park,1,1782889359.529999,1782889361.389993,1.8599939346313477,6.205841581171209,3.6452
1270,/home/htj/resisc45/imgs_full/freeway_s0006270.png,freeway,runway,runway,0,1782889361.3914983,1782889363.1282315,1.7367331981658936,5.7555898423733245,3.647
1271,/home/htj/resisc45/imgs_full/roundabout_s0006271.png,roundabout,roundabout,roundabout,1,1782889363.1297874,1782889364.8810546,1.7512671947479248,5.809348732409938,3.5945
1272,/home/htj/resisc45/imgs_full/airplane_s0006272.png,airplane,runway,runway,0,1782889364.8825037,1782889366.6286654,1.746161699295044,5.8386014444751115,3.6975
1273,/home/htj/resisc45/imgs_full/dense_residential_s0006273.png,dense_residential,dense residential,dense_residential,1,1782889366.6304142,1782889368.3841188,1.75370454788208,5.8812462002231225,3.748
1274,/home/htj/resisc45/imgs_full/meadow_s0006274.png,meadow,circular farmland,circular_farmland,0,1782889368.3854096,1782889370.374775,1.9893653392791748,6.64010362944603,3.647
1275,/home/htj/resisc45/imgs_full/industrial_area_s0006275.png,industrial_area,lake,lake,0,1782889370.3764005,1782889371.9945564,1.6181559562683105,5.392867414392274,3.647
1276,/home/htj/resisc45/imgs_full/beach_s0006276.png,beach,beach,beach,1,1782889371.9956388,1782889373.7296414,1.7340025901794434,5.812097004444368,3.6965
1277,/home/htj/resisc45/imgs_full/wetland_s0006277.png,wetland,lake,lake,0,1782889373.730781,1782889375.3428965,1.6121153831481934,5.406459239585059,3.7102999999999997
1278,/home/htj/resisc45/imgs_full/freeway_s0006278.png,freeway,runway,runway,0,1782889375.344468,1782889377.0914102,1.7469420433044434,5.822670536271987,3.695
1279,/home/htj/resisc45/imgs_full/bridge_s0006279.png,bridge,intersection,intersection,0,1782889377.0927372,1782889378.7105134,1.6177761554718018,5.476518952591079,3.847
1280,/home/htj/resisc45/imgs_full/parking_lot_s0006280.png,parking_lot,medium residential,medium_residential,0,1782889378.7122135,1782889380.4652853,1.7530717849731445,5.499895145785424,3.2935
1281,/home/htj/resisc45/imgs_full/cloud_s0006281.png,cloud,cloud,cloud,1,1782889380.466736,1782889382.0826526,1.6159164905548096,5.452715172973172,3.8066
1282,/home/htj/resisc45/imgs_full/harbor_s0006282.png,harbor,runway,runway,0,1782889382.083943,1782889383.823958,1.7400150299072266,5.867555198915543,3.7965
1283,/home/htj/resisc45/imgs_full/lake_s0006283.png,lake,lake,lake,1,1782889383.825606,1782889385.4455688,1.6199626922607422,5.3812926205602185,3.6458000000000004
1284,/home/htj/resisc45/imgs_full/baseball_diamond_s0006284.png,baseball_diamond,baseball diamond,baseball_diamond,1,1782889385.4470475,1782889387.324402,1.877354621887207,6.233784466743469,3.6452
1285,/home/htj/resisc45/imgs_full/commercial_area_s0006285.png,commercial_area,church,church,0,1782889387.3261826,1782889388.9469886,1.6208059787750244,5.371518683244442,3.7051999999999996
1286,/home/htj/resisc45/imgs_full/stadium_s0006286.png,stadium,stadium,stadium,1,1782889388.9486387,1782889390.6982937,1.74965500831604,5.80908038954581,3.647
1287,/home/htj/resisc45/imgs_full/desert_s0006287.png,desert,forest,forest,0,1782889390.6995625,1782889392.3136752,1.6141126155853271,5.379225098133087,3.7051999999999996
1288,/home/htj/resisc45/imgs_full/forest_s0006288.png,forest,forest,forest,1,1782889392.3153574,1782889393.9367762,1.6214187145233154,5.3221332069890845,3.6112999999999995
1289,/home/htj/resisc45/imgs_full/forest_s0006289.png,forest,forest,forest,1,1782889393.938411,1782889395.5589042,1.6204931735992432,5.388429175998484,3.647
1290,/home/htj/resisc45/imgs_full/river_s0006290.png,river,lake,lake,0,1782889395.5602913,1782889397.176536,1.6162447929382324,5.403942331478513,3.7063999999999995
1291,/home/htj/resisc45/imgs_full/river_s0006291.png,river,bridge,bridge,0,1782889397.1778383,1782889398.7929301,1.6150918006896973,5.327129686881756,3.647
1292,/home/htj/resisc45/imgs_full/tennis_court_s0006292.png,tennis_court,forest,forest,0,1782889398.7945626,1782889400.413821,1.6192584037780762,5.484890858854566,3.849
1293,/home/htj/resisc45/imgs_full/medium_residential_s0006293.png,medium_residential,medium residential,medium_residential,1,1782889400.4153893,1782889402.1649725,1.7495832443237305,5.77799866437912,3.647
1294,/home/htj/resisc45/imgs_full/stadium_s0006294.png,stadium,stadium,stadium,1,1782889402.1665688,1782889403.9167397,1.7501709461212158,5.804752457011131,3.644
1295,/home/htj/resisc45/imgs_full/sparse_residential_s0006295.png,sparse_residential,chaparral,chaparral,0,1782889403.91836,1782889405.7968402,1.8784801959991455,6.24008351653995,3.6452
1296,/home/htj/resisc45/imgs_full/airplane_s0006296.png,airplane,runway,runway,0,1782889405.79826,1782889407.5312245,1.7329645156860352,5.800064527757706,3.6975
1297,/home/htj/resisc45/imgs_full/terrace_s0006297.png,terrace,circular farmland,circular_farmland,0,1782889407.532453,1782889409.5382447,2.005791664123535,6.71751089981624,3.7762999999999995
1298,/home/htj/resisc45/imgs_full/river_s0006298.png,river,stadium,stadium,0,1782889409.539712,1782889411.2890477,1.749335765838623,5.783642622978456,3.644
1299,/home/htj/resisc45/imgs_full/island_s0006299.png,island,island,island,1,1782889411.2905493,1782889413.036439,1.745889663696289,5.920079064305623,3.847
