n,path,true,answer,pred,correct,t_start,t_end,latency_s,E_im_J,Ppeak_W
0,/home/htj/resisc45/imgs_full/church_s0005000.png,church,railway station,railway_station,0,1782902502.431248,1782902506.805963,4.374715089797974,7.477654453359152,2.738
1,/home/htj/resisc45/imgs_full/church_s0005001.png,church,storage tank,storage_tank,0,1782902506.8072987,1782902510.0007088,3.1934101581573486,9.47621654360635,3.244
2,/home/htj/resisc45/imgs_full/airport_s0005002.png,airport,airport,airport,1,1782902510.002062,1782902513.0681705,3.066108465194702,9.098336191746924,3.244
3,/home/htj/resisc45/imgs_full/dense_residential_s0005003.png,dense_residential,dense residential,dense_residential,1,1782902513.069866,1782902516.2656481,3.19578218460083,9.38544160078253,3.246
4,/home/htj/resisc45/imgs_full/stadium_s0005004.png,stadium,stadium,stadium,1,1782902516.2674487,1782902519.4543114,3.1868627071380615,9.448991018401724,3.26875
5,/home/htj/resisc45/imgs_full/commercial_area_s0005005.png,commercial_area,palace,palace,0,1782902519.4562602,1782902522.6475902,3.1913299560546875,9.456423552104406,3.266
6,/home/htj/resisc45/imgs_full/sparse_residential_s0005006.png,sparse_residential,forest,forest,0,1782902522.648697,1782902525.7176604,3.0689635276794434,9.127665857897865,3.27865
7,/home/htj/resisc45/imgs_full/chaparral_s0005007.png,chaparral,sparse residential,sparse_residential,0,1782902525.7191293,1782902528.9118521,3.192722797393799,9.420812768595558,3.244
8,/home/htj/resisc45/imgs_full/railway_s0005008.png,railway,railway station,railway_station,0,1782902528.9135122,1782902532.2328014,3.319289207458496,9.830046858318783,3.2539
9,/home/htj/resisc45/imgs_full/basketball_court_s0005009.png,basketball_court,basketball court,basketball_court,1,1782902532.234415,1782902535.555184,3.3207688331604004,9.9176478841387,3.343
10,/home/htj/resisc45/imgs_full/golf_course_s0005010.png,golf_course,golf course,golf_course,1,1782902535.5567837,1782902538.8721328,3.3153491020202637,9.953935550475942,3.343
11,/home/htj/resisc45/imgs_full/lake_s0005011.png,lake,lake,lake,1,1782902538.873513,1782902541.9264443,3.052931308746338,9.150200489962543,3.343
12,/home/htj/resisc45/imgs_full/river_s0005012.png,river,airport,airport,0,1782902541.9275885,1782902544.990955,3.063366651535034,9.005560478356148,3.244
13,/home/htj/resisc45/imgs_full/forest_s0005013.png,forest,forest,forest,1,1782902544.992525,1782902548.0479057,3.0553805828094482,9.03210854361642,3.244
14,/home/htj/resisc45/imgs_full/chaparral_s0005014.png,chaparral,sparse residential,sparse_residential,0,1782902548.0491464,1782902551.2381835,3.1890370845794678,9.42747698710646,3.24175
15,/home/htj/resisc45/imgs_full/commercial_area_s0005015.png,commercial_area,commercial area,commercial_area,1,1782902551.2395146,1782902554.4264176,3.1869029998779297,9.469199356351579,3.26875
16,/home/htj/resisc45/imgs_full/baseball_diamond_s0005016.png,baseball_diamond,baseball diamond,baseball_diamond,1,1782902554.4275355,1782902557.7429771,3.315441608428955,9.798478607121162,3.255699999999999
17,/home/htj/resisc45/imgs_full/parking_lot_s0005017.png,parking_lot,parking lot,parking_lot,1,1782902557.7443733,1782902561.0693495,3.3249762058258057,9.913473884845601,3.343
18,/home/htj/resisc45/imgs_full/wetland_s0005018.png,wetland,forest,forest,0,1782902561.0708623,1782902564.1232777,3.052415370941162,9.150123810291289,3.343
19,/home/htj/resisc45/imgs_full/sparse_residential_s0005019.png,sparse_residential,sparse residential,sparse_residential,1,1782902564.1245239,1782902567.3126369,3.18811297416687,9.357623954479184,3.244
20,/home/htj/resisc45/imgs_full/tennis_court_s0005020.png,tennis_court,tennis court,tennis_court,1,1782902567.3141742,1782902570.6238549,3.309680700302124,9.780620040535926,3.244
21,/home/htj/resisc45/imgs_full/baseball_diamond_s0005021.png,baseball_diamond,baseball diamond,baseball_diamond,1,1782902570.6249068,1782902573.937717,3.312810182571411,9.932718806020144,3.343
22,/home/htj/resisc45/imgs_full/ground_track_field_s0005022.png,ground_track_field,stadium,stadium,0,1782902573.9392974,1782902577.1322672,3.192969799041748,9.576628704411643,3.343
23,/home/htj/resisc45/imgs_full/chaparral_s0005023.png,chaparral,chaparral,chaparral,1,1782902577.1340225,1782902580.4563458,3.3223233222961426,10.002541739011633,3.25885
24,/home/htj/resisc45/imgs_full/mobile_home_park_s0005024.png,mobile_home_park,sparse residential,sparse_residential,0,1782902580.4575186,1782902583.643457,3.1859383583068848,9.581880287877151,3.343
25,/home/htj/resisc45/imgs_full/roundabout_s0005025.png,roundabout,intersection,intersection,0,1782902583.6450064,1782902586.707892,3.0628855228424072,9.181793436151963,3.3436999999999997
26,/home/htj/resisc45/imgs_full/golf_course_s0005026.png,golf_course,chaparral,chaparral,0,1782902586.7089922,1782902590.0257096,3.3167173862457275,9.800899876356125,3.244
27,/home/htj/resisc45/imgs_full/baseball_diamond_s0005027.png,baseball_diamond,baseball diamond,baseball_diamond,1,1782902590.027018,1782902593.3262203,3.2992022037506104,9.923033221339358,3.343
28,/home/htj/resisc45/imgs_full/parking_lot_s0005028.png,parking_lot,parking lot,parking_lot,1,1782902593.3281639,1782902596.6512387,3.3230748176574707,9.973730317131947,3.343
29,/home/htj/resisc45/imgs_full/railway_station_s0005029.png,railway_station,thermal power station,thermal_power_station,0,1782902596.6531255,1782902599.96963,3.31650447845459,9.984279551275845,3.343
30,/home/htj/resisc45/imgs_full/golf_course_s0005030.png,golf_course,golf course,golf_course,1,1782902599.9711897,1782902603.2785318,3.307342052459717,9.94631801452308,3.343
31,/home/htj/resisc45/imgs_full/dense_residential_s0005031.png,dense_residential,dense residential,dense_residential,1,1782902603.2801452,1782902606.4719613,3.1918160915374756,9.616770893654653,3.343
32,/home/htj/resisc45/imgs_full/desert_s0005032.png,desert,sea ice,sea_ice,0,1782902606.47336,1782902609.6638315,3.1904714107513428,9.511308029783622,3.343
33,/home/htj/resisc45/imgs_full/intersection_s0005033.png,intersection,intersection,intersection,1,1782902609.6654146,1782902612.7311163,3.065701723098755,9.134031194956215,3.2447
34,/home/htj/resisc45/imgs_full/stadium_s0005034.png,stadium,stadium,stadium,1,1782902612.7323534,1782902615.9088414,3.176487922668457,9.411763545870782,3.244
35,/home/htj/resisc45/imgs_full/beach_s0005035.png,beach,beach,beach,1,1782902615.9102168,1782902619.0885642,3.17834734916687,9.469545389626708,3.244
36,/home/htj/resisc45/imgs_full/terrace_s0005036.png,terrace,rectangular farmland,rectangular_farmland,0,1782902619.0902917,1782902622.5258656,3.4355738162994385,10.218140904001395,3.24885
37,/home/htj/resisc45/imgs_full/terrace_s0005037.png,terrace,rectangular farmland,rectangular_farmland,0,1782902622.5269663,1782902625.9645126,3.4375462532043457,10.351483032274247,3.343
38,/home/htj/resisc45/imgs_full/ground_track_field_s0005038.png,ground_track_field,ground track field,ground_track_field,1,1782902625.9661138,1782902629.2859716,3.3198578357696533,10.061744994151182,3.343
39,/home/htj/resisc45/imgs_full/sparse_residential_s0005039.png,sparse_residential,sparse residential,sparse_residential,1,1782902629.2875667,1782902632.4795556,3.191988945007324,9.607715725064278,3.3415
40,/home/htj/resisc45/imgs_full/overpass_s0005040.png,overpass,intersection,intersection,0,1782902632.4811265,1782902635.5462923,3.0651657581329346,9.166718773669668,3.3417
41,/home/htj/resisc45/imgs_full/palace_s0005041.png,palace,palace,palace,1,1782902635.5480778,1782902638.733303,3.185225248336792,9.458583253958396,3.244
42,/home/htj/resisc45/imgs_full/rectangular_farmland_s0005042.png,rectangular_farmland,rectangular farmland,rectangular_farmland,1,1782902638.7344446,1782902642.1706648,3.436220169067383,10.34130459880829,3.24895
43,/home/htj/resisc45/imgs_full/railway_s0005043.png,railway,railway,railway,1,1782902642.1722949,1782902645.357023,3.1847281455993652,9.697838424222809,3.343
44,/home/htj/resisc45/imgs_full/airport_s0005044.png,airport,airport,airport,1,1782902645.35861,1782902648.417421,3.0588111877441406,9.258738242043389,3.343
45,/home/htj/resisc45/imgs_full/bridge_s0005045.png,bridge,bridge,bridge,1,1782902648.4185052,1782902651.47876,3.0602548122406006,9.169447267982196,3.244
46,/home/htj/resisc45/imgs_full/sparse_residential_s0005046.png,sparse_residential,golf course,golf_course,0,1782902651.4803588,1782902654.7994986,3.3191397190093994,10.013225709591882,3.244
47,/home/htj/resisc45/imgs_full/church_s0005047.png,church,dense residential,dense_residential,0,1782902654.801321,1782902657.9966743,3.1953532695770264,9.584062712937595,3.343
48,/home/htj/resisc45/imgs_full/dense_residential_s0005048.png,dense_residential,sparse residential,sparse_residential,0,1782902657.9984806,1782902661.1836767,3.1851961612701416,9.423914749643632,3.244
49,/home/htj/resisc45/imgs_full/railway_s0005049.png,railway,commercial area,commercial_area,0,1782902661.1853437,1782902664.3696275,3.18428373336792,9.499116412103175,3.266
50,/home/htj/resisc45/imgs_full/runway_s0005050.png,runway,runway,runway,1,1782902664.370572,1782902667.5553994,3.1848273277282715,9.466159896756922,3.341
51,/home/htj/resisc45/imgs_full/snowberg_s0005051.png,snowberg,mountain,mountain,0,1782902667.5571008,1782902670.7447004,3.1875996589660645,9.458803538024426,3.244
52,/home/htj/resisc45/imgs_full/chaparral_s0005052.png,chaparral,desert,desert,0,1782902670.745705,1782902673.936573,3.1908681392669678,9.472092071413995,3.241
53,/home/htj/resisc45/imgs_full/overpass_s0005053.png,overpass,intersection,intersection,0,1782902673.938095,1782902677.00235,3.0642549991607666,9.208029527015155,3.241
54,/home/htj/resisc45/imgs_full/railway_station_s0005054.png,railway_station,railway station,railway_station,1,1782902677.0040128,1782902680.3265388,3.322525978088379,9.953199416670305,3.24145
55,/home/htj/resisc45/imgs_full/sea_ice_s0005055.png,sea_ice,sea ice,sea_ice,1,1782902680.3280427,1782902683.51671,3.1886672973632812,9.621234164919171,3.341
56,/home/htj/resisc45/imgs_full/airplane_s0005056.png,airplane,airport,airport,0,1782902683.5180826,1782902686.5745175,3.0564348697662354,9.174568469352192,3.241
57,/home/htj/resisc45/imgs_full/bridge_s0005057.png,bridge,bridge,bridge,1,1782902686.5758495,1782902689.636046,3.0601963996887207,9.067188713613547,3.241
58,/home/htj/resisc45/imgs_full/commercial_area_s0005058.png,commercial_area,commercial area,commercial_area,1,1782902689.6373281,1782902692.8220742,3.184746026992798,9.444307472582373,3.244
59,/home/htj/resisc45/imgs_full/dense_residential_s0005059.png,dense_residential,dense residential,dense_residential,1,1782902692.8239465,1782902696.0196671,3.195720672607422,9.595836116790771,3.244
60,/home/htj/resisc45/imgs_full/forest_s0005060.png,forest,forest,forest,1,1782902696.0213265,1782902699.0885282,3.067201614379883,9.267462870255954,3.244
61,/home/htj/resisc45/imgs_full/ship_s0005061.png,ship,harbor,harbor,0,1782902699.0895987,1782902702.2841206,3.194521903991699,9.593035187619074,3.244
62,/home/htj/resisc45/imgs_full/baseball_diamond_s0005062.png,baseball_diamond,baseball diamond,baseball_diamond,1,1782902702.2856126,1782902705.5962627,3.310650110244751,9.968199143805746,3.2539
63,/home/htj/resisc45/imgs_full/basketball_court_s0005063.png,basketball_court,basketball court,basketball_court,1,1782902705.5974064,1782902708.9059625,3.308556079864502,10.047685506056094,3.343
64,/home/htj/resisc45/imgs_full/sparse_residential_s0005064.png,sparse_residential,sparse residential,sparse_residential,1,1782902708.9076235,1782902712.100656,3.1930325031280518,9.760872288312232,3.343
65,/home/htj/resisc45/imgs_full/overpass_s0005065.png,overpass,intersection,intersection,0,1782902712.1022184,1782902715.1605737,3.0583553314208984,9.301478014628094,3.2799499999999995
66,/home/htj/resisc45/imgs_full/airport_s0005066.png,airport,airport,airport,1,1782902715.1618898,1782902718.2288833,3.066993474960327,9.217993558496799,3.241
67,/home/htj/resisc45/imgs_full/airplane_s0005067.png,airplane,airport,airport,0,1782902718.230311,1782902721.2916338,3.0613229274749756,9.248426637397873,3.241
68,/home/htj/resisc45/imgs_full/island_s0005068.png,island,island,island,1,1782902721.2926466,1782902724.4774468,3.184800148010254,9.564751044511794,3.241
69,/home/htj/resisc45/imgs_full/wetland_s0005069.png,wetland,meadow,meadow,0,1782902724.4790494,1782902727.6735516,3.194502115249634,9.952186116657087,3.343
70,/home/htj/resisc45/imgs_full/baseball_diamond_s0005070.png,baseball_diamond,baseball diamond,baseball_diamond,1,1782902727.6751413,1782902730.9849026,3.3097612857818604,9.833871428555454,3.2585499999999996
71,/home/htj/resisc45/imgs_full/tennis_court_s0005071.png,tennis_court,dense residential,dense_residential,0,1782902730.9860816,1782902734.1766648,3.1905832290649414,9.582859753796031,3.343
72,/home/htj/resisc45/imgs_full/parking_lot_s0005072.png,parking_lot,parking lot,parking_lot,1,1782902734.178348,1782902737.4843774,3.3060293197631836,9.903294878943491,3.343
73,/home/htj/resisc45/imgs_full/roundabout_s0005073.png,roundabout,roundabout,roundabout,1,1782902737.4860065,1782902740.68247,3.1964635848999023,9.700524943981852,3.343
74,/home/htj/resisc45/imgs_full/bridge_s0005074.png,bridge,bridge,bridge,1,1782902740.683843,1782902743.746413,3.062570095062256,9.328530725218215,3.343
75,/home/htj/resisc45/imgs_full/meadow_s0005075.png,meadow,rectangular farmland,rectangular_farmland,0,1782902743.7478988,1782902747.1925857,3.4446868896484375,10.48924098981013,3.343
76,/home/htj/resisc45/imgs_full/sparse_residential_s0005076.png,sparse_residential,sparse residential,sparse_residential,1,1782902747.194013,1782902750.386577,3.192563772201538,9.739143827370233,3.341
77,/home/htj/resisc45/imgs_full/wetland_s0005077.png,wetland,meadow,meadow,0,1782902750.3881104,1782902753.567099,3.1789886951446533,9.6052575747243,3.244
78,/home/htj/resisc45/imgs_full/tennis_court_s0005078.png,tennis_court,terrace,terrace,0,1782902753.5686831,1782902756.7624612,3.1937780380249023,9.64954408788681,3.343
79,/home/htj/resisc45/imgs_full/harbor_s0005079.png,harbor,harbor,harbor,1,1782902756.764296,1782902759.949627,3.185330867767334,9.602919352693217,3.343
80,/home/htj/resisc45/imgs_full/sparse_residential_s0005080.png,sparse_residential,sparse residential,sparse_residential,1,1782902759.9507718,1782902763.1432295,3.192457675933838,9.6456118106246,3.26875
81,/home/htj/resisc45/imgs_full/ship_s0005081.png,ship,harbor,harbor,0,1782902763.1447346,1782902766.3339598,3.189225196838379,9.713127039670944,3.343
82,/home/htj/resisc45/imgs_full/dense_residential_s0005082.png,dense_residential,dense residential,dense_residential,1,1782902766.3357162,1782902769.5310273,3.1953110694885254,9.73896578504358,3.343
83,/home/htj/resisc45/imgs_full/runway_s0005083.png,runway,freeway,freeway,0,1782902769.5323105,1782902772.722035,3.1897244453430176,9.72114092210361,3.343
84,/home/htj/resisc45/imgs_full/mountain_s0005084.png,mountain,chaparral,chaparral,0,1782902772.7236953,1782902776.0398204,3.3161251544952393,10.019614979735737,3.341
85,/home/htj/resisc45/imgs_full/storage_tank_s0005085.png,storage_tank,storage tank,storage_tank,1,1782902776.0415785,1782902779.2360005,3.1944220066070557,9.697088319740796,3.341
86,/home/htj/resisc45/imgs_full/mobile_home_park_s0005086.png,mobile_home_park,mobile home park,mobile_home_park,1,1782902779.2376904,1782902782.5535665,3.315876007080078,10.04035820888651,3.256
87,/home/htj/resisc45/imgs_full/wetland_s0005087.png,wetland,forest,forest,0,1782902782.5550034,1782902785.618543,3.063539505004883,9.253137413801971,3.341
88,/home/htj/resisc45/imgs_full/commercial_area_s0005088.png,commercial_area,dense residential,dense_residential,0,1782902785.6204407,1782902788.8123744,3.1919336318969727,9.609544194085256,3.24175
89,/home/htj/resisc45/imgs_full/railway_s0005089.png,railway,railway station,railway_station,0,1782902788.8139818,1782902792.1320922,3.318110466003418,10.115145338009144,3.343
90,/home/htj/resisc45/imgs_full/ship_s0005090.png,ship,harbor,harbor,0,1782902792.1336203,1782902795.3249557,3.191335439682007,9.75186628167544,3.3415
91,/home/htj/resisc45/imgs_full/golf_course_s0005091.png,golf_course,golf course,golf_course,1,1782902795.326491,1782902798.6451802,3.3186891078948975,10.053453683368092,3.343
92,/home/htj/resisc45/imgs_full/baseball_diamond_s0005092.png,baseball_diamond,baseball diamond,baseball_diamond,1,1782902798.6466467,1782902801.967158,3.3205113410949707,10.10003874210584,3.343
93,/home/htj/resisc45/imgs_full/desert_s0005093.png,desert,desert,desert,1,1782902801.9686427,1782902805.147261,3.1786181926727295,9.645006056313004,3.343
94,/home/htj/resisc45/imgs_full/airport_s0005094.png,airport,airport,airport,1,1782902805.14881,1782902808.2135398,3.064729928970337,9.267222879369303,3.2836
95,/home/htj/resisc45/imgs_full/circular_farmland_s0005095.png,circular_farmland,rectangular farmland,rectangular_farmland,0,1782902808.214884,1782902811.6614392,3.4465551376342773,10.492952365171712,3.244
96,/home/htj/resisc45/imgs_full/terrace_s0005096.png,terrace,rectangular farmland,rectangular_farmland,0,1782902811.662837,1782902815.1069217,3.444084644317627,10.468065670760472,3.343
97,/home/htj/resisc45/imgs_full/thermal_power_station_s0005097.png,thermal_power_station,thermal power station,thermal_power_station,1,1782902815.1084452,1782902818.4256124,3.317167282104492,10.063385963116662,3.343
98,/home/htj/resisc45/imgs_full/golf_course_s0005098.png,golf_course,golf course,golf_course,1,1782902818.4271479,1782902821.749664,3.3225162029266357,9.993212182209408,3.343
99,/home/htj/resisc45/imgs_full/mountain_s0005099.png,mountain,desert,desert,0,1782902821.7514193,1782902824.941282,3.1898627281188965,9.607980460762978,3.343
100,/home/htj/resisc45/imgs_full/baseball_diamond_s0005100.png,baseball_diamond,sparse residential,sparse_residential,0,1782902824.9429643,1782902828.1283948,3.1854305267333984,9.595483752216612,3.3435
101,/home/htj/resisc45/imgs_full/commercial_area_s0005101.png,commercial_area,dense residential,dense_residential,0,1782902828.1302092,1782902831.3251781,3.1949689388275146,9.628780586374656,3.343
102,/home/htj/resisc45/imgs_full/desert_s0005102.png,desert,desert,desert,1,1782902831.326763,1782902834.5196865,3.1929235458374023,9.712588343977927,3.244
103,/home/htj/resisc45/imgs_full/mobile_home_park_s0005103.png,mobile_home_park,sparse residential,sparse_residential,0,1782902834.5214062,1782902837.7159219,3.1945157051086426,9.693358592689037,3.24175
104,/home/htj/resisc45/imgs_full/ground_track_field_s0005104.png,ground_track_field,stadium,stadium,0,1782902837.7175045,1782902840.9098914,3.1923868656158447,9.718651743284294,3.343
105,/home/htj/resisc45/imgs_full/intersection_s0005105.png,intersection,sparse residential,sparse_residential,0,1782902840.9115527,1782902844.1069872,3.1954345703125,9.647129088284677,3.244
106,/home/htj/resisc45/imgs_full/golf_course_s0005106.png,golf_course,golf course,golf_course,1,1782902844.1084437,1782902847.4273603,3.3189165592193604,9.969395894202693,3.25885
107,/home/htj/resisc45/imgs_full/terrace_s0005107.png,terrace,rectangular farmland,rectangular_farmland,0,1782902847.428853,1782902850.8677042,3.4388511180877686,10.419260374323528,3.3411
108,/home/htj/resisc45/imgs_full/thermal_power_station_s0005108.png,thermal_power_station,thermal power station,thermal_power_station,1,1782902850.8692615,1782902854.1892483,3.3199868202209473,10.029680183887482,3.343
109,/home/htj/resisc45/imgs_full/terrace_s0005109.png,terrace,rectangular farmland,rectangular_farmland,0,1782902854.1907005,1782902857.6386685,3.447968006134033,10.555264457178117,3.4421
110,/home/htj/resisc45/imgs_full/commercial_area_s0005110.png,commercial_area,commercial area,commercial_area,1,1782902857.6403441,1782902860.833624,3.19327974319458,9.76784357446432,3.341
111,/home/htj/resisc45/imgs_full/snowberg_s0005111.png,snowberg,snowberg,snowberg,1,1782902860.8354297,1782902864.0278113,3.1923816204071045,9.577828942997115,3.244
112,/home/htj/resisc45/imgs_full/ship_s0005112.png,ship,ship,ship,1,1782902864.029186,1782902867.0841174,3.054931402206421,9.127399583344106,3.244
113,/home/htj/resisc45/imgs_full/terrace_s0005113.png,terrace,dense residential,dense_residential,0,1782902867.0856314,1782902870.271619,3.185987710952759,9.473705136431116,3.244
114,/home/htj/resisc45/imgs_full/cloud_s0005114.png,cloud,cloud,cloud,1,1782902870.273192,1782902873.3367493,3.0635573863983154,9.091673869578926,3.244
115,/home/htj/resisc45/imgs_full/meadow_s0005115.png,meadow,dense residential,dense_residential,0,1782902873.3381207,1782902876.531314,3.193193197250366,9.35645521709323,3.24175
116,/home/htj/resisc45/imgs_full/palace_s0005116.png,palace,airport,airport,0,1782902876.5328932,1782902879.6022573,3.069364070892334,9.200930363178253,3.244
117,/home/htj/resisc45/imgs_full/roundabout_s0005117.png,roundabout,intersection,intersection,0,1782902879.6037397,1782902882.6706192,3.0668795108795166,9.231364121812362,3.343
118,/home/htj/resisc45/imgs_full/overpass_s0005118.png,overpass,intersection,intersection,0,1782902882.671856,1782902885.7372568,3.0654008388519287,9.102621034343287,3.2422
119,/home/htj/resisc45/imgs_full/industrial_area_s0005119.png,industrial_area,industrial area,industrial_area,1,1782902885.7386057,1782902889.0538642,3.315258502960205,9.950326965469426,3.244
120,/home/htj/resisc45/imgs_full/mobile_home_park_s0005120.png,mobile_home_park,mobile home park,mobile_home_park,1,1782902889.0555804,1782902892.3794837,3.3239033222198486,10.041168084358347,3.3413000000000004
121,/home/htj/resisc45/imgs_full/rectangular_farmland_s0005121.png,rectangular_farmland,rectangular farmland,rectangular_farmland,1,1782902892.3811502,1782902895.8286512,3.4475009441375732,10.460565610647201,3.341
122,/home/htj/resisc45/imgs_full/storage_tank_s0005122.png,storage_tank,storage tank,storage_tank,1,1782902895.830327,1782902899.024461,3.194133996963501,9.779867917631353,3.3415
123,/home/htj/resisc45/imgs_full/rectangular_farmland_s0005123.png,rectangular_farmland,rectangular farmland,rectangular_farmland,1,1782902899.0257607,1782902902.472102,3.4463412761688232,10.414728458539646,3.24895
124,/home/htj/resisc45/imgs_full/storage_tank_s0005124.png,storage_tank,storage tank,storage_tank,1,1782902902.4736633,1782902905.65375,3.180086612701416,9.664056066955839,3.26875
125,/home/htj/resisc45/imgs_full/palace_s0005125.png,palace,intersection,intersection,0,1782902905.6553366,1782902908.7198691,3.064532518386841,9.25369644288222,3.343
126,/home/htj/resisc45/imgs_full/beach_s0005126.png,beach,beach,beach,1,1782902908.7209866,1782902911.9126122,3.1916255950927734,9.556239971535545,3.244
127,/home/htj/resisc45/imgs_full/stadium_s0005127.png,stadium,stadium,stadium,1,1782902911.914318,1782902915.1106682,3.19635009765625,9.691790117536273,3.345
128,/home/htj/resisc45/imgs_full/medium_residential_s0005128.png,medium_residential,dense residential,dense_residential,0,1782902915.1124823,1782902918.303033,3.1905508041381836,9.700243004645621,3.343
129,/home/htj/resisc45/imgs_full/tennis_court_s0005129.png,tennis_court,dense residential,dense_residential,0,1782902918.3049712,1782902921.5007603,3.195789098739624,9.758456148326397,3.345
130,/home/htj/resisc45/imgs_full/commercial_area_s0005130.png,commercial_area,dense residential,dense_residential,0,1782902921.5023794,1782902924.694951,3.1925716400146484,9.794068658862797,3.343
131,/home/htj/resisc45/imgs_full/bridge_s0005131.png,bridge,river,river,0,1782902924.696494,1782902927.7499278,3.053433656692505,9.239344573416801,3.2448
132,/home/htj/resisc45/imgs_full/commercial_area_s0005132.png,commercial_area,commercial area,commercial_area,1,1782902927.7515204,1782902930.94818,3.196659564971924,9.611727396598885,3.246
133,/home/htj/resisc45/imgs_full/cloud_s0005133.png,cloud,cloud,cloud,1,1782902930.9495938,1782902934.0154147,3.0658209323883057,9.27768511156241,3.343
134,/home/htj/resisc45/imgs_full/roundabout_s0005134.png,roundabout,dense residential,dense_residential,0,1782902934.0171118,1782902937.212448,3.195336103439331,9.58977424215419,3.345
135,/home/htj/resisc45/imgs_full/basketball_court_s0005135.png,basketball_court,basketball court,basketball_court,1,1782902937.213942,1782902940.5354173,3.3214752674102783,10.055907112562048,3.3432
136,/home/htj/resisc45/imgs_full/commercial_area_s0005136.png,commercial_area,airport,airport,0,1782902940.5369842,1782902943.605224,3.068239688873291,9.360330921029146,3.345
137,/home/htj/resisc45/imgs_full/commercial_area_s0005137.png,commercial_area,dense residential,dense_residential,0,1782902943.606591,1782902946.8033106,3.1967196464538574,9.617844814871038,3.244
138,/home/htj/resisc45/imgs_full/golf_course_s0005138.png,golf_course,golf course,golf_course,1,1782902946.8048296,1782902950.1167707,3.311941146850586,9.979678109530745,3.26085
139,/home/htj/resisc45/imgs_full/ship_s0005139.png,ship,harbor,harbor,0,1782902950.1183512,1782902953.309635,3.191283702850342,9.788407950358732,3.345
140,/home/htj/resisc45/imgs_full/thermal_power_station_s0005140.png,thermal_power_station,thermal power station,thermal_power_station,1,1782902953.3115506,1782902956.6369154,3.325364828109741,10.166156284418598,3.26055
141,/home/htj/resisc45/imgs_full/tennis_court_s0005141.png,tennis_court,tennis court,tennis_court,1,1782902956.6384351,1782902959.9550803,3.3166451454162598,10.145617499828338,3.345
142,/home/htj/resisc45/imgs_full/freeway_s0005142.png,freeway,dense residential,dense_residential,0,1782902959.95677,1782902963.1503186,3.1935486793518066,9.758002045069421,3.3435
143,/home/htj/resisc45/imgs_full/medium_residential_s0005143.png,medium_residential,dense residential,dense_residential,0,1782902963.151998,1782902966.3461385,3.1941404342651367,9.637520225286485,3.343
144,/home/htj/resisc45/imgs_full/island_s0005144.png,island,island,island,1,1782902966.3474247,1782902969.5378585,3.1904337406158447,9.632944959478717,3.3435
145,/home/htj/resisc45/imgs_full/stadium_s0005145.png,stadium,industrial area,industrial_area,0,1782902969.5395546,1782902972.8485327,3.3089780807495117,9.889565610474554,3.25885
146,/home/htj/resisc45/imgs_full/runway_s0005146.png,runway,airport,airport,0,1782902972.8499696,1782902975.9097207,3.059751033782959,9.224356098069086,3.343
147,/home/htj/resisc45/imgs_full/church_s0005147.png,church,palace,palace,0,1782902975.9112327,1782902979.094067,3.1828343868255615,9.476946223101447,3.26875
148,/home/htj/resisc45/imgs_full/railway_station_s0005148.png,railway_station,industrial area,industrial_area,0,1782902979.095281,1782902982.4127579,3.317476987838745,9.931038956732586,3.343
149,/home/htj/resisc45/imgs_full/stadium_s0005149.png,stadium,stadium,stadium,1,1782902982.4143398,1782902985.6063342,3.1919944286346436,9.63537718223674,3.343
150,/home/htj/resisc45/imgs_full/cloud_s0005150.png,cloud,sea ice,sea_ice,0,1782902985.6079528,1782902988.8043485,3.1963956356048584,9.593125322865587,3.26875
151,/home/htj/resisc45/imgs_full/airport_s0005151.png,airport,airport,airport,1,1782902988.8059661,1782902991.8739507,3.0679845809936523,9.254973190272297,3.27865
152,/home/htj/resisc45/imgs_full/sea_ice_s0005152.png,sea_ice,sea ice,sea_ice,1,1782902991.875452,1782902995.0578563,3.1824042797088623,9.51249053528905,3.244
153,/home/htj/resisc45/imgs_full/snowberg_s0005153.png,snowberg,mountain,mountain,0,1782902995.0594394,1782902998.2515903,3.192150831222534,9.48935237812996,3.26825
154,/home/htj/resisc45/imgs_full/industrial_area_s0005154.png,industrial_area,industrial area,industrial_area,1,1782902998.2531078,1782903001.5686595,3.3155517578125,9.936251300680226,3.25885
155,/home/htj/resisc45/imgs_full/dense_residential_s0005155.png,dense_residential,dense residential,dense_residential,1,1782903001.5703793,1782903004.764928,3.1945488452911377,9.712398263441665,3.343
156,/home/htj/resisc45/imgs_full/lake_s0005156.png,lake,river,river,0,1782903004.7664459,1782903007.8329766,3.066530704498291,9.322991580548111,3.343
157,/home/htj/resisc45/imgs_full/desert_s0005157.png,desert,beach,beach,0,1782903007.8343914,1782903011.0282798,3.1938884258270264,9.65284336239951,3.26875
158,/home/htj/resisc45/imgs_full/stadium_s0005158.png,stadium,stadium,stadium,1,1782903011.0298195,1782903014.2256482,3.195828676223755,9.665726762869527,3.343
159,/home/htj/resisc45/imgs_full/bridge_s0005159.png,bridge,bridge,bridge,1,1782903014.2272708,1782903017.2922935,3.0650227069854736,9.274191114540454,3.27865
160,/home/htj/resisc45/imgs_full/stadium_s0005160.png,stadium,stadium,stadium,1,1782903017.2937424,1782903020.4862719,3.1925294399261475,9.592638815709524,3.244
161,/home/htj/resisc45/imgs_full/terrace_s0005161.png,terrace,desert,desert,0,1782903020.487964,1782903023.6722095,3.1842455863952637,9.633764437053886,3.343
162,/home/htj/resisc45/imgs_full/sea_ice_s0005162.png,sea_ice,sea ice,sea_ice,1,1782903023.6732368,1782903026.8546047,3.181367874145508,9.997618974924087,3.77325
163,/home/htj/resisc45/imgs_full/bridge_s0005163.png,bridge,dense residential,dense_residential,0,1782903026.8559828,1782903030.0473218,3.1913390159606934,9.682693539014885,3.26875
164,/home/htj/resisc45/imgs_full/intersection_s0005164.png,intersection,intersection,intersection,1,1782903030.0488052,1782903033.1132138,3.064408540725708,9.270687060289912,3.343
165,/home/htj/resisc45/imgs_full/sea_ice_s0005165.png,sea_ice,sea ice,sea_ice,1,1782903033.1144364,1782903036.3104405,3.1960041522979736,9.47318459342207,3.26875
166,/home/htj/resisc45/imgs_full/snowberg_s0005166.png,snowberg,snowberg,snowberg,1,1782903036.312249,1782903039.5094907,3.19724178314209,9.59606446327482,3.343
167,/home/htj/resisc45/imgs_full/medium_residential_s0005167.png,medium_residential,sparse residential,sparse_residential,0,1782903039.5110986,1782903042.6961174,3.18501877784729,9.62467174397196,3.26875
168,/home/htj/resisc45/imgs_full/industrial_area_s0005168.png,industrial_area,industrial area,industrial_area,1,1782903042.6976552,1782903046.0173333,3.3196780681610107,10.050747344332226,3.343
169,/home/htj/resisc45/imgs_full/wetland_s0005169.png,wetland,wetland,wetland,1,1782903046.018852,1782903049.327453,3.308600902557373,10.039321945535725,3.343
170,/home/htj/resisc45/imgs_full/island_s0005170.png,island,island,island,1,1782903049.3287642,1782903052.5109532,3.1821889877319336,9.634986357212068,3.343
171,/home/htj/resisc45/imgs_full/runway_s0005171.png,runway,freeway,freeway,0,1782903052.5123143,1782903055.7066708,3.1943564414978027,9.588317195790156,3.244
172,/home/htj/resisc45/imgs_full/sparse_residential_s0005172.png,sparse_residential,golf course,golf_course,0,1782903055.7082505,1782903059.030544,3.322293519973755,9.981945442606662,3.2585499999999996
173,/home/htj/resisc45/imgs_full/bridge_s0005173.png,bridge,railway,railway,0,1782903059.031929,1782903062.224693,3.1927640438079834,9.678351076011147,3.341
174,/home/htj/resisc45/imgs_full/river_s0005174.png,river,forest,forest,0,1782903062.2261543,1782903065.2898357,3.0636813640594482,9.32760485223929,3.341
175,/home/htj/resisc45/imgs_full/chaparral_s0005175.png,chaparral,chaparral,chaparral,1,1782903065.2915487,1782903068.6165478,3.3249990940093994,10.006986066415392,3.241
176,/home/htj/resisc45/imgs_full/roundabout_s0005176.png,roundabout,roundabout,roundabout,1,1782903068.6181262,1782903071.8037794,3.1856532096862793,9.652131018698215,3.343
177,/home/htj/resisc45/imgs_full/basketball_court_s0005177.png,basketball_court,tennis court,tennis_court,0,1782903071.8052793,1782903075.1124542,3.3071749210357666,9.965259300425133,3.2585499999999996
178,/home/htj/resisc45/imgs_full/freeway_s0005178.png,freeway,forest,forest,0,1782903075.1140523,1782903078.1796715,3.0656192302703857,9.254479978194942,3.3417
179,/home/htj/resisc45/imgs_full/mountain_s0005179.png,mountain,forest,forest,0,1782903078.1810365,1782903081.2482064,3.0671699047088623,9.162942892547008,3.244
180,/home/htj/resisc45/imgs_full/baseball_diamond_s0005180.png,baseball_diamond,baseball diamond,baseball_diamond,1,1782903081.2492492,1782903084.5642757,3.3150265216827393,9.934791551705064,3.244
181,/home/htj/resisc45/imgs_full/basketball_court_s0005181.png,basketball_court,tennis court,tennis_court,0,1782903084.5656843,1782903087.8811166,3.31543231010437,9.915896101842492,3.343
182,/home/htj/resisc45/imgs_full/intersection_s0005182.png,intersection,commercial area,commercial_area,0,1782903087.8827426,1782903091.0755172,3.192774534225464,9.540694474237306,3.343
183,/home/htj/resisc45/imgs_full/parking_lot_s0005183.png,parking_lot,parking lot,parking_lot,1,1782903091.0768397,1782903094.3862305,3.3093907833099365,9.769549826178057,3.244
184,/home/htj/resisc45/imgs_full/rectangular_farmland_s0005184.png,rectangular_farmland,rectangular farmland,rectangular_farmland,1,1782903094.3877072,1782903097.821193,3.433485746383667,10.312016641163828,3.343
185,/home/htj/resisc45/imgs_full/medium_residential_s0005185.png,medium_residential,sparse residential,sparse_residential,0,1782903097.8224406,1782903100.999286,3.1768453121185303,9.680982253636632,3.343
186,/home/htj/resisc45/imgs_full/parking_lot_s0005186.png,parking_lot,parking lot,parking_lot,1,1782903101.0004697,1782903104.3081486,3.3076789379119873,10.022324210820527,3.25885
187,/home/htj/resisc45/imgs_full/dense_residential_s0005187.png,dense_residential,dense residential,dense_residential,1,1782903104.3098955,1782903107.5036933,3.1937978267669678,9.766918914773635,3.343
188,/home/htj/resisc45/imgs_full/medium_residential_s0005188.png,medium_residential,dense residential,dense_residential,0,1782903107.5054514,1782903110.706176,3.2007246017456055,9.638582047581673,3.343
189,/home/htj/resisc45/imgs_full/church_s0005189.png,church,palace,palace,0,1782903110.7079358,1782903113.9053142,3.197378396987915,9.642564018663608,3.343
190,/home/htj/resisc45/imgs_full/intersection_s0005190.png,intersection,intersection,intersection,1,1782903113.9067218,1782903116.971794,3.0650720596313477,9.25698027247303,3.2836
191,/home/htj/resisc45/imgs_full/palace_s0005191.png,palace,palace,palace,1,1782903116.9735096,1782903120.1624942,3.1889846324920654,9.524244281862464,3.244
192,/home/htj/resisc45/imgs_full/commercial_area_s0005192.png,commercial_area,dense residential,dense_residential,0,1782903120.1635523,1782903123.3470678,3.1835155487060547,9.615126532963343,3.343
193,/home/htj/resisc45/imgs_full/mobile_home_park_s0005193.png,mobile_home_park,mobile home park,mobile_home_park,1,1782903123.3485234,1782903126.669881,3.3213577270507812,10.02594050559351,3.2509999999999994
194,/home/htj/resisc45/imgs_full/palace_s0005194.png,palace,church,church,0,1782903126.671464,1782903129.7393599,3.0678958892822266,9.399237624345004,3.341
195,/home/htj/resisc45/imgs_full/medium_residential_s0005195.png,medium_residential,dense residential,dense_residential,0,1782903129.7409108,1782903132.9348242,3.193913459777832,9.61447799229622,3.241
196,/home/htj/resisc45/imgs_full/island_s0005196.png,island,island,island,1,1782903132.9360983,1782903136.1286561,3.1925578117370605,9.617124328170503,3.26825
197,/home/htj/resisc45/imgs_full/meadow_s0005197.png,meadow,chaparral,chaparral,0,1782903136.1302195,1782903139.4518929,3.3216733932495117,10.006483826933236,3.341
198,/home/htj/resisc45/imgs_full/lake_s0005198.png,lake,lake,lake,1,1782903139.4535608,1782903142.5060847,3.0525238513946533,9.290582454597509,3.343
199,/home/htj/resisc45/imgs_full/basketball_court_s0005199.png,basketball_court,tennis court,tennis_court,0,1782903142.50758,1782903145.8291845,3.3216044902801514,10.011602278919055,3.25885
200,/home/htj/resisc45/imgs_full/bridge_s0005200.png,bridge,bridge,bridge,1,1782903145.8306847,1782903148.8921194,3.061434745788574,9.308859276930491,3.343
201,/home/htj/resisc45/imgs_full/storage_tank_s0005201.png,storage_tank,storage tank,storage_tank,1,1782903148.8935225,1782903152.0776432,3.1841206550598145,9.439780556304115,3.244
202,/home/htj/resisc45/imgs_full/mobile_home_park_s0005202.png,mobile_home_park,mobile home park,mobile_home_park,1,1782903152.079304,1782903155.4009116,3.3216075897216797,9.888311256408691,3.343
203,/home/htj/resisc45/imgs_full/mobile_home_park_s0005203.png,mobile_home_park,mobile home park,mobile_home_park,1,1782903155.402692,1782903158.7109787,3.308286666870117,10.025990901651054,3.3413000000000004
204,/home/htj/resisc45/imgs_full/snowberg_s0005204.png,snowberg,mountain,mountain,0,1782903158.7127817,1782903161.9093463,3.1965646743774414,9.762365597060748,3.343
205,/home/htj/resisc45/imgs_full/golf_course_s0005205.png,golf_course,golf course,golf_course,1,1782903161.9106686,1782903165.2214644,3.310795783996582,9.947426220974679,3.343
206,/home/htj/resisc45/imgs_full/industrial_area_s0005206.png,industrial_area,industrial area,industrial_area,1,1782903165.222778,1782903168.53127,3.3084919452667236,10.033229995879633,3.343
207,/home/htj/resisc45/imgs_full/airplane_s0005207.png,airplane,airport,airport,0,1782903168.5325723,1782903171.5968375,3.064265251159668,9.40648489250327,3.341
208,/home/htj/resisc45/imgs_full/storage_tank_s0005208.png,storage_tank,storage tank,storage_tank,1,1782903171.5982013,1782903174.7936637,3.195462465286255,9.568184672172581,3.24175
209,/home/htj/resisc45/imgs_full/railway_s0005209.png,railway,sparse residential,sparse_residential,0,1782903174.7953339,1782903177.9889138,3.193579912185669,9.619119723715952,3.341
210,/home/htj/resisc45/imgs_full/harbor_s0005210.png,harbor,harbor,harbor,1,1782903177.9904275,1782903181.1735468,3.183119297027588,9.552370486131736,3.266
211,/home/htj/resisc45/imgs_full/dense_residential_s0005211.png,dense_residential,dense residential,dense_residential,1,1782903181.1753557,1782903184.3758597,3.2005040645599365,9.57139316435797,3.3415
212,/home/htj/resisc45/imgs_full/overpass_s0005212.png,overpass,freeway,freeway,0,1782903184.377633,1782903187.561342,3.183708906173706,9.595073271815266,3.241
213,/home/htj/resisc45/imgs_full/tennis_court_s0005213.png,tennis_court,tennis court,tennis_court,1,1782903187.5625656,1782903190.8730376,3.310472011566162,9.9632650585339,3.256
214,/home/htj/resisc45/imgs_full/railway_station_s0005214.png,railway_station,industrial area,industrial_area,0,1782903190.874194,1782903194.187217,3.313023090362549,10.149217752974609,3.341
215,/home/htj/resisc45/imgs_full/church_s0005215.png,church,palace,palace,0,1782903194.1888974,1782903197.3797016,3.1908042430877686,9.664547201782465,3.343
216,/home/htj/resisc45/imgs_full/sea_ice_s0005216.png,sea_ice,sea ice,sea_ice,1,1782903197.3809707,1782903200.5694911,3.1885204315185547,9.585432609387807,3.343
217,/home/htj/resisc45/imgs_full/circular_farmland_s0005217.png,circular_farmland,rectangular farmland,rectangular_farmland,0,1782903200.570955,1782903204.0029175,3.431962490081787,10.387635267480213,3.343
218,/home/htj/resisc45/imgs_full/stadium_s0005218.png,stadium,stadium,stadium,1,1782903204.004708,1782903207.195106,3.1903979778289795,9.74274778966318,3.341
219,/home/htj/resisc45/imgs_full/lake_s0005219.png,lake,lake,lake,1,1782903207.1964984,1782903210.2489035,3.0524051189422607,9.198163659460139,3.343
220,/home/htj/resisc45/imgs_full/river_s0005220.png,river,airport,airport,0,1782903210.2505248,1782903213.302123,3.051598310470581,9.034878420026214,3.244
221,/home/htj/resisc45/imgs_full/rectangular_farmland_s0005221.png,rectangular_farmland,rectangular farmland,rectangular_farmland,1,1782903213.303577,1782903216.7475302,3.443953275680542,10.168042449561755,3.244
222,/home/htj/resisc45/imgs_full/wetland_s0005222.png,wetland,river,river,0,1782903216.748799,1782903219.8103528,3.061553716659546,9.277868452019161,3.343
223,/home/htj/resisc45/imgs_full/church_s0005223.png,church,dense residential,dense_residential,0,1782903219.8120387,1782903223.0094824,3.197443723678589,9.592445365454468,3.343
224,/home/htj/resisc45/imgs_full/ship_s0005224.png,ship,harbor,harbor,0,1782903223.011119,1782903226.1950626,3.183943748474121,9.637229165247508,3.341
225,/home/htj/resisc45/imgs_full/stadium_s0005225.png,stadium,stadium,stadium,1,1782903226.196723,1782903229.3899908,3.193267822265625,9.687462210518973,3.341
226,/home/htj/resisc45/imgs_full/ship_s0005226.png,ship,harbor,harbor,0,1782903229.3913953,1782903232.5855765,3.194181203842163,9.678768320292233,3.341
227,/home/htj/resisc45/imgs_full/palace_s0005227.png,palace,airport,airport,0,1782903232.5871794,1782903235.6413965,3.0542171001434326,9.23080558942424,3.341
228,/home/htj/resisc45/imgs_full/baseball_diamond_s0005228.png,baseball_diamond,baseball diamond,baseball_diamond,1,1782903235.6426306,1782903238.9610476,3.3184170722961426,9.98237069434133,3.343
229,/home/htj/resisc45/imgs_full/railway_station_s0005229.png,railway_station,airport,airport,0,1782903238.9626856,1782903242.0279214,3.0652358531951904,9.283180308655457,3.3417
230,/home/htj/resisc45/imgs_full/mobile_home_park_s0005230.png,mobile_home_park,mobile home park,mobile_home_park,1,1782903242.0295775,1782903245.3507557,3.3211781978607178,9.989187832075974,3.241
231,/home/htj/resisc45/imgs_full/baseball_diamond_s0005231.png,baseball_diamond,baseball diamond,baseball_diamond,1,1782903245.352332,1782903248.6656237,3.313291549682617,10.045169931347088,3.343
232,/home/htj/resisc45/imgs_full/commercial_area_s0005232.png,commercial_area,palace,palace,0,1782903248.6674953,1782903251.85026,3.182764768600464,9.659747907787562,3.343
233,/home/htj/resisc45/imgs_full/mountain_s0005233.png,mountain,desert,desert,0,1782903251.8517988,1782903255.0445373,3.1927385330200195,9.66128381410667,3.3435
234,/home/htj/resisc45/imgs_full/medium_residential_s0005234.png,medium_residential,sparse residential,sparse_residential,0,1782903255.046203,1782903258.2316184,3.185415506362915,9.550615159532853,3.244
235,/home/htj/resisc45/imgs_full/golf_course_s0005235.png,golf_course,golf course,golf_course,1,1782903258.2326238,1782903261.5519907,3.319366931915283,9.860522854040408,3.343
236,/home/htj/resisc45/imgs_full/forest_s0005236.png,forest,forest,forest,1,1782903261.5537715,1782903264.6217651,3.067993640899658,9.315735431803597,3.343
237,/home/htj/resisc45/imgs_full/lake_s0005237.png,lake,lake,lake,1,1782903264.622929,1782903267.683533,3.0606038570404053,9.315514617394518,3.27865
238,/home/htj/resisc45/imgs_full/meadow_s0005238.png,meadow,meadow,meadow,1,1782903267.6846788,1782903270.870646,3.185967206954956,9.60335854583553,3.241
239,/home/htj/resisc45/imgs_full/airplane_s0005239.png,airplane,airport,airport,0,1782903270.8721921,1782903273.9258158,3.053623676300049,9.235367923493655,3.2836
240,/home/htj/resisc45/imgs_full/river_s0005240.png,river,river,river,1,1782903273.9272115,1782903276.9928946,3.065683126449585,9.211980391612759,3.244
241,/home/htj/resisc45/imgs_full/mountain_s0005241.png,mountain,mountain,mountain,1,1782903276.9943821,1782903280.1888418,3.1944596767425537,9.543676459959576,3.24175
242,/home/htj/resisc45/imgs_full/overpass_s0005242.png,overpass,intersection,intersection,0,1782903280.190279,1782903283.254424,3.064145088195801,9.383774102316963,3.343
243,/home/htj/resisc45/imgs_full/overpass_s0005243.png,overpass,intersection,intersection,0,1782903283.2559464,1782903286.3161206,3.0601742267608643,9.177235826483479,3.244
244,/home/htj/resisc45/imgs_full/meadow_s0005244.png,meadow,meadow,meadow,1,1782903286.3171377,1782903289.5066714,3.1895337104797363,9.438058073146001,3.244
245,/home/htj/resisc45/imgs_full/stadium_s0005245.png,stadium,stadium,stadium,1,1782903289.5082576,1782903292.6994572,3.191199541091919,9.652295883387326,3.244
246,/home/htj/resisc45/imgs_full/bridge_s0005246.png,bridge,bridge,bridge,1,1782903292.70105,1782903295.7604256,3.059375524520874,9.274270282175806,3.343
247,/home/htj/resisc45/imgs_full/basketball_court_s0005247.png,basketball_court,basketball court,basketball_court,1,1782903295.7618518,1782903299.0831654,3.3213136196136475,10.015593012028727,3.25885
248,/home/htj/resisc45/imgs_full/railway_s0005248.png,railway,airport,airport,0,1782903299.0842361,1782903302.1518962,3.067660093307495,9.338241366629248,3.343
249,/home/htj/resisc45/imgs_full/dense_residential_s0005249.png,dense_residential,sparse residential,sparse_residential,0,1782903302.1534758,1782903305.3466716,3.1931958198547363,9.585004488187177,3.244
250,/home/htj/resisc45/imgs_full/desert_s0005250.png,desert,mountain,mountain,0,1782903305.3481464,1782903308.525651,3.177504539489746,9.666309256042751,3.343
251,/home/htj/resisc45/imgs_full/ship_s0005251.png,ship,harbor,harbor,0,1782903308.5270996,1782903311.7076554,3.180555820465088,9.588978229224681,3.343
252,/home/htj/resisc45/imgs_full/storage_tank_s0005252.png,storage_tank,storage tank,storage_tank,1,1782903311.7093034,1782903314.9023116,3.1930081844329834,9.641744356921741,3.26875
253,/home/htj/resisc45/imgs_full/sparse_residential_s0005253.png,sparse_residential,desert,desert,0,1782903314.9039555,1782903318.0871885,3.1832330226898193,9.697321499496697,3.341
254,/home/htj/resisc45/imgs_full/beach_s0005254.png,beach,sea ice,sea_ice,0,1782903318.0881925,1782903321.2668576,3.1786651611328125,9.598528496204723,3.2737
255,/home/htj/resisc45/imgs_full/mobile_home_park_s0005255.png,mobile_home_park,mobile home park,mobile_home_park,1,1782903321.2684727,1782903324.5909617,3.322489023208618,9.99568006963649,3.343
256,/home/htj/resisc45/imgs_full/island_s0005256.png,island,island,island,1,1782903324.5922523,1782903327.779351,3.187098741531372,10.145787368799958,3.444
257,/home/htj/resisc45/imgs_full/cloud_s0005257.png,cloud,cloud,cloud,1,1782903327.7808115,1782903330.8327491,3.0519375801086426,9.255375005910981,3.343
258,/home/htj/resisc45/imgs_full/runway_s0005258.png,runway,airport,airport,0,1782903330.834026,1782903333.8872776,3.0532515048980713,9.163938600089816,3.244
259,/home/htj/resisc45/imgs_full/golf_course_s0005259.png,golf_course,golf course,golf_course,1,1782903333.888449,1782903337.2039583,3.31550931930542,9.88519103550911,3.244
260,/home/htj/resisc45/imgs_full/meadow_s0005260.png,meadow,meadow,meadow,1,1782903337.2054577,1782903340.3970177,3.1915600299835205,9.73676574575901,3.3415
261,/home/htj/resisc45/imgs_full/medium_residential_s0005261.png,medium_residential,dense residential,dense_residential,0,1782903340.3986704,1782903343.5798945,3.1812241077423096,9.632973828537123,3.343
262,/home/htj/resisc45/imgs_full/basketball_court_s0005262.png,basketball_court,basketball court,basketball_court,1,1782903343.581519,1782903346.9003887,3.3188698291778564,10.111795262994438,3.343
263,/home/htj/resisc45/imgs_full/railway_station_s0005263.png,railway_station,railway station,railway_station,1,1782903346.901911,1782903350.224752,3.322840929031372,10.0220261579853,3.3411999999999997
264,/home/htj/resisc45/imgs_full/medium_residential_s0005264.png,medium_residential,sparse residential,sparse_residential,0,1782903350.2263062,1782903353.4095979,3.1832916736602783,9.641792568057776,3.341
265,/home/htj/resisc45/imgs_full/palace_s0005265.png,palace,palace,palace,1,1782903353.4113908,1782903356.5935297,3.1821389198303223,9.619662778556348,3.341
266,/home/htj/resisc45/imgs_full/ship_s0005266.png,ship,ship,ship,1,1782903356.59511,1782903359.6590652,3.063955307006836,9.249329535646257,3.3418
267,/home/htj/resisc45/imgs_full/bridge_s0005267.png,bridge,bridge,bridge,1,1782903359.660421,1782903362.7221696,3.061748743057251,9.19624584502644,3.244
268,/home/htj/resisc45/imgs_full/sea_ice_s0005268.png,sea_ice,sea ice,sea_ice,1,1782903362.7235873,1782903365.9031246,3.179537296295166,9.382871338818756,3.244
269,/home/htj/resisc45/imgs_full/basketball_court_s0005269.png,basketball_court,basketball court,basketball_court,1,1782903365.9046354,1782903369.2231076,3.318472146987915,9.882524483804044,3.3413000000000004
270,/home/htj/resisc45/imgs_full/roundabout_s0005270.png,roundabout,intersection,intersection,0,1782903369.2245643,1782903372.2873757,3.0628113746643066,9.393699204824589,3.341
271,/home/htj/resisc45/imgs_full/baseball_diamond_s0005271.png,baseball_diamond,dense residential,dense_residential,0,1782903372.2887018,1782903375.468535,3.179833173751831,9.402198867431707,3.244
272,/home/htj/resisc45/imgs_full/commercial_area_s0005272.png,commercial_area,palace,palace,0,1782903375.4702175,1782903378.6543705,3.1841530799865723,9.519821670889854,3.343
273,/home/htj/resisc45/imgs_full/bridge_s0005273.png,bridge,bridge,bridge,1,1782903378.6553347,1782903381.7159984,3.0606637001037598,9.17343257774247,3.343
274,/home/htj/resisc45/imgs_full/roundabout_s0005274.png,roundabout,roundabout,roundabout,1,1782903381.7170932,1782903384.911363,3.1942696571350098,9.44191886331354,3.244
275,/home/htj/resisc45/imgs_full/snowberg_s0005275.png,snowberg,snowberg,snowberg,1,1782903384.9129968,1782903388.1086955,3.1956987380981445,9.632292525018965,3.24175
276,/home/htj/resisc45/imgs_full/railway_s0005276.png,railway,railway station,railway_station,0,1782903388.1102269,1782903391.4319267,3.321699857711792,10.069103141094075,3.343
277,/home/htj/resisc45/imgs_full/island_s0005277.png,island,island,island,1,1782903391.4331725,1782903394.6214292,3.1882567405700684,9.74120607240711,3.343
278,/home/htj/resisc45/imgs_full/parking_lot_s0005278.png,parking_lot,parking lot,parking_lot,1,1782903394.6229656,1782903397.9299157,3.306950092315674,10.027185827329241,3.343
279,/home/htj/resisc45/imgs_full/parking_lot_s0005279.png,parking_lot,parking lot,parking_lot,1,1782903397.9316971,1782903401.2425487,3.310851573944092,10.0574692235882,3.345
280,/home/htj/resisc45/imgs_full/baseball_diamond_s0005280.png,baseball_diamond,baseball diamond,baseball_diamond,1,1782903401.2440941,1782903404.564721,3.320626974105835,10.051824111564406,3.343
281,/home/htj/resisc45/imgs_full/island_s0005281.png,island,island,island,1,1782903404.565985,1782903407.7530499,3.1870648860931396,9.719751136362552,3.343
282,/home/htj/resisc45/imgs_full/railway_station_s0005282.png,railway_station,railway station,railway_station,1,1782903407.7547674,1782903411.0755498,3.320782423019409,10.191137727030393,3.345
283,/home/htj/resisc45/imgs_full/dense_residential_s0005283.png,dense_residential,sparse residential,sparse_residential,0,1782903411.0772827,1782903414.272512,3.1952292919158936,9.728446155897208,3.343
284,/home/htj/resisc45/imgs_full/church_s0005284.png,church,airport,airport,0,1782903414.274151,1782903417.3424523,3.068301200866699,9.293827517032623,3.343
285,/home/htj/resisc45/imgs_full/storage_tank_s0005285.png,storage_tank,storage tank,storage_tank,1,1782903417.3441575,1782903420.5395179,3.1953604221343994,9.641258293692555,3.244
286,/home/htj/resisc45/imgs_full/terrace_s0005286.png,terrace,rectangular farmland,rectangular_farmland,0,1782903420.5408661,1782903423.9757833,3.4349172115325928,10.31145253866618,3.244
287,/home/htj/resisc45/imgs_full/church_s0005287.png,church,industrial area,industrial_area,0,1782903423.9774263,1782903427.2977598,3.320333480834961,10.302021589838226,3.3433
288,/home/htj/resisc45/imgs_full/storage_tank_s0005288.png,storage_tank,storage tank,storage_tank,1,1782903427.2995744,1782903430.5002384,3.2006640434265137,9.728875597715378,3.343
289,/home/htj/resisc45/imgs_full/circular_farmland_s0005289.png,circular_farmland,storage tank,storage_tank,0,1782903430.5017183,1782903433.691998,3.190279722213745,9.61687034549032,3.26875
290,/home/htj/resisc45/imgs_full/palace_s0005290.png,palace,church,church,0,1782903433.6936498,1782903436.7594326,3.0657827854156494,9.34036144581106,3.341
291,/home/htj/resisc45/imgs_full/intersection_s0005291.png,intersection,dense residential,dense_residential,0,1782903436.760745,1782903439.9511092,3.190364122390747,9.541695440615927,3.24175
292,/home/htj/resisc45/imgs_full/cloud_s0005292.png,cloud,sparse residential,sparse_residential,0,1782903439.9525907,1782903443.144359,3.1917684078216553,9.600440399676561,3.244
293,/home/htj/resisc45/imgs_full/medium_residential_s0005293.png,medium_residential,dense residential,dense_residential,0,1782903443.1460755,1782903446.333529,3.187453508377075,9.5938935473391,3.26875
294,/home/htj/resisc45/imgs_full/snowberg_s0005294.png,snowberg,mountain,mountain,0,1782903446.3347316,1782903449.5309815,3.1962499618530273,9.699362964596068,3.343
295,/home/htj/resisc45/imgs_full/overpass_s0005295.png,overpass,freeway,freeway,0,1782903449.5327666,1782903452.7272384,3.194471836090088,9.714502941829817,3.341
296,/home/htj/resisc45/imgs_full/lake_s0005296.png,lake,lake,lake,1,1782903452.7285495,1782903455.7904909,3.061941385269165,9.354004121524317,3.343
297,/home/htj/resisc45/imgs_full/commercial_area_s0005297.png,commercial_area,commercial area,commercial_area,1,1782903455.7925513,1782903458.9825,3.189948797225952,9.476027719016587,3.241
298,/home/htj/resisc45/imgs_full/beach_s0005298.png,beach,beach,beach,1,1782903458.9839225,1782903462.1716144,3.1876919269561768,9.51730963248866,3.343
299,/home/htj/resisc45/imgs_full/sparse_residential_s0005299.png,sparse_residential,circular farmland,circular_farmland,0,1782903462.1731668,1782903465.6209273,3.447760581970215,10.286421956640774,3.343
300,/home/htj/resisc45/imgs_full/circular_farmland_s0005300.png,circular_farmland,rectangular farmland,rectangular_farmland,0,1782903465.622523,1782903469.0618296,3.4393064975738525,10.358675274717807,3.343
301,/home/htj/resisc45/imgs_full/bridge_s0005301.png,bridge,bridge,bridge,1,1782903469.062864,1782903472.1327245,3.0698604583740234,9.353580570326912,3.343
302,/home/htj/resisc45/imgs_full/commercial_area_s0005302.png,commercial_area,commercial area,commercial_area,1,1782903472.134246,1782903475.327147,3.1929008960723877,9.652424489263977,3.26875
303,/home/htj/resisc45/imgs_full/golf_course_s0005303.png,golf_course,golf course,golf_course,1,1782903475.328462,1782903478.647844,3.3193821907043457,10.024196651636544,3.343
304,/home/htj/resisc45/imgs_full/ship_s0005304.png,ship,industrial area,industrial_area,0,1782903478.6493316,1782903481.9684727,3.319141149520874,10.091448079117413,3.343
305,/home/htj/resisc45/imgs_full/forest_s0005305.png,forest,forest,forest,1,1782903481.9700685,1782903485.0363917,3.0663232803344727,9.296126861978461,3.2799499999999995
306,/home/htj/resisc45/imgs_full/airplane_s0005306.png,airplane,airport,airport,0,1782903485.037836,1782903488.1005507,3.0627145767211914,9.211284240298802,3.244
307,/home/htj/resisc45/imgs_full/commercial_area_s0005307.png,commercial_area,commercial area,commercial_area,1,1782903488.101929,1782903491.2884502,3.186521291732788,9.471194811518703,3.244
308,/home/htj/resisc45/imgs_full/mobile_home_park_s0005308.png,mobile_home_park,mobile home park,mobile_home_park,1,1782903491.2902012,1782903494.6126378,3.322436571121216,10.037424581692136,3.25885
309,/home/htj/resisc45/imgs_full/island_s0005309.png,island,island,island,1,1782903494.6139848,1782903497.8042786,3.190293788909912,9.80422856957572,3.343
310,/home/htj/resisc45/imgs_full/intersection_s0005310.png,intersection,intersection,intersection,1,1782903497.8059404,1782903500.8739762,3.068035840988159,9.311488777399063,3.343
311,/home/htj/resisc45/imgs_full/basketball_court_s0005311.png,basketball_court,basketball court,basketball_court,1,1782903500.875393,1782903504.195701,3.320307970046997,10.040210574598149,3.343
312,/home/htj/resisc45/imgs_full/mobile_home_park_s0005312.png,mobile_home_park,sparse residential,sparse_residential,0,1782903504.197421,1782903507.3922966,3.194875478744507,9.653772669809207,3.343
313,/home/htj/resisc45/imgs_full/river_s0005313.png,river,river,river,1,1782903507.3938591,1782903510.4631906,3.069331407546997,9.270858677025194,3.2759999999999994
314,/home/htj/resisc45/imgs_full/rectangular_farmland_s0005314.png,rectangular_farmland,rectangular farmland,rectangular_farmland,1,1782903510.4644797,1782903513.910544,3.4460642337799072,10.291981544893295,3.241
315,/home/htj/resisc45/imgs_full/palace_s0005315.png,palace,palace,palace,1,1782903513.912201,1782903517.106405,3.194204092025757,9.67102328219584,3.3395
316,/home/htj/resisc45/imgs_full/mobile_home_park_s0005316.png,mobile_home_park,sparse residential,sparse_residential,0,1782903517.1080432,1782903520.3024364,3.1943931579589844,9.654026550701687,3.266
317,/home/htj/resisc45/imgs_full/desert_s0005317.png,desert,desert,desert,1,1782903520.3039272,1782903523.4906168,3.186689615249634,9.747742102018425,3.343
318,/home/htj/resisc45/imgs_full/forest_s0005318.png,forest,forest,forest,1,1782903523.4923482,1782903526.5590942,3.0667459964752197,9.269182982753824,3.2759999999999994
319,/home/htj/resisc45/imgs_full/mobile_home_park_s0005319.png,mobile_home_park,sparse residential,sparse_residential,0,1782903526.560451,1782903529.7621293,3.2016782760620117,9.54214471919196,3.343
320,/home/htj/resisc45/imgs_full/storage_tank_s0005320.png,storage_tank,storage tank,storage_tank,1,1782903529.763662,1782903532.9513965,3.187734365463257,9.48555899505956,3.341
321,/home/htj/resisc45/imgs_full/railway_s0005321.png,railway,railway station,railway_station,0,1782903532.9532156,1782903536.2615676,3.308351993560791,9.987173141389059,3.3413000000000004
322,/home/htj/resisc45/imgs_full/forest_s0005322.png,forest,forest,forest,1,1782903536.262931,1782903539.328761,3.0658299922943115,9.382859142157766,3.343
323,/home/htj/resisc45/imgs_full/mobile_home_park_s0005323.png,mobile_home_park,mobile home park,mobile_home_park,1,1782903539.330436,1782903542.656623,3.3261868953704834,9.993987311539978,3.24145
324,/home/htj/resisc45/imgs_full/commercial_area_s0005324.png,commercial_area,dense residential,dense_residential,0,1782903542.658102,1782903545.8515809,3.19347882270813,9.683692283391952,3.341
325,/home/htj/resisc45/imgs_full/island_s0005325.png,island,island,island,1,1782903545.8529308,1782903549.0387754,3.185844659805298,9.529961941996488,3.341
326,/home/htj/resisc45/imgs_full/island_s0005326.png,island,island,island,1,1782903549.0401075,1782903552.2309494,3.1908419132232666,9.59497559170212,3.24175
327,/home/htj/resisc45/imgs_full/airplane_s0005327.png,airplane,airport,airport,0,1782903552.2323928,1782903555.293679,3.061286211013794,9.28898204632525,3.2836
328,/home/htj/resisc45/imgs_full/mountain_s0005328.png,mountain,chaparral,chaparral,0,1782903555.295386,1782903558.60985,3.3144638538360596,9.898449678744301,3.241
329,/home/htj/resisc45/imgs_full/terrace_s0005329.png,terrace,rectangular farmland,rectangular_farmland,0,1782903558.6114018,1782903562.0589797,3.447577953338623,10.250970826824505,3.341
330,/home/htj/resisc45/imgs_full/baseball_diamond_s0005330.png,baseball_diamond,golf course,golf_course,0,1782903562.0603356,1782903565.3747478,3.3144121170043945,9.976209037073726,3.343
331,/home/htj/resisc45/imgs_full/baseball_diamond_s0005331.png,baseball_diamond,baseball diamond,baseball_diamond,1,1782903565.3761828,1782903568.6922905,3.316107749938965,9.923536749516503,3.343
332,/home/htj/resisc45/imgs_full/island_s0005332.png,island,island,island,1,1782903568.6934755,1782903571.8809183,3.1874427795410156,9.525558909416198,3.343
333,/home/htj/resisc45/imgs_full/overpass_s0005333.png,overpass,intersection,intersection,0,1782903571.882517,1782903574.9462388,3.0637216567993164,9.12960150691698,3.2847999999999997
334,/home/htj/resisc45/imgs_full/dense_residential_s0005334.png,dense_residential,dense residential,dense_residential,1,1782903574.9478116,1782903578.1437652,3.195953607559204,9.3883420046057,3.244
335,/home/htj/resisc45/imgs_full/circular_farmland_s0005335.png,circular_farmland,circular farmland,circular_farmland,1,1782903578.1453314,1782903581.5963812,3.4510498046875,10.226150781249999,3.341
336,/home/htj/resisc45/imgs_full/storage_tank_s0005336.png,storage_tank,storage tank,storage_tank,1,1782903581.5979009,1782903584.7913296,3.1934287548065186,9.609198199753251,3.343
337,/home/htj/resisc45/imgs_full/island_s0005337.png,island,island,island,1,1782903584.7924895,1782903587.9842527,3.191763162612915,9.569475919221128,3.343
338,/home/htj/resisc45/imgs_full/thermal_power_station_s0005338.png,thermal_power_station,storage tank,storage_tank,0,1782903587.985946,1782903591.183834,3.197888135910034,9.569223405548504,3.343
339,/home/htj/resisc45/imgs_full/storage_tank_s0005339.png,storage_tank,storage tank,storage_tank,1,1782903591.1854491,1782903594.3806133,3.195164203643799,9.452360769112905,3.244
340,/home/htj/resisc45/imgs_full/tennis_court_s0005340.png,tennis_court,dense residential,dense_residential,0,1782903594.3822064,1782903597.5733926,3.1911861896514893,9.45126775532961,3.241
341,/home/htj/resisc45/imgs_full/forest_s0005341.png,forest,forest,forest,1,1782903597.5749958,1782903600.6420844,3.0670886039733887,9.143502309878667,3.2779499999999993
342,/home/htj/resisc45/imgs_full/railway_s0005342.png,railway,railway station,railway_station,0,1782903600.6435838,1782903603.96851,3.3249261379241943,9.780671518893078,3.24145
343,/home/htj/resisc45/imgs_full/airport_s0005343.png,airport,airport,airport,1,1782903603.9700382,1782903607.0352335,3.065195322036743,9.258308944459314,3.341
344,/home/htj/resisc45/imgs_full/mountain_s0005344.png,mountain,mountain,mountain,1,1782903607.0363913,1782903610.2275681,3.1911768913269043,9.422063742245946,3.241
345,/home/htj/resisc45/imgs_full/storage_tank_s0005345.png,storage_tank,storage tank,storage_tank,1,1782903610.2291982,1782903613.4236372,3.194438934326172,9.52382037782669,3.343
346,/home/htj/resisc45/imgs_full/basketball_court_s0005346.png,basketball_court,basketball court,basketball_court,1,1782903613.4253356,1782903616.7512374,3.325901746749878,9.863076316253892,3.241
347,/home/htj/resisc45/imgs_full/basketball_court_s0005347.png,basketball_court,basketball court,basketball_court,1,1782903616.7526386,1782903620.062919,3.3102803230285645,9.891916638390772,3.341
348,/home/htj/resisc45/imgs_full/palace_s0005348.png,palace,church,church,0,1782903620.064651,1782903623.1274483,3.0627973079681396,9.243984584475463,3.343
349,/home/htj/resisc45/imgs_full/baseball_diamond_s0005349.png,baseball_diamond,baseball diamond,baseball_diamond,1,1782903623.1287842,1782903626.449354,3.3205697536468506,9.887137143591703,3.2413000000000003
350,/home/htj/resisc45/imgs_full/mountain_s0005350.png,mountain,circular farmland,circular_farmland,0,1782903626.4509559,1782903629.8966064,3.445650577545166,10.587795094680786,3.3411
351,/home/htj/resisc45/imgs_full/thermal_power_station_s0005351.png,thermal_power_station,thermal power station,thermal_power_station,1,1782903629.8981476,1782903633.2187495,3.3206019401550293,10.048771240242598,3.341
352,/home/htj/resisc45/imgs_full/stadium_s0005352.png,stadium,stadium,stadium,1,1782903633.2203846,1782903636.4160411,3.1956565380096436,9.644206105236496,3.3415
353,/home/htj/resisc45/imgs_full/cloud_s0005353.png,cloud,cloud,cloud,1,1782903636.4174738,1782903639.482722,3.0652482509613037,9.190481779471883,3.2836
354,/home/htj/resisc45/imgs_full/bridge_s0005354.png,bridge,bridge,bridge,1,1782903639.484596,1782903642.5431952,3.0585992336273193,9.246088842528838,3.241
355,/home/htj/resisc45/imgs_full/dense_residential_s0005355.png,dense_residential,dense residential,dense_residential,1,1782903642.5443897,1782903645.735583,3.1911933422088623,9.497447271176748,3.241
356,/home/htj/resisc45/imgs_full/wetland_s0005356.png,wetland,forest,forest,0,1782903645.73737,1782903648.7986076,3.0612375736236572,9.262851381107613,3.341
357,/home/htj/resisc45/imgs_full/beach_s0005357.png,beach,beach,beach,1,1782903648.7999566,1782903651.9916306,3.191673994064331,9.452484498492309,3.241
358,/home/htj/resisc45/imgs_full/baseball_diamond_s0005358.png,baseball_diamond,baseball diamond,baseball_diamond,1,1782903651.9929845,1782903655.3114285,3.318444013595581,9.888734302306997,3.341
359,/home/htj/resisc45/imgs_full/intersection_s0005359.png,intersection,intersection,intersection,1,1782903655.3129992,1782903658.3783398,3.065340518951416,9.250743561674046,3.339
360,/home/htj/resisc45/imgs_full/commercial_area_s0005360.png,commercial_area,dense residential,dense_residential,0,1782903658.3798814,1782903661.574058,3.19417667388916,9.765909986070223,3.341
361,/home/htj/resisc45/imgs_full/meadow_s0005361.png,meadow,meadow,meadow,1,1782903661.5757778,1782903664.7508688,3.175091028213501,9.430303844064474,3.241
362,/home/htj/resisc45/imgs_full/tennis_court_s0005362.png,tennis_court,golf course,golf_course,0,1782903664.7519674,1782903668.071551,3.3195836544036865,9.935857282835862,3.341
363,/home/htj/resisc45/imgs_full/palace_s0005363.png,palace,palace,palace,1,1782903668.0732293,1782903671.2655892,3.1923599243164062,9.623254978997368,3.341
364,/home/htj/resisc45/imgs_full/storage_tank_s0005364.png,storage_tank,storage tank,storage_tank,1,1782903671.2671292,1782903674.4569893,3.1898601055145264,9.596751089228052,3.341
365,/home/htj/resisc45/imgs_full/ship_s0005365.png,ship,harbor,harbor,0,1782903674.4583902,1782903677.6461036,3.187713384628296,9.55807396654146,3.343
366,/home/htj/resisc45/imgs_full/wetland_s0005366.png,wetland,meadow,meadow,0,1782903677.6475756,1782903680.8395371,3.1919615268707275,9.504065446257592,3.341
367,/home/htj/resisc45/imgs_full/railway_s0005367.png,railway,railway station,railway_station,0,1782903680.8412232,1782903684.163352,3.3221287727355957,9.920907520869681,3.341
368,/home/htj/resisc45/imgs_full/runway_s0005368.png,runway,airport,airport,0,1782903684.164718,1782903687.222104,3.0573861598968506,9.206582383120502,3.343
369,/home/htj/resisc45/imgs_full/island_s0005369.png,island,island,island,1,1782903687.2232318,1782903690.4089475,3.185715675354004,9.485809750046048,3.244
370,/home/htj/resisc45/imgs_full/mobile_home_park_s0005370.png,mobile_home_park,sparse residential,sparse_residential,0,1782903690.4105315,1782903693.6064162,3.1958847045898438,9.525847986357553,3.26875
371,/home/htj/resisc45/imgs_full/sea_ice_s0005371.png,sea_ice,sea ice,sea_ice,1,1782903693.607995,1782903696.8006952,3.192700147628784,9.525705952963659,3.343
372,/home/htj/resisc45/imgs_full/forest_s0005372.png,forest,forest,forest,1,1782903696.8024852,1782903699.8694398,3.0669546127319336,9.14577224607821,3.2779499999999993
373,/home/htj/resisc45/imgs_full/meadow_s0005373.png,meadow,chaparral,chaparral,0,1782903699.8708794,1782903703.1880128,3.3171334266662598,9.816541648618106,3.244
374,/home/htj/resisc45/imgs_full/medium_residential_s0005374.png,medium_residential,dense residential,dense_residential,0,1782903703.1896312,1782903706.3831658,3.1935346126556396,9.562583178366932,3.341
375,/home/htj/resisc45/imgs_full/runway_s0005375.png,runway,railway station,railway_station,0,1782903706.3845491,1782903709.6987343,3.31418514251709,9.881585849153584,3.3413000000000004
376,/home/htj/resisc45/imgs_full/cloud_s0005376.png,cloud,forest,forest,0,1782903709.7001908,1782903712.7618456,3.061654806137085,9.20718976441136,3.343
377,/home/htj/resisc45/imgs_full/chaparral_s0005377.png,chaparral,chaparral,chaparral,1,1782903712.7635422,1782903716.0799062,3.316364049911499,9.836678844180598,3.241
378,/home/htj/resisc45/imgs_full/forest_s0005378.png,forest,forest,forest,1,1782903716.081558,1782903719.1468976,3.0653395652770996,9.190853031008333,3.3417
379,/home/htj/resisc45/imgs_full/ship_s0005379.png,ship,harbor,harbor,0,1782903719.1481595,1782903722.33591,3.1877505779266357,9.442800301228251,3.24175
380,/home/htj/resisc45/imgs_full/cloud_s0005380.png,cloud,cloud,cloud,1,1782903722.337375,1782903725.399021,3.061645984649658,9.153981311215295,3.2759999999999994
381,/home/htj/resisc45/imgs_full/palace_s0005381.png,palace,dense residential,dense_residential,0,1782903725.4005175,1782903728.5924654,3.1919479370117188,9.451186844280787,3.241
382,/home/htj/resisc45/imgs_full/freeway_s0005382.png,freeway,intersection,intersection,0,1782903728.5940044,1782903731.662006,3.0680015087127686,9.168211175203323,3.2759999999999994
383,/home/htj/resisc45/imgs_full/runway_s0005383.png,runway,runway,runway,1,1782903731.6634312,1782903734.8539371,3.1905059814453125,9.581431302206855,3.24175
384,/home/htj/resisc45/imgs_full/rectangular_farmland_s0005384.png,rectangular_farmland,rectangular farmland,rectangular_farmland,1,1782903734.8552983,1782903738.2997437,3.4444453716278076,10.392006501046817,3.341
385,/home/htj/resisc45/imgs_full/railway_station_s0005385.png,railway_station,railway station,railway_station,1,1782903738.3014297,1782903741.6246314,3.3232016563415527,10.18561307668686,3.3411999999999997
386,/home/htj/resisc45/imgs_full/railway_station_s0005386.png,railway_station,railway station,railway_station,1,1782903741.6261563,1782903744.9459198,3.319763422012329,10.097461109153157,3.343
387,/home/htj/resisc45/imgs_full/golf_course_s0005387.png,golf_course,golf course,golf_course,1,1782903744.947399,1782903748.266202,3.318803071975708,10.047104092980254,3.341
388,/home/htj/resisc45/imgs_full/dense_residential_s0005388.png,dense_residential,dense residential,dense_residential,1,1782903748.2680273,1782903751.4649534,3.1969261169433594,9.698912974575109,3.341
389,/home/htj/resisc45/imgs_full/meadow_s0005389.png,meadow,meadow,meadow,1,1782903751.4664242,1782903754.6540518,3.1876275539398193,9.706781277111599,3.3435
390,/home/htj/resisc45/imgs_full/runway_s0005390.png,runway,intersection,intersection,0,1782903754.6555088,1782903757.7181542,3.062645435333252,9.345113581171576,3.343
391,/home/htj/resisc45/imgs_full/storage_tank_s0005391.png,storage_tank,storage tank,storage_tank,1,1782903757.7196128,1782903760.9114952,3.191882371902466,9.775367755549293,3.343
392,/home/htj/resisc45/imgs_full/dense_residential_s0005392.png,dense_residential,dense residential,dense_residential,1,1782903760.9131129,1782903764.1085525,3.195439577102661,9.722209003850034,3.341
393,/home/htj/resisc45/imgs_full/mobile_home_park_s0005393.png,mobile_home_park,mobile home park,mobile_home_park,1,1782903764.1103222,1782903767.4326794,3.322357177734375,10.03002447351916,3.343
394,/home/htj/resisc45/imgs_full/airport_s0005394.png,airport,airport,airport,1,1782903767.4342659,1782903770.4993293,3.0650634765625,9.399868557400174,3.341
395,/home/htj/resisc45/imgs_full/railway_station_s0005395.png,railway_station,railway station,railway_station,1,1782903770.5006292,1782903773.8245137,3.3238844871520996,9.99337332732924,3.24145
396,/home/htj/resisc45/imgs_full/lake_s0005396.png,lake,lake,lake,1,1782903773.8260322,1782903776.890779,3.064746856689453,9.407808022322477,3.343
397,/home/htj/resisc45/imgs_full/beach_s0005397.png,beach,sea ice,sea_ice,0,1782903776.8923783,1782903780.0804906,3.188112258911133,9.62257675603458,3.24175
398,/home/htj/resisc45/imgs_full/palace_s0005398.png,palace,palace,palace,1,1782903780.0821168,1782903783.2777452,3.1956284046173096,9.61878443310516,3.3415
399,/home/htj/resisc45/imgs_full/railway_station_s0005399.png,railway_station,railway station,railway_station,1,1782903783.2794178,1782903786.6024117,3.3229939937591553,10.104717837632712,3.343
400,/home/htj/resisc45/imgs_full/freeway_s0005400.png,freeway,freeway,freeway,1,1782903786.6038878,1782903789.7956674,3.191779613494873,9.683973339472498,3.341
401,/home/htj/resisc45/imgs_full/parking_lot_s0005401.png,parking_lot,parking lot,parking_lot,1,1782903789.797235,1782903793.1155176,3.3182826042175293,10.003935510487391,3.24145
402,/home/htj/resisc45/imgs_full/commercial_area_s0005402.png,commercial_area,airport,airport,0,1782903793.1171637,1782903796.1831894,3.066025733947754,9.295906134057928,3.343
403,/home/htj/resisc45/imgs_full/overpass_s0005403.png,overpass,intersection,intersection,0,1782903796.1845026,1782903799.2453094,3.0608067512512207,9.165472453408771,3.241
404,/home/htj/resisc45/imgs_full/meadow_s0005404.png,meadow,forest,forest,0,1782903799.246513,1782903802.310127,3.0636141300201416,9.281594733157247,3.341
405,/home/htj/resisc45/imgs_full/bridge_s0005405.png,bridge,bridge,bridge,1,1782903802.3115258,1782903805.3725984,3.061072587966919,9.30254290830206,3.3417
406,/home/htj/resisc45/imgs_full/cloud_s0005406.png,cloud,sea ice,sea_ice,0,1782903805.3738298,1782903808.5666318,3.1928019523620605,9.675045130465712,3.244
407,/home/htj/resisc45/imgs_full/meadow_s0005407.png,meadow,meadow,meadow,1,1782903808.56806,1782903811.7561874,3.1881275177001953,9.611862880774908,3.3415
408,/home/htj/resisc45/imgs_full/intersection_s0005408.png,intersection,industrial area,industrial_area,0,1782903811.7577915,1782903815.073601,3.315809488296509,9.939539125072546,3.2585499999999996
409,/home/htj/resisc45/imgs_full/cloud_s0005409.png,cloud,cloud,cloud,1,1782903815.0750875,1782903818.1377356,3.062648057937622,9.185788977031354,3.341
410,/home/htj/resisc45/imgs_full/palace_s0005410.png,palace,palace,palace,1,1782903818.1391575,1782903821.3365767,3.1974191665649414,9.527167180946895,3.241
411,/home/htj/resisc45/imgs_full/desert_s0005411.png,desert,desert,desert,1,1782903821.3378808,1782903824.5241363,3.18625545501709,9.675292278834752,3.341
412,/home/htj/resisc45/imgs_full/stadium_s0005412.png,stadium,stadium,stadium,1,1782903824.5257623,1782903827.7185686,3.1928062438964844,9.705047707898276,3.341
413,/home/htj/resisc45/imgs_full/runway_s0005413.png,runway,airport,airport,0,1782903827.7201614,1782903830.7857835,3.065622091293335,9.273677138500744,3.2759999999999994
414,/home/htj/resisc45/imgs_full/commercial_area_s0005414.png,commercial_area,dense residential,dense_residential,0,1782903830.787411,1782903833.9839888,3.196577787399292,9.598695196351835,3.241
415,/home/htj/resisc45/imgs_full/circular_farmland_s0005415.png,circular_farmland,circular farmland,circular_farmland,1,1782903833.9852526,1782903837.4287658,3.4435131549835205,10.28334639941669,3.343
416,/home/htj/resisc45/imgs_full/desert_s0005416.png,desert,desert,desert,1,1782903837.4298203,1782903840.6171544,3.1873340606689453,9.768666645833424,3.343
417,/home/htj/resisc45/imgs_full/basketball_court_s0005417.png,basketball_court,basketball court,basketball_court,1,1782903840.6186504,1782903843.9370372,3.3183867931365967,9.994237244577244,3.256
418,/home/htj/resisc45/imgs_full/bridge_s0005418.png,bridge,bridge,bridge,1,1782903843.9384692,1782903847.0002084,3.061739206314087,9.217819471602088,3.341
419,/home/htj/resisc45/imgs_full/intersection_s0005419.png,intersection,intersection,intersection,1,1782903847.0016673,1782903850.0646358,3.0629684925079346,9.09412361917231,3.2759999999999994
420,/home/htj/resisc45/imgs_full/airport_s0005420.png,airport,airport,airport,1,1782903850.0659888,1782903853.1315455,3.065556764602661,9.08517485888799,3.241
421,/home/htj/resisc45/imgs_full/wetland_s0005421.png,wetland,chaparral,chaparral,0,1782903853.133078,1782903856.4538803,3.3208022117614746,9.871485360934818,3.241
422,/home/htj/resisc45/imgs_full/commercial_area_s0005422.png,commercial_area,airport,airport,0,1782903856.4552965,1782903859.5076482,3.052351713180542,9.337143890619279,3.341
423,/home/htj/resisc45/imgs_full/ship_s0005423.png,ship,harbor,harbor,0,1782903859.509082,1782903862.6987786,3.1896965503692627,9.693658693173102,3.343
424,/home/htj/resisc45/imgs_full/stadium_s0005424.png,stadium,stadium,stadium,1,1782903862.7003567,1782903865.891462,3.191105365753174,9.699307775182383,3.343
425,/home/htj/resisc45/imgs_full/freeway_s0005425.png,freeway,freeway,freeway,1,1782903865.89304,1782903869.0885444,3.1955044269561768,9.557068990077292,3.26825
426,/home/htj/resisc45/imgs_full/desert_s0005426.png,desert,desert,desert,1,1782903869.090074,1782903872.2839468,3.1938726902008057,9.574032622963191,3.24175
427,/home/htj/resisc45/imgs_full/railway_s0005427.png,railway,railway station,railway_station,0,1782903872.2856038,1782903875.6008525,3.315248727798462,10.083271846138198,3.343
428,/home/htj/resisc45/imgs_full/airport_s0005428.png,airport,airport,airport,1,1782903875.6024117,1782903878.666275,3.0638632774353027,9.289633457183838,3.341
429,/home/htj/resisc45/imgs_full/bridge_s0005429.png,bridge,bridge,bridge,1,1782903878.6677053,1782903881.7178416,3.0501363277435303,9.1789334062956,3.241
430,/home/htj/resisc45/imgs_full/snowberg_s0005430.png,snowberg,snowberg,snowberg,1,1782903881.7191048,1782903884.9106426,3.191537857055664,9.527253429038185,3.241
431,/home/htj/resisc45/imgs_full/roundabout_s0005431.png,roundabout,intersection,intersection,0,1782903884.9123707,1782903887.9780455,3.0656747817993164,9.229936967111984,3.343
432,/home/htj/resisc45/imgs_full/meadow_s0005432.png,meadow,runway,runway,0,1782903887.9794571,1782903891.1696806,3.190223455429077,9.717762454892908,3.3415
433,/home/htj/resisc45/imgs_full/chaparral_s0005433.png,chaparral,chaparral,chaparral,1,1782903891.1708593,1782903894.490767,3.3199076652526855,10.115529696875605,3.343
434,/home/htj/resisc45/imgs_full/overpass_s0005434.png,overpass,intersection,intersection,0,1782903894.4923327,1782903897.5596282,3.067295551300049,9.31299091498057,3.343
435,/home/htj/resisc45/imgs_full/desert_s0005435.png,desert,desert,desert,1,1782903897.5607004,1782903900.745467,3.1847665309906006,9.466775384200472,3.241
436,/home/htj/resisc45/imgs_full/stadium_s0005436.png,stadium,stadium,stadium,1,1782903900.747315,1782903903.9307246,3.1834096908569336,9.51111861065456,3.26875
437,/home/htj/resisc45/imgs_full/sparse_residential_s0005437.png,sparse_residential,sparse residential,sparse_residential,1,1782903903.932284,1782903907.124369,3.192084789276123,9.553339759162494,3.343
438,/home/htj/resisc45/imgs_full/overpass_s0005438.png,overpass,freeway,freeway,0,1782903907.1260152,1782903910.319557,3.1935417652130127,9.52473831474781,3.343
439,/home/htj/resisc45/imgs_full/basketball_court_s0005439.png,basketball_court,basketball court,basketball_court,1,1782903910.320843,1782903913.6314995,3.3106565475463867,9.941559130569985,3.343
440,/home/htj/resisc45/imgs_full/parking_lot_s0005440.png,parking_lot,intersection,intersection,0,1782903913.6332433,1782903916.699605,3.066361665725708,9.20175386751581,3.341
441,/home/htj/resisc45/imgs_full/sea_ice_s0005441.png,sea_ice,sea ice,sea_ice,1,1782903916.700885,1782903919.8839004,3.1830153465270996,9.477485033844198,3.241
442,/home/htj/resisc45/imgs_full/desert_s0005442.png,desert,desert,desert,1,1782903919.88535,1782903923.0777342,3.1923842430114746,9.573960344791413,3.3415
443,/home/htj/resisc45/imgs_full/ground_track_field_s0005443.png,ground_track_field,stadium,stadium,0,1782903923.079437,1782903926.273592,3.194154977798462,9.546758843822138,3.343
444,/home/htj/resisc45/imgs_full/sparse_residential_s0005444.png,sparse_residential,sparse residential,sparse_residential,1,1782903926.2749853,1782903929.4648256,3.189840316772461,10.119939289263318,3.36775
445,/home/htj/resisc45/imgs_full/rectangular_farmland_s0005445.png,rectangular_farmland,rectangular farmland,rectangular_farmland,1,1782903929.4664545,1782903932.9022412,3.435786724090576,10.248780008625983,3.2459999999999996
446,/home/htj/resisc45/imgs_full/river_s0005446.png,river,river,river,1,1782903932.9039197,1782903935.9673464,3.0634267330169678,9.219779863887362,3.343
447,/home/htj/resisc45/imgs_full/stadium_s0005447.png,stadium,stadium,stadium,1,1782903935.968504,1782903939.1570644,3.1885604858398438,9.566421659060886,3.341
448,/home/htj/resisc45/imgs_full/river_s0005448.png,river,forest,forest,0,1782903939.1586928,1782903942.2195551,3.0608623027801514,9.062476404273951,3.2420500000000003
449,/home/htj/resisc45/imgs_full/cloud_s0005449.png,cloud,dense residential,dense_residential,0,1782903942.2209213,1782903945.414149,3.193227767944336,9.407819223608291,3.244
450,/home/htj/resisc45/imgs_full/medium_residential_s0005450.png,medium_residential,sparse residential,sparse_residential,0,1782903945.4159122,1782903948.6137047,3.1977925300598145,9.521198844500951,3.3415
451,/home/htj/resisc45/imgs_full/sea_ice_s0005451.png,sea_ice,sea ice,sea_ice,1,1782903948.6153407,1782903951.8077097,3.192368984222412,9.499406971854823,3.266
452,/home/htj/resisc45/imgs_full/railway_station_s0005452.png,railway_station,airport,airport,0,1782903951.8093574,1782903954.8746488,3.065291404724121,9.063271978590222,3.2420500000000003
453,/home/htj/resisc45/imgs_full/chaparral_s0005453.png,chaparral,chaparral,chaparral,1,1782903954.8764374,1782903958.1870387,3.310601234436035,9.783968234391049,3.24145
454,/home/htj/resisc45/imgs_full/freeway_s0005454.png,freeway,bridge,bridge,0,1782903958.188566,1782903961.2519057,3.0633397102355957,9.08592230907193,3.341
455,/home/htj/resisc45/imgs_full/circular_farmland_s0005455.png,circular_farmland,circular farmland,circular_farmland,1,1782903961.2531927,1782903964.6951752,3.4419825077056885,10.205478135347366,3.341
456,/home/htj/resisc45/imgs_full/river_s0005456.png,river,river,river,1,1782903964.6965961,1782903967.7607522,3.0641560554504395,9.194737911577578,3.343
457,/home/htj/resisc45/imgs_full/mobile_home_park_s0005457.png,mobile_home_park,mobile home park,mobile_home_park,1,1782903967.7620835,1782903971.0831625,3.3210790157318115,9.800053859625832,3.244
458,/home/htj/resisc45/imgs_full/forest_s0005458.png,forest,forest,forest,1,1782903971.0848305,1782903974.1527102,3.0678796768188477,9.145928161819025,3.343
459,/home/htj/resisc45/imgs_full/medium_residential_s0005459.png,medium_residential,sparse residential,sparse_residential,0,1782903974.1539872,1782903977.3501291,3.1961419582366943,9.473084400883891,3.244
460,/home/htj/resisc45/imgs_full/airplane_s0005460.png,airplane,airport,airport,0,1782903977.3515763,1782903980.418334,3.0667576789855957,9.020260147535577,3.2422
461,/home/htj/resisc45/imgs_full/baseball_diamond_s0005461.png,baseball_diamond,baseball diamond,baseball_diamond,1,1782903980.4198422,1782903983.7404327,3.3205904960632324,9.823165460759197,3.244
462,/home/htj/resisc45/imgs_full/freeway_s0005462.png,freeway,freeway,freeway,1,1782903983.7419052,1782903986.928851,3.186945676803589,9.505122390810932,3.343
463,/home/htj/resisc45/imgs_full/industrial_area_s0005463.png,industrial_area,industrial area,industrial_area,1,1782903986.9300425,1782903990.2469544,3.3169119358062744,9.847568408587884,3.25885
464,/home/htj/resisc45/imgs_full/lake_s0005464.png,lake,lake,lake,1,1782903990.2485492,1782903993.3141959,3.0656466484069824,9.145505207008785,3.343
465,/home/htj/resisc45/imgs_full/golf_course_s0005465.png,golf_course,golf course,golf_course,1,1782903993.315595,1782903996.6340816,3.3184866905212402,9.844233552143493,3.343
466,/home/htj/resisc45/imgs_full/tennis_court_s0005466.png,tennis_court,airport,airport,0,1782903996.635609,1782903999.6918108,3.056201934814453,9.065996654298571,3.27865
467,/home/htj/resisc45/imgs_full/forest_s0005467.png,forest,forest,forest,1,1782903999.6932683,1782904002.7576144,3.0643460750579834,9.080508627639876,3.244
468,/home/htj/resisc45/imgs_full/rectangular_farmland_s0005468.png,rectangular_farmland,rectangular farmland,rectangular_farmland,1,1782904002.7589693,1782904006.2035387,3.4445693492889404,10.17181328845024,3.244
469,/home/htj/resisc45/imgs_full/sea_ice_s0005469.png,sea_ice,sea ice,sea_ice,1,1782904006.204959,1782904009.3970046,3.1920456886291504,9.599849405288698,3.3415
470,/home/htj/resisc45/imgs_full/freeway_s0005470.png,freeway,freeway,freeway,1,1782904009.3986154,1782904012.5917194,3.1931040287017822,9.47941354577882,3.343
471,/home/htj/resisc45/imgs_full/lake_s0005471.png,lake,lake,lake,1,1782904012.5932992,1782904015.6597657,3.0664665699005127,9.124100919485091,3.341
472,/home/htj/resisc45/imgs_full/runway_s0005472.png,runway,intersection,intersection,0,1782904015.6611164,1782904018.7254586,3.0643422603607178,9.165561194896698,3.2759999999999994
473,/home/htj/resisc45/imgs_full/roundabout_s0005473.png,roundabout,intersection,intersection,0,1782904018.7267604,1782904021.7915032,3.0647428035736084,9.188893488062751,3.241
474,/home/htj/resisc45/imgs_full/cloud_s0005474.png,cloud,cloud,cloud,1,1782904021.7929938,1782904024.855764,3.062770128250122,9.107941027866469,3.2420500000000003
475,/home/htj/resisc45/imgs_full/island_s0005475.png,island,island,island,1,1782904024.8567367,1782904028.042127,3.1853902339935303,9.526307668536901,3.244
476,/home/htj/resisc45/imgs_full/industrial_area_s0005476.png,industrial_area,industrial area,industrial_area,1,1782904028.0438032,1782904031.3647,3.320896863937378,9.928622770535533,3.25885
477,/home/htj/resisc45/imgs_full/baseball_diamond_s0005477.png,baseball_diamond,baseball diamond,baseball_diamond,1,1782904031.366283,1782904034.6855354,3.3192524909973145,9.969947141622674,3.343
478,/home/htj/resisc45/imgs_full/mobile_home_park_s0005478.png,mobile_home_park,dense residential,dense_residential,0,1782904034.6873035,1782904037.8791218,3.1918182373046875,9.588563965388706,3.343
479,/home/htj/resisc45/imgs_full/freeway_s0005479.png,freeway,freeway,freeway,1,1782904037.8806474,1782904041.0694492,3.1888017654418945,9.51549835385595,3.343
480,/home/htj/resisc45/imgs_full/cloud_s0005480.png,cloud,cloud,cloud,1,1782904041.070645,1782904044.1285415,3.057896375656128,9.115702351252239,3.341
481,/home/htj/resisc45/imgs_full/terrace_s0005481.png,terrace,rectangular farmland,rectangular_farmland,0,1782904044.1298702,1782904047.5750601,3.445189952850342,10.204991511485616,3.241
482,/home/htj/resisc45/imgs_full/golf_course_s0005482.png,golf_course,golf course,golf_course,1,1782904047.5766253,1782904050.8976223,3.3209969997406006,10.02757866500986,3.341
483,/home/htj/resisc45/imgs_full/cloud_s0005483.png,cloud,forest,forest,0,1782904050.8990593,1782904053.9611204,3.062061071395874,9.248842056481926,3.3417
484,/home/htj/resisc45/imgs_full/snowberg_s0005484.png,snowberg,snowberg,snowberg,1,1782904053.9628556,1782904057.1567903,3.193934679031372,9.659941367634705,3.2665
485,/home/htj/resisc45/imgs_full/railway_station_s0005485.png,railway_station,commercial area,commercial_area,0,1782904057.1582286,1782904060.3502843,3.1920557022094727,9.681675947785378,3.341
486,/home/htj/resisc45/imgs_full/intersection_s0005486.png,intersection,intersection,intersection,1,1782904060.3519065,1782904063.4173625,3.065455913543701,9.304680516242982,3.341
487,/home/htj/resisc45/imgs_full/mobile_home_park_s0005487.png,mobile_home_park,mobile home park,mobile_home_park,1,1782904063.4187603,1782904066.7414722,3.322711944580078,10.097836175852809,3.343
488,/home/htj/resisc45/imgs_full/palace_s0005488.png,palace,palace,palace,1,1782904066.743197,1782904069.936507,3.193310022354126,9.82638517271621,3.343
489,/home/htj/resisc45/imgs_full/commercial_area_s0005489.png,commercial_area,dense residential,dense_residential,0,1782904069.9382055,1782904073.1331396,3.194934129714966,9.720929404028825,3.266
490,/home/htj/resisc45/imgs_full/sparse_residential_s0005490.png,sparse_residential,sparse residential,sparse_residential,1,1782904073.1345897,1782904076.321013,3.1864233016967773,9.608090462105613,3.341
491,/home/htj/resisc45/imgs_full/cloud_s0005491.png,cloud,cloud,cloud,1,1782904076.3223276,1782904079.3847725,3.0624449253082275,9.222326044793483,3.2420500000000003
492,/home/htj/resisc45/imgs_full/industrial_area_s0005492.png,industrial_area,storage tank,storage_tank,0,1782904079.3862338,1782904082.580682,3.194448232650757,9.647404793760606,3.26875
493,/home/htj/resisc45/imgs_full/stadium_s0005493.png,stadium,stadium,stadium,1,1782904082.5822833,1782904085.7790186,3.196735382080078,9.70517445087433,3.3415
494,/home/htj/resisc45/imgs_full/rectangular_farmland_s0005494.png,rectangular_farmland,rectangular farmland,rectangular_farmland,1,1782904085.780374,1782904089.225867,3.44549298286438,10.271974801274595,3.241
495,/home/htj/resisc45/imgs_full/overpass_s0005495.png,overpass,freeway,freeway,0,1782904089.2273982,1782904092.417194,3.189795732498169,9.699143531041486,3.341
496,/home/htj/resisc45/imgs_full/island_s0005496.png,island,island,island,1,1782904092.4184606,1782904095.60415,3.1856894493103027,9.490225756806987,3.341
497,/home/htj/resisc45/imgs_full/baseball_diamond_s0005497.png,baseball_diamond,baseball diamond,baseball_diamond,1,1782904095.6057625,1782904098.9247267,3.3189642429351807,9.856866013346048,3.343
498,/home/htj/resisc45/imgs_full/snowberg_s0005498.png,snowberg,sea ice,sea_ice,0,1782904098.9262438,1782904102.1171243,3.190880537033081,9.567855290293693,3.341
499,/home/htj/resisc45/imgs_full/beach_s0005499.png,beach,desert,desert,0,1782904102.118451,1782904105.3040063,3.1855552196502686,9.472646640032531,3.266
500,/home/htj/resisc45/imgs_full/golf_course_s0005500.png,golf_course,golf course,golf_course,1,1782904105.3053904,1782904108.6250882,3.319697856903076,9.863108513708772,3.341
501,/home/htj/resisc45/imgs_full/harbor_s0005501.png,harbor,harbor,harbor,1,1782904108.6267588,1782904111.82188,3.1951212882995605,9.709174814820289,3.341
502,/home/htj/resisc45/imgs_full/lake_s0005502.png,lake,lake,lake,1,1782904111.8233407,1782904114.886076,3.0627353191375732,9.352842427681077,3.341
503,/home/htj/resisc45/imgs_full/desert_s0005503.png,desert,desert,desert,1,1782904114.8872862,1782904118.0772052,3.1899189949035645,9.566396177198204,3.241
504,/home/htj/resisc45/imgs_full/overpass_s0005504.png,overpass,intersection,intersection,0,1782904118.0788984,1782904121.1450229,3.066124439239502,9.346285431870708,3.341
505,/home/htj/resisc45/imgs_full/runway_s0005505.png,runway,intersection,intersection,0,1782904121.1463716,1782904124.2088892,3.0625176429748535,9.379073708189857,3.341
506,/home/htj/resisc45/imgs_full/tennis_court_s0005506.png,tennis_court,tennis court,tennis_court,1,1782904124.2104533,1782904127.5316548,3.3212015628814697,10.043084477769916,3.256
507,/home/htj/resisc45/imgs_full/church_s0005507.png,church,church,church,1,1782904127.5333815,1782904130.6010995,3.067718029022217,9.440334138384571,3.341
508,/home/htj/resisc45/imgs_full/railway_station_s0005508.png,railway_station,railway station,railway_station,1,1782904130.6023686,1782904133.9199023,3.3175337314605713,10.04166854066364,3.3411999999999997
509,/home/htj/resisc45/imgs_full/sparse_residential_s0005509.png,sparse_residential,golf course,golf_course,0,1782904133.921399,1782904137.240766,3.319366931915283,10.103466175178001,3.341
510,/home/htj/resisc45/imgs_full/church_s0005510.png,church,palace,palace,0,1782904137.2424436,1782904140.4379742,3.195530652999878,9.732330981995377,3.341
511,/home/htj/resisc45/imgs_full/runway_s0005511.png,runway,runway,runway,1,1782904140.43934,1782904143.6250663,3.1857261657714844,9.697066008772168,3.341
512,/home/htj/resisc45/imgs_full/chaparral_s0005512.png,chaparral,chaparral,chaparral,1,1782904143.6267495,1782904146.9486704,3.321920871734619,10.160324084191487,3.341
513,/home/htj/resisc45/imgs_full/storage_tank_s0005513.png,storage_tank,storage tank,storage_tank,1,1782904146.9502928,1782904150.1434782,3.193185329437256,9.745715667775698,3.341
514,/home/htj/resisc45/imgs_full/airplane_s0005514.png,airplane,airport,airport,0,1782904150.1450014,1782904153.2093256,3.064324140548706,9.230595512482855,3.241
515,/home/htj/resisc45/imgs_full/commercial_area_s0005515.png,commercial_area,dense residential,dense_residential,0,1782904153.210624,1782904156.4032464,3.192622423171997,9.60888131591252,3.266
516,/home/htj/resisc45/imgs_full/intersection_s0005516.png,intersection,intersection,intersection,1,1782904156.404761,1782904159.4676335,3.0628724098205566,9.31096196627617,3.2759999999999994
517,/home/htj/resisc45/imgs_full/beach_s0005517.png,beach,beach,beach,1,1782904159.4687898,1782904162.6572762,3.188486337661743,9.575593844558512,3.24175
518,/home/htj/resisc45/imgs_full/intersection_s0005518.png,intersection,intersection,intersection,1,1782904162.658891,1782904165.723205,3.064314126968384,9.180458138165651,3.2759999999999994
519,/home/htj/resisc45/imgs_full/intersection_s0005519.png,intersection,intersection,intersection,1,1782904165.7245026,1782904168.789889,3.0653865337371826,9.095455976936552,3.241
520,/home/htj/resisc45/imgs_full/beach_s0005520.png,beach,beach,beach,1,1782904168.791169,1782904171.9827125,3.1915435791015625,9.543000260761806,3.241
521,/home/htj/resisc45/imgs_full/railway_station_s0005521.png,railway_station,storage tank,storage_tank,0,1782904171.9845066,1782904175.1730995,3.1885929107666016,9.610305154732295,3.26825
522,/home/htj/resisc45/imgs_full/tennis_court_s0005522.png,tennis_court,tennis court,tennis_court,1,1782904175.174724,1782904178.497281,3.322556972503662,10.045292722644477,3.256
523,/home/htj/resisc45/imgs_full/terrace_s0005523.png,terrace,meadow,meadow,0,1782904178.4988205,1782904181.690656,3.191835403442383,9.853252887487413,3.341
524,/home/htj/resisc45/imgs_full/stadium_s0005524.png,stadium,stadium,stadium,1,1782904181.6923413,1782904184.885616,3.193274736404419,9.779803039580584,3.3395
525,/home/htj/resisc45/imgs_full/runway_s0005525.png,runway,runway,runway,1,1782904184.88709,1782904188.077164,3.1900739669799805,9.70437590437276,3.264
526,/home/htj/resisc45/imgs_full/island_s0005526.png,island,island,island,1,1782904188.0784554,1782904191.2679636,3.1895081996917725,9.670759727976153,3.266
527,/home/htj/resisc45/imgs_full/terrace_s0005527.png,terrace,desert,desert,0,1782904191.2694108,1782904194.4599288,3.1905179023742676,9.63496525043249,3.341
528,/home/htj/resisc45/imgs_full/industrial_area_s0005528.png,industrial_area,dense residential,dense_residential,0,1782904194.461611,1782904197.657259,3.195647954940796,9.637047059544495,3.341
529,/home/htj/resisc45/imgs_full/sea_ice_s0005529.png,sea_ice,sea ice,sea_ice,1,1782904197.6585562,1782904200.849137,3.1905808448791504,9.758961260642325,3.343
530,/home/htj/resisc45/imgs_full/bridge_s0005530.png,bridge,airport,airport,0,1782904200.8505208,1782904203.9139888,3.0634679794311523,9.315949394561626,3.339
531,/home/htj/resisc45/imgs_full/roundabout_s0005531.png,roundabout,intersection,intersection,0,1782904203.915568,1782904206.9835007,3.067932605743408,9.233261547349533,3.241
532,/home/htj/resisc45/imgs_full/sparse_residential_s0005532.png,sparse_residential,parking lot,parking_lot,0,1782904206.9849432,1782904210.3004127,3.31546950340271,10.034577521239298,3.2509999999999994
533,/home/htj/resisc45/imgs_full/palace_s0005533.png,palace,dense residential,dense_residential,0,1782904210.302027,1782904213.4938908,3.191863775253296,9.677559973865748,3.343
534,/home/htj/resisc45/imgs_full/lake_s0005534.png,lake,lake,lake,1,1782904213.4954824,1782904216.5601301,3.064647674560547,9.16658820554945,3.343
535,/home/htj/resisc45/imgs_full/palace_s0005535.png,palace,thermal power station,thermal_power_station,0,1782904216.5616124,1782904219.8827233,3.321110963821411,9.892558871614522,3.2562999999999995
536,/home/htj/resisc45/imgs_full/stadium_s0005536.png,stadium,stadium,stadium,1,1782904219.8844526,1782904223.080207,3.1957545280456543,9.65032266902072,3.343
537,/home/htj/resisc45/imgs_full/ship_s0005537.png,ship,harbor,harbor,0,1782904223.0816147,1782904226.2685187,3.186903953552246,9.5805161923681,3.266
538,/home/htj/resisc45/imgs_full/mobile_home_park_s0005538.png,mobile_home_park,dense residential,dense_residential,0,1782904226.2700708,1782904229.4622402,3.192169427871704,10.22201054435117,3.847
539,/home/htj/resisc45/imgs_full/ship_s0005539.png,ship,harbor,harbor,0,1782904229.4636889,1782904232.655568,3.1918790340423584,9.566745439103672,3.341
540,/home/htj/resisc45/imgs_full/terrace_s0005540.png,terrace,rectangular farmland,rectangular_farmland,0,1782904232.6570215,1782904236.1048448,3.4478232860565186,10.209174315092993,3.241
541,/home/htj/resisc45/imgs_full/dense_residential_s0005541.png,dense_residential,sparse residential,sparse_residential,0,1782904236.1066265,1782904239.3021824,3.1955559253692627,9.841969869145325,3.341
542,/home/htj/resisc45/imgs_full/airport_s0005542.png,airport,airport,airport,1,1782904239.3038118,1782904242.3701308,3.066318988800049,9.319224811183082,3.341
543,/home/htj/resisc45/imgs_full/sparse_residential_s0005543.png,sparse_residential,dense residential,dense_residential,0,1782904242.371627,1782904245.5660703,3.1944432258605957,9.721603434358324,3.26875
544,/home/htj/resisc45/imgs_full/terrace_s0005544.png,terrace,rectangular farmland,rectangular_farmland,0,1782904245.5676274,1782904249.015584,3.4479565620422363,10.461272607064247,3.24885
545,/home/htj/resisc45/imgs_full/cloud_s0005545.png,cloud,meadow,meadow,0,1782904249.0168364,1782904252.2008991,3.1840627193450928,9.728391914593322,3.343
546,/home/htj/resisc45/imgs_full/golf_course_s0005546.png,golf_course,golf course,golf_course,1,1782904252.202333,1782904255.5218909,3.3195579051971436,10.039299588102406,3.3411999999999997
547,/home/htj/resisc45/imgs_full/intersection_s0005547.png,intersection,dense residential,dense_residential,0,1782904255.5235052,1782904258.7174268,3.1939215660095215,9.725491168498992,3.341
548,/home/htj/resisc45/imgs_full/commercial_area_s0005548.png,commercial_area,dense residential,dense_residential,0,1782904258.7190375,1782904261.9124804,3.1934428215026855,9.663814183984485,3.341
549,/home/htj/resisc45/imgs_full/dense_residential_s0005549.png,dense_residential,dense residential,dense_residential,1,1782904261.9140575,1782904265.108572,3.194514513015747,9.76095318432365,3.343
550,/home/htj/resisc45/imgs_full/meadow_s0005550.png,meadow,meadow,meadow,1,1782904265.1100907,1782904268.3039944,3.193903684616089,9.690246745130844,3.24175
551,/home/htj/resisc45/imgs_full/circular_farmland_s0005551.png,circular_farmland,rectangular farmland,rectangular_farmland,0,1782904268.3055022,1782904271.7524676,3.446965456008911,10.431873653013199,3.341
552,/home/htj/resisc45/imgs_full/golf_course_s0005552.png,golf_course,golf course,golf_course,1,1782904271.7538297,1782904275.070382,3.3165524005889893,10.093755685378765,3.343
553,/home/htj/resisc45/imgs_full/roundabout_s0005553.png,roundabout,dense residential,dense_residential,0,1782904275.0720487,1782904278.2653818,3.193333148956299,9.717141700855322,3.3415
554,/home/htj/resisc45/imgs_full/terrace_s0005554.png,terrace,rectangular farmland,rectangular_farmland,0,1782904278.2669299,1782904281.7125144,3.445584535598755,10.426282319729447,3.341
555,/home/htj/resisc45/imgs_full/ground_track_field_s0005555.png,ground_track_field,stadium,stadium,0,1782904281.7142391,1782904284.9084957,3.194256544113159,9.921874188674348,3.46875
556,/home/htj/resisc45/imgs_full/forest_s0005556.png,forest,forest,forest,1,1782904284.9099147,1782904287.9741614,3.064246654510498,9.366476967244779,3.343
557,/home/htj/resisc45/imgs_full/palace_s0005557.png,palace,palace,palace,1,1782904287.9757123,1782904291.1667519,3.191039562225342,9.594373289474419,3.241
558,/home/htj/resisc45/imgs_full/harbor_s0005558.png,harbor,harbor,harbor,1,1782904291.1683588,1782904294.3592303,3.190871477127075,9.570734096403633,3.241
559,/home/htj/resisc45/imgs_full/golf_course_s0005559.png,golf_course,golf course,golf_course,1,1782904294.3606322,1782904297.6797726,3.3191404342651367,9.890809587873262,3.24145
560,/home/htj/resisc45/imgs_full/desert_s0005560.png,desert,desert,desert,1,1782904297.6810741,1782904300.8689785,3.1879043579101562,9.58118962083544,3.343
561,/home/htj/resisc45/imgs_full/parking_lot_s0005561.png,parking_lot,parking lot,parking_lot,1,1782904300.8706255,1782904304.1923177,3.3216922283172607,9.877739087569303,3.343
562,/home/htj/resisc45/imgs_full/overpass_s0005562.png,overpass,railway station,railway_station,0,1782904304.1939921,1782904307.5186586,3.3246665000915527,9.96594141028291,3.3411999999999997
563,/home/htj/resisc45/imgs_full/sparse_residential_s0005563.png,sparse_residential,sparse residential,sparse_residential,1,1782904307.5201192,1782904310.71227,3.192150831222534,9.649700954705477,3.343
564,/home/htj/resisc45/imgs_full/lake_s0005564.png,lake,sea ice,sea_ice,0,1782904310.7136858,1782904313.9064398,3.192754030227661,9.683451933286019,3.343
565,/home/htj/resisc45/imgs_full/chaparral_s0005565.png,chaparral,chaparral,chaparral,1,1782904313.9081147,1782904317.2310495,3.322934865951538,9.997507880058782,3.244
566,/home/htj/resisc45/imgs_full/runway_s0005566.png,runway,airport,airport,0,1782904317.2323737,1782904320.2953472,3.0629734992980957,9.319947697586484,3.343
567,/home/htj/resisc45/imgs_full/rectangular_farmland_s0005567.png,rectangular_farmland,rectangular farmland,rectangular_farmland,1,1782904320.2968013,1782904323.7454188,3.448617458343506,10.232622768481573,3.244
568,/home/htj/resisc45/imgs_full/palace_s0005568.png,palace,palace,palace,1,1782904323.74704,1782904326.9403307,3.1932907104492188,9.74620836353302,3.343
569,/home/htj/resisc45/imgs_full/snowberg_s0005569.png,snowberg,mountain,mountain,0,1782904326.9420943,1782904330.1389482,3.1968538761138916,9.613339212208986,3.26875
570,/home/htj/resisc45/imgs_full/storage_tank_s0005570.png,storage_tank,storage tank,storage_tank,1,1782904330.1404076,1782904333.3325691,3.1921615600585938,9.706850278173174,3.343
571,/home/htj/resisc45/imgs_full/lake_s0005571.png,lake,lake,lake,1,1782904333.3341796,1782904336.39989,3.0657103061676025,9.32424435138261,3.2806499999999996
572,/home/htj/resisc45/imgs_full/commercial_area_s0005572.png,commercial_area,dense residential,dense_residential,0,1782904336.401203,1782904339.598113,3.1969101428985596,9.735904401791947,3.27075
573,/home/htj/resisc45/imgs_full/industrial_area_s0005573.png,industrial_area,industrial area,industrial_area,1,1782904339.599673,1782904342.9161758,3.316502809524536,10.10315399838727,3.343
574,/home/htj/resisc45/imgs_full/storage_tank_s0005574.png,storage_tank,storage tank,storage_tank,1,1782904342.9177232,1782904346.1118317,3.194108486175537,9.768781541407108,3.343
575,/home/htj/resisc45/imgs_full/airplane_s0005575.png,airplane,airport,airport,0,1782904346.1131358,1782904349.175781,3.062645196914673,9.31758757074674,3.343
576,/home/htj/resisc45/imgs_full/storage_tank_s0005576.png,storage_tank,thermal power station,thermal_power_station,0,1782904349.1773021,1782904352.4877806,3.310478448867798,9.993763664985526,3.241
577,/home/htj/resisc45/imgs_full/airport_s0005577.png,airport,airport,airport,1,1782904352.4888957,1782904355.5537636,3.0648679733276367,9.325825674692789,3.341
578,/home/htj/resisc45/imgs_full/meadow_s0005578.png,meadow,meadow,meadow,1,1782904355.5550132,1782904358.741374,3.1863608360290527,9.59925341434138,3.26875
579,/home/htj/resisc45/imgs_full/palace_s0005579.png,palace,palace,palace,1,1782904358.7427797,1782904361.9349556,3.19217586517334,9.717097339868545,3.343
580,/home/htj/resisc45/imgs_full/baseball_diamond_s0005580.png,baseball_diamond,stadium,stadium,0,1782904361.936498,1782904365.1296208,3.1931228637695312,9.715247373172215,3.343
581,/home/htj/resisc45/imgs_full/church_s0005581.png,church,church,church,1,1782904365.1312742,1782904368.2025445,3.071270227432251,9.264771017922294,3.27865
582,/home/htj/resisc45/imgs_full/sparse_residential_s0005582.png,sparse_residential,sparse residential,sparse_residential,1,1782904368.2039547,1782904371.3970656,3.193110942840576,9.55304668308156,3.244
583,/home/htj/resisc45/imgs_full/wetland_s0005583.png,wetland,desert,desert,0,1782904371.3985684,1782904374.578834,3.1802656650543213,9.661987833184854,3.343
584,/home/htj/resisc45/imgs_full/ground_track_field_s0005584.png,ground_track_field,stadium,stadium,0,1782904374.5802488,1782904377.7677162,3.187467336654663,9.652106447866986,3.343
585,/home/htj/resisc45/imgs_full/mobile_home_park_s0005585.png,mobile_home_park,sparse residential,sparse_residential,0,1782904377.769178,1782904380.9608893,3.19171142578125,9.779745777675082,3.345
586,/home/htj/resisc45/imgs_full/terrace_s0005586.png,terrace,rectangular farmland,rectangular_farmland,0,1782904380.9622004,1782904384.412831,3.4506306648254395,10.464857722962488,3.343
587,/home/htj/resisc45/imgs_full/cloud_s0005587.png,cloud,cloud,cloud,1,1782904384.414105,1782904387.4767191,3.0626142024993896,9.333807956092762,3.343
588,/home/htj/resisc45/imgs_full/sea_ice_s0005588.png,sea_ice,chaparral,chaparral,0,1782904387.4778855,1782904390.7879066,3.310021162033081,9.900946520284071,3.244
589,/home/htj/resisc45/imgs_full/mobile_home_park_s0005589.png,mobile_home_park,mobile home park,mobile_home_park,1,1782904390.789684,1782904394.0955126,3.30582857131958,10.04983285090019,3.343
590,/home/htj/resisc45/imgs_full/palace_s0005590.png,palace,palace,palace,1,1782904394.0970533,1782904397.27765,3.1805968284606934,9.599779581129551,3.343
591,/home/htj/resisc45/imgs_full/chaparral_s0005591.png,chaparral,chaparral,chaparral,1,1782904397.2792504,1782904400.5988836,3.3196332454681396,9.937837235812482,3.343
592,/home/htj/resisc45/imgs_full/parking_lot_s0005592.png,parking_lot,commercial area,commercial_area,0,1782904400.60047,1782904403.792605,3.1921348571777344,9.692233464922223,3.343
593,/home/htj/resisc45/imgs_full/river_s0005593.png,river,river,river,1,1782904403.7939973,1782904406.8574703,3.0634729862213135,9.28913086599774,3.343
594,/home/htj/resisc45/imgs_full/palace_s0005594.png,palace,dense residential,dense_residential,0,1782904406.8586447,1782904410.050635,3.191990375518799,9.693504772169248,3.26875
595,/home/htj/resisc45/imgs_full/stadium_s0005595.png,stadium,stadium,stadium,1,1782904410.052224,1782904413.2404673,3.1882433891296387,9.60805611773048,3.26875
596,/home/htj/resisc45/imgs_full/mobile_home_park_s0005596.png,mobile_home_park,industrial area,industrial_area,0,1782904413.2420156,1782904416.555038,3.3130223751068115,10.083869051542775,3.343
597,/home/htj/resisc45/imgs_full/meadow_s0005597.png,meadow,meadow,meadow,1,1782904416.5565124,1782904419.740624,3.1841115951538086,9.6604808614254,3.343
598,/home/htj/resisc45/imgs_full/thermal_power_station_s0005598.png,thermal_power_station,storage tank,storage_tank,0,1782904419.7423332,1782904422.9372113,3.194878101348877,9.624741434497492,3.343
599,/home/htj/resisc45/imgs_full/bridge_s0005599.png,bridge,harbor,harbor,0,1782904422.9385624,1782904426.1299708,3.191408395767212,9.712709515903677,3.343
600,/home/htj/resisc45/imgs_full/snowberg_s0005600.png,snowberg,mountain,mountain,0,1782904426.1316626,1782904429.3207648,3.1891021728515625,9.70198913710458,3.343
601,/home/htj/resisc45/imgs_full/river_s0005601.png,river,meadow,meadow,0,1782904429.322479,1782904432.5171945,3.1947154998779297,9.75951356118066,3.343
602,/home/htj/resisc45/imgs_full/freeway_s0005602.png,freeway,dense residential,dense_residential,0,1782904432.5186958,1782904435.7019317,3.1832358837127686,9.652594382379736,3.244
603,/home/htj/resisc45/imgs_full/desert_s0005603.png,desert,desert,desert,1,1782904435.703065,1782904438.8882637,3.1851987838745117,9.60746958896092,3.343
604,/home/htj/resisc45/imgs_full/mountain_s0005604.png,mountain,mountain,mountain,1,1782904438.8893998,1782904442.074927,3.1855273246765137,9.580928504296711,3.343
605,/home/htj/resisc45/imgs_full/railway_station_s0005605.png,railway_station,industrial area,industrial_area,0,1782904442.0765212,1782904445.399248,3.3227267265319824,9.900350723661225,3.25885
606,/home/htj/resisc45/imgs_full/meadow_s0005606.png,meadow,meadow,meadow,1,1782904445.4006286,1782904448.5898614,3.18923282623291,9.672487557274954,3.343
607,/home/htj/resisc45/imgs_full/terrace_s0005607.png,terrace,rectangular farmland,rectangular_farmland,0,1782904448.5913348,1782904452.0376923,3.446357488632202,10.467548153259715,3.343
608,/home/htj/resisc45/imgs_full/baseball_diamond_s0005608.png,baseball_diamond,baseball diamond,baseball_diamond,1,1782904452.039128,1782904455.3582757,3.3191475868225098,10.135761103235442,3.345
609,/home/htj/resisc45/imgs_full/bridge_s0005609.png,bridge,river,river,0,1782904455.3597784,1782904458.4181287,3.0583503246307373,9.307239671256806,3.3436999999999997
610,/home/htj/resisc45/imgs_full/roundabout_s0005610.png,roundabout,intersection,intersection,0,1782904458.419741,1782904461.477677,3.057936191558838,9.132866206778422,3.244
611,/home/htj/resisc45/imgs_full/harbor_s0005611.png,harbor,harbor,harbor,1,1782904461.4790945,1782904464.6691566,3.1900620460510254,9.568078418586936,3.244
612,/home/htj/resisc45/imgs_full/mobile_home_park_s0005612.png,mobile_home_park,sparse residential,sparse_residential,0,1782904464.6708853,1782904467.865352,3.1944665908813477,9.68933056655952,3.343
613,/home/htj/resisc45/imgs_full/runway_s0005613.png,runway,airport,airport,0,1782904467.866692,1782904470.9306962,3.0640041828155518,9.293805576297972,3.2799499999999995
614,/home/htj/resisc45/imgs_full/mountain_s0005614.png,mountain,forest,forest,0,1782904470.9322765,1782904473.9993467,3.067070245742798,9.19377025200261,3.244
615,/home/htj/resisc45/imgs_full/basketball_court_s0005615.png,basketball_court,tennis court,tennis_court,0,1782904474.0006032,1782904477.321384,3.3207807540893555,10.063568820427205,3.25885
616,/home/htj/resisc45/imgs_full/railway_s0005616.png,railway,railway station,railway_station,0,1782904477.3228724,1782904480.640582,3.3177096843719482,10.05357557390476,3.343
617,/home/htj/resisc45/imgs_full/circular_farmland_s0005617.png,circular_farmland,circular farmland,circular_farmland,1,1782904480.6416755,1782904484.080173,3.438497543334961,10.454892702540414,3.343
618,/home/htj/resisc45/imgs_full/circular_farmland_s0005618.png,circular_farmland,storage tank,storage_tank,0,1782904484.0812879,1782904487.2627852,3.18149733543396,9.676553068425438,3.341
619,/home/htj/resisc45/imgs_full/stadium_s0005619.png,stadium,stadium,stadium,1,1782904487.2645197,1782904490.45865,3.1941304206848145,9.655228843254703,3.3435
620,/home/htj/resisc45/imgs_full/airport_s0005620.png,airport,airport,airport,1,1782904490.4603791,1782904493.526954,3.066574811935425,9.326148321920972,3.3438000000000003
621,/home/htj/resisc45/imgs_full/bridge_s0005621.png,bridge,bridge,bridge,1,1782904493.5281947,1782904496.5883954,3.0602006912231445,9.23710244569072,3.3436999999999997
622,/home/htj/resisc45/imgs_full/river_s0005622.png,river,forest,forest,0,1782904496.589881,1782904499.650617,3.0607359409332275,9.221713988555802,3.2447
623,/home/htj/resisc45/imgs_full/palace_s0005623.png,palace,palace,palace,1,1782904499.6523743,1782904502.8505175,3.198143243789673,9.656051098512751,3.244
624,/home/htj/resisc45/imgs_full/ship_s0005624.png,ship,harbor,harbor,0,1782904502.8520303,1782904506.030041,3.1780107021331787,9.599578577131032,3.343
625,/home/htj/resisc45/imgs_full/palace_s0005625.png,palace,palace,palace,1,1782904506.0320432,1782904509.2191937,3.187150478363037,9.642268465076173,3.3415
626,/home/htj/resisc45/imgs_full/roundabout_s0005626.png,roundabout,intersection,intersection,0,1782904509.220923,1782904512.2888994,3.067976474761963,9.280003877984152,3.341
627,/home/htj/resisc45/imgs_full/sparse_residential_s0005627.png,sparse_residential,sparse residential,sparse_residential,1,1782904512.290547,1782904515.4865084,3.1959614753723145,9.634910716397421,3.343
628,/home/htj/resisc45/imgs_full/airport_s0005628.png,airport,airport,airport,1,1782904515.4883153,1782904518.5526266,3.0643112659454346,9.282252796588121,3.343
629,/home/htj/resisc45/imgs_full/dense_residential_s0005629.png,dense_residential,dense residential,dense_residential,1,1782904518.554569,1782904521.7513542,3.1967852115631104,9.686944216438704,3.244
630,/home/htj/resisc45/imgs_full/stadium_s0005630.png,stadium,stadium,stadium,1,1782904521.7530046,1782904524.9475791,3.1945745944976807,9.74881483485869,3.3435
631,/home/htj/resisc45/imgs_full/sparse_residential_s0005631.png,sparse_residential,meadow,meadow,0,1782904524.9492257,1782904528.1385775,3.189351797103882,9.638676752533232,3.26875
632,/home/htj/resisc45/imgs_full/beach_s0005632.png,beach,beach,beach,1,1782904528.1401412,1782904531.3209515,3.1808102130889893,10.01284974970988,3.343
633,/home/htj/resisc45/imgs_full/lake_s0005633.png,lake,forest,forest,0,1782904531.3226318,1782904534.3903325,3.0677006244659424,9.243777311307412,3.343
634,/home/htj/resisc45/imgs_full/railway_station_s0005634.png,railway_station,airport,airport,0,1782904534.3921664,1782904537.4564035,3.064237117767334,9.287418978293736,3.27865
635,/home/htj/resisc45/imgs_full/commercial_area_s0005635.png,commercial_area,dense residential,dense_residential,0,1782904537.4579842,1782904540.651375,3.1933908462524414,9.680365176558496,3.26875
636,/home/htj/resisc45/imgs_full/church_s0005636.png,church,palace,palace,0,1782904540.653019,1782904543.8482077,3.1951887607574463,9.670923467738287,3.266
637,/home/htj/resisc45/imgs_full/thermal_power_station_s0005637.png,thermal_power_station,thermal power station,thermal_power_station,1,1782904543.8500037,1782904547.1726463,3.3226425647735596,10.049962593506123,3.341
638,/home/htj/resisc45/imgs_full/wetland_s0005638.png,wetland,meadow,meadow,0,1782904547.1742597,1782904550.3614104,3.187150716781616,9.698727284789085,3.343
639,/home/htj/resisc45/imgs_full/cloud_s0005639.png,cloud,wetland,wetland,0,1782904550.3630383,1782904553.681122,3.3180837631225586,10.02736160957207,3.341
640,/home/htj/resisc45/imgs_full/overpass_s0005640.png,overpass,intersection,intersection,0,1782904553.6825771,1782904556.7487736,3.0661964416503906,9.307931047115686,3.3418
641,/home/htj/resisc45/imgs_full/parking_lot_s0005641.png,parking_lot,parking lot,parking_lot,1,1782904556.7504919,1782904560.0741057,3.3236138820648193,10.060636524697829,3.256
642,/home/htj/resisc45/imgs_full/island_s0005642.png,island,island,island,1,1782904560.0755112,1782904563.2646,3.189088821411133,9.621367078168051,3.341
643,/home/htj/resisc45/imgs_full/terrace_s0005643.png,terrace,dense residential,dense_residential,0,1782904563.2660365,1782904566.457672,3.1916356086730957,9.711235261304038,3.343
644,/home/htj/resisc45/imgs_full/rectangular_farmland_s0005644.png,rectangular_farmland,rectangular farmland,rectangular_farmland,1,1782904566.4589992,1782904569.904091,3.445091724395752,10.59882469010353,3.343
645,/home/htj/resisc45/imgs_full/airplane_s0005645.png,airplane,airport,airport,0,1782904569.9053621,1782904572.9558241,3.050462007522583,9.317410241829025,3.343
646,/home/htj/resisc45/imgs_full/stadium_s0005646.png,stadium,stadium,stadium,1,1782904572.957172,1782904576.1382546,3.1810827255249023,9.63072795152664,3.26875
647,/home/htj/resisc45/imgs_full/beach_s0005647.png,beach,beach,beach,1,1782904576.1397035,1782904579.3229458,3.1832423210144043,9.599692498760563,3.345
648,/home/htj/resisc45/imgs_full/circular_farmland_s0005648.png,circular_farmland,circular farmland,circular_farmland,1,1782904579.324427,1782904582.770284,3.445857048034668,10.395691266314188,3.343
649,/home/htj/resisc45/imgs_full/airplane_s0005649.png,airplane,airport,airport,0,1782904582.7717192,1782904585.8368256,3.0651063919067383,9.267065369782625,3.3436999999999997
650,/home/htj/resisc45/imgs_full/airplane_s0005650.png,airplane,airport,airport,0,1782904585.8379984,1782904588.9027643,3.0647659301757812,9.16943913353814,3.2779499999999993
651,/home/htj/resisc45/imgs_full/parking_lot_s0005651.png,parking_lot,parking lot,parking_lot,1,1782904588.9040048,1782904592.2220008,3.317996025085449,10.134303997171337,3.25885
652,/home/htj/resisc45/imgs_full/rectangular_farmland_s0005652.png,rectangular_farmland,rectangular farmland,rectangular_farmland,1,1782904592.223458,1782904595.6602037,3.4367456436157227,10.513624664838197,3.341
653,/home/htj/resisc45/imgs_full/forest_s0005653.png,forest,forest,forest,1,1782904595.6616547,1782904598.7183335,3.0566787719726562,9.267273304777326,3.343
654,/home/htj/resisc45/imgs_full/beach_s0005654.png,beach,sea ice,sea_ice,0,1782904598.719873,1782904601.9030118,3.183138847351074,9.641670726861271,3.341
655,/home/htj/resisc45/imgs_full/meadow_s0005655.png,meadow,meadow,meadow,1,1782904601.9044619,1782904605.0950882,3.190626382827759,9.603272633071457,3.244
656,/home/htj/resisc45/imgs_full/commercial_area_s0005656.png,commercial_area,dense residential,dense_residential,0,1782904605.0966127,1782904608.2895336,3.1929209232330322,9.679396795225996,3.343
657,/home/htj/resisc45/imgs_full/wetland_s0005657.png,wetland,railway station,railway_station,0,1782904608.2910244,1782904611.6154377,3.324413299560547,10.11816178014723,3.343
658,/home/htj/resisc45/imgs_full/freeway_s0005658.png,freeway,freeway,freeway,1,1782904611.616884,1782904614.8097782,3.192894220352173,9.694368060576064,3.343
659,/home/htj/resisc45/imgs_full/forest_s0005659.png,forest,forest,forest,1,1782904614.8116279,1782904617.865571,3.053943157196045,9.202039723157881,3.2779499999999993
660,/home/htj/resisc45/imgs_full/sparse_residential_s0005660.png,sparse_residential,sparse residential,sparse_residential,1,1782904617.8667305,1782904621.0480268,3.1812963485717773,9.62249598640095,3.3416
661,/home/htj/resisc45/imgs_full/ship_s0005661.png,ship,harbor,harbor,0,1782904621.0495129,1782904624.2379239,3.188410997390747,9.565005248529571,3.26875
662,/home/htj/resisc45/imgs_full/ship_s0005662.png,ship,airplane,airplane,0,1782904624.2391534,1782904627.4314296,3.1922762393951416,9.645322645216657,3.3414
663,/home/htj/resisc45/imgs_full/bridge_s0005663.png,bridge,bridge,bridge,1,1782904627.4328551,1782904630.5039408,3.0710856914520264,9.21261967921257,3.343
664,/home/htj/resisc45/imgs_full/ship_s0005664.png,ship,harbor,harbor,0,1782904630.5049477,1782904633.6974895,3.1925418376922607,9.63884390305218,3.343
665,/home/htj/resisc45/imgs_full/commercial_area_s0005665.png,commercial_area,commercial area,commercial_area,1,1782904633.6992755,1782904636.8882077,3.188932180404663,9.606202631728989,3.241
666,/home/htj/resisc45/imgs_full/forest_s0005666.png,forest,forest,forest,1,1782904636.8900557,1782904639.952231,3.0621752738952637,9.143424260283416,3.2422
667,/home/htj/resisc45/imgs_full/snowberg_s0005667.png,snowberg,sea ice,sea_ice,0,1782904639.9535885,1782904643.1384492,3.1848607063293457,9.542127038725784,3.24175
668,/home/htj/resisc45/imgs_full/sparse_residential_s0005668.png,sparse_residential,sparse residential,sparse_residential,1,1782904643.1400468,1782904646.3226695,3.1826226711273193,9.605325719105346,3.26875
669,/home/htj/resisc45/imgs_full/tennis_court_s0005669.png,tennis_court,airport,airport,0,1782904646.3238657,1782904649.383866,3.060000419616699,9.268741271018982,3.27865
670,/home/htj/resisc45/imgs_full/intersection_s0005670.png,intersection,intersection,intersection,1,1782904649.3853297,1782904652.436166,3.0508363246917725,9.17855407677315,3.343
671,/home/htj/resisc45/imgs_full/bridge_s0005671.png,bridge,bridge,bridge,1,1782904652.4374623,1782904655.4977446,3.0602822303771973,9.176458361895579,3.244
672,/home/htj/resisc45/imgs_full/palace_s0005672.png,palace,palace,palace,1,1782904655.4994125,1782904658.6893008,3.1898882389068604,9.655848661461048,3.343
673,/home/htj/resisc45/imgs_full/ground_track_field_s0005673.png,ground_track_field,stadium,stadium,0,1782904658.690706,1782904661.869693,3.1789870262145996,9.566934384890965,3.343
674,/home/htj/resisc45/imgs_full/bridge_s0005674.png,bridge,bridge,bridge,1,1782904661.8711498,1782904664.92492,3.0537703037261963,9.239012400017844,3.27865
675,/home/htj/resisc45/imgs_full/wetland_s0005675.png,wetland,forest,forest,0,1782904664.9264882,1782904667.9826381,3.056149959564209,9.210832335679036,3.244
676,/home/htj/resisc45/imgs_full/chaparral_s0005676.png,chaparral,chaparral,chaparral,1,1782904667.9841805,1782904671.290198,3.3060176372528076,9.946097061370981,3.244
677,/home/htj/resisc45/imgs_full/river_s0005677.png,river,river,river,1,1782904671.2916653,1782904674.3452644,3.0535991191864014,9.196691550979075,3.343
678,/home/htj/resisc45/imgs_full/wetland_s0005678.png,wetland,forest,forest,0,1782904674.3463004,1782904677.4005997,3.0542993545532227,9.22828269428677,3.341
679,/home/htj/resisc45/imgs_full/church_s0005679.png,church,stadium,stadium,0,1782904677.4019907,1782904680.5928965,3.190905809402466,9.633287658125163,3.343
680,/home/htj/resisc45/imgs_full/tennis_court_s0005680.png,tennis_court,dense residential,dense_residential,0,1782904680.594449,1782904683.7774615,3.1830124855041504,9.608775780124326,3.343
681,/home/htj/resisc45/imgs_full/harbor_s0005681.png,harbor,harbor,harbor,1,1782904683.7787461,1782904686.9759817,3.197235584259033,9.649256993293761,3.343
682,/home/htj/resisc45/imgs_full/medium_residential_s0005682.png,medium_residential,sparse residential,sparse_residential,0,1782904686.9776895,1782904690.160363,3.182673454284668,9.543757853763443,3.343
683,/home/htj/resisc45/imgs_full/medium_residential_s0005683.png,medium_residential,sparse residential,sparse_residential,0,1782904690.162121,1782904693.3438187,3.1816976070404053,9.597136303407805,3.26825
684,/home/htj/resisc45/imgs_full/mobile_home_park_s0005684.png,mobile_home_park,mobile home park,mobile_home_park,1,1782904693.3454936,1782904696.6613193,3.3158257007598877,10.036489871522475,3.345
685,/home/htj/resisc45/imgs_full/palace_s0005685.png,palace,baseball diamond,baseball_diamond,0,1782904696.6626687,1782904699.9711328,3.3084640502929688,9.980038850192365,3.343
686,/home/htj/resisc45/imgs_full/industrial_area_s0005686.png,industrial_area,industrial area,industrial_area,1,1782904699.9726841,1782904703.28398,3.311295747756958,9.986982157846976,3.25885
687,/home/htj/resisc45/imgs_full/tennis_court_s0005687.png,tennis_court,tennis court,tennis_court,1,1782904703.2854192,1782904706.593455,3.3080358505249023,10.020211696542544,3.343
688,/home/htj/resisc45/imgs_full/terrace_s0005688.png,terrace,circular farmland,circular_farmland,0,1782904706.59452,1782904710.044697,3.450176954269409,10.511614534378051,3.343
689,/home/htj/resisc45/imgs_full/bridge_s0005689.png,bridge,river,river,0,1782904710.0460083,1782904713.100486,3.0544776916503906,9.197937359986481,3.2779499999999993
690,/home/htj/resisc45/imgs_full/desert_s0005690.png,desert,desert,desert,1,1782904713.1017365,1782904716.2846918,3.182955265045166,9.634976102752345,3.343
691,/home/htj/resisc45/imgs_full/river_s0005691.png,river,river,river,1,1782904716.2861292,1782904719.3487277,3.062598466873169,9.182305837329828,3.244
692,/home/htj/resisc45/imgs_full/harbor_s0005692.png,harbor,harbor,harbor,1,1782904719.3502083,1782904722.5328803,3.1826720237731934,9.585241967311926,3.26875
693,/home/htj/resisc45/imgs_full/beach_s0005693.png,beach,beach,beach,1,1782904722.5343068,1782904725.7094913,3.175184488296509,9.42525165489316,3.244
694,/home/htj/resisc45/imgs_full/overpass_s0005694.png,overpass,intersection,intersection,0,1782904725.7107768,1782904728.7675128,3.0567359924316406,9.0907328414917,3.244
695,/home/htj/resisc45/imgs_full/commercial_area_s0005695.png,commercial_area,dense residential,dense_residential,0,1782904728.769232,1782904731.9652736,3.1960415840148926,9.542866520328182,3.343
696,/home/htj/resisc45/imgs_full/palace_s0005696.png,palace,palace,palace,1,1782904731.9663537,1782904735.150571,3.1842174530029297,9.44228510764667,3.241
697,/home/htj/resisc45/imgs_full/industrial_area_s0005697.png,industrial_area,industrial area,industrial_area,1,1782904735.1520684,1782904738.465233,3.313164710998535,9.916473350607117,3.25885
698,/home/htj/resisc45/imgs_full/baseball_diamond_s0005698.png,baseball_diamond,baseball diamond,baseball_diamond,1,1782904738.466836,1782904741.790306,3.323470115661621,9.936430730112667,3.244
699,/home/htj/resisc45/imgs_full/railway_station_s0005699.png,railway_station,storage tank,storage_tank,0,1782904741.791962,1782904744.98486,3.1928980350494385,9.606974059173037,3.343
700,/home/htj/resisc45/imgs_full/dense_residential_s0005700.png,dense_residential,dense residential,dense_residential,1,1782904744.9867778,1782904748.1704485,3.18367075920105,9.754593551423334,3.343
701,/home/htj/resisc45/imgs_full/lake_s0005701.png,lake,lake,lake,1,1782904748.1719012,1782904751.2302158,3.058314561843872,9.192897124718737,3.3417
702,/home/htj/resisc45/imgs_full/medium_residential_s0005702.png,medium_residential,sparse residential,sparse_residential,0,1782904751.2317712,1782904754.4141538,3.182382583618164,9.485261775255204,3.26875
703,/home/htj/resisc45/imgs_full/intersection_s0005703.png,intersection,intersection,intersection,1,1782904754.4157858,1782904757.4626913,3.046905517578125,9.165148221051252,3.244
704,/home/htj/resisc45/imgs_full/medium_residential_s0005704.png,medium_residential,dense residential,dense_residential,0,1782904757.4642642,1782904760.6438015,3.179537296295166,9.671343118563565,3.343
705,/home/htj/resisc45/imgs_full/commercial_area_s0005705.png,commercial_area,commercial area,commercial_area,1,1782904760.6448948,1782904763.839299,3.194404125213623,9.601818378615798,3.343
706,/home/htj/resisc45/imgs_full/storage_tank_s0005706.png,storage_tank,storage tank,storage_tank,1,1782904763.8409972,1782904767.0354652,3.1944680213928223,9.535315911642142,3.341
707,/home/htj/resisc45/imgs_full/ship_s0005707.png,ship,harbor,harbor,0,1782904767.036744,1782904770.2142313,3.1774871349334717,9.546211258220673,3.2419000000000002
708,/home/htj/resisc45/imgs_full/railway_s0005708.png,railway,railway,railway,1,1782904770.216026,1782904773.4064758,3.1904497146606445,9.604677949036871,3.26825
709,/home/htj/resisc45/imgs_full/thermal_power_station_s0005709.png,thermal_power_station,storage tank,storage_tank,0,1782904773.408054,1782904776.5894618,3.1814076900482178,9.552841792795874,3.2716
710,/home/htj/resisc45/imgs_full/sea_ice_s0005710.png,sea_ice,sea ice,sea_ice,1,1782904776.5906615,1782904779.7708764,3.1802148818969727,9.473916922722545,3.26875
711,/home/htj/resisc45/imgs_full/mobile_home_park_s0005711.png,mobile_home_park,sparse residential,sparse_residential,0,1782904779.772049,1782904782.9609334,3.1888844966888428,9.583736799870218,3.26875
712,/home/htj/resisc45/imgs_full/intersection_s0005712.png,intersection,intersection,intersection,1,1782904782.962571,1782904786.0291097,3.0665388107299805,9.2237512283855,3.241
713,/home/htj/resisc45/imgs_full/chaparral_s0005713.png,chaparral,chaparral,chaparral,1,1782904786.030919,1782904789.358377,3.327457904815674,10.240505491232469,3.343
714,/home/htj/resisc45/imgs_full/chaparral_s0005714.png,chaparral,chaparral,chaparral,1,1782904789.3602233,1782904792.6747584,3.314535140991211,10.044641597616263,3.343
715,/home/htj/resisc45/imgs_full/ship_s0005715.png,ship,ship,ship,1,1782904792.676475,1782904795.7356071,3.0591320991516113,9.322648421570106,3.343
716,/home/htj/resisc45/imgs_full/ground_track_field_s0005716.png,ground_track_field,baseball diamond,baseball_diamond,0,1782904795.7368603,1782904799.049638,3.3127777576446533,10.054794546172536,3.343
717,/home/htj/resisc45/imgs_full/circular_farmland_s0005717.png,circular_farmland,circular farmland,circular_farmland,1,1782904799.0508645,1782904802.4909809,3.4401164054870605,10.372638985824583,3.244
718,/home/htj/resisc45/imgs_full/terrace_s0005718.png,terrace,rectangular farmland,rectangular_farmland,0,1782904802.492766,1782904805.93394,3.441174030303955,10.49670904620749,3.341
719,/home/htj/resisc45/imgs_full/airport_s0005719.png,airport,airport,airport,1,1782904805.935525,1782904809.0002723,3.0647473335266113,9.196381541171164,3.339
720,/home/htj/resisc45/imgs_full/mobile_home_park_s0005720.png,mobile_home_park,mobile home park,mobile_home_park,1,1782904809.0017927,1782904812.3219023,3.3201096057891846,10.186433908826213,3.343
721,/home/htj/resisc45/imgs_full/airplane_s0005721.png,airplane,airport,airport,0,1782904812.3234727,1782904815.375245,3.051772356033325,9.240306049184978,3.2422
722,/home/htj/resisc45/imgs_full/runway_s0005722.png,runway,intersection,intersection,0,1782904815.3764186,1782904818.4333124,3.056893825531006,9.250330543491575,3.341
723,/home/htj/resisc45/imgs_full/palace_s0005723.png,palace,palace,palace,1,1782904818.4350703,1782904821.621489,3.1864187717437744,9.567051661155054,3.2665
724,/home/htj/resisc45/imgs_full/parking_lot_s0005724.png,parking_lot,parking lot,parking_lot,1,1782904821.623244,1782904824.935175,3.3119308948516846,9.990667953347337,3.25885
725,/home/htj/resisc45/imgs_full/mobile_home_park_s0005725.png,mobile_home_park,mobile home park,mobile_home_park,1,1782904824.9368408,1782904828.2602422,3.32340145111084,10.099704352249534,3.345
726,/home/htj/resisc45/imgs_full/snowberg_s0005726.png,snowberg,sea ice,sea_ice,0,1782904828.2619703,1782904831.4595382,3.197567939758301,10.160557625719479,3.67225
727,/home/htj/resisc45/imgs_full/island_s0005727.png,island,island,island,1,1782904831.4609537,1782904834.6527202,3.1917665004730225,9.724001622842891,3.36975
728,/home/htj/resisc45/imgs_full/beach_s0005728.png,beach,island,island,0,1782904834.6539993,1782904837.8325558,3.178556442260742,9.734612904105868,3.345
729,/home/htj/resisc45/imgs_full/baseball_diamond_s0005729.png,baseball_diamond,baseball diamond,baseball_diamond,1,1782904837.834027,1782904841.1429033,3.3088762760162354,10.008723189448487,3.343
730,/home/htj/resisc45/imgs_full/river_s0005730.png,river,forest,forest,0,1782904841.1444879,1782904844.2030468,3.058558940887451,9.146903712625857,3.27865
731,/home/htj/resisc45/imgs_full/island_s0005731.png,island,island,island,1,1782904844.2047362,1782904847.3848507,3.180114507675171,9.517446698570252,3.343
732,/home/htj/resisc45/imgs_full/dense_residential_s0005732.png,dense_residential,dense residential,dense_residential,1,1782904847.386444,1782904850.5834649,3.1970207691192627,9.636830183631496,3.244
733,/home/htj/resisc45/imgs_full/medium_residential_s0005733.png,medium_residential,dense residential,dense_residential,0,1782904850.5851128,1782904853.7833323,3.1982195377349854,9.799059108304125,3.343
734,/home/htj/resisc45/imgs_full/desert_s0005734.png,desert,desert,desert,1,1782904853.784719,1782904856.9762292,3.1915102005004883,9.638588770525795,3.244
735,/home/htj/resisc45/imgs_full/industrial_area_s0005735.png,industrial_area,industrial area,industrial_area,1,1782904856.9778557,1782904860.2915921,3.3137364387512207,9.968119141471798,3.244
736,/home/htj/resisc45/imgs_full/harbor_s0005736.png,harbor,harbor,harbor,1,1782904860.2927744,1782904863.4739873,3.181212902069092,9.733034488626888,3.244
737,/home/htj/resisc45/imgs_full/beach_s0005737.png,beach,beach,beach,1,1782904863.4755933,1782904866.6614568,3.185863494873047,9.705903808389392,3.341
738,/home/htj/resisc45/imgs_full/stadium_s0005738.png,stadium,stadium,stadium,1,1782904866.6632938,1782904869.850399,3.187105178833008,9.660115797042847,3.343
739,/home/htj/resisc45/imgs_full/overpass_s0005739.png,overpass,airport,airport,0,1782904869.8515277,1782904872.9111977,3.0596699714660645,9.214762724620325,3.343
740,/home/htj/resisc45/imgs_full/airplane_s0005740.png,airplane,airport,airport,0,1782904872.9123824,1782904875.9660654,3.053683042526245,9.205241106703596,3.2422
741,/home/htj/resisc45/imgs_full/rectangular_farmland_s0005741.png,rectangular_farmland,rectangular farmland,rectangular_farmland,1,1782904875.9675941,1782904879.4139333,3.4463391304016113,10.504667658915285,3.343
742,/home/htj/resisc45/imgs_full/airport_s0005742.png,airport,airport,airport,1,1782904879.4156656,1782904882.4766083,3.0609426498413086,9.21020317246779,3.343
743,/home/htj/resisc45/imgs_full/bridge_s0005743.png,bridge,river,river,0,1782904882.4781568,1782904885.5381873,3.060030460357666,9.312250055106182,3.341
744,/home/htj/resisc45/imgs_full/golf_course_s0005744.png,golf_course,golf course,golf_course,1,1782904885.539331,1782904888.8518856,3.3125545978546143,9.969361514284694,3.244
745,/home/htj/resisc45/imgs_full/medium_residential_s0005745.png,medium_residential,dense residential,dense_residential,0,1782904888.8534307,1782904892.037108,3.1836771965026855,9.538240029343536,3.244
746,/home/htj/resisc45/imgs_full/baseball_diamond_s0005746.png,baseball_diamond,baseball diamond,baseball_diamond,1,1782904892.0386684,1782904895.3501348,3.3114664554595947,9.996587583881315,3.343
747,/home/htj/resisc45/imgs_full/overpass_s0005747.png,overpass,intersection,intersection,0,1782904895.3517268,1782904898.419568,3.0678412914276123,9.123817884503671,3.2836
748,/home/htj/resisc45/imgs_full/runway_s0005748.png,runway,airport,airport,0,1782904898.421005,1782904901.4798074,3.058802366256714,9.174084674751319,3.343
749,/home/htj/resisc45/imgs_full/terrace_s0005749.png,terrace,rectangular farmland,rectangular_farmland,0,1782904901.480982,1782904904.929656,3.448673963546753,10.298192740260577,3.244
750,/home/htj/resisc45/imgs_full/baseball_diamond_s0005750.png,baseball_diamond,baseball diamond,baseball_diamond,1,1782904904.9311926,1782904908.2420862,3.3108935356140137,9.890381087706007,3.26085
751,/home/htj/resisc45/imgs_full/wetland_s0005751.png,wetland,lake,lake,0,1782904908.2436135,1782904911.297429,3.0538156032562256,9.188535285212375,3.3436999999999997
752,/home/htj/resisc45/imgs_full/forest_s0005752.png,forest,forest,forest,1,1782904911.2992058,1782904914.3541553,3.0549495220184326,9.178855221410966,3.343
753,/home/htj/resisc45/imgs_full/mountain_s0005753.png,mountain,mountain,mountain,1,1782904914.355529,1782904917.5342317,3.1787025928497314,9.455221150070429,3.246
754,/home/htj/resisc45/imgs_full/church_s0005754.png,church,palace,palace,0,1782904917.5357804,1782904920.7178314,3.182050943374634,9.474954440265895,3.244
755,/home/htj/resisc45/imgs_full/mountain_s0005755.png,mountain,mountain,mountain,1,1782904920.7196286,1782904923.9070647,3.187436103820801,9.661346504688263,3.343
756,/home/htj/resisc45/imgs_full/thermal_power_station_s0005756.png,thermal_power_station,industrial area,industrial_area,0,1782904923.9087136,1782904927.2335012,3.3247876167297363,10.163417152947392,3.3433
757,/home/htj/resisc45/imgs_full/railway_station_s0005757.png,railway_station,railway station,railway_station,1,1782904927.2351484,1782904930.5498078,3.314659357070923,9.934820622480522,3.345
758,/home/htj/resisc45/imgs_full/commercial_area_s0005758.png,commercial_area,commercial area,commercial_area,1,1782904930.551014,1782904933.732029,3.1810150146484375,9.475838872181285,3.343
759,/home/htj/resisc45/imgs_full/tennis_court_s0005759.png,tennis_court,tennis court,tennis_court,1,1782904933.733681,1782904937.0462182,3.31253719329834,9.954005831766937,3.345
760,/home/htj/resisc45/imgs_full/desert_s0005760.png,desert,desert,desert,1,1782904937.047685,1782904940.2237506,3.176065683364868,9.41380093884468,3.343
761,/home/htj/resisc45/imgs_full/dense_residential_s0005761.png,dense_residential,dense residential,dense_residential,1,1782904940.2257156,1782904943.4087412,3.183025598526001,9.474844091440952,3.345
762,/home/htj/resisc45/imgs_full/airport_s0005762.png,airport,airport,airport,1,1782904943.4098482,1782904946.4757655,3.0659172534942627,9.068358697136242,3.2806499999999996
763,/home/htj/resisc45/imgs_full/cloud_s0005763.png,cloud,cloud,cloud,1,1782904946.476876,1782904949.5393074,3.0624313354492188,9.089920032218652,3.2799499999999995
764,/home/htj/resisc45/imgs_full/palace_s0005764.png,palace,storage tank,storage_tank,0,1782904949.5410526,1782904952.7303514,3.1892988681793213,9.428877344944647,3.2445
765,/home/htj/resisc45/imgs_full/basketball_court_s0005765.png,basketball_court,tennis court,tennis_court,0,1782904952.7318745,1782904956.0543525,3.3224780559539795,9.872285270431947,3.25885
766,/home/htj/resisc45/imgs_full/intersection_s0005766.png,intersection,sparse residential,sparse_residential,0,1782904956.0559886,1782904959.2354753,3.1794867515563965,9.425985910832882,3.343
767,/home/htj/resisc45/imgs_full/freeway_s0005767.png,freeway,freeway,freeway,1,1782904959.2370229,1782904962.4147367,3.1777138710021973,9.503974739262036,3.343
768,/home/htj/resisc45/imgs_full/parking_lot_s0005768.png,parking_lot,parking lot,parking_lot,1,1782904962.4166229,1782904965.7248507,3.308227777481079,9.879109642887938,3.343
769,/home/htj/resisc45/imgs_full/church_s0005769.png,church,church,church,1,1782904965.7265031,1782904968.790511,3.0640077590942383,9.105266464992805,3.343
770,/home/htj/resisc45/imgs_full/river_s0005770.png,river,river,river,1,1782904968.7921443,1782904971.84924,3.057095766067505,9.101653450197643,3.3436999999999997
771,/home/htj/resisc45/imgs_full/snowberg_s0005771.png,snowberg,sea ice,sea_ice,0,1782904971.8509536,1782904975.0458343,3.194880723953247,9.502373993217946,3.244
772,/home/htj/resisc45/imgs_full/intersection_s0005772.png,intersection,intersection,intersection,1,1782904975.0475218,1782904978.1065278,3.0590059757232666,9.056073894611112,3.2447
773,/home/htj/resisc45/imgs_full/ground_track_field_s0005773.png,ground_track_field,stadium,stadium,0,1782904978.1075735,1782904981.2920244,3.18445086479187,9.449250000650233,3.2751
774,/home/htj/resisc45/imgs_full/mobile_home_park_s0005774.png,mobile_home_park,mobile home park,mobile_home_park,1,1782904981.2935824,1782904984.6066213,3.3130388259887695,9.882682511523619,3.2539
775,/home/htj/resisc45/imgs_full/storage_tank_s0005775.png,storage_tank,storage tank,storage_tank,1,1782904984.6080945,1782904987.798209,3.1901144981384277,9.534283807320254,3.345
776,/home/htj/resisc45/imgs_full/thermal_power_station_s0005776.png,thermal_power_station,storage tank,storage_tank,0,1782904987.79975,1782904990.9925506,3.192800521850586,9.5368951587677,3.345
777,/home/htj/resisc45/imgs_full/church_s0005777.png,church,church,church,1,1782904990.9942858,1782904994.0616322,3.0673463344573975,9.04764923787117,3.244
778,/home/htj/resisc45/imgs_full/roundabout_s0005778.png,roundabout,roundabout,roundabout,1,1782904994.0629342,1782904997.258171,3.195236921310425,9.474448049707073,3.2445
779,/home/htj/resisc45/imgs_full/storage_tank_s0005779.png,storage_tank,storage tank,storage_tank,1,1782904997.259791,1782905000.4409404,3.181149482727051,9.467498504281044,3.3435
780,/home/htj/resisc45/imgs_full/thermal_power_station_s0005780.png,thermal_power_station,storage tank,storage_tank,0,1782905000.4425375,1782905003.6273084,3.1847708225250244,9.553857500314711,3.345
781,/home/htj/resisc45/imgs_full/railway_s0005781.png,railway,railway station,railway_station,0,1782905003.6287863,1782905006.9478636,3.319077253341675,9.925242722359195,3.26055
782,/home/htj/resisc45/imgs_full/railway_s0005782.png,railway,railway,railway,1,1782905006.9495332,1782905010.1464949,3.1969616413116455,9.745138323128224,3.343
783,/home/htj/resisc45/imgs_full/snowberg_s0005783.png,snowberg,snowberg,snowberg,1,1782905010.1483054,1782905013.3451982,3.196892738342285,9.583028507402965,3.26875
784,/home/htj/resisc45/imgs_full/harbor_s0005784.png,harbor,harbor,harbor,1,1782905013.3468854,1782905016.5461843,3.199298858642578,9.653998566627502,3.345
785,/home/htj/resisc45/imgs_full/church_s0005785.png,church,palace,palace,0,1782905016.5479236,1782905019.7377295,3.1898059844970703,9.561614320993424,3.343
786,/home/htj/resisc45/imgs_full/palace_s0005786.png,palace,storage tank,storage_tank,0,1782905019.7394788,1782905022.9295266,3.1900477409362793,9.579656400893416,3.26875
787,/home/htj/resisc45/imgs_full/snowberg_s0005787.png,snowberg,snowberg,snowberg,1,1782905022.9313798,1782905026.1140523,3.1826725006103516,9.536791347919811,3.244
788,/home/htj/resisc45/imgs_full/baseball_diamond_s0005788.png,baseball_diamond,baseball diamond,baseball_diamond,1,1782905026.115677,1782905029.4363203,3.320643186569214,10.067177064095514,3.343
789,/home/htj/resisc45/imgs_full/beach_s0005789.png,beach,beach,beach,1,1782905029.4380836,1782905032.634853,3.1967692375183105,9.564790643819741,3.343
790,/home/htj/resisc45/imgs_full/basketball_court_s0005790.png,basketball_court,basketball court,basketball_court,1,1782905032.6365738,1782905035.9576705,3.321096658706665,9.891027493649515,3.26085
791,/home/htj/resisc45/imgs_full/baseball_diamond_s0005791.png,baseball_diamond,baseball diamond,baseball_diamond,1,1782905035.9593275,1782905039.2639623,3.3046348094940186,9.979427360049609,3.3433
792,/home/htj/resisc45/imgs_full/railway_station_s0005792.png,railway_station,railway station,railway_station,1,1782905039.2656891,1782905042.573932,3.3082427978515625,9.968990400643184,3.343
793,/home/htj/resisc45/imgs_full/forest_s0005793.png,forest,forest,forest,1,1782905042.575625,1782905045.6296818,3.0540568828582764,9.188808811386426,3.343
794,/home/htj/resisc45/imgs_full/overpass_s0005794.png,overpass,intersection,intersection,0,1782905045.6312184,1782905048.6883488,3.0571303367614746,9.068977144002915,3.2806499999999996
795,/home/htj/resisc45/imgs_full/tennis_court_s0005795.png,tennis_court,sparse residential,sparse_residential,0,1782905048.6894739,1782905051.881834,3.1923601627349854,9.460559342265128,3.244
796,/home/htj/resisc45/imgs_full/chaparral_s0005796.png,chaparral,chaparral,chaparral,1,1782905051.8835557,1782905055.1969025,3.3133468627929688,9.882571158310462,3.26085
797,/home/htj/resisc45/imgs_full/river_s0005797.png,river,river,river,1,1782905055.1981807,1782905058.2593713,3.061190605163574,9.177732877854947,3.343
798,/home/htj/resisc45/imgs_full/industrial_area_s0005798.png,industrial_area,storage tank,storage_tank,0,1782905058.2605772,1782905061.4469442,3.1863670349121094,9.481376508849007,3.3435
799,/home/htj/resisc45/imgs_full/lake_s0005799.png,lake,forest,forest,0,1782905061.4485002,1782905064.5017755,3.0532753467559814,9.114199736973024,3.343
800,/home/htj/resisc45/imgs_full/golf_course_s0005800.png,golf_course,golf course,golf_course,1,1782905064.503179,1782905067.8127956,3.3096165657043457,9.813574069273674,3.244
801,/home/htj/resisc45/imgs_full/chaparral_s0005801.png,chaparral,sparse residential,sparse_residential,0,1782905067.814759,1782905071.004368,3.1896090507507324,9.65067479878664,3.343
802,/home/htj/resisc45/imgs_full/railway_station_s0005802.png,railway_station,airport,airport,0,1782905071.0059502,1782905074.0612707,3.0553205013275146,9.227471446905495,3.2836
803,/home/htj/resisc45/imgs_full/wetland_s0005803.png,wetland,wetland,wetland,1,1782905074.0627854,1782905077.3723438,3.309558391571045,9.972384170022504,3.244
804,/home/htj/resisc45/imgs_full/basketball_court_s0005804.png,basketball_court,basketball court,basketball_court,1,1782905077.373624,1782905080.6938581,3.3202340602874756,10.131497271929758,3.343
805,/home/htj/resisc45/imgs_full/sea_ice_s0005805.png,sea_ice,sea ice,sea_ice,1,1782905080.6953526,1782905083.8782222,3.1828696727752686,9.696782968985183,3.3435
806,/home/htj/resisc45/imgs_full/overpass_s0005806.png,overpass,freeway,freeway,0,1782905083.8797877,1782905087.0626717,3.1828839778900146,9.55024337565899,3.343
807,/home/htj/resisc45/imgs_full/lake_s0005807.png,lake,lake,lake,1,1782905087.0640416,1782905090.1191363,3.0550947189331055,9.184537017858254,3.2836
808,/home/htj/resisc45/imgs_full/intersection_s0005808.png,intersection,intersection,intersection,1,1782905090.1203537,1782905093.1823409,3.0619871616363525,9.165264719835035,3.244
809,/home/htj/resisc45/imgs_full/bridge_s0005809.png,bridge,bridge,bridge,1,1782905093.1841462,1782905096.2431104,3.058964252471924,9.132594423241086,3.244
810,/home/htj/resisc45/imgs_full/chaparral_s0005810.png,chaparral,chaparral,chaparral,1,1782905096.2444043,1782905099.5587668,3.3143625259399414,9.881486150182528,3.244
811,/home/htj/resisc45/imgs_full/circular_farmland_s0005811.png,circular_farmland,rectangular farmland,rectangular_farmland,0,1782905099.5603962,1782905103.0067806,3.4463844299316406,10.505383898798623,3.3411
812,/home/htj/resisc45/imgs_full/thermal_power_station_s0005812.png,thermal_power_station,thermal power station,thermal_power_station,1,1782905103.0084856,1782905106.3231137,3.3146281242370605,10.164764333059049,3.343
813,/home/htj/resisc45/imgs_full/overpass_s0005813.png,overpass,bridge,bridge,0,1782905106.3246796,1782905109.379785,3.055105447769165,9.328562732516595,3.343
814,/home/htj/resisc45/imgs_full/industrial_area_s0005814.png,industrial_area,industrial area,industrial_area,1,1782905109.3810422,1782905112.6930087,3.3119664192199707,9.944319511268098,3.244
815,/home/htj/resisc45/imgs_full/airplane_s0005815.png,airplane,airport,airport,0,1782905112.694534,1782905115.7524242,3.0578901767730713,9.312371813054355,3.3418
816,/home/htj/resisc45/imgs_full/cloud_s0005816.png,cloud,cloud,cloud,1,1782905115.7536068,1782905118.809562,3.055955171585083,9.140644877023167,3.241
817,/home/htj/resisc45/imgs_full/mountain_s0005817.png,mountain,forest,forest,0,1782905118.8107262,1782905121.86946,3.0587339401245117,9.19568708843655,3.343
818,/home/htj/resisc45/imgs_full/meadow_s0005818.png,meadow,meadow,meadow,1,1782905121.8706164,1782905125.0617669,3.191150426864624,9.684343757927417,3.343
819,/home/htj/resisc45/imgs_full/forest_s0005819.png,forest,forest,forest,1,1782905125.0633068,1782905128.1183136,3.055006742477417,9.277306135627459,3.343
820,/home/htj/resisc45/imgs_full/snowberg_s0005820.png,snowberg,snowberg,snowberg,1,1782905128.1200738,1782905131.3086412,3.1885673999786377,9.911206253205027,3.444
821,/home/htj/resisc45/imgs_full/parking_lot_s0005821.png,parking_lot,parking lot,parking_lot,1,1782905131.3101816,1782905134.6199713,3.3097896575927734,9.933520234382758,3.244
822,/home/htj/resisc45/imgs_full/snowberg_s0005822.png,snowberg,snowberg,snowberg,1,1782905134.6212008,1782905137.8064864,3.1852855682373047,9.70035284094377,3.341
823,/home/htj/resisc45/imgs_full/industrial_area_s0005823.png,industrial_area,industrial area,industrial_area,1,1782905137.808167,1782905141.1243055,3.316138505935669,9.98392106974125,3.25885
824,/home/htj/resisc45/imgs_full/freeway_s0005824.png,freeway,freeway,freeway,1,1782905141.1258519,1782905144.3143613,3.188509464263916,9.680997985533306,3.343
825,/home/htj/resisc45/imgs_full/intersection_s0005825.png,intersection,intersection,intersection,1,1782905144.3159711,1782905147.3872929,3.071321725845337,9.288530043880145,3.3417
826,/home/htj/resisc45/imgs_full/church_s0005826.png,church,palace,palace,0,1782905147.3886645,1782905150.5794654,3.190800905227661,9.538614413240126,3.244
827,/home/htj/resisc45/imgs_full/snowberg_s0005827.png,snowberg,snowberg,snowberg,1,1782905150.5812685,1782905153.7660756,3.184807062149048,9.636202482078758,3.343
828,/home/htj/resisc45/imgs_full/river_s0005828.png,river,river,river,1,1782905153.7674925,1782905156.8221235,3.054630994796753,9.159224586077457,3.2836
829,/home/htj/resisc45/imgs_full/railway_station_s0005829.png,railway_station,railway station,railway_station,1,1782905156.8237042,1782905160.135196,3.3114917278289795,9.88104230001417,3.244
830,/home/htj/resisc45/imgs_full/parking_lot_s0005830.png,parking_lot,parking lot,parking_lot,1,1782905160.1367872,1782905163.4546485,3.317861318588257,10.052490545761996,3.343
831,/home/htj/resisc45/imgs_full/stadium_s0005831.png,stadium,stadium,stadium,1,1782905163.4562502,1782905166.6473613,3.1911110877990723,9.610657866299151,3.343
832,/home/htj/resisc45/imgs_full/airport_s0005832.png,airport,airport,airport,1,1782905166.6488032,1782905169.7140505,3.0652472972869873,9.172241662581762,3.2799499999999995
833,/home/htj/resisc45/imgs_full/airplane_s0005833.png,airplane,airport,airport,0,1782905169.7153869,1782905172.7745457,3.0591588020324707,9.126913705897781,3.244
834,/home/htj/resisc45/imgs_full/lake_s0005834.png,lake,circular farmland,circular_farmland,0,1782905172.7759879,1782905176.2123096,3.43632173538208,10.321020498791679,3.244
835,/home/htj/resisc45/imgs_full/thermal_power_station_s0005835.png,thermal_power_station,storage tank,storage_tank,0,1782905176.2142448,1782905179.3972316,3.1829867362976074,9.683555076599122,3.341
836,/home/htj/resisc45/imgs_full/industrial_area_s0005836.png,industrial_area,storage tank,storage_tank,0,1782905179.398883,1782905182.5752797,3.176396608352661,9.498843893174614,3.241
837,/home/htj/resisc45/imgs_full/golf_course_s0005837.png,golf_course,golf course,golf_course,1,1782905182.576735,1782905185.8970544,3.320319414138794,9.868561767685001,3.25885
838,/home/htj/resisc45/imgs_full/railway_station_s0005838.png,railway_station,railway station,railway_station,1,1782905185.898701,1782905189.2182207,3.3195197582244873,9.981795912981033,3.343
839,/home/htj/resisc45/imgs_full/rectangular_farmland_s0005839.png,rectangular_farmland,rectangular farmland,rectangular_farmland,1,1782905189.219713,1782905192.6654975,3.445784568786621,10.327355282283222,3.343
840,/home/htj/resisc45/imgs_full/airplane_s0005840.png,airplane,airport,airport,0,1782905192.666913,1782905195.7216353,3.054722309112549,9.295001260199635,3.343
841,/home/htj/resisc45/imgs_full/airport_s0005841.png,airport,airport,airport,1,1782905195.723283,1782905198.776519,3.0532360076904297,9.111873992284139,3.244
842,/home/htj/resisc45/imgs_full/railway_s0005842.png,railway,sparse residential,sparse_residential,0,1782905198.7777212,1782905201.9620824,3.184361219406128,9.428722979881933,3.24175
843,/home/htj/resisc45/imgs_full/church_s0005843.png,church,palace,palace,0,1782905201.9636102,1782905205.1388981,3.175287961959839,9.482146974831819,3.244
844,/home/htj/resisc45/imgs_full/ground_track_field_s0005844.png,ground_track_field,stadium,stadium,0,1782905205.1404774,1782905208.333024,3.1925466060638428,9.584252950446945,3.26875
845,/home/htj/resisc45/imgs_full/terrace_s0005845.png,terrace,circular farmland,circular_farmland,0,1782905208.334398,1782905211.7820718,3.447673797607422,10.352157728385926,3.3411
846,/home/htj/resisc45/imgs_full/chaparral_s0005846.png,chaparral,chaparral,chaparral,1,1782905211.7837288,1782905215.1062746,3.3225457668304443,10.138832878985648,3.343
847,/home/htj/resisc45/imgs_full/roundabout_s0005847.png,roundabout,intersection,intersection,0,1782905215.1079414,1782905218.1622367,3.054295301437378,9.355191251876219,3.343
848,/home/htj/resisc45/imgs_full/desert_s0005848.png,desert,desert,desert,1,1782905218.163427,1782905221.3477135,3.18428635597229,9.571623612514564,3.244
849,/home/htj/resisc45/imgs_full/island_s0005849.png,island,island,island,1,1782905221.3493674,1782905224.5304515,3.181084156036377,9.57455206400156,3.244
850,/home/htj/resisc45/imgs_full/stadium_s0005850.png,stadium,stadium,stadium,1,1782905224.531846,1782905227.7209299,3.1890838146209717,9.601932730346919,3.341
851,/home/htj/resisc45/imgs_full/thermal_power_station_s0005851.png,thermal_power_station,storage tank,storage_tank,0,1782905227.7226315,1782905230.9146283,3.1919968128204346,9.6157193987923,3.266
852,/home/htj/resisc45/imgs_full/snowberg_s0005852.png,snowberg,mountain,mountain,0,1782905230.916416,1782905234.1099555,3.193539619445801,9.734764172468866,3.343
853,/home/htj/resisc45/imgs_full/runway_s0005853.png,runway,runway,runway,1,1782905234.111555,1782905237.2993028,3.1877477169036865,9.552939894697497,3.343
854,/home/htj/resisc45/imgs_full/tennis_court_s0005854.png,tennis_court,dense residential,dense_residential,0,1782905237.3013008,1782905240.4867141,3.185413360595703,9.484682045936584,3.343
855,/home/htj/resisc45/imgs_full/roundabout_s0005855.png,roundabout,intersection,intersection,0,1782905240.4883363,1782905243.53705,3.0487136840820312,9.18871012850161,3.343
856,/home/htj/resisc45/imgs_full/tennis_court_s0005856.png,tennis_court,tennis court,tennis_court,1,1782905243.538174,1782905246.8490202,3.3108463287353516,9.86352496531914,3.343
857,/home/htj/resisc45/imgs_full/thermal_power_station_s0005857.png,thermal_power_station,thermal power station,thermal_power_station,1,1782905246.8505378,1782905250.157376,3.306838274002075,9.922909429032227,3.343
858,/home/htj/resisc45/imgs_full/dense_residential_s0005858.png,dense_residential,mobile home park,mobile_home_park,0,1782905250.1591306,1782905253.4804351,3.3213045597076416,9.964314526224959,3.343
859,/home/htj/resisc45/imgs_full/stadium_s0005859.png,stadium,stadium,stadium,1,1782905253.482063,1782905256.674878,3.192814826965332,9.67159625383009,3.3414
860,/home/htj/resisc45/imgs_full/island_s0005860.png,island,island,island,1,1782905256.6761613,1782905259.8656228,3.1894614696502686,9.533300332784652,3.26875
861,/home/htj/resisc45/imgs_full/beach_s0005861.png,beach,beach,beach,1,1782905259.867048,1782905263.045728,3.178679943084717,9.540432186993685,3.343
862,/home/htj/resisc45/imgs_full/terrace_s0005862.png,terrace,rectangular farmland,rectangular_farmland,0,1782905263.0467281,1782905266.4823532,3.4356250762939453,10.267787953423673,3.343
863,/home/htj/resisc45/imgs_full/tennis_court_s0005863.png,tennis_court,dense residential,dense_residential,0,1782905266.4839542,1782905269.663937,3.179982900619507,9.723535928960358,3.343
864,/home/htj/resisc45/imgs_full/palace_s0005864.png,palace,palace,palace,1,1782905269.665542,1782905272.844646,3.1791040897369385,9.55303438398188,3.343
865,/home/htj/resisc45/imgs_full/roundabout_s0005865.png,roundabout,intersection,intersection,0,1782905272.845752,1782905275.9089525,3.0632004737854004,9.168839729256101,3.343
866,/home/htj/resisc45/imgs_full/tennis_court_s0005866.png,tennis_court,tennis court,tennis_court,1,1782905275.9102423,1782905279.2275774,3.3173351287841797,9.87739345896446,3.2441999999999998
867,/home/htj/resisc45/imgs_full/sparse_residential_s0005867.png,sparse_residential,sparse residential,sparse_residential,1,1782905279.229224,1782905282.4218616,3.1926376819610596,9.62084262042812,3.343
868,/home/htj/resisc45/imgs_full/ground_track_field_s0005868.png,ground_track_field,stadium,stadium,0,1782905282.4234226,1782905285.6092775,3.185854911804199,9.532931250112398,3.343
869,/home/htj/resisc45/imgs_full/railway_s0005869.png,railway,railway station,railway_station,0,1782905285.6111603,1782905288.9235532,3.3123929500579834,9.927869883779822,3.25885
870,/home/htj/resisc45/imgs_full/storage_tank_s0005870.png,storage_tank,storage tank,storage_tank,1,1782905288.9250336,1782905292.1066587,3.1816251277923584,9.70264990087492,3.343
871,/home/htj/resisc45/imgs_full/storage_tank_s0005871.png,storage_tank,storage tank,storage_tank,1,1782905292.1080604,1782905295.290646,3.1825857162475586,9.728766711354256,3.345
872,/home/htj/resisc45/imgs_full/terrace_s0005872.png,terrace,railway station,railway_station,0,1782905295.2921615,1782905298.6131737,3.321012258529663,10.012680182970803,3.3433
873,/home/htj/resisc45/imgs_full/mountain_s0005873.png,mountain,sea ice,sea_ice,0,1782905298.61452,1782905301.8061128,3.1915926933288574,9.688307591506414,3.3435
874,/home/htj/resisc45/imgs_full/rectangular_farmland_s0005874.png,rectangular_farmland,rectangular farmland,rectangular_farmland,1,1782905301.807536,1782905305.250079,3.4425430297851562,10.381160633468628,3.343
875,/home/htj/resisc45/imgs_full/mobile_home_park_s0005875.png,mobile_home_park,mobile home park,mobile_home_park,1,1782905305.2518322,1782905308.562078,3.3102457523345947,9.97517309828936,3.343
876,/home/htj/resisc45/imgs_full/wetland_s0005876.png,wetland,lake,lake,0,1782905308.563279,1782905311.6159256,3.0526466369628906,9.167155447905918,3.343
877,/home/htj/resisc45/imgs_full/snowberg_s0005877.png,snowberg,mountain,mountain,0,1782905311.6170785,1782905314.8131948,3.1961162090301514,9.592400845855476,3.244
878,/home/htj/resisc45/imgs_full/golf_course_s0005878.png,golf_course,golf course,golf_course,1,1782905314.81464,1782905318.133846,3.3192059993743896,10.06990842481387,3.244
879,/home/htj/resisc45/imgs_full/ship_s0005879.png,ship,harbor,harbor,0,1782905318.1353586,1782905321.3271363,3.1917777061462402,9.720559004068376,3.343
880,/home/htj/resisc45/imgs_full/sea_ice_s0005880.png,sea_ice,sea ice,sea_ice,1,1782905321.3285224,1782905324.5212784,3.192755937576294,9.634426109130894,3.27025
881,/home/htj/resisc45/imgs_full/industrial_area_s0005881.png,industrial_area,airport,airport,0,1782905324.523034,1782905327.5875332,3.0644991397857666,9.296725640380824,3.343
882,/home/htj/resisc45/imgs_full/palace_s0005882.png,palace,airport,airport,0,1782905327.5887384,1782905330.6420927,3.053354263305664,9.256157033524422,3.244
883,/home/htj/resisc45/imgs_full/thermal_power_station_s0005883.png,thermal_power_station,storage tank,storage_tank,0,1782905330.643523,1782905333.8277237,3.1842007637023926,9.545551560844693,3.244
884,/home/htj/resisc45/imgs_full/beach_s0005884.png,beach,beach,beach,1,1782905333.8292243,1782905337.0200713,3.1908469200134277,9.575788586369583,3.244
885,/home/htj/resisc45/imgs_full/ship_s0005885.png,ship,harbor,harbor,0,1782905337.0215712,1782905340.2135196,3.191948413848877,9.625833433670657,3.26875
886,/home/htj/resisc45/imgs_full/runway_s0005886.png,runway,runway,runway,1,1782905340.2148583,1782905343.4041688,3.1893105506896973,9.640830178941998,3.26875
887,/home/htj/resisc45/imgs_full/freeway_s0005887.png,freeway,freeway,freeway,1,1782905343.4057577,1782905346.5995588,3.193801164627075,9.597201403213399,3.244
888,/home/htj/resisc45/imgs_full/harbor_s0005888.png,harbor,harbor,harbor,1,1782905346.6009843,1782905349.791567,3.190582752227783,9.717888341673783,3.343
889,/home/htj/resisc45/imgs_full/overpass_s0005889.png,overpass,intersection,intersection,0,1782905349.793,1782905352.84598,3.0529799461364746,9.29875501260934,3.343
890,/home/htj/resisc45/imgs_full/cloud_s0005890.png,cloud,forest,forest,0,1782905352.847336,1782905355.906332,3.0589959621429443,9.17466531542054,3.244
891,/home/htj/resisc45/imgs_full/church_s0005891.png,church,church,church,1,1782905355.9079382,1782905358.9706602,3.0627219676971436,9.290029767054099,3.27865
892,/home/htj/resisc45/imgs_full/baseball_diamond_s0005892.png,baseball_diamond,baseball diamond,baseball_diamond,1,1782905358.9724002,1782905362.2901108,3.3177106380462646,10.057067780161727,3.25885
893,/home/htj/resisc45/imgs_full/parking_lot_s0005893.png,parking_lot,parking lot,parking_lot,1,1782905362.2916646,1782905365.6148658,3.3232011795043945,10.130033940282361,3.343
894,/home/htj/resisc45/imgs_full/desert_s0005894.png,desert,desert,desert,1,1782905365.6162932,1782905368.8085208,3.192227602005005,9.771009661287069,3.345
895,/home/htj/resisc45/imgs_full/basketball_court_s0005895.png,basketball_court,basketball court,basketball_court,1,1782905368.8102446,1782905372.1344955,3.3242509365081787,10.062113182156772,3.343
896,/home/htj/resisc45/imgs_full/wetland_s0005896.png,wetland,lake,lake,0,1782905372.1361678,1782905375.1932638,3.057096004486084,9.213164460614042,3.343
897,/home/htj/resisc45/imgs_full/intersection_s0005897.png,intersection,intersection,intersection,1,1782905375.1956205,1782905378.2630346,3.0674140453338623,9.12192133118488,3.2447
898,/home/htj/resisc45/imgs_full/golf_course_s0005898.png,golf_course,golf course,golf_course,1,1782905378.2642517,1782905381.5830748,3.3188230991363525,9.796097015110112,3.244
899,/home/htj/resisc45/imgs_full/railway_s0005899.png,railway,railway station,railway_station,0,1782905381.5847712,1782905384.9074695,3.3226983547210693,9.93601383866935,3.343
900,/home/htj/resisc45/imgs_full/sparse_residential_s0005900.png,sparse_residential,dense residential,dense_residential,0,1782905384.9089153,1782905388.103384,3.1944687366485596,9.558649077236652,3.343
901,/home/htj/resisc45/imgs_full/railway_station_s0005901.png,railway_station,railway station,railway_station,1,1782905388.1050138,1782905391.4276965,3.3226826190948486,9.891511581782638,3.343
902,/home/htj/resisc45/imgs_full/beach_s0005902.png,beach,sea ice,sea_ice,0,1782905391.4292097,1782905394.6231725,3.193962812423706,9.555081963666847,3.343
903,/home/htj/resisc45/imgs_full/tennis_court_s0005903.png,tennis_court,dense residential,dense_residential,0,1782905394.6248407,1782905397.8086238,3.1837830543518066,9.458678334866251,3.3415
904,/home/htj/resisc45/imgs_full/island_s0005904.png,island,island,island,1,1782905397.8101826,1782905401.0017903,3.191607713699341,9.47554134400402,3.26825
905,/home/htj/resisc45/imgs_full/runway_s0005905.png,runway,runway,runway,1,1782905401.0035062,1782905404.198165,3.1946587562561035,9.48853583842516,3.3415
906,/home/htj/resisc45/imgs_full/cloud_s0005906.png,cloud,dense residential,dense_residential,0,1782905404.1995676,1782905407.3901167,3.19054913520813,9.494447511370693,3.3415
907,/home/htj/resisc45/imgs_full/overpass_s0005907.png,overpass,intersection,intersection,0,1782905407.391761,1782905410.4593966,3.0676355361938477,9.169901122534718,3.343
908,/home/htj/resisc45/imgs_full/airplane_s0005908.png,airplane,airport,airport,0,1782905410.4606524,1782905413.5312033,3.0705509185791016,9.062560450024074,3.241
909,/home/htj/resisc45/imgs_full/parking_lot_s0005909.png,parking_lot,parking lot,parking_lot,1,1782905413.5327868,1782905416.8539608,3.321173906326294,9.769519353554166,3.241
910,/home/htj/resisc45/imgs_full/wetland_s0005910.png,wetland,forest,forest,0,1782905416.8553653,1782905419.919288,3.063922643661499,9.197555340422523,3.343
911,/home/htj/resisc45/imgs_full/church_s0005911.png,church,dense residential,dense_residential,0,1782905419.9208937,1782905423.11726,3.196366310119629,9.435159645744733,3.241
912,/home/htj/resisc45/imgs_full/terrace_s0005912.png,terrace,dense residential,dense_residential,0,1782905423.1189597,1782905426.3133337,3.1943740844726562,9.487405115672521,3.341
913,/home/htj/resisc45/imgs_full/meadow_s0005913.png,meadow,meadow,meadow,1,1782905426.314744,1782905429.5109482,3.19620418548584,9.517439938255718,3.266
914,/home/htj/resisc45/imgs_full/island_s0005914.png,island,island,island,1,1782905429.5122197,1782905432.69176,3.1795403957366943,9.975694436609745,3.345
915,/home/htj/resisc45/imgs_full/medium_residential_s0005915.png,medium_residential,dense residential,dense_residential,0,1782905432.6933367,1782905435.8791351,3.185798406600952,9.478091595181397,3.343
916,/home/htj/resisc45/imgs_full/wetland_s0005916.png,wetland,forest,forest,0,1782905435.8804808,1782905438.9423118,3.061830997467041,9.111158539851507,3.3417
917,/home/htj/resisc45/imgs_full/sparse_residential_s0005917.png,sparse_residential,dense residential,dense_residential,0,1782905438.943844,1782905442.1345656,3.1907215118408203,9.46641490827288,3.2665
918,/home/htj/resisc45/imgs_full/dense_residential_s0005918.png,dense_residential,dense residential,dense_residential,1,1782905442.136232,1782905445.3205047,3.1842727661132812,9.53706752055032,3.341
919,/home/htj/resisc45/imgs_full/railway_s0005919.png,railway,sparse residential,sparse_residential,0,1782905445.3222458,1782905448.5027602,3.180514335632324,9.4999123460395,3.343
920,/home/htj/resisc45/imgs_full/snowberg_s0005920.png,snowberg,snowberg,snowberg,1,1782905448.504507,1782905451.7004902,3.1959831714630127,9.59759453503149,3.3415
921,/home/htj/resisc45/imgs_full/freeway_s0005921.png,freeway,sparse residential,sparse_residential,0,1782905451.7023194,1782905454.8975046,3.1951851844787598,9.682552246536526,3.3415
922,/home/htj/resisc45/imgs_full/ship_s0005922.png,ship,harbor,harbor,0,1782905454.8989491,1782905458.0891738,3.1902246475219727,9.627072556870324,3.343
923,/home/htj/resisc45/imgs_full/ship_s0005923.png,ship,harbor,harbor,0,1782905458.0907767,1782905461.277074,3.1862974166870117,9.55872155555657,3.24175
924,/home/htj/resisc45/imgs_full/cloud_s0005924.png,cloud,cloud,cloud,1,1782905461.2785149,1782905464.3411348,3.062619924545288,9.33798486512237,3.3417
925,/home/htj/resisc45/imgs_full/palace_s0005925.png,palace,dense residential,dense_residential,0,1782905464.3426027,1782905467.5335026,3.1908998489379883,9.548197994402477,3.24175
926,/home/htj/resisc45/imgs_full/ground_track_field_s0005926.png,ground_track_field,stadium,stadium,0,1782905467.5352414,1782905470.717605,3.182363748550415,9.626025232200112,3.341
927,/home/htj/resisc45/imgs_full/dense_residential_s0005927.png,dense_residential,dense residential,dense_residential,1,1782905470.7194195,1782905473.9125352,3.193115711212158,9.756793135302408,3.343
928,/home/htj/resisc45/imgs_full/cloud_s0005928.png,cloud,cloud,cloud,1,1782905473.9139304,1782905476.9778192,3.0638887882232666,9.300604632695517,3.341
929,/home/htj/resisc45/imgs_full/airport_s0005929.png,airport,airport,airport,1,1782905476.9792395,1782905480.0469928,3.067753314971924,9.179759796880326,3.241
930,/home/htj/resisc45/imgs_full/terrace_s0005930.png,terrace,circular farmland,circular_farmland,0,1782905480.0484118,1782905483.4875703,3.4391584396362305,10.227831680891944,3.244
931,/home/htj/resisc45/imgs_full/sparse_residential_s0005931.png,sparse_residential,chaparral,chaparral,0,1782905483.489059,1782905486.9338055,3.444746494293213,10.535470090587934,3.343
932,/home/htj/resisc45/imgs_full/storage_tank_s0005932.png,storage_tank,storage tank,storage_tank,1,1782905486.9353764,1782905490.1277297,3.1923532485961914,9.87662789438452,3.3435
933,/home/htj/resisc45/imgs_full/mobile_home_park_s0005933.png,mobile_home_park,sparse residential,sparse_residential,0,1782905490.1294813,1782905493.3179603,3.188478946685791,9.651582708741937,3.26825
934,/home/htj/resisc45/imgs_full/wetland_s0005934.png,wetland,forest,forest,0,1782905493.3190353,1782905496.3830192,3.063983917236328,9.343789176940918,3.343
935,/home/htj/resisc45/imgs_full/roundabout_s0005935.png,roundabout,intersection,intersection,0,1782905496.384298,1782905499.4479513,3.0636532306671143,9.39957178328214,3.3436999999999997
936,/home/htj/resisc45/imgs_full/tennis_court_s0005936.png,tennis_court,tennis court,tennis_court,1,1782905499.4492538,1782905502.772384,3.3231301307678223,10.10884726710155,3.343
937,/home/htj/resisc45/imgs_full/river_s0005937.png,river,river,river,1,1782905502.7738447,1782905505.827603,3.053758382797241,9.299938399403183,3.3417
938,/home/htj/resisc45/imgs_full/circular_farmland_s0005938.png,circular_farmland,circular farmland,circular_farmland,1,1782905505.8290312,1782905509.2779012,3.4488699436187744,10.288261736072478,3.244
939,/home/htj/resisc45/imgs_full/ground_track_field_s0005939.png,ground_track_field,stadium,stadium,0,1782905509.279449,1782905512.4742236,3.194774627685547,9.838251416410717,3.343
940,/home/htj/resisc45/imgs_full/golf_course_s0005940.png,golf_course,golf course,golf_course,1,1782905512.4759245,1782905515.7877655,3.3118410110473633,9.982802418610145,3.343
941,/home/htj/resisc45/imgs_full/overpass_s0005941.png,overpass,intersection,intersection,0,1782905515.7893553,1782905518.8614504,3.0720951557159424,9.370572912746006,3.343
942,/home/htj/resisc45/imgs_full/ground_track_field_s0005942.png,ground_track_field,stadium,stadium,0,1782905518.8629751,1782905522.0518088,3.188833713531494,9.589734071935926,3.241
943,/home/htj/resisc45/imgs_full/snowberg_s0005943.png,snowberg,mountain,mountain,0,1782905522.0531914,1782905525.2457645,3.192573070526123,9.572645300805569,3.343
944,/home/htj/resisc45/imgs_full/dense_residential_s0005944.png,dense_residential,sparse residential,sparse_residential,0,1782905525.2475576,1782905528.4459238,3.198366165161133,9.749819458723069,3.36825
945,/home/htj/resisc45/imgs_full/terrace_s0005945.png,terrace,rectangular farmland,rectangular_farmland,0,1782905528.4474256,1782905531.8936617,3.4462361335754395,10.353397276049757,3.241
946,/home/htj/resisc45/imgs_full/chaparral_s0005946.png,chaparral,chaparral,chaparral,1,1782905531.8953712,1782905535.2185116,3.3231403827667236,10.272800947037236,3.343
947,/home/htj/resisc45/imgs_full/mountain_s0005947.png,mountain,desert,desert,0,1782905535.2201087,1782905538.4086986,3.1885898113250732,9.663590814258372,3.3415
948,/home/htj/resisc45/imgs_full/beach_s0005948.png,beach,beach,beach,1,1782905538.410166,1782905541.596312,3.1861460208892822,9.60463717997074,3.26875
949,/home/htj/resisc45/imgs_full/railway_s0005949.png,railway,railway station,railway_station,0,1782905541.5977843,1782905544.9135137,3.3157293796539307,9.866181440151971,3.343
950,/home/htj/resisc45/imgs_full/mobile_home_park_s0005950.png,mobile_home_park,mobile home park,mobile_home_park,1,1782905544.9152029,1782905548.2370508,3.321847915649414,9.911380735171043,3.343
951,/home/htj/resisc45/imgs_full/railway_s0005951.png,railway,railway,railway,1,1782905548.2387524,1782905551.4289153,3.1901628971099854,9.622214904018811,3.343
952,/home/htj/resisc45/imgs_full/beach_s0005952.png,beach,island,island,0,1782905551.4303136,1782905554.62136,3.1910464763641357,9.54698424458078,3.343
953,/home/htj/resisc45/imgs_full/church_s0005953.png,church,thermal power station,thermal_power_station,0,1782905554.6229303,1782905557.9391804,3.3162500858306885,9.900035687265724,3.345
954,/home/htj/resisc45/imgs_full/basketball_court_s0005954.png,basketball_court,basketball court,basketball_court,1,1782905557.940871,1782905561.245108,3.304236888885498,10.001982032257935,3.343
955,/home/htj/resisc45/imgs_full/church_s0005955.png,church,storage tank,storage_tank,0,1782905561.2465386,1782905564.438461,3.191922426223755,9.625014081818717,3.343
956,/home/htj/resisc45/imgs_full/baseball_diamond_s0005956.png,baseball_diamond,baseball diamond,baseball_diamond,1,1782905564.4399693,1782905567.7558088,3.3158395290374756,9.869081831356574,3.343
957,/home/htj/resisc45/imgs_full/river_s0005957.png,river,river,river,1,1782905567.757235,1782905570.8202827,3.0630476474761963,9.251198018842272,3.343
958,/home/htj/resisc45/imgs_full/wetland_s0005958.png,wetland,desert,desert,0,1782905570.821348,1782905574.0102375,3.188889503479004,9.519347667983599,3.27075
959,/home/htj/resisc45/imgs_full/mountain_s0005959.png,mountain,mountain,mountain,1,1782905574.0117528,1782905577.20328,3.1915271282196045,9.514626267892973,3.26875
960,/home/htj/resisc45/imgs_full/thermal_power_station_s0005960.png,thermal_power_station,storage tank,storage_tank,0,1782905577.2047298,1782905580.3970563,3.192326545715332,9.520600870115416,3.3415
961,/home/htj/resisc45/imgs_full/overpass_s0005961.png,overpass,overpass,overpass,1,1782905580.398769,1782905583.5736978,3.174928903579712,9.493831153929234,3.26875
962,/home/htj/resisc45/imgs_full/medium_residential_s0005962.png,medium_residential,dense residential,dense_residential,0,1782905583.5754154,1782905586.7704375,3.1950221061706543,9.602182508366448,3.343
963,/home/htj/resisc45/imgs_full/terrace_s0005963.png,terrace,circular farmland,circular_farmland,0,1782905586.7719324,1782905590.218934,3.4470016956329346,10.27347775859911,3.244
964,/home/htj/resisc45/imgs_full/mountain_s0005964.png,mountain,chaparral,chaparral,0,1782905590.2203815,1782905593.5395882,3.319206714630127,10.006435373676235,3.341
965,/home/htj/resisc45/imgs_full/thermal_power_station_s0005965.png,thermal_power_station,industrial area,industrial_area,0,1782905593.540815,1782905596.8600054,3.319190263748169,10.094229866241585,3.343
966,/home/htj/resisc45/imgs_full/baseball_diamond_s0005966.png,baseball_diamond,baseball diamond,baseball_diamond,1,1782905596.8613832,1782905600.18009,3.318706750869751,10.144949041807045,3.343
967,/home/htj/resisc45/imgs_full/rectangular_farmland_s0005967.png,rectangular_farmland,rectangular farmland,rectangular_farmland,1,1782905600.1815734,1782905603.6294258,3.447852373123169,10.597146661412715,3.343
968,/home/htj/resisc45/imgs_full/parking_lot_s0005968.png,parking_lot,parking lot,parking_lot,1,1782905603.6309762,1782905606.9445705,3.313594341278076,10.135428125915857,3.343
969,/home/htj/resisc45/imgs_full/terrace_s0005969.png,terrace,circular farmland,circular_farmland,0,1782905606.9461937,1782905610.3931577,3.4469640254974365,10.394461287904958,3.343
970,/home/htj/resisc45/imgs_full/storage_tank_s0005970.png,storage_tank,airport,airport,0,1782905610.3946052,1782905613.4583085,3.0637032985687256,9.37215206655308,3.343
971,/home/htj/resisc45/imgs_full/runway_s0005971.png,runway,runway,runway,1,1782905613.4596684,1782905616.645953,3.1862845420837402,9.680899703800678,3.26875
972,/home/htj/resisc45/imgs_full/church_s0005972.png,church,church,church,1,1782905616.6477497,1782905619.7141643,3.0664145946502686,9.437685911412592,3.343
973,/home/htj/resisc45/imgs_full/mountain_s0005973.png,mountain,forest,forest,0,1782905619.7156365,1782905622.7803986,3.0647621154785156,9.41072794262868,3.343
974,/home/htj/resisc45/imgs_full/meadow_s0005974.png,meadow,meadow,meadow,1,1782905622.7819078,1782905625.9716783,3.189770460128784,9.547666509406907,3.244
975,/home/htj/resisc45/imgs_full/church_s0005975.png,church,church,church,1,1782905625.9733424,1782905629.0306902,3.0573477745056152,9.276108519464168,3.2828
976,/home/htj/resisc45/imgs_full/medium_residential_s0005976.png,medium_residential,dense residential,dense_residential,0,1782905629.0322928,1782905632.2282295,3.195936679840088,9.600479645643915,3.24175
977,/home/htj/resisc45/imgs_full/intersection_s0005977.png,intersection,intersection,intersection,1,1782905632.2300167,1782905635.2974977,3.06748104095459,9.318041713944188,3.244
978,/home/htj/resisc45/imgs_full/palace_s0005978.png,palace,church,church,0,1782905635.299181,1782905638.3658037,3.066622734069824,9.188567129541326,3.241
979,/home/htj/resisc45/imgs_full/railway_station_s0005979.png,railway_station,airport,airport,0,1782905638.3675125,1782905641.4332674,3.0657548904418945,9.335337187872991,3.27865
980,/home/htj/resisc45/imgs_full/freeway_s0005980.png,freeway,freeway,freeway,1,1782905641.4351642,1782905644.6273057,3.192141532897949,9.73164248073101,3.343
981,/home/htj/resisc45/imgs_full/roundabout_s0005981.png,roundabout,intersection,intersection,0,1782905644.6291895,1782905647.6956353,3.066445827484131,9.4134776160717,3.343
982,/home/htj/resisc45/imgs_full/airplane_s0005982.png,airplane,airport,airport,0,1782905647.6968908,1782905650.7541506,3.0572597980499268,9.173024944437875,3.2420500000000003
983,/home/htj/resisc45/imgs_full/snowberg_s0005983.png,snowberg,sea ice,sea_ice,0,1782905650.755906,1782905653.9492683,3.193362236022949,9.54450352886745,3.24175
984,/home/htj/resisc45/imgs_full/desert_s0005984.png,desert,desert,desert,1,1782905653.9507072,1782905657.141299,3.190591812133789,9.53622312763759,3.343
985,/home/htj/resisc45/imgs_full/intersection_s0005985.png,intersection,intersection,intersection,1,1782905657.1429968,1782905660.2099934,3.0669965744018555,9.39114351081848,3.343
986,/home/htj/resisc45/imgs_full/island_s0005986.png,island,island,island,1,1782905660.2112992,1782905663.3958645,3.184565305709839,9.677837096814597,3.3415
987,/home/htj/resisc45/imgs_full/wetland_s0005987.png,wetland,forest,forest,0,1782905663.3971848,1782905666.4598107,3.0626258850097656,9.378396099234527,3.341
988,/home/htj/resisc45/imgs_full/rectangular_farmland_s0005988.png,rectangular_farmland,rectangular farmland,rectangular_farmland,1,1782905666.4614289,1782905669.9101677,3.4487388134002686,10.370074928385312,3.244
989,/home/htj/resisc45/imgs_full/bridge_s0005989.png,bridge,forest,forest,0,1782905669.9116666,1782905672.9640765,3.0524098873138428,9.431946551799774,3.343
990,/home/htj/resisc45/imgs_full/bridge_s0005990.png,bridge,bridge,bridge,1,1782905672.9652216,1782905676.028551,3.0633294582366943,9.275183612850478,3.241
991,/home/htj/resisc45/imgs_full/chaparral_s0005991.png,chaparral,sea ice,sea_ice,0,1782905676.029862,1782905679.2239096,3.194047689437866,9.615053166827986,3.26875
992,/home/htj/resisc45/imgs_full/parking_lot_s0005992.png,parking_lot,parking lot,parking_lot,1,1782905679.2255728,1782905682.546168,3.3205952644348145,10.011537470628475,3.341
993,/home/htj/resisc45/imgs_full/ground_track_field_s0005993.png,ground_track_field,stadium,stadium,0,1782905682.547829,1782905685.7412162,3.193387269973755,9.596756018770591,3.341
994,/home/htj/resisc45/imgs_full/island_s0005994.png,island,island,island,1,1782905685.7427073,1782905688.9353192,3.1926119327545166,9.540379618981055,3.3415
995,/home/htj/resisc45/imgs_full/stadium_s0005995.png,stadium,stadium,stadium,1,1782905688.9370756,1782905692.1327722,3.1956965923309326,9.569399313713824,3.343
996,/home/htj/resisc45/imgs_full/meadow_s0005996.png,meadow,meadow,meadow,1,1782905692.1341822,1782905695.3151505,3.1809682846069336,9.624246757098605,3.343
997,/home/htj/resisc45/imgs_full/medium_residential_s0005997.png,medium_residential,sparse residential,sparse_residential,0,1782905695.3171885,1782905698.5067766,3.1895880699157715,9.627828545970576,3.26875
998,/home/htj/resisc45/imgs_full/mobile_home_park_s0005998.png,mobile_home_park,mobile home park,mobile_home_park,1,1782905698.50863,1782905701.8229556,3.3143255710601807,10.002863147636939,3.343
999,/home/htj/resisc45/imgs_full/sea_ice_s0005999.png,sea_ice,sea ice,sea_ice,1,1782905701.8243237,1782905705.012965,3.188641309738159,9.718694011964967,3.343
1000,/home/htj/resisc45/imgs_full/harbor_s0006000.png,harbor,harbor,harbor,1,1782905705.01489,1782905708.2096453,3.1947553157806396,9.770873887304749,3.343
1001,/home/htj/resisc45/imgs_full/snowberg_s0006001.png,snowberg,sea ice,sea_ice,0,1782905708.2114935,1782905711.4062274,3.1947338581085205,9.656335301963907,3.343
1002,/home/htj/resisc45/imgs_full/industrial_area_s0006002.png,industrial_area,industrial area,industrial_area,1,1782905711.4077914,1782905714.7258954,3.3181040287017822,9.995387925633068,3.25885
1003,/home/htj/resisc45/imgs_full/beach_s0006003.png,beach,beach,beach,1,1782905714.7274632,1782905717.9071577,3.179694414138794,9.614998446553946,3.343
1004,/home/htj/resisc45/imgs_full/railway_station_s0006004.png,railway_station,dense residential,dense_residential,0,1782905717.908978,1782905721.0966012,3.1876232624053955,9.495645089485816,3.26875
1005,/home/htj/resisc45/imgs_full/medium_residential_s0006005.png,medium_residential,dense residential,dense_residential,0,1782905721.0982242,1782905724.284434,3.1862099170684814,9.527279721485716,3.343
1006,/home/htj/resisc45/imgs_full/river_s0006006.png,river,river,river,1,1782905724.2856007,1782905727.3518026,3.06620192527771,9.242157199475502,3.343
1007,/home/htj/resisc45/imgs_full/desert_s0006007.png,desert,desert,desert,1,1782905727.3529716,1782905730.5407379,3.1877663135528564,10.009870846548251,3.5705
1008,/home/htj/resisc45/imgs_full/palace_s0006008.png,palace,storage tank,storage_tank,0,1782905730.5420396,1782905733.7352202,3.193180561065674,10.072089784741403,3.59575
1009,/home/htj/resisc45/imgs_full/beach_s0006009.png,beach,sea ice,sea_ice,0,1782905733.7365134,1782905736.9262693,3.189755916595459,9.504048633277417,3.26875
1010,/home/htj/resisc45/imgs_full/parking_lot_s0006010.png,parking_lot,parking lot,parking_lot,1,1782905736.92792,1782905740.2277474,3.2998273372650146,9.849870814586508,3.343
1011,/home/htj/resisc45/imgs_full/bridge_s0006011.png,bridge,railway station,railway_station,0,1782905740.2288556,1782905743.5334692,3.3046135902404785,9.989789907200583,3.343
1012,/home/htj/resisc45/imgs_full/baseball_diamond_s0006012.png,baseball_diamond,baseball diamond,baseball_diamond,1,1782905743.5350375,1782905746.8417578,3.30672025680542,10.062064679367788,3.341
1013,/home/htj/resisc45/imgs_full/golf_course_s0006013.png,golf_course,golf course,golf_course,1,1782905746.8433182,1782905750.158581,3.315262794494629,10.094003494279137,3.341
1014,/home/htj/resisc45/imgs_full/river_s0006014.png,river,forest,forest,0,1782905750.1603165,1782905753.228953,3.068636417388916,9.374400122121529,3.341
1015,/home/htj/resisc45/imgs_full/ground_track_field_s0006015.png,ground_track_field,dense residential,dense_residential,0,1782905753.2304876,1782905756.4230635,3.1925759315490723,9.639355912183012,3.266
1016,/home/htj/resisc45/imgs_full/wetland_s0006016.png,wetland,meadow,meadow,0,1782905756.424624,1782905759.6243017,3.1996777057647705,9.702908368527888,3.343
1017,/home/htj/resisc45/imgs_full/airplane_s0006017.png,airplane,airport,airport,0,1782905759.6256685,1782905762.6766617,3.0509932041168213,9.267730856749747,3.343
1018,/home/htj/resisc45/imgs_full/island_s0006018.png,island,island,island,1,1782905762.6779153,1782905765.8718975,3.1939821243286133,9.603391681534903,3.3415
1019,/home/htj/resisc45/imgs_full/overpass_s0006019.png,overpass,intersection,intersection,0,1782905765.8735354,1782905768.931398,3.0578625202178955,9.246806379887794,3.2759999999999994
1020,/home/htj/resisc45/imgs_full/basketball_court_s0006020.png,basketball_court,basketball court,basketball_court,1,1782905768.9326546,1782905772.25185,3.31919527053833,9.92622513905887,3.241
1021,/home/htj/resisc45/imgs_full/rectangular_farmland_s0006021.png,rectangular_farmland,rectangular farmland,rectangular_farmland,1,1782905772.2533283,1782905775.6962025,3.4428741931915283,10.314047745490075,3.343
1022,/home/htj/resisc45/imgs_full/bridge_s0006022.png,bridge,bridge,bridge,1,1782905775.697513,1782905778.759424,3.06191086769104,9.399045726855595,3.343
1023,/home/htj/resisc45/imgs_full/railway_s0006023.png,railway,railway station,railway_station,0,1782905778.7605217,1782905782.0796974,3.3191757202148438,9.996327180270493,3.24145
1024,/home/htj/resisc45/imgs_full/ground_track_field_s0006024.png,ground_track_field,stadium,stadium,0,1782905782.081204,1782905785.2660413,3.1848373413085938,9.559289279937744,3.3415
1025,/home/htj/resisc45/imgs_full/mobile_home_park_s0006025.png,mobile_home_park,sparse residential,sparse_residential,0,1782905785.2671678,1782905788.4554975,3.1883296966552734,9.523370000532694,3.3415
1026,/home/htj/resisc45/imgs_full/cloud_s0006026.png,cloud,cloud,cloud,1,1782905788.4568934,1782905791.5073798,3.0504863262176514,9.148634454276825,3.27865
1027,/home/htj/resisc45/imgs_full/beach_s0006027.png,beach,island,island,0,1782905791.508881,1782905794.698642,3.18976092338562,9.438046892166136,3.244
1028,/home/htj/resisc45/imgs_full/mountain_s0006028.png,mountain,mountain,mountain,1,1782905794.7001095,1782905797.891443,3.191333532333374,9.552516083755664,3.343
1029,/home/htj/resisc45/imgs_full/river_s0006029.png,river,river,river,1,1782905797.8929949,1782905800.948975,3.0559802055358887,9.144737803936005,3.241
1030,/home/htj/resisc45/imgs_full/sparse_residential_s0006030.png,sparse_residential,sparse residential,sparse_residential,1,1782905800.950295,1782905804.1406083,3.1903133392333984,9.502519190549851,3.244
1031,/home/htj/resisc45/imgs_full/church_s0006031.png,church,commercial area,commercial_area,0,1782905804.1421902,1782905807.329928,3.1877377033233643,9.530026483522994,3.343
1032,/home/htj/resisc45/imgs_full/baseball_diamond_s0006032.png,baseball_diamond,baseball diamond,baseball_diamond,1,1782905807.3314397,1782905810.653668,3.322228193283081,9.875953382294755,3.25885
1033,/home/htj/resisc45/imgs_full/roundabout_s0006033.png,roundabout,intersection,intersection,0,1782905810.655244,1782905813.7144008,3.059156656265259,9.271170804156197,3.341
1034,/home/htj/resisc45/imgs_full/stadium_s0006034.png,stadium,stadium,stadium,1,1782905813.7159956,1782905816.9138258,3.1978302001953125,9.618387992858887,3.244
1035,/home/htj/resisc45/imgs_full/lake_s0006035.png,lake,forest,forest,0,1782905816.9151812,1782905819.9818535,3.0666723251342773,9.306385072902396,3.343
1036,/home/htj/resisc45/imgs_full/meadow_s0006036.png,meadow,meadow,meadow,1,1782905819.9831812,1782905823.1718657,3.1886844635009766,9.67754346513748,3.26875
1037,/home/htj/resisc45/imgs_full/church_s0006037.png,church,palace,palace,0,1782905823.1737378,1782905826.3682914,3.1945536136627197,9.73397599763104,3.343
1038,/home/htj/resisc45/imgs_full/meadow_s0006038.png,meadow,meadow,meadow,1,1782905826.3695736,1782905829.556022,3.186448335647583,9.605662309535912,3.26825
1039,/home/htj/resisc45/imgs_full/forest_s0006039.png,forest,chaparral,chaparral,0,1782905829.5575352,1782905832.8756475,3.318112373352051,10.125906413292062,3.343
1040,/home/htj/resisc45/imgs_full/baseball_diamond_s0006040.png,baseball_diamond,baseball diamond,baseball_diamond,1,1782905832.8769765,1782905836.1856768,3.3087003231048584,10.075619995984537,3.341
1041,/home/htj/resisc45/imgs_full/harbor_s0006041.png,harbor,harbor,harbor,1,1782905836.1873932,1782905839.3809896,3.193596363067627,9.696442900351116,3.3415
1042,/home/htj/resisc45/imgs_full/overpass_s0006042.png,overpass,intersection,intersection,0,1782905839.3823748,1782905842.4456766,3.0633018016815186,9.233831996917724,3.281
1043,/home/htj/resisc45/imgs_full/ship_s0006043.png,ship,harbor,harbor,0,1782905842.4467535,1782905845.637709,3.190955400466919,9.589732679946081,3.343
1044,/home/htj/resisc45/imgs_full/basketball_court_s0006044.png,basketball_court,stadium,stadium,0,1782905845.6391094,1782905848.830151,3.1910417079925537,9.642245366688286,3.343
1045,/home/htj/resisc45/imgs_full/basketball_court_s0006045.png,basketball_court,basketball court,basketball_court,1,1782905848.8317192,1782905852.1434612,3.311742067337036,9.976201993691719,3.2509999999999994
1046,/home/htj/resisc45/imgs_full/mountain_s0006046.png,mountain,circular farmland,circular_farmland,0,1782905852.145075,1782905855.595465,3.450389862060547,10.440534683609009,3.3411
1047,/home/htj/resisc45/imgs_full/tennis_court_s0006047.png,tennis_court,sparse residential,sparse_residential,0,1782905855.5970984,1782905858.784604,3.1875057220458984,9.68381314281055,3.343
1048,/home/htj/resisc45/imgs_full/island_s0006048.png,island,chaparral,chaparral,0,1782905858.785973,1782905862.1049104,3.318937301635742,9.99177519268825,3.343
1049,/home/htj/resisc45/imgs_full/sea_ice_s0006049.png,sea_ice,road,,0,1782905862.1063066,1782905865.1701422,3.063835620880127,9.343847578234142,3.341
1050,/home/htj/resisc45/imgs_full/rectangular_farmland_s0006050.png,rectangular_farmland,rectangular farmland,rectangular_farmland,1,1782905865.1714604,1782905868.6207926,3.4493322372436523,10.304173228388926,3.241
1051,/home/htj/resisc45/imgs_full/snowberg_s0006051.png,snowberg,mountain,mountain,0,1782905868.6223888,1782905871.816381,3.1939921379089355,9.826259776702948,3.341
1052,/home/htj/resisc45/imgs_full/lake_s0006052.png,lake,mountain,mountain,0,1782905871.817502,1782905874.9970415,3.179539442062378,9.526808608259474,3.266
1053,/home/htj/resisc45/imgs_full/railway_station_s0006053.png,railway_station,airport,airport,0,1782905874.998605,1782905878.0647984,3.0661933422088623,9.197046929955482,3.241
1054,/home/htj/resisc45/imgs_full/mobile_home_park_s0006054.png,mobile_home_park,sparse residential,sparse_residential,0,1782905878.0661428,1782905881.2498353,3.183692455291748,9.543572947944915,3.241
1055,/home/htj/resisc45/imgs_full/stadium_s0006055.png,stadium,airport,airport,0,1782905881.2515335,1782905884.3172612,3.065727710723877,9.368748196134028,3.341
1056,/home/htj/resisc45/imgs_full/snowberg_s0006056.png,snowberg,snowberg,snowberg,1,1782905884.3186371,1782905887.5128438,3.194206714630127,9.640508135753766,3.241
1057,/home/htj/resisc45/imgs_full/forest_s0006057.png,forest,meadow,meadow,0,1782905887.5143507,1782905890.7096314,3.1952807903289795,9.621389869779348,3.241
1058,/home/htj/resisc45/imgs_full/harbor_s0006058.png,harbor,harbor,harbor,1,1782905890.7112262,1782905893.904911,3.1936848163604736,9.664489464908838,3.341
1059,/home/htj/resisc45/imgs_full/parking_lot_s0006059.png,parking_lot,parking lot,parking_lot,1,1782905893.9064944,1782905897.218173,3.311678647994995,10.030446547791875,3.2585499999999996
1060,/home/htj/resisc45/imgs_full/industrial_area_s0006060.png,industrial_area,industrial area,industrial_area,1,1782905897.219816,1782905900.5306368,3.3108208179473877,10.07888065036001,3.3413000000000004
1061,/home/htj/resisc45/imgs_full/chaparral_s0006061.png,chaparral,sparse residential,sparse_residential,0,1782905900.5322413,1782905903.7183568,3.1861155033111572,9.72282972279191,3.341
1062,/home/htj/resisc45/imgs_full/storage_tank_s0006062.png,storage_tank,storage tank,storage_tank,1,1782905903.719872,1782905906.9119747,3.1921026706695557,9.747655523223537,3.341
1063,/home/htj/resisc45/imgs_full/railway_station_s0006063.png,railway_station,railway station,railway_station,1,1782905906.9134395,1782905910.2361052,3.3226656913757324,10.080122962119214,3.341
1064,/home/htj/resisc45/imgs_full/medium_residential_s0006064.png,medium_residential,dense residential,dense_residential,0,1782905910.2376506,1782905913.4309323,3.193281650543213,9.8532696929574,3.341
1065,/home/htj/resisc45/imgs_full/medium_residential_s0006065.png,medium_residential,dense residential,dense_residential,0,1782905913.4325514,1782905916.6282022,3.195650815963745,9.813900721017804,3.3415
1066,/home/htj/resisc45/imgs_full/harbor_s0006066.png,harbor,harbor,harbor,1,1782905916.6298437,1782905919.8167362,3.186892509460449,9.718257981215203,3.341
1067,/home/htj/resisc45/imgs_full/baseball_diamond_s0006067.png,baseball_diamond,baseball diamond,baseball_diamond,1,1782905919.8181489,1782905923.1287632,3.3106143474578857,9.951364251112118,3.241
1068,/home/htj/resisc45/imgs_full/airplane_s0006068.png,airplane,airport,airport,0,1782905923.1303988,1782905926.1876667,3.057267904281616,9.30258683986134,3.341
1069,/home/htj/resisc45/imgs_full/dense_residential_s0006069.png,dense_residential,dense residential,dense_residential,1,1782905926.1894007,1782905929.3873982,3.197997570037842,9.58782514337131,3.266
1070,/home/htj/resisc45/imgs_full/industrial_area_s0006070.png,industrial_area,commercial area,commercial_area,0,1782905929.3890042,1782905932.5895107,3.2005064487457275,9.667415487940822,3.341
1071,/home/htj/resisc45/imgs_full/beach_s0006071.png,beach,sea ice,sea_ice,0,1782905932.5909774,1782905935.7838058,3.192828416824341,9.818973648011683,3.36775
1072,/home/htj/resisc45/imgs_full/chaparral_s0006072.png,chaparral,desert,desert,0,1782905935.7854443,1782905938.9809654,3.195521116256714,9.72710921500836,3.341
1073,/home/htj/resisc45/imgs_full/lake_s0006073.png,lake,lake,lake,1,1782905938.982541,1782905942.0423646,3.059823513031006,9.275061692176042,3.341
1074,/home/htj/resisc45/imgs_full/intersection_s0006074.png,intersection,intersection,intersection,1,1782905942.0441709,1782905945.103089,3.0589182376861572,9.121977417950276,3.241
1075,/home/htj/resisc45/imgs_full/bridge_s0006075.png,bridge,bridge,bridge,1,1782905945.1040955,1782905948.1552284,3.051132917404175,9.16635167497509,3.281
1076,/home/htj/resisc45/imgs_full/meadow_s0006076.png,meadow,meadow,meadow,1,1782905948.156359,1782905951.3485482,3.1921892166137695,9.654833289027215,3.3415
1077,/home/htj/resisc45/imgs_full/snowberg_s0006077.png,snowberg,mountain,mountain,0,1782905951.350072,1782905954.5487192,3.1986472606658936,9.6825858411287,3.2638
1078,/home/htj/resisc45/imgs_full/airport_s0006078.png,airport,airport,airport,1,1782905954.5502524,1782905957.6153386,3.0650861263275146,9.350768126033389,3.343
1079,/home/htj/resisc45/imgs_full/freeway_s0006079.png,freeway,freeway,freeway,1,1782905957.6167448,1782905960.8167565,3.200011730194092,9.639726564148017,3.241
1080,/home/htj/resisc45/imgs_full/lake_s0006080.png,lake,lake,lake,1,1782905960.8183603,1782905963.878376,3.0600156784057617,9.229180494506403,3.241
1081,/home/htj/resisc45/imgs_full/circular_farmland_s0006081.png,circular_farmland,circular farmland,circular_farmland,1,1782905963.8798966,1782905967.3189704,3.4390738010406494,10.30160462536968,3.239
1082,/home/htj/resisc45/imgs_full/forest_s0006082.png,forest,forest,forest,1,1782905967.320568,1782905970.3817916,3.0612235069274902,9.423806498103671,3.343
1083,/home/htj/resisc45/imgs_full/commercial_area_s0006083.png,commercial_area,dense residential,dense_residential,0,1782905970.3829226,1782905973.571687,3.1887643337249756,9.645385745095355,3.241
1084,/home/htj/resisc45/imgs_full/railway_station_s0006084.png,railway_station,railway station,railway_station,1,1782905973.5731795,1782905976.8939974,3.3208179473876953,9.911954507170053,3.256
1085,/home/htj/resisc45/imgs_full/circular_farmland_s0006085.png,circular_farmland,rectangular farmland,rectangular_farmland,0,1782905976.8954875,1782905980.3417645,3.446276903152466,10.33015757925113,3.3390999999999997
1086,/home/htj/resisc45/imgs_full/river_s0006086.png,river,forest,forest,0,1782905980.3432372,1782905983.4091978,3.065960645675659,9.287362566241512,3.341
1087,/home/htj/resisc45/imgs_full/sea_ice_s0006087.png,sea_ice,sea ice,sea_ice,1,1782905983.410294,1782905986.5952656,3.184971570968628,9.51754817143934,3.241
1088,/home/htj/resisc45/imgs_full/airport_s0006088.png,airport,airport,airport,1,1782905986.5968394,1782905989.6502075,3.053368091583252,9.210767567528618,3.241
1089,/home/htj/resisc45/imgs_full/golf_course_s0006089.png,golf_course,golf course,golf_course,1,1782905989.6516452,1782905992.9606934,3.3090481758117676,9.978035406277098,3.244
1090,/home/htj/resisc45/imgs_full/airport_s0006090.png,airport,airport,airport,1,1782905992.9624934,1782905996.0323317,3.069838285446167,9.320995465185907,3.343
1091,/home/htj/resisc45/imgs_full/rectangular_farmland_s0006091.png,rectangular_farmland,rectangular farmland,rectangular_farmland,1,1782905996.033956,1782905999.4800463,3.4460902214050293,10.252807626724241,3.241
1092,/home/htj/resisc45/imgs_full/rectangular_farmland_s0006092.png,rectangular_farmland,rectangular farmland,rectangular_farmland,1,1782905999.48157,1782906002.9263983,3.4448282718658447,10.50390259945979,3.341
1093,/home/htj/resisc45/imgs_full/commercial_area_s0006093.png,commercial_area,commercial area,commercial_area,1,1782906002.9284153,1782906006.1222572,3.1938419342041016,9.830474374805178,3.343
1094,/home/htj/resisc45/imgs_full/parking_lot_s0006094.png,parking_lot,parking lot,parking_lot,1,1782906006.1236353,1782906009.4312372,3.3076019287109375,10.053342007077974,3.3413000000000004
1095,/home/htj/resisc45/imgs_full/commercial_area_s0006095.png,commercial_area,commercial area,commercial_area,1,1782906009.432948,1782906012.6186225,3.1856744289398193,9.670342277220318,3.341
1096,/home/htj/resisc45/imgs_full/freeway_s0006096.png,freeway,freeway,freeway,1,1782906012.6201234,1782906015.8046257,3.184502363204956,9.587171828883033,3.24175
1097,/home/htj/resisc45/imgs_full/harbor_s0006097.png,harbor,harbor,harbor,1,1782906015.8061547,1782906018.9979944,3.1918396949768066,9.645226583983218,3.26875
1098,/home/htj/resisc45/imgs_full/chaparral_s0006098.png,chaparral,sparse residential,sparse_residential,0,1782906018.9997454,1782906022.1942425,3.1944971084594727,9.790677280698503,3.343
1099,/home/htj/resisc45/imgs_full/terrace_s0006099.png,terrace,rectangular farmland,rectangular_farmland,0,1782906022.1957622,1782906025.6439126,3.448150396347046,10.401769623498447,3.343
1100,/home/htj/resisc45/imgs_full/circular_farmland_s0006100.png,circular_farmland,rectangular farmland,rectangular_farmland,0,1782906025.6455767,1782906029.0898123,3.4442355632781982,10.585858003735543,3.343
1101,/home/htj/resisc45/imgs_full/railway_s0006101.png,railway,dense residential,dense_residential,0,1782906029.0917895,1782906032.2756484,3.183858871459961,10.158442857129232,3.844
1102,/home/htj/resisc45/imgs_full/ground_track_field_s0006102.png,ground_track_field,stadium,stadium,0,1782906032.277306,1782906035.4613929,3.184086799621582,9.64164226402555,3.341
1103,/home/htj/resisc45/imgs_full/airplane_s0006103.png,airplane,airport,airport,0,1782906035.4628808,1782906038.5146368,3.051755905151367,9.273777569770813,3.341
1104,/home/htj/resisc45/imgs_full/mobile_home_park_s0006104.png,mobile_home_park,dense residential,dense_residential,0,1782906038.5163267,1782906041.7116697,3.195343017578125,9.533077654157367,3.241
1105,/home/htj/resisc45/imgs_full/wetland_s0006105.png,wetland,chaparral,chaparral,0,1782906041.713107,1782906045.036671,3.323563814163208,9.984902542936391,3.2585499999999996
1106,/home/htj/resisc45/imgs_full/lake_s0006106.png,lake,lake,lake,1,1782906045.0382137,1782906048.104304,3.0660903453826904,9.334257820910876,3.343
1107,/home/htj/resisc45/imgs_full/medium_residential_s0006107.png,medium_residential,dense residential,dense_residential,0,1782906048.1055114,1782906051.2992291,3.1937177181243896,9.651643066866058,3.26875
1108,/home/htj/resisc45/imgs_full/ground_track_field_s0006108.png,ground_track_field,dense residential,dense_residential,0,1782906051.3007631,1782906054.4982195,3.1974563598632812,9.69605802154541,3.343
1109,/home/htj/resisc45/imgs_full/medium_residential_s0006109.png,medium_residential,sparse residential,sparse_residential,0,1782906054.4997375,1782906057.6835039,3.1837663650512695,9.622820132425854,3.26875
1110,/home/htj/resisc45/imgs_full/mountain_s0006110.png,mountain,mountain,mountain,1,1782906057.6850772,1782906060.8674076,3.182330369949341,9.621150772933449,3.343
1111,/home/htj/resisc45/imgs_full/airport_s0006111.png,airport,airport,airport,1,1782906060.8689594,1782906063.9231672,3.0542078018188477,9.192656448841095,3.2779499999999993
1112,/home/htj/resisc45/imgs_full/sparse_residential_s0006112.png,sparse_residential,forest,forest,0,1782906063.924458,1782906066.993926,3.0694680213928223,9.27917235467169,3.244
1113,/home/htj/resisc45/imgs_full/parking_lot_s0006113.png,parking_lot,parking lot,parking_lot,1,1782906066.995296,1782906070.3173428,3.3220467567443848,9.96058443341584,3.256
1114,/home/htj/resisc45/imgs_full/rectangular_farmland_s0006114.png,rectangular_farmland,rectangular farmland,rectangular_farmland,1,1782906070.3187838,1782906073.76764,3.4488563537597656,10.442062805238319,3.343
1115,/home/htj/resisc45/imgs_full/freeway_s0006115.png,freeway,airport,airport,0,1782906073.7691033,1782906076.8388672,3.0697638988494873,9.393761767877473,3.343
1116,/home/htj/resisc45/imgs_full/parking_lot_s0006116.png,parking_lot,parking lot,parking_lot,1,1782906076.8406456,1782906080.1637168,3.323071241378784,9.949619062678567,3.244
1117,/home/htj/resisc45/imgs_full/beach_s0006117.png,beach,beach,beach,1,1782906080.1651125,1782906083.3507848,3.1856722831726074,9.6876294131279,3.3415
1118,/home/htj/resisc45/imgs_full/baseball_diamond_s0006118.png,baseball_diamond,baseball diamond,baseball_diamond,1,1782906083.3522465,1782906086.664103,3.311856508255005,9.937796462761943,3.341
1119,/home/htj/resisc45/imgs_full/thermal_power_station_s0006119.png,thermal_power_station,storage tank,storage_tank,0,1782906086.665707,1782906089.86228,3.196572780609131,9.747320796242782,3.341
1120,/home/htj/resisc45/imgs_full/industrial_area_s0006120.png,industrial_area,industrial area,industrial_area,1,1782906089.863761,1782906093.1915493,3.3277883529663086,9.980544899277767,3.341
1121,/home/htj/resisc45/imgs_full/bridge_s0006121.png,bridge,bridge,bridge,1,1782906093.1930618,1782906096.2583807,3.0653188228607178,9.297566111043647,3.341
1122,/home/htj/resisc45/imgs_full/rectangular_farmland_s0006122.png,rectangular_farmland,rectangular farmland,rectangular_farmland,1,1782906096.259646,1782906099.7021646,3.442518711090088,10.341326208114625,3.244
1123,/home/htj/resisc45/imgs_full/rectangular_farmland_s0006123.png,rectangular_farmland,rectangular farmland,rectangular_farmland,1,1782906099.7036326,1782906103.149979,3.4463465213775635,10.50830602606789,3.341
1124,/home/htj/resisc45/imgs_full/bridge_s0006124.png,bridge,river,river,0,1782906103.151359,1782906106.2046933,3.0533342361450195,9.398854099813498,3.341
1125,/home/htj/resisc45/imgs_full/beach_s0006125.png,beach,beach,beach,1,1782906106.2066705,1782906109.3871796,3.180509090423584,9.561916606332575,3.266
1126,/home/htj/resisc45/imgs_full/dense_residential_s0006126.png,dense_residential,dense residential,dense_residential,1,1782906109.388991,1782906112.5878696,3.198878526687622,9.728075213811229,3.341
1127,/home/htj/resisc45/imgs_full/church_s0006127.png,church,palace,palace,0,1782906112.589661,1782906115.7843654,3.194704532623291,9.711787682584355,3.343
1128,/home/htj/resisc45/imgs_full/runway_s0006128.png,runway,intersection,intersection,0,1782906115.7858677,1782906118.8461604,3.0602927207946777,9.235283366309272,3.343
1129,/home/htj/resisc45/imgs_full/church_s0006129.png,church,thermal power station,thermal_power_station,0,1782906118.8471904,1782906122.162445,3.3152546882629395,9.787489233206058,3.244
1130,/home/htj/resisc45/imgs_full/sparse_residential_s0006130.png,sparse_residential,sparse residential,sparse_residential,1,1782906122.1640773,1782906125.3569608,3.1928834915161133,9.631249028908579,3.3414
1131,/home/htj/resisc45/imgs_full/church_s0006131.png,church,stadium,stadium,0,1782906125.35859,1782906128.541902,3.183312177658081,9.52881091579524,3.341
1132,/home/htj/resisc45/imgs_full/forest_s0006132.png,forest,meadow,meadow,0,1782906128.5434513,1782906131.7251346,3.181683301925659,9.458860377758741,3.26825
1133,/home/htj/resisc45/imgs_full/circular_farmland_s0006133.png,circular_farmland,rectangular farmland,rectangular_farmland,0,1782906131.7264972,1782906135.1687257,3.4422285556793213,10.326459947132674,3.244
1134,/home/htj/resisc45/imgs_full/industrial_area_s0006134.png,industrial_area,storage tank,storage_tank,0,1782906135.170234,1782906138.3655064,3.195272445678711,9.643560474804469,3.3415
1135,/home/htj/resisc45/imgs_full/desert_s0006135.png,desert,desert,desert,1,1782906138.367043,1782906141.5604255,3.193382501602173,9.684844831109046,3.343
1136,/home/htj/resisc45/imgs_full/sparse_residential_s0006136.png,sparse_residential,sparse residential,sparse_residential,1,1782906141.5621076,1782906144.7576494,3.1955418586730957,9.749427021069184,3.343
1137,/home/htj/resisc45/imgs_full/rectangular_farmland_s0006137.png,rectangular_farmland,rectangular farmland,rectangular_farmland,1,1782906144.7591643,1782906148.205986,3.446821689605713,10.42607055832128,3.244
1138,/home/htj/resisc45/imgs_full/lake_s0006138.png,lake,lake,lake,1,1782906148.2073793,1782906151.2710414,3.063662052154541,9.41032166560491,3.343
1139,/home/htj/resisc45/imgs_full/river_s0006139.png,river,river,river,1,1782906151.2721992,1782906154.325467,3.0532679557800293,9.15346689611111,3.2836
1140,/home/htj/resisc45/imgs_full/church_s0006140.png,church,commercial area,commercial_area,0,1782906154.326917,1782906157.5201643,3.1932473182678223,9.706730557978155,3.343
1141,/home/htj/resisc45/imgs_full/stadium_s0006141.png,stadium,stadium,stadium,1,1782906157.5217135,1782906160.7140632,3.192349672317505,9.830213747216122,3.343
1142,/home/htj/resisc45/imgs_full/palace_s0006142.png,palace,palace,palace,1,1782906160.715733,1782906163.9112828,3.195549726486206,9.636750834098883,3.341
1143,/home/htj/resisc45/imgs_full/tennis_court_s0006143.png,tennis_court,dense residential,dense_residential,0,1782906163.9128747,1782906167.110146,3.1972713470458984,9.745956175553172,3.343
1144,/home/htj/resisc45/imgs_full/wetland_s0006144.png,wetland,river,river,0,1782906167.111531,1782906170.1778169,3.0662858486175537,9.244562561332055,3.244
1145,/home/htj/resisc45/imgs_full/industrial_area_s0006145.png,industrial_area,industrial area,industrial_area,1,1782906170.1791506,1782906173.5006623,3.321511745452881,9.940883782033263,3.25885
1146,/home/htj/resisc45/imgs_full/mountain_s0006146.png,mountain,mountain,mountain,1,1782906173.502062,1782906176.6855779,3.183515787124634,9.716488121777774,3.343
1147,/home/htj/resisc45/imgs_full/airplane_s0006147.png,airplane,airport,airport,0,1782906176.6869977,1782906179.7523997,3.065402030944824,9.25365399756255,3.3417
1148,/home/htj/resisc45/imgs_full/overpass_s0006148.png,overpass,intersection,intersection,0,1782906179.753606,1782906182.8187473,3.065141201019287,9.265748352122758,3.244
1149,/home/htj/resisc45/imgs_full/medium_residential_s0006149.png,medium_residential,sparse residential,sparse_residential,0,1782906182.820175,1782906186.0149932,3.1948182582855225,9.597738492877859,3.2416
1150,/home/htj/resisc45/imgs_full/tennis_court_s0006150.png,tennis_court,tennis court,tennis_court,1,1782906186.0163374,1782906189.334619,3.318281650543213,10.155429356229716,3.343
1151,/home/htj/resisc45/imgs_full/church_s0006151.png,church,storage tank,storage_tank,0,1782906189.336301,1782906192.519877,3.1835758686065674,9.66209591165185,3.343
1152,/home/htj/resisc45/imgs_full/rectangular_farmland_s0006152.png,rectangular_farmland,rectangular farmland,rectangular_farmland,1,1782906192.5212538,1782906195.9711385,3.4498846530914307,10.472987335622312,3.343
1153,/home/htj/resisc45/imgs_full/railway_s0006153.png,railway,railway,railway,1,1782906195.9726138,1782906199.1639256,3.191311836242676,9.784220163651876,3.343
1154,/home/htj/resisc45/imgs_full/golf_course_s0006154.png,golf_course,golf course,golf_course,1,1782906199.165204,1782906202.4782407,3.3130366802215576,10.050630224510774,3.343
1155,/home/htj/resisc45/imgs_full/desert_s0006155.png,desert,desert,desert,1,1782906202.4796886,1782906205.6709387,3.1912500858306885,9.567709676972457,3.343
1156,/home/htj/resisc45/imgs_full/desert_s0006156.png,desert,sea ice,sea_ice,0,1782906205.6721175,1782906208.862686,3.190568447113037,9.665827110528946,3.26875
1157,/home/htj/resisc45/imgs_full/airport_s0006157.png,airport,airport,airport,1,1782906208.8643012,1782906211.9324412,3.0681400299072266,9.270498735180608,3.343
1158,/home/htj/resisc45/imgs_full/roundabout_s0006158.png,roundabout,intersection,intersection,0,1782906211.933954,1782906214.9967675,3.0628135204315186,9.233804874757553,3.2836
1159,/home/htj/resisc45/imgs_full/chaparral_s0006159.png,chaparral,chaparral,chaparral,1,1782906214.9980779,1782906218.3156912,3.317613363265991,10.017280512074292,3.244
1160,/home/htj/resisc45/imgs_full/mountain_s0006160.png,mountain,meadow,meadow,0,1782906218.3171535,1782906221.5103614,3.1932079792022705,9.664586078482015,3.341
1161,/home/htj/resisc45/imgs_full/cloud_s0006161.png,cloud,circular farmland,circular_farmland,0,1782906221.5119598,1782906224.9585915,3.446631669998169,10.432207294889292,3.343
1162,/home/htj/resisc45/imgs_full/mountain_s0006162.png,mountain,mountain,mountain,1,1782906224.9600592,1782906228.1516495,3.1915903091430664,9.71041351556778,3.341
1163,/home/htj/resisc45/imgs_full/airport_s0006163.png,airport,airport,airport,1,1782906228.1533678,1782906231.2184174,3.065049648284912,9.375305751959482,3.343
1164,/home/htj/resisc45/imgs_full/snowberg_s0006164.png,snowberg,snowberg,snowberg,1,1782906231.2203774,1782906234.4153605,3.1949830055236816,9.742587195932865,3.343
1165,/home/htj/resisc45/imgs_full/ship_s0006165.png,ship,harbor,harbor,0,1782906234.4165254,1782906237.5994456,3.182920217514038,9.603609188433204,3.26875
1166,/home/htj/resisc45/imgs_full/railway_station_s0006166.png,railway_station,railway station,railway_station,1,1782906237.601088,1782906240.9243302,3.3232421875,9.999241459216101,3.2441999999999998
1167,/home/htj/resisc45/imgs_full/wetland_s0006167.png,wetland,meadow,meadow,0,1782906240.925699,1782906244.113557,3.1878581047058105,10.054959870542799,3.345
1168,/home/htj/resisc45/imgs_full/wetland_s0006168.png,wetland,mountain,mountain,0,1782906244.1148849,1782906247.3062692,3.1913843154907227,9.76062097290584,3.345
1169,/home/htj/resisc45/imgs_full/basketball_court_s0006169.png,basketball_court,baseball diamond,baseball_diamond,0,1782906247.307697,1782906250.6272566,3.3195595741271973,10.053801274316065,3.25885
1170,/home/htj/resisc45/imgs_full/palace_s0006170.png,palace,harbor,harbor,0,1782906250.6289833,1782906253.8216527,3.19266939163208,9.880912683427335,3.3435
1171,/home/htj/resisc45/imgs_full/beach_s0006171.png,beach,sea ice,sea_ice,0,1782906253.8230116,1782906257.0194736,3.1964619159698486,9.541724217555354,3.343
1172,/home/htj/resisc45/imgs_full/wetland_s0006172.png,wetland,forest,forest,0,1782906257.0209465,1782906260.0784774,3.0575308799743652,9.183520481771893,3.27865
1173,/home/htj/resisc45/imgs_full/forest_s0006173.png,forest,meadow,meadow,0,1782906260.0799007,1782906263.2692993,3.1893985271453857,9.636596789134401,3.246
1174,/home/htj/resisc45/imgs_full/overpass_s0006174.png,overpass,intersection,intersection,0,1782906263.2708516,1782906266.3366735,3.065821886062622,9.134105339209238,3.2799499999999995
1175,/home/htj/resisc45/imgs_full/parking_lot_s0006175.png,parking_lot,parking lot,parking_lot,1,1782906266.3381965,1782906269.6611066,3.3229100704193115,9.846068996417111,3.2443
1176,/home/htj/resisc45/imgs_full/baseball_diamond_s0006176.png,baseball_diamond,baseball diamond,baseball_diamond,1,1782906269.6625786,1782906272.9818032,3.3192245960235596,9.947143834179847,3.343
1177,/home/htj/resisc45/imgs_full/bridge_s0006177.png,bridge,harbor,harbor,0,1782906272.983215,1782906276.1742456,3.191030502319336,9.650303048576626,3.343
1178,/home/htj/resisc45/imgs_full/terrace_s0006178.png,terrace,chaparral,chaparral,0,1782906276.1758165,1782906279.4992769,3.323460340499878,10.236257848739625,3.345
1179,/home/htj/resisc45/imgs_full/thermal_power_station_s0006179.png,thermal_power_station,industrial area,industrial_area,0,1782906279.5006807,1782906282.8169687,3.3162879943847656,10.05435624780326,3.343
1180,/home/htj/resisc45/imgs_full/overpass_s0006180.png,overpass,intersection,intersection,0,1782906282.8181112,1782906285.8844202,3.0663089752197266,9.449796426631787,3.3436999999999997
1181,/home/htj/resisc45/imgs_full/bridge_s0006181.png,bridge,bridge,bridge,1,1782906285.8853734,1782906288.943158,3.0577845573425293,9.28417004941128,3.244
1182,/home/htj/resisc45/imgs_full/stadium_s0006182.png,stadium,stadium,stadium,1,1782906288.9446914,1782906292.1370494,3.1923580169677734,9.466937699317933,3.246
1183,/home/htj/resisc45/imgs_full/ground_track_field_s0006183.png,ground_track_field,stadium,stadium,0,1782906292.138078,1782906295.3327801,3.1947021484375,9.512510888235909,3.2445
1184,/home/htj/resisc45/imgs_full/terrace_s0006184.png,terrace,rectangular farmland,rectangular_farmland,0,1782906295.3342776,1782906298.7820597,3.447782039642334,10.528779329625767,3.343
1185,/home/htj/resisc45/imgs_full/circular_farmland_s0006185.png,circular_farmland,circular farmland,circular_farmland,1,1782906298.783417,1782906302.2281199,3.4447028636932373,10.518572429430485,3.343
1186,/home/htj/resisc45/imgs_full/wetland_s0006186.png,wetland,wetland,wetland,1,1782906302.229619,1782906305.5407596,3.311140537261963,10.005410374156359,3.341
1187,/home/htj/resisc45/imgs_full/island_s0006187.png,island,island,island,1,1782906305.5420134,1782906308.7309287,3.188915252685547,9.524150961467198,3.341
1188,/home/htj/resisc45/imgs_full/island_s0006188.png,island,island,island,1,1782906308.7321987,1782906311.9197145,3.1875157356262207,9.500561409805503,3.343
1189,/home/htj/resisc45/imgs_full/forest_s0006189.png,forest,chaparral,chaparral,0,1782906311.9212186,1782906315.2268627,3.3056440353393555,9.834860943761363,3.244
1190,/home/htj/resisc45/imgs_full/terrace_s0006190.png,terrace,dense residential,dense_residential,0,1782906315.2282484,1782906318.4174392,3.1891908645629883,9.55322123479843,3.341
1191,/home/htj/resisc45/imgs_full/river_s0006191.png,river,river,river,1,1782906318.4190037,1782906321.484793,3.065789222717285,9.113001690652636,3.2759999999999994
1192,/home/htj/resisc45/imgs_full/stadium_s0006192.png,stadium,stadium,stadium,1,1782906321.486404,1782906324.6747184,3.188314437866211,9.584073200225829,3.244
1193,/home/htj/resisc45/imgs_full/industrial_area_s0006193.png,industrial_area,industrial area,industrial_area,1,1782906324.6763766,1782906327.9918978,3.315521240234375,9.87247897023168,3.25885
1194,/home/htj/resisc45/imgs_full/baseball_diamond_s0006194.png,baseball_diamond,stadium,stadium,0,1782906327.9934397,1782906331.1846726,3.191232919692993,9.9006291744411,3.343
1195,/home/htj/resisc45/imgs_full/cloud_s0006195.png,cloud,cloud,cloud,1,1782906331.186109,1782906334.2524853,3.066376209259033,9.205147810706386,3.343
1196,/home/htj/resisc45/imgs_full/railway_s0006196.png,railway,railway station,railway_station,0,1782906334.2537303,1782906337.570067,3.3163366317749023,9.887910608566415,3.244
1197,/home/htj/resisc45/imgs_full/church_s0006197.png,church,intersection,intersection,0,1782906337.5713649,1782906340.6202302,3.04886531829834,9.104429572285346,3.341
1198,/home/htj/resisc45/imgs_full/sea_ice_s0006198.png,sea_ice,sea ice,sea_ice,1,1782906340.621558,1782906343.806971,3.185413122177124,9.433828490836278,3.244
1199,/home/htj/resisc45/imgs_full/lake_s0006199.png,lake,lake,lake,1,1782906343.8081074,1782906346.8705556,3.062448263168335,9.160690147214465,3.27865
1200,/home/htj/resisc45/imgs_full/medium_residential_s0006200.png,medium_residential,dense residential,dense_residential,0,1782906346.872213,1782906350.049701,3.177488088607788,9.510959480366536,3.343
1201,/home/htj/resisc45/imgs_full/basketball_court_s0006201.png,basketball_court,basketball court,basketball_court,1,1782906350.0515194,1782906353.3662543,3.314734935760498,9.967922307252884,3.343
1202,/home/htj/resisc45/imgs_full/baseball_diamond_s0006202.png,baseball_diamond,baseball diamond,baseball_diamond,1,1782906353.3677566,1782906356.6849668,3.3172101974487305,9.999043820858,3.3433
1203,/home/htj/resisc45/imgs_full/palace_s0006203.png,palace,palace,palace,1,1782906356.6866071,1782906359.866984,3.1803767681121826,9.589006333185095,3.343
1204,/home/htj/resisc45/imgs_full/industrial_area_s0006204.png,industrial_area,industrial area,industrial_area,1,1782906359.8684564,1782906363.1742578,3.3058013916015625,9.955876863413843,3.343
1205,/home/htj/resisc45/imgs_full/baseball_diamond_s0006205.png,baseball_diamond,baseball diamond,baseball_diamond,1,1782906363.175428,1782906366.4998102,3.3243823051452637,9.997678564170311,3.343
1206,/home/htj/resisc45/imgs_full/commercial_area_s0006206.png,commercial_area,dense residential,dense_residential,0,1782906366.50129,1782906369.6933353,3.192045211791992,9.84118738954109,3.343
1207,/home/htj/resisc45/imgs_full/ship_s0006207.png,ship,harbor,harbor,0,1782906369.6947553,1782906372.8795261,3.1847708225250244,9.625651333999635,3.343
1208,/home/htj/resisc45/imgs_full/storage_tank_s0006208.png,storage_tank,storage tank,storage_tank,1,1782906372.8812351,1782906376.0763423,3.1951072216033936,9.630165274937948,3.343
1209,/home/htj/resisc45/imgs_full/island_s0006209.png,island,island,island,1,1782906376.0772305,1782906379.2631593,3.1859288215637207,9.806687153875828,3.343
1210,/home/htj/resisc45/imgs_full/beach_s0006210.png,beach,sea ice,sea_ice,0,1782906379.2647629,1782906382.454744,3.18998122215271,9.692530087709427,3.343
1211,/home/htj/resisc45/imgs_full/chaparral_s0006211.png,chaparral,sparse residential,sparse_residential,0,1782906382.4566894,1782906385.643565,3.186875581741333,9.61525889805385,3.343
1212,/home/htj/resisc45/imgs_full/dense_residential_s0006212.png,dense_residential,dense residential,dense_residential,1,1782906385.64527,1782906388.843745,3.198474884033203,9.72193575688771,3.343
1213,/home/htj/resisc45/imgs_full/desert_s0006213.png,desert,desert,desert,1,1782906388.8451135,1782906392.038994,3.193880558013916,9.64483488222531,3.343
1214,/home/htj/resisc45/imgs_full/railway_s0006214.png,railway,railway station,railway_station,0,1782906392.0402737,1782906395.3556182,3.3153445720672607,9.985932173293211,3.244
1215,/home/htj/resisc45/imgs_full/ship_s0006215.png,ship,harbor,harbor,0,1782906395.3570113,1782906398.5502474,3.1932361125946045,9.736347973521266,3.341
1216,/home/htj/resisc45/imgs_full/cloud_s0006216.png,cloud,cloud,cloud,1,1782906398.551636,1782906401.6141806,3.062544584274292,9.413638200384598,3.343
1217,/home/htj/resisc45/imgs_full/runway_s0006217.png,runway,runway,runway,1,1782906401.6154845,1782906404.7971041,3.181619644165039,9.570482333557946,3.244
1218,/home/htj/resisc45/imgs_full/commercial_area_s0006218.png,commercial_area,commercial area,commercial_area,1,1782906404.79848,1782906407.9818308,3.1833508014678955,9.528962705343961,3.343
1219,/home/htj/resisc45/imgs_full/industrial_area_s0006219.png,industrial_area,dense residential,dense_residential,0,1782906407.9829304,1782906411.1731703,3.190239906311035,9.64124680829048,3.343
1220,/home/htj/resisc45/imgs_full/snowberg_s0006220.png,snowberg,snowberg,snowberg,1,1782906411.1749566,1782906414.3513374,3.1763808727264404,9.525058699914387,3.343
1221,/home/htj/resisc45/imgs_full/lake_s0006221.png,lake,lake,lake,1,1782906414.352596,1782906417.398297,3.045701026916504,9.150262807828076,3.343
1222,/home/htj/resisc45/imgs_full/industrial_area_s0006222.png,industrial_area,storage tank,storage_tank,0,1782906417.4001203,1782906420.5926046,3.1924843788146973,9.495018629091126,3.244
1223,/home/htj/resisc45/imgs_full/mountain_s0006223.png,mountain,desert,desert,0,1782906420.5944083,1782906423.789848,3.1954398155212402,9.567032684820038,3.343
1224,/home/htj/resisc45/imgs_full/mobile_home_park_s0006224.png,mobile_home_park,sparse residential,sparse_residential,0,1782906423.7915103,1782906426.9834857,3.1919753551483154,9.546628291649478,3.343
1225,/home/htj/resisc45/imgs_full/cloud_s0006225.png,cloud,cloud,cloud,1,1782906426.9848258,1782906430.0300229,3.045197010040283,9.12724493461185,3.343
1226,/home/htj/resisc45/imgs_full/roundabout_s0006226.png,roundabout,intersection,intersection,0,1782906430.0317276,1782906433.0909414,3.059213876724243,9.077480701764424,3.3436999999999997
1227,/home/htj/resisc45/imgs_full/rectangular_farmland_s0006227.png,rectangular_farmland,rectangular farmland,rectangular_farmland,1,1782906433.0922077,1782906436.5307775,3.4385697841644287,10.206763999831676,3.24885
1228,/home/htj/resisc45/imgs_full/church_s0006228.png,church,dense residential,dense_residential,0,1782906436.5325327,1782906439.7170312,3.1844985485076904,9.586648550054857,3.343
1229,/home/htj/resisc45/imgs_full/harbor_s0006229.png,harbor,harbor,harbor,1,1782906439.7186384,1782906442.9133272,3.1946887969970703,9.551263782807759,3.3435
1230,/home/htj/resisc45/imgs_full/forest_s0006230.png,forest,forest,forest,1,1782906442.914785,1782906445.980508,3.065723180770874,9.167250354974358,3.3436999999999997
1231,/home/htj/resisc45/imgs_full/baseball_diamond_s0006231.png,baseball_diamond,baseball diamond,baseball_diamond,1,1782906445.9816096,1782906449.3029845,3.3213748931884766,9.843409881723339,3.25885
1232,/home/htj/resisc45/imgs_full/circular_farmland_s0006232.png,circular_farmland,circular farmland,circular_farmland,1,1782906449.3043637,1782906452.742282,3.437918186187744,10.293803361220439,3.343
1233,/home/htj/resisc45/imgs_full/beach_s0006233.png,beach,mountain,mountain,0,1782906452.7437184,1782906455.9243126,3.1805942058563232,9.585402195249285,3.345
1234,/home/htj/resisc45/imgs_full/ground_track_field_s0006234.png,ground_track_field,stadium,stadium,0,1782906455.9260576,1782906459.1084895,3.182431936264038,9.514719278244538,3.345
1235,/home/htj/resisc45/imgs_full/palace_s0006235.png,palace,stadium,stadium,0,1782906459.1101253,1782906462.2945206,3.1843953132629395,9.483015514492989,3.343
1236,/home/htj/resisc45/imgs_full/roundabout_s0006236.png,roundabout,intersection,intersection,0,1782906462.296243,1782906465.3518448,3.0556018352508545,9.142360691070557,3.345
1237,/home/htj/resisc45/imgs_full/church_s0006237.png,church,palace,palace,0,1782906465.3531234,1782906468.5477068,3.1945834159851074,9.438396702528,3.244
1238,/home/htj/resisc45/imgs_full/stadium_s0006238.png,stadium,stadium,stadium,1,1782906468.5492606,1782906471.7462878,3.1970272064208984,9.51480968448094,3.343
1239,/home/htj/resisc45/imgs_full/sea_ice_s0006239.png,sea_ice,coal,,0,1782906471.7477973,1782906474.805879,3.058081865310669,9.147175908309443,3.345
1240,/home/htj/resisc45/imgs_full/industrial_area_s0006240.png,industrial_area,commercial area,commercial_area,0,1782906474.8069987,1782906477.9896514,3.182652711868286,9.414684553295373,3.244
1241,/home/htj/resisc45/imgs_full/desert_s0006241.png,desert,desert,desert,1,1782906477.9912379,1782906481.1724846,3.181246757507324,9.456142370734895,3.27075
1242,/home/htj/resisc45/imgs_full/terrace_s0006242.png,terrace,rectangular farmland,rectangular_farmland,0,1782906481.1737487,1782906484.6118867,3.438138008117676,10.212244023211797,3.25085
1243,/home/htj/resisc45/imgs_full/railway_station_s0006243.png,railway_station,airport,airport,0,1782906484.613028,1782906487.6682951,3.055267095565796,9.25525271777312,3.343
1244,/home/htj/resisc45/imgs_full/sparse_residential_s0006244.png,sparse_residential,rectangular farmland,rectangular_farmland,0,1782906487.6694052,1782906491.114843,3.4454376697540283,10.221063119208814,3.345
1245,/home/htj/resisc45/imgs_full/chaparral_s0006245.png,chaparral,chaparral,chaparral,1,1782906491.116474,1782906494.4350433,3.3185694217681885,10.004643102540808,3.345
1246,/home/htj/resisc45/imgs_full/forest_s0006246.png,forest,meadow,meadow,0,1782906494.4365363,1782906497.631932,3.1953957080841064,9.565873537250928,3.343
1247,/home/htj/resisc45/imgs_full/mountain_s0006247.png,mountain,mountain,mountain,1,1782906497.6334321,1782906500.8204927,3.187060594558716,9.478944237977267,3.27025
1248,/home/htj/resisc45/imgs_full/circular_farmland_s0006248.png,circular_farmland,rectangular farmland,rectangular_farmland,0,1782906500.8220346,1782906504.2556171,3.4335825443267822,10.23631073389848,3.343
1249,/home/htj/resisc45/imgs_full/mobile_home_park_s0006249.png,mobile_home_park,sparse residential,sparse_residential,0,1782906504.256852,1782906507.4458044,3.1889524459838867,9.626080740519932,3.343
1250,/home/htj/resisc45/imgs_full/mobile_home_park_s0006250.png,mobile_home_park,sparse residential,sparse_residential,0,1782906507.4473739,1782906510.631709,3.184335231781006,9.60139621824026,3.343
1251,/home/htj/resisc45/imgs_full/mountain_s0006251.png,mountain,mountain,mountain,1,1782906510.6334782,1782906513.8261824,3.192704200744629,9.701088726537568,3.343
1252,/home/htj/resisc45/imgs_full/harbor_s0006252.png,harbor,harbor,harbor,1,1782906513.8277364,1782906517.0097556,3.1820192337036133,9.62305120221206,3.343
1253,/home/htj/resisc45/imgs_full/golf_course_s0006253.png,golf_course,golf course,golf_course,1,1782906517.0108764,1782906520.3324444,3.321568012237549,10.105240724678698,3.343
1254,/home/htj/resisc45/imgs_full/forest_s0006254.png,forest,forest,forest,1,1782906520.3342295,1782906523.3921075,3.057878017425537,9.238019372754628,3.341
1255,/home/htj/resisc45/imgs_full/beach_s0006255.png,beach,beach,beach,1,1782906523.3941333,1782906526.5811884,3.1870551109313965,9.546254467810902,3.244
1256,/home/htj/resisc45/imgs_full/overpass_s0006256.png,overpass,intersection,intersection,0,1782906526.5827231,1782906529.635404,3.0526809692382812,9.229498254846645,3.343
1257,/home/htj/resisc45/imgs_full/meadow_s0006257.png,meadow,meadow,meadow,1,1782906529.6369157,1782906532.819117,3.182201385498047,9.567515765598841,3.26925
1258,/home/htj/resisc45/imgs_full/ground_track_field_s0006258.png,ground_track_field,stadium,stadium,0,1782906532.8201714,1782906535.9983947,3.1782233715057373,9.502598951404744,3.345
1259,/home/htj/resisc45/imgs_full/forest_s0006259.png,forest,forest,forest,1,1782906535.9994981,1782906539.0539317,3.054433584213257,9.145483223398527,3.343
1260,/home/htj/resisc45/imgs_full/terrace_s0006260.png,terrace,rectangular farmland,rectangular_farmland,0,1782906539.0551322,1782906542.502562,3.447429895401001,10.224568432561686,3.244
1261,/home/htj/resisc45/imgs_full/meadow_s0006261.png,meadow,chaparral,chaparral,0,1782906542.5039706,1782906545.8088543,3.3048837184906006,9.990606500243318,3.343
1262,/home/htj/resisc45/imgs_full/church_s0006262.png,church,palace,palace,0,1782906545.810446,1782906548.9964104,3.185964345932007,9.577748422737633,3.343
1263,/home/htj/resisc45/imgs_full/chaparral_s0006263.png,chaparral,sparse residential,sparse_residential,0,1782906548.9980278,1782906552.183893,3.1858651638031006,9.537228710540703,3.343
1264,/home/htj/resisc45/imgs_full/thermal_power_station_s0006264.png,thermal_power_station,industrial area,industrial_area,0,1782906552.1849663,1782906555.4933276,3.308361291885376,9.928278155524156,3.343
1265,/home/htj/resisc45/imgs_full/palace_s0006265.png,palace,palace,palace,1,1782906555.4949882,1782906558.6747732,3.1797850131988525,9.6751205032851,3.345
1266,/home/htj/resisc45/imgs_full/lake_s0006266.png,lake,lake,lake,1,1782906558.6761577,1782906561.7321374,3.0559797286987305,9.156926127073898,3.343
1267,/home/htj/resisc45/imgs_full/snowberg_s0006267.png,snowberg,sea ice,sea_ice,0,1782906561.733416,1782906564.922632,3.189215898513794,9.582056117368596,3.244
1268,/home/htj/resisc45/imgs_full/harbor_s0006268.png,harbor,harbor,harbor,1,1782906564.9241643,1782906568.1095066,3.185342311859131,9.615183292797633,3.343
1269,/home/htj/resisc45/imgs_full/mobile_home_park_s0006269.png,mobile_home_park,sparse residential,sparse_residential,0,1782906568.1109295,1782906571.2912064,3.180276870727539,9.656172439404896,3.26875
1270,/home/htj/resisc45/imgs_full/freeway_s0006270.png,freeway,freeway,freeway,1,1782906571.2928402,1782906574.4721358,3.179295539855957,9.626168843933515,3.343
1271,/home/htj/resisc45/imgs_full/roundabout_s0006271.png,roundabout,intersection,intersection,0,1782906574.473891,1782906577.533694,3.059803009033203,9.25199435403612,3.343
1272,/home/htj/resisc45/imgs_full/airplane_s0006272.png,airplane,airport,airport,0,1782906577.5349016,1782906580.590233,3.0553314685821533,9.174468626989508,3.244
1273,/home/htj/resisc45/imgs_full/dense_residential_s0006273.png,dense_residential,dense residential,dense_residential,1,1782906580.5919404,1782906583.7754283,3.183487892150879,9.612200602361135,3.246
1274,/home/htj/resisc45/imgs_full/meadow_s0006274.png,meadow,meadow,meadow,1,1782906583.7769868,1782906586.9533086,3.1763217449188232,9.577347421335322,3.343
1275,/home/htj/resisc45/imgs_full/industrial_area_s0006275.png,industrial_area,storage tank,storage_tank,0,1782906586.955245,1782906590.142481,3.1872360706329346,9.682026373565197,3.345
1276,/home/htj/resisc45/imgs_full/beach_s0006276.png,beach,beach,beach,1,1782906590.1440182,1782906593.3229496,3.178931474685669,9.602927552057164,3.343
1277,/home/htj/resisc45/imgs_full/wetland_s0006277.png,wetland,forest,forest,0,1782906593.3242834,1782906596.3741937,3.049910306930542,9.263498329787884,3.3438000000000003
1278,/home/htj/resisc45/imgs_full/freeway_s0006278.png,freeway,freeway,freeway,1,1782906596.3757155,1782906599.5550902,3.1793746948242188,9.523094313188032,3.244
1279,/home/htj/resisc45/imgs_full/bridge_s0006279.png,bridge,intersection,intersection,0,1782906599.5565689,1782906602.6099424,3.0533735752105713,9.108156830898038,3.343
1280,/home/htj/resisc45/imgs_full/parking_lot_s0006280.png,parking_lot,parking lot,parking_lot,1,1782906602.611618,1782906605.9194021,3.307784080505371,9.85919263650631,3.246
1281,/home/htj/resisc45/imgs_full/cloud_s0006281.png,cloud,cloud,cloud,1,1782906605.921391,1782906608.9739664,3.0525753498077393,9.146476743967444,3.345
1282,/home/htj/resisc45/imgs_full/harbor_s0006282.png,harbor,harbor,harbor,1,1782906608.9751701,1782906612.153458,3.178287982940674,9.424872482555253,3.244
1283,/home/htj/resisc45/imgs_full/lake_s0006283.png,lake,island,island,0,1782906612.1554403,1782906615.340632,3.1851916313171387,9.658775102806091,3.2751
1284,/home/htj/resisc45/imgs_full/baseball_diamond_s0006284.png,baseball_diamond,baseball diamond,baseball_diamond,1,1782906615.3420925,1782906618.6511548,3.3090622425079346,9.983041416065445,3.343
1285,/home/htj/resisc45/imgs_full/commercial_area_s0006285.png,commercial_area,dense residential,dense_residential,0,1782906618.6529548,1782906621.8412836,3.188328742980957,9.724345731650079,3.343
1286,/home/htj/resisc45/imgs_full/stadium_s0006286.png,stadium,stadium,stadium,1,1782906621.8429732,1782906625.0243206,3.181347370147705,9.651526203734534,3.343
1287,/home/htj/resisc45/imgs_full/desert_s0006287.png,desert,sparse residential,sparse_residential,0,1782906625.0255713,1782906628.1991625,3.173591136932373,9.515176350064712,3.2737
1288,/home/htj/resisc45/imgs_full/forest_s0006288.png,forest,forest,forest,1,1782906628.2006683,1782906631.2567062,3.0560379028320312,9.304560141528095,3.27865
1289,/home/htj/resisc45/imgs_full/forest_s0006289.png,forest,forest,forest,1,1782906631.258049,1782906634.308736,3.050687074661255,9.116300392164124,3.345
1290,/home/htj/resisc45/imgs_full/river_s0006290.png,river,sea ice,sea_ice,0,1782906634.3100562,1782906637.4873135,3.1772572994232178,9.629111508261074,3.2445999999999997
1291,/home/htj/resisc45/imgs_full/river_s0006291.png,river,river,river,1,1782906637.488495,1782906640.5423763,3.0538811683654785,9.1985162925367,3.2806499999999996
1292,/home/htj/resisc45/imgs_full/tennis_court_s0006292.png,tennis_court,dense residential,dense_residential,0,1782906640.5439632,1782906643.7276692,3.183706045150757,9.627754488110542,3.246
1293,/home/htj/resisc45/imgs_full/medium_residential_s0006293.png,medium_residential,dense residential,dense_residential,0,1782906643.7292824,1782906646.9123085,3.183026075363159,9.67082897347212,3.345
1294,/home/htj/resisc45/imgs_full/stadium_s0006294.png,stadium,stadium,stadium,1,1782906646.913912,1782906650.0985775,3.1846654415130615,9.624400178406919,3.3435
1295,/home/htj/resisc45/imgs_full/sparse_residential_s0006295.png,sparse_residential,chaparral,chaparral,0,1782906650.1002352,1782906653.4074605,3.307225227355957,10.038397924143693,3.343
1296,/home/htj/resisc45/imgs_full/airplane_s0006296.png,airplane,airport,airport,0,1782906653.4088907,1782906656.4612324,3.0523416996002197,9.247328340026568,3.2847999999999997
1297,/home/htj/resisc45/imgs_full/terrace_s0006297.png,terrace,sparse residential,sparse_residential,0,1782906656.4626188,1782906659.6490624,3.186443567276001,9.679372721307928,3.345
1298,/home/htj/resisc45/imgs_full/river_s0006298.png,river,industrial area,industrial_area,0,1782906659.6506064,1782906662.9605107,3.3099043369293213,10.027383238764132,3.345
1299,/home/htj/resisc45/imgs_full/island_s0006299.png,island,island,island,1,1782906662.9620278,1782906666.14459,3.1825621128082275,9.58003274244395,3.246
