n,path,true,answer,pred,correct,t_start,t_end,latency_s,E_im_J,Ppeak_W
0,/home/htj/resisc45/imgs_full/church_s0005000.png,church,airport,airport,0,1782885525.5815852,1782885527.535706,1.9541208744049072,1.623529601770289,1.2556999999999998
1,/home/htj/resisc45/imgs_full/church_s0005001.png,church,airport,airport,0,1782885527.5376778,1782885528.7109714,1.1732935905456543,1.8107272369521004,2.437
2,/home/htj/resisc45/imgs_full/airport_s0005002.png,airport,airport,airport,1,1782885528.712918,1782885529.884232,1.171314001083374,3.2386274361383345,2.843
3,/home/htj/resisc45/imgs_full/dense_residential_s0005003.png,dense_residential,dense residential,dense_residential,1,1782885529.88907,1782885531.1371732,1.248103141784668,3.6280656372850593,2.945
4,/home/htj/resisc45/imgs_full/stadium_s0005004.png,stadium,airport,airport,0,1782885531.142066,1782885532.2891517,1.1470856666564941,3.4035124192237856,3.347
5,/home/htj/resisc45/imgs_full/commercial_area_s0005005.png,commercial_area,airport,airport,0,1782885532.29389,1782885533.457962,1.164072036743164,3.614036248874664,3.2612
6,/home/htj/resisc45/imgs_full/sparse_residential_s0005006.png,sparse_residential,forest,forest,0,1782885533.4624586,1782885534.6236944,1.1612358093261719,3.6759500162124636,3.4531
7,/home/htj/resisc45/imgs_full/chaparral_s0005007.png,chaparral,chaparral,chaparral,1,1782885534.628135,1782885535.9480286,1.3198935985565186,4.201386310905218,3.55
8,/home/htj/resisc45/imgs_full/railway_s0005008.png,railway,freeway,freeway,0,1782885535.9524722,1782885537.1968575,1.2443852424621582,3.9715120642835444,3.44305
9,/home/htj/resisc45/imgs_full/basketball_court_s0005009.png,basketball_court,airport,airport,0,1782885537.2015297,1782885538.3640964,1.1625666618347168,3.579432031154633,3.349
10,/home/htj/resisc45/imgs_full/golf_course_s0005010.png,golf_course,golf course,golf_course,1,1782885538.3685493,1782885539.6866782,1.3181288242340088,4.112733861456746,3.4408
11,/home/htj/resisc45/imgs_full/lake_s0005011.png,lake,lake,lake,1,1782885539.6911478,1782885540.8587072,1.1675593852996826,3.645509587367376,3.349
12,/home/htj/resisc45/imgs_full/river_s0005012.png,river,river,river,1,1782885540.8634484,1782885542.0272279,1.1637794971466064,3.5948594486145744,3.349
13,/home/htj/resisc45/imgs_full/forest_s0005013.png,forest,chaparral,chaparral,0,1782885542.0315943,1782885543.3523061,1.3207118511199951,4.143991833033769,3.349
14,/home/htj/resisc45/imgs_full/chaparral_s0005014.png,chaparral,desert,desert,0,1782885543.3568175,1782885544.600031,1.243213415145874,3.8893931692838666,3.349
15,/home/htj/resisc45/imgs_full/commercial_area_s0005015.png,commercial_area,airport,airport,0,1782885544.6048553,1782885545.7734973,1.1686420440673828,3.6272979559217178,3.451
16,/home/htj/resisc45/imgs_full/baseball_diamond_s0005016.png,baseball_diamond,baseball diamond,baseball_diamond,1,1782885545.7778738,1782885547.1004581,1.3225843906402588,4.217115437239409,3.451
17,/home/htj/resisc45/imgs_full/parking_lot_s0005017.png,parking_lot,parking lot,parking_lot,1,1782885547.1048462,1782885548.425548,1.3207018375396729,4.397822275369064,3.5401
18,/home/htj/resisc45/imgs_full/wetland_s0005018.png,wetland,forest,forest,0,1782885548.4300346,1782885549.5941288,1.1640942096710205,3.6231600780146462,3.448
19,/home/htj/resisc45/imgs_full/sparse_residential_s0005019.png,sparse_residential,airport,airport,0,1782885549.598618,1782885550.7641375,1.1655194759368896,3.6445794012546537,3.451
20,/home/htj/resisc45/imgs_full/tennis_court_s0005020.png,tennis_court,golf course,golf_course,0,1782885550.768581,1782885552.0871441,1.3185632228851318,4.154620728803718,3.349
21,/home/htj/resisc45/imgs_full/baseball_diamond_s0005021.png,baseball_diamond,golf course,golf_course,0,1782885552.0916111,1782885553.4133265,1.3217153549194336,4.157345505952835,3.3487
22,/home/htj/resisc45/imgs_full/ground_track_field_s0005022.png,ground_track_field,airport,airport,0,1782885553.4176714,1782885554.5854447,1.1677732467651367,3.6450095609029134,3.448
23,/home/htj/resisc45/imgs_full/chaparral_s0005023.png,chaparral,chaparral,chaparral,1,1782885554.5900514,1782885555.9181328,1.3280813694000244,4.194773876584095,3.5397999999999996
24,/home/htj/resisc45/imgs_full/mobile_home_park_s0005024.png,mobile_home_park,Mobile home park,mobile_home_park,1,1782885555.9229548,1782885557.2458825,1.322927713394165,4.188940360486507,3.347
25,/home/htj/resisc45/imgs_full/roundabout_s0005025.png,roundabout,freeway,freeway,0,1782885557.250492,1782885558.4946368,1.2441446781158447,3.8557174615426497,3.347
26,/home/htj/resisc45/imgs_full/golf_course_s0005026.png,golf_course,chaparral,chaparral,0,1782885558.4989474,1782885559.8153822,1.3164348602294922,4.087244059521218,3.347
27,/home/htj/resisc45/imgs_full/baseball_diamond_s0005027.png,baseball_diamond,golf course,golf_course,0,1782885559.8198774,1782885561.1376584,1.3177809715270996,4.137259302346603,3.4378999999999995
28,/home/htj/resisc45/imgs_full/parking_lot_s0005028.png,parking_lot,Parking lot,parking_lot,1,1782885561.1424608,1782885562.3891,1.2466392517089844,3.9091207008361812,3.4429499999999997
29,/home/htj/resisc45/imgs_full/railway_station_s0005029.png,railway_station,airport,airport,0,1782885562.393397,1782885563.559721,1.1663239002227783,3.6003863407543726,3.347
30,/home/htj/resisc45/imgs_full/golf_course_s0005030.png,golf_course,golf course,golf_course,1,1782885563.5642502,1782885564.8867223,1.322472095489502,4.123697988883309,3.347
31,/home/htj/resisc45/imgs_full/dense_residential_s0005031.png,dense_residential,dense residential,dense_residential,1,1782885564.8914,1782885566.1358128,1.2444126605987549,3.896538861393928,3.347
32,/home/htj/resisc45/imgs_full/desert_s0005032.png,desert,lake,lake,0,1782885566.1400497,1782885567.305654,1.1656043529510498,3.6126158513188362,3.4531
33,/home/htj/resisc45/imgs_full/intersection_s0005033.png,intersection,airport,airport,0,1782885567.3102727,1782885568.4778063,1.1675336360931396,3.6999724694609646,3.548
34,/home/htj/resisc45/imgs_full/stadium_s0005034.png,stadium,airport,airport,0,1782885568.4821584,1782885569.6406424,1.1584839820861816,3.6704634165763856,3.448
35,/home/htj/resisc45/imgs_full/beach_s0005035.png,beach,beach,beach,1,1782885569.6449387,1782885570.8698328,1.2248940467834473,3.8747296089909296,3.448
36,/home/htj/resisc45/imgs_full/terrace_s0005036.png,terrace,medium residential,medium_residential,0,1782885570.8716621,1782885572.1170142,1.245352029800415,3.9905041518536484,3.448
37,/home/htj/resisc45/imgs_full/terrace_s0005037.png,terrace,ground track field,ground_track_field,0,1782885572.1217628,1782885573.4448152,1.3230524063110352,4.229338350835054,3.448
38,/home/htj/resisc45/imgs_full/ground_track_field_s0005038.png,ground_track_field,football field,,0,1782885573.449431,1782885574.694977,1.2455461025238037,3.886896460121328,3.3469
39,/home/htj/resisc45/imgs_full/sparse_residential_s0005039.png,sparse_residential,church,church,0,1782885574.6996677,1782885575.8682961,1.168628454208374,3.620294088292122,3.4511
40,/home/htj/resisc45/imgs_full/overpass_s0005040.png,overpass,freeway,freeway,0,1782885575.8729692,1782885577.1182818,1.2453126907348633,3.9676228378035807,3.55
41,/home/htj/resisc45/imgs_full/palace_s0005041.png,palace,palace,palace,1,1782885577.123165,1782885578.3722587,1.249093770980835,3.974559602271427,3.448
42,/home/htj/resisc45/imgs_full/rectangular_farmland_s0005042.png,rectangular_farmland,medium residential,medium_residential,0,1782885578.3764982,1782885579.6183913,1.2418930530548096,3.89531046027487,3.45085
43,/home/htj/resisc45/imgs_full/railway_s0005043.png,railway,railway,railway,1,1782885579.622953,1782885580.859391,1.2364380359649658,3.911865138877522,3.448
44,/home/htj/resisc45/imgs_full/airport_s0005044.png,airport,airport,airport,1,1782885580.8638365,1782885582.0320148,1.1681783199310303,3.6903865677402132,3.448
45,/home/htj/resisc45/imgs_full/bridge_s0005045.png,bridge,bridge,bridge,1,1782885582.036247,1782885583.1987581,1.1625111103057861,3.6717636630648656,3.448
46,/home/htj/resisc45/imgs_full/sparse_residential_s0005046.png,sparse_residential,farm,,0,1782885583.2033398,1782885584.3725936,1.1692538261413574,3.7068854050159454,3.448
47,/home/htj/resisc45/imgs_full/church_s0005047.png,church,church,church,1,1782885584.3772275,1782885585.54719,1.1699624061584473,3.6964962222576143,3.4531
48,/home/htj/resisc45/imgs_full/dense_residential_s0005048.png,dense_residential,dense residential,dense_residential,1,1782885585.5522456,1782885586.8013778,1.2491321563720703,3.9888048358585526,3.448
49,/home/htj/resisc45/imgs_full/railway_s0005049.png,railway,railway station,railway_station,0,1782885586.8063307,1782885588.1281505,1.32181978225708,4.045688060511713,3.244
50,/home/htj/resisc45/imgs_full/runway_s0005050.png,runway,airport,airport,0,1782885588.1324608,1782885589.2966778,1.1642169952392578,3.475908436548142,3.045
51,/home/htj/resisc45/imgs_full/snowberg_s0005051.png,snowberg,mountain,mountain,0,1782885589.3016,1782885590.5485418,1.2469418048858643,3.719457366455685,3.0449
52,/home/htj/resisc45/imgs_full/chaparral_s0005052.png,chaparral,beach,beach,0,1782885590.5524976,1782885591.7935288,1.2410311698913574,3.7071857464963736,3.043
53,/home/htj/resisc45/imgs_full/overpass_s0005053.png,overpass,freeway,freeway,0,1782885591.7979867,1782885593.0447967,1.246809959411621,3.7417333613742483,3.043
54,/home/htj/resisc45/imgs_full/railway_station_s0005054.png,railway_station,freeway,freeway,0,1782885593.0493963,1782885594.2955785,1.2461822032928467,3.7286904415434057,3.043
55,/home/htj/resisc45/imgs_full/sea_ice_s0005055.png,sea_ice,lake,lake,0,1782885594.2999349,1782885595.4664147,1.1664798259735107,3.442923530352116,3.0431
56,/home/htj/resisc45/imgs_full/airplane_s0005056.png,airplane,airport,airport,0,1782885595.4708848,1782885596.6351476,1.1642627716064453,3.436612636089325,3.0431
57,/home/htj/resisc45/imgs_full/bridge_s0005057.png,bridge,railroad bridge,bridge,1,1782885596.6394331,1782885597.9600358,1.3206026554107666,3.9412285748521487,3.045
58,/home/htj/resisc45/imgs_full/commercial_area_s0005058.png,commercial_area,airport,airport,0,1782885597.9644794,1782885599.1231868,1.1587073802947998,3.4732833078026775,3.043
59,/home/htj/resisc45/imgs_full/dense_residential_s0005059.png,dense_residential,dense residential,dense_residential,1,1782885599.1279907,1782885600.3758116,1.2478208541870117,3.759358715181765,3.045
60,/home/htj/resisc45/imgs_full/forest_s0005060.png,forest,chaparral,chaparral,0,1782885600.3804123,1782885601.7049074,1.3244950771331787,3.9492987995562348,3.045
61,/home/htj/resisc45/imgs_full/ship_s0005061.png,ship,harbor,harbor,0,1782885601.7097015,1782885602.955271,1.2455694675445557,3.722384353756905,3.045
62,/home/htj/resisc45/imgs_full/baseball_diamond_s0005062.png,baseball_diamond,baseball diamond,baseball_diamond,1,1782885602.960063,1782885604.2806985,1.3206355571746826,3.957559579481681,3.045
63,/home/htj/resisc45/imgs_full/basketball_court_s0005063.png,basketball_court,basketball court,basketball_court,1,1782885604.2851088,1782885605.6063204,1.321211576461792,3.9561095677977023,3.043
64,/home/htj/resisc45/imgs_full/sparse_residential_s0005064.png,sparse_residential,airport,airport,0,1782885605.6109693,1782885606.778668,1.167698621749878,3.4939294310688975,3.043
65,/home/htj/resisc45/imgs_full/overpass_s0005065.png,overpass,freeway,freeway,0,1782885606.7807193,1782885608.002569,1.2218496799468994,3.667715046091513,3.045
66,/home/htj/resisc45/imgs_full/airport_s0005066.png,airport,airport,airport,1,1782885608.0072687,1782885609.1778293,1.170560598373413,3.5118490180628643,3.045
67,/home/htj/resisc45/imgs_full/airplane_s0005067.png,airplane,airport,airport,0,1782885609.1822188,1782885610.340488,1.1582691669464111,3.4689609993298847,3.045
68,/home/htj/resisc45/imgs_full/island_s0005068.png,island,island,island,1,1782885610.344688,1782885611.582893,1.2382049560546875,3.699081024169922,3.045
69,/home/htj/resisc45/imgs_full/wetland_s0005069.png,wetland,lake,lake,0,1782885611.5874414,1782885612.7549298,1.1674883365631104,3.5056756026148794,3.045
70,/home/htj/resisc45/imgs_full/baseball_diamond_s0005070.png,baseball_diamond,golf course,golf_course,0,1782885612.7595577,1782885614.0793784,1.3198206424713135,3.944448967605829,3.045
71,/home/htj/resisc45/imgs_full/tennis_court_s0005071.png,tennis_court,golf course,golf_course,0,1782885614.0840545,1782885615.4031026,1.3190481662750244,3.9321972835063934,3.043
72,/home/htj/resisc45/imgs_full/parking_lot_s0005072.png,parking_lot,Parking lot,parking_lot,1,1782885615.4078832,1782885616.6440566,1.236173391342163,3.683796706199646,3.045
73,/home/htj/resisc45/imgs_full/roundabout_s0005073.png,roundabout,freeway,freeway,0,1782885616.6485717,1782885617.88759,1.239018201828003,3.8664126178134572,3.4479
74,/home/htj/resisc45/imgs_full/bridge_s0005074.png,bridge,freeway,freeway,0,1782885617.8919516,1782885619.124985,1.2330334186553955,3.9170669362003157,3.4429499999999997
75,/home/htj/resisc45/imgs_full/meadow_s0005075.png,meadow,ground track field,ground_track_field,0,1782885619.129404,1782885620.4470267,1.3176226615905762,4.183050934957421,3.448
76,/home/htj/resisc45/imgs_full/sparse_residential_s0005076.png,sparse_residential,house,,0,1782885620.4520025,1782885621.6201231,1.1681206226348877,3.7053342397894182,3.446
77,/home/htj/resisc45/imgs_full/wetland_s0005077.png,wetland,lake,lake,0,1782885621.6244915,1782885622.7916563,1.1671648025512695,3.652725618498666,3.448
78,/home/htj/resisc45/imgs_full/tennis_court_s0005078.png,tennis_court,golf course,golf_course,0,1782885622.7962046,1782885624.1203828,1.3241782188415527,4.244797212911688,3.4478
79,/home/htj/resisc45/imgs_full/harbor_s0005079.png,harbor,harbor,harbor,1,1782885624.1248894,1782885625.3602931,1.2354037761688232,3.9682853932055555,3.446
80,/home/htj/resisc45/imgs_full/sparse_residential_s0005080.png,sparse_residential,forest,forest,0,1782885625.364817,1782885626.5219982,1.1571812629699707,3.654433532328833,3.446
81,/home/htj/resisc45/imgs_full/ship_s0005081.png,ship,harbor,harbor,0,1782885626.5265505,1782885627.743783,1.2172324657440186,3.8555285064957356,3.4429499999999997
82,/home/htj/resisc45/imgs_full/dense_residential_s0005082.png,dense_residential,dense residential,dense_residential,1,1782885627.7459123,1782885628.9930654,1.2471530437469482,3.96736389848319,3.4479
83,/home/htj/resisc45/imgs_full/runway_s0005083.png,runway,freeway,freeway,0,1782885628.9971347,1782885630.2373898,1.2402551174163818,3.933469104886055,3.4429499999999997
84,/home/htj/resisc45/imgs_full/mountain_s0005084.png,mountain,desert,desert,0,1782885630.2421055,1782885631.4802575,1.238152027130127,3.9392932335896926,3.448
85,/home/htj/resisc45/imgs_full/storage_tank_s0005085.png,storage_tank,industrial area,industrial_area,0,1782885631.4850209,1782885632.8105097,1.325488805770874,4.252112860212724,3.448
86,/home/htj/resisc45/imgs_full/mobile_home_park_s0005086.png,mobile_home_park,Mobile home park,mobile_home_park,1,1782885632.8126557,1782885634.1199088,1.307253122329712,4.155246142055677,3.3468
87,/home/htj/resisc45/imgs_full/wetland_s0005087.png,wetland,chaparral,chaparral,0,1782885634.1244295,1782885635.445739,1.3213095664978027,4.201075042558752,3.448
88,/home/htj/resisc45/imgs_full/commercial_area_s0005088.png,commercial_area,commercial area,commercial_area,1,1782885635.450056,1782885636.6825187,1.2324626445770264,3.907970982865854,3.44095
89,/home/htj/resisc45/imgs_full/railway_s0005089.png,railway,railway,railway,1,1782885636.6870809,1782885637.931286,1.2442052364349365,3.9452051403847612,3.446
90,/home/htj/resisc45/imgs_full/ship_s0005090.png,ship,harbor,harbor,0,1782885637.93349,1782885639.177691,1.2442009449005127,3.9388156173954836,3.347
91,/home/htj/resisc45/imgs_full/golf_course_s0005091.png,golf_course,golf course,golf_course,1,1782885639.182112,1782885640.495981,1.3138689994812012,4.146799061319102,3.4358999999999997
92,/home/htj/resisc45/imgs_full/baseball_diamond_s0005092.png,baseball_diamond,golf course,golf_course,0,1782885640.5004098,1782885641.821478,1.3210680484771729,4.174685122191907,3.446
93,/home/htj/resisc45/imgs_full/desert_s0005093.png,desert,desert,desert,1,1782885641.825946,1782885643.0615926,1.2356464862823486,3.911944444071163,3.44095
94,/home/htj/resisc45/imgs_full/airport_s0005094.png,airport,airport,airport,1,1782885643.0661964,1782885644.2327478,1.1665513515472412,3.643256526017189,3.446
95,/home/htj/resisc45/imgs_full/circular_farmland_s0005095.png,circular_farmland,medium residential,medium_residential,0,1782885644.2369845,1782885645.4631805,1.226196050643921,3.9098375798463816,3.446
96,/home/htj/resisc45/imgs_full/terrace_s0005096.png,terrace,medium residential,medium_residential,0,1782885645.4675188,1782885646.7103875,1.2428686618804932,4.009211833076044,3.446
97,/home/htj/resisc45/imgs_full/thermal_power_station_s0005097.png,thermal_power_station,industrial area,industrial_area,0,1782885646.7147136,1782885648.0335586,1.3188450336456299,4.20107095092535,3.446
98,/home/htj/resisc45/imgs_full/golf_course_s0005098.png,golf_course,golf course,golf_course,1,1782885648.0354252,1782885649.353642,1.3182168006896973,4.207346831383912,3.5378
99,/home/htj/resisc45/imgs_full/mountain_s0005099.png,mountain,desert,desert,0,1782885649.35796,1782885650.6226382,1.2646782398223877,4.031299354459929,3.4478
100,/home/htj/resisc45/imgs_full/baseball_diamond_s0005100.png,baseball_diamond,airport,airport,0,1782885650.6273139,1782885651.786657,1.1593432426452637,3.6627710736513137,3.448
101,/home/htj/resisc45/imgs_full/commercial_area_s0005101.png,commercial_area,airport,airport,0,1782885651.7917056,1782885652.9555311,1.163825511932373,3.7172004938364025,3.446
102,/home/htj/resisc45/imgs_full/desert_s0005102.png,desert,desert,desert,1,1782885652.959983,1782885654.1795695,1.2195863723754883,3.6922977423667906,3.142
103,/home/htj/resisc45/imgs_full/mobile_home_park_s0005103.png,mobile_home_park,dense residential,dense_residential,0,1782885654.1842077,1782885655.4132755,1.2290678024291992,3.777819224357605,3.1439
104,/home/htj/resisc45/imgs_full/ground_track_field_s0005104.png,ground_track_field,airport,airport,0,1782885655.417845,1782885656.570914,1.153069019317627,3.489186852455139,3.1401
105,/home/htj/resisc45/imgs_full/intersection_s0005105.png,intersection,intersection,intersection,1,1782885656.5757587,1782885657.7334013,1.1576426029205322,3.532077833187012,3.142
106,/home/htj/resisc45/imgs_full/golf_course_s0005106.png,golf_course,golf course,golf_course,1,1782885657.7375808,1782885659.0477457,1.3101649284362793,4.151912658214569,3.548
107,/home/htj/resisc45/imgs_full/terrace_s0005107.png,terrace,chaparral,chaparral,0,1782885659.0521927,1782885660.360971,1.3087782859802246,4.2676533284386,3.446
108,/home/htj/resisc45/imgs_full/thermal_power_station_s0005108.png,thermal_power_station,industrial area,industrial_area,0,1782885660.365488,1782885661.6722913,1.3068032264709473,4.204440519809722,3.446
109,/home/htj/resisc45/imgs_full/terrace_s0005109.png,terrace,medium residential,medium_residential,0,1782885661.676818,1782885662.8935957,1.2167778015136719,3.9254911119287663,3.548
110,/home/htj/resisc45/imgs_full/commercial_area_s0005110.png,commercial_area,airport,airport,0,1782885662.8985825,1782885664.0658875,1.1673049926757812,3.7516015159606937,3.4511
111,/home/htj/resisc45/imgs_full/snowberg_s0005111.png,snowberg,mountain,mountain,0,1782885664.0706959,1782885665.3187826,1.24808669090271,4.014243916435675,3.446
112,/home/htj/resisc45/imgs_full/ship_s0005112.png,ship,harbor,harbor,0,1782885665.3231542,1782885666.5696557,1.2465014457702637,3.992147516705773,3.446
113,/home/htj/resisc45/imgs_full/terrace_s0005113.png,terrace,medium residential,medium_residential,0,1782885666.5741901,1782885667.8205924,1.2464022636413574,4.02066708391363,3.446
114,/home/htj/resisc45/imgs_full/cloud_s0005114.png,cloud,cloud,cloud,1,1782885667.8250573,1782885668.9941018,1.1690444946289062,3.702642258417039,3.446
115,/home/htj/resisc45/imgs_full/meadow_s0005115.png,meadow,parking lot,parking_lot,0,1782885668.9985015,1782885670.3190687,1.3205671310424805,4.250355358521144,3.5326999999999997
116,/home/htj/resisc45/imgs_full/palace_s0005116.png,palace,airport,airport,0,1782885670.323847,1782885671.4785118,1.1546647548675537,3.7345899499058723,3.5530500000000003
117,/home/htj/resisc45/imgs_full/roundabout_s0005117.png,roundabout,freeway,freeway,0,1782885671.4828844,1782885672.7280073,1.2451229095458984,3.9956560132286763,3.448
118,/home/htj/resisc45/imgs_full/overpass_s0005118.png,overpass,freeway,freeway,0,1782885672.73253,1782885673.9764676,1.2439374923706055,3.9750587994835596,3.448
119,/home/htj/resisc45/imgs_full/industrial_area_s0005119.png,industrial_area,industrial area,industrial_area,1,1782885673.9814076,1782885675.3062963,1.3248887062072754,4.207443303916765,3.4378999999999995
120,/home/htj/resisc45/imgs_full/mobile_home_park_s0005120.png,mobile_home_park,Mobile home park,mobile_home_park,1,1782885675.311182,1782885676.6377099,1.3265278339385986,4.215816000243028,3.448
121,/home/htj/resisc45/imgs_full/rectangular_farmland_s0005121.png,rectangular_farmland,medium residential,medium_residential,0,1782885676.6421506,1782885677.8888848,1.2467341423034668,3.823280256574804,3.146
122,/home/htj/resisc45/imgs_full/storage_tank_s0005122.png,storage_tank,industrial area,industrial_area,0,1782885677.8936713,1782885679.2198305,1.3261592388153076,3.9971544590592387,3.045
123,/home/htj/resisc45/imgs_full/rectangular_farmland_s0005123.png,rectangular_farmland,medium residential,medium_residential,0,1782885679.22401,1782885680.4468565,1.222846508026123,3.6630658301853,3.045
124,/home/htj/resisc45/imgs_full/storage_tank_s0005124.png,storage_tank,industrial area,industrial_area,0,1782885680.4511757,1782885681.7590685,1.3078927993774414,3.9960484663645426,3.144
125,/home/htj/resisc45/imgs_full/palace_s0005125.png,palace,airport,airport,0,1782885681.763661,1782885682.9269755,1.1633145809173584,3.527053477883339,3.144
126,/home/htj/resisc45/imgs_full/beach_s0005126.png,beach,beach,beach,1,1782885682.9312813,1782885684.1732626,1.2419812679290771,3.7337908672527838,3.045
127,/home/htj/resisc45/imgs_full/stadium_s0005127.png,stadium,football field,,0,1782885684.1782308,1782885685.4296129,1.2513821125030518,3.749652738105167,3.043
128,/home/htj/resisc45/imgs_full/medium_residential_s0005128.png,medium_residential,dense residential,dense_residential,0,1782885685.4339035,1782885686.6804895,1.2465860843658447,3.7423080882701005,3.045
129,/home/htj/resisc45/imgs_full/tennis_court_s0005129.png,tennis_court,airport,airport,0,1782885686.6856086,1782885687.8593924,1.173783779144287,3.5266054172061736,3.045
130,/home/htj/resisc45/imgs_full/commercial_area_s0005130.png,commercial_area,airport,airport,0,1782885687.8639183,1782885689.0239048,1.1599864959716797,3.485427995681763,3.045
131,/home/htj/resisc45/imgs_full/bridge_s0005131.png,bridge,bridge,bridge,1,1782885689.028051,1782885690.1777225,1.1496715545654297,3.57501866607666,3.55
132,/home/htj/resisc45/imgs_full/commercial_area_s0005132.png,commercial_area,airport,airport,0,1782885690.1824505,1782885691.3502815,1.1678309440612793,3.7840503137452264,3.448
133,/home/htj/resisc45/imgs_full/cloud_s0005133.png,cloud,lake,lake,0,1782885691.354839,1782885692.5212822,1.166443109512329,3.7571688006491892,3.448
134,/home/htj/resisc45/imgs_full/roundabout_s0005134.png,roundabout,airport,airport,0,1782885692.5257835,1782885693.6868398,1.1610562801361084,3.7154962020635605,3.448
135,/home/htj/resisc45/imgs_full/basketball_court_s0005135.png,basketball_court,basketball court,basketball_court,1,1782885693.6887348,1782885695.0130234,1.3242886066436768,4.275576123932997,3.5347
136,/home/htj/resisc45/imgs_full/commercial_area_s0005136.png,commercial_area,airport,airport,0,1782885695.0175166,1782885696.188485,1.1709682941436768,3.7554068401086895,3.448
137,/home/htj/resisc45/imgs_full/commercial_area_s0005137.png,commercial_area,airport,airport,0,1782885696.1932747,1782885697.3550072,1.1617324352264404,3.680810919534592,3.448
138,/home/htj/resisc45/imgs_full/golf_course_s0005138.png,golf_course,golf course,golf_course,1,1782885697.3595467,1782885698.6700132,1.3104665279388428,4.229046416075333,3.5378
139,/home/htj/resisc45/imgs_full/ship_s0005139.png,ship,harbor,harbor,0,1782885698.6720023,1782885699.915065,1.2430627346038818,4.040292904572054,3.55
140,/home/htj/resisc45/imgs_full/thermal_power_station_s0005140.png,thermal_power_station,industrial area,industrial_area,0,1782885699.919958,1782885701.2487824,1.3288242816925049,4.285292205423117,3.5347
141,/home/htj/resisc45/imgs_full/tennis_court_s0005141.png,tennis_court,airport,airport,0,1782885701.2531552,1782885702.4209163,1.1677610874176025,3.736426763355732,3.548
142,/home/htj/resisc45/imgs_full/freeway_s0005142.png,freeway,freeway,freeway,1,1782885702.4257095,1782885703.6748657,1.2491562366485596,3.9741337870684537,3.4429499999999997
143,/home/htj/resisc45/imgs_full/medium_residential_s0005143.png,medium_residential,dense residential,dense_residential,0,1782885703.6770353,1782885704.9225388,1.2455034255981445,3.8202420752698725,3.246
144,/home/htj/resisc45/imgs_full/island_s0005144.png,island,island,island,1,1782885704.9268305,1782885706.150465,1.2236344814300537,3.674073769992048,3.045
145,/home/htj/resisc45/imgs_full/stadium_s0005145.png,stadium,airport,airport,0,1782885706.155199,1782885707.3090634,1.1538643836975098,3.641480608510971,3.55505
146,/home/htj/resisc45/imgs_full/runway_s0005146.png,runway,airport,airport,0,1782885707.3133261,1782885708.4819992,1.168673038482666,3.760400280157725,3.448
147,/home/htj/resisc45/imgs_full/church_s0005147.png,church,palace,palace,0,1782885708.4866228,1782885709.726716,1.2400932312011719,3.9789518680572504,3.448
148,/home/htj/resisc45/imgs_full/railway_station_s0005148.png,railway_station,airport,airport,0,1782885709.7315273,1782885710.901421,1.169893741607666,3.747281072820936,3.55
149,/home/htj/resisc45/imgs_full/stadium_s0005149.png,stadium,airport,airport,0,1782885710.9061155,1782885712.0760226,1.1699070930480957,3.7411957539830887,3.448
150,/home/htj/resisc45/imgs_full/cloud_s0005150.png,cloud,airport,airport,0,1782885712.0804396,1782885713.2508721,1.1704325675964355,3.83952043567385,3.753
151,/home/htj/resisc45/imgs_full/airport_s0005151.png,airport,airport,airport,1,1782885713.255587,1782885714.4161808,1.1605937480926514,3.8442927014946937,3.651
152,/home/htj/resisc45/imgs_full/sea_ice_s0005152.png,sea_ice,asteroid,,0,1782885714.4209838,1782885715.6597552,1.2387714385986328,4.010072070121765,3.5449
153,/home/htj/resisc45/imgs_full/snowberg_s0005153.png,snowberg,mountain,mountain,0,1782885715.6642554,1782885716.910654,1.246398687362671,4.028700484470888,3.55
154,/home/htj/resisc45/imgs_full/industrial_area_s0005154.png,industrial_area,industrial area,industrial_area,1,1782885716.9151747,1782885718.2381835,1.3230087757110596,4.224942242052244,3.448
155,/home/htj/resisc45/imgs_full/dense_residential_s0005155.png,dense_residential,dense residential,dense_residential,1,1782885718.2432227,1782885719.4804425,1.2372198104858398,3.9870533138188446,3.55
156,/home/htj/resisc45/imgs_full/lake_s0005156.png,lake,lake,lake,1,1782885719.484816,1782885720.6533217,1.1685056686401367,3.72536300100599,3.448
157,/home/htj/resisc45/imgs_full/desert_s0005157.png,desert,beach,beach,0,1782885720.657644,1782885721.9025593,1.244915246963501,4.017511263121258,3.5449
158,/home/htj/resisc45/imgs_full/stadium_s0005158.png,stadium,airport,airport,0,1782885721.9072669,1782885723.0656304,1.1583635807037354,3.743610452152434,3.55
159,/home/htj/resisc45/imgs_full/bridge_s0005159.png,bridge,bridge,bridge,1,1782885723.070186,1782885724.2303627,1.1601767539978027,3.7440008781750995,3.448
160,/home/htj/resisc45/imgs_full/stadium_s0005160.png,stadium,stadium,stadium,1,1782885724.2345686,1782885725.4806342,1.246065616607666,4.01068874443661,3.448
161,/home/htj/resisc45/imgs_full/terrace_s0005161.png,terrace,desert,desert,0,1782885725.485243,1782885726.7295952,1.244352102279663,3.970218505241654,3.448
162,/home/htj/resisc45/imgs_full/sea_ice_s0005162.png,sea_ice,lake,lake,0,1782885726.733672,1782885727.8985941,1.1649222373962402,3.724533755393255,3.448
163,/home/htj/resisc45/imgs_full/bridge_s0005163.png,bridge,airport,airport,0,1782885727.903317,1782885729.0752058,1.171888828277588,3.74150620331083,3.448
164,/home/htj/resisc45/imgs_full/intersection_s0005164.png,intersection,airport,airport,0,1782885729.0771246,1782885730.2482867,1.1711621284484863,3.7738747652371725,3.55
165,/home/htj/resisc45/imgs_full/sea_ice_s0005165.png,sea_ice,lake,lake,0,1782885730.2528043,1782885731.4077575,1.1549532413482666,3.690306596755981,3.4531
166,/home/htj/resisc45/imgs_full/snowberg_s0005166.png,snowberg,mountain,mountain,0,1782885731.412519,1782885732.6501343,1.2376153469085693,3.983208738782189,3.448
167,/home/htj/resisc45/imgs_full/medium_residential_s0005167.png,medium_residential,medium residential,medium_residential,1,1782885732.6550395,1782885733.9028552,1.2478156089782715,4.038214905110273,3.548
168,/home/htj/resisc45/imgs_full/industrial_area_s0005168.png,industrial_area,industrial area,industrial_area,1,1782885733.9076712,1782885735.2259254,1.3182542324066162,4.266329219279082,3.55
169,/home/htj/resisc45/imgs_full/wetland_s0005169.png,wetland,chaparral,chaparral,0,1782885735.2303264,1782885736.5512729,1.320946455001831,4.269794297486544,3.548
170,/home/htj/resisc45/imgs_full/island_s0005170.png,island,island,island,1,1782885736.555653,1782885737.794139,1.2384858131408691,3.9795926864797417,3.5449
171,/home/htj/resisc45/imgs_full/runway_s0005171.png,runway,freeway,freeway,0,1782885737.7984776,1782885739.0411198,1.2426421642303467,4.016953763344071,3.55
172,/home/htj/resisc45/imgs_full/sparse_residential_s0005172.png,sparse_residential,ground track field,ground_track_field,0,1782885739.0456755,1782885740.3501422,1.304466724395752,4.177186031237893,3.448
173,/home/htj/resisc45/imgs_full/bridge_s0005173.png,bridge,freeway,freeway,0,1782885740.3546834,1782885741.5788496,1.2241661548614502,3.9728086799383164,3.548
174,/home/htj/resisc45/imgs_full/river_s0005174.png,river,river,river,1,1782885741.58329,1782885742.7499266,1.1666364669799805,3.785402010645185,3.548
175,/home/htj/resisc45/imgs_full/chaparral_s0005175.png,chaparral,chaparral,chaparral,1,1782885742.754683,1782885744.0817716,1.3270885944366455,4.311883941836979,3.446
176,/home/htj/resisc45/imgs_full/roundabout_s0005176.png,roundabout,roundabout,roundabout,1,1782885744.0863354,1782885745.334223,1.2478876113891602,4.020410273075104,3.4479
177,/home/htj/resisc45/imgs_full/basketball_court_s0005177.png,basketball_court,basketball court,basketball_court,1,1782885745.3387702,1782885746.6589496,1.3201794624328613,4.249600290464318,3.548
178,/home/htj/resisc45/imgs_full/freeway_s0005178.png,freeway,freeway,freeway,1,1782885746.6636043,1782885747.9113152,1.247710943222046,3.986323035326871,3.448
179,/home/htj/resisc45/imgs_full/mountain_s0005179.png,mountain,chaparral,chaparral,0,1782885747.9160793,1782885749.2314975,1.3154182434082031,4.190374432563782,3.446
180,/home/htj/resisc45/imgs_full/baseball_diamond_s0005180.png,baseball_diamond,baseball diamond,baseball_diamond,1,1782885749.2359278,1782885750.545858,1.3099300861358643,4.20396432078403,3.446
181,/home/htj/resisc45/imgs_full/basketball_court_s0005181.png,basketball_court,basketball court,basketball_court,1,1782885750.550055,1782885751.872479,1.3224239349365234,4.228946440935134,3.446
182,/home/htj/resisc45/imgs_full/intersection_s0005182.png,intersection,airport,airport,0,1782885751.8770807,1782885753.0486412,1.171560525894165,3.7416714295744895,3.446
183,/home/htj/resisc45/imgs_full/parking_lot_s0005183.png,parking_lot,airport,airport,0,1782885753.053306,1782885754.224466,1.1711599826812744,3.710761847126484,3.446
184,/home/htj/resisc45/imgs_full/rectangular_farmland_s0005184.png,rectangular_farmland,medium residential,medium_residential,0,1782885754.2288,1782885755.4628675,1.234067440032959,3.986710959001021,3.5429
185,/home/htj/resisc45/imgs_full/medium_residential_s0005185.png,medium_residential,dense residential,dense_residential,0,1782885755.4675362,1782885756.708671,1.2411348819732666,3.9864124104543164,3.446
186,/home/htj/resisc45/imgs_full/parking_lot_s0005186.png,parking_lot,Parking lot,parking_lot,1,1782885756.7134507,1782885757.9482415,1.2347908020019531,3.826616695404053,3.244
187,/home/htj/resisc45/imgs_full/dense_residential_s0005187.png,dense_residential,dense residential,dense_residential,1,1782885757.9527209,1782885759.1792023,1.2264814376831055,3.760041664668492,3.144
188,/home/htj/resisc45/imgs_full/medium_residential_s0005188.png,medium_residential,dense residential,dense_residential,0,1782885759.1840584,1782885760.4325974,1.2485389709472656,3.8306261314723797,3.142
189,/home/htj/resisc45/imgs_full/church_s0005189.png,church,airport,airport,0,1782885760.437273,1782885761.6110446,1.173771619796753,3.6897510868310928,3.4511
190,/home/htj/resisc45/imgs_full/intersection_s0005190.png,intersection,airport,airport,0,1782885761.6155536,1782885762.783838,1.1682844161987305,3.779224843740463,3.649
191,/home/htj/resisc45/imgs_full/palace_s0005191.png,palace,church,church,0,1782885762.7886937,1782885763.9580853,1.1693916320800781,3.8167829164777487,3.548
192,/home/htj/resisc45/imgs_full/commercial_area_s0005192.png,commercial_area,airport,airport,0,1782885763.9625947,1782885765.132219,1.1696243286132812,3.795041071573893,3.548
193,/home/htj/resisc45/imgs_full/mobile_home_park_s0005193.png,mobile_home_park,Mobile home park,mobile_home_park,1,1782885765.1370208,1782885766.4479136,1.3108928203582764,4.253277248662451,3.5378
194,/home/htj/resisc45/imgs_full/palace_s0005194.png,palace,spa,,0,1782885766.4524713,1782885767.6086652,1.1561939716339111,3.734561585233325,3.548
195,/home/htj/resisc45/imgs_full/medium_residential_s0005195.png,medium_residential,medium residential,medium_residential,1,1782885767.6133592,1782885768.8607762,1.2474169731140137,4.0060796091556545,3.446
196,/home/htj/resisc45/imgs_full/island_s0005196.png,island,island,island,1,1782885768.8649592,1782885770.1085436,1.243584394454956,4.00004573132775,3.446
197,/home/htj/resisc45/imgs_full/meadow_s0005197.png,meadow,forest,forest,0,1782885770.113105,1782885771.2834775,1.170372486114502,3.769156725520179,3.446
198,/home/htj/resisc45/imgs_full/lake_s0005198.png,lake,lake,lake,1,1782885771.2880807,1782885772.4610155,1.1729347705841064,3.7551227410066694,3.448
199,/home/htj/resisc45/imgs_full/basketball_court_s0005199.png,basketball_court,basketball court,basketball_court,1,1782885772.4657533,1782885773.7891777,1.3234243392944336,4.283704015572866,3.5326999999999997
200,/home/htj/resisc45/imgs_full/bridge_s0005200.png,bridge,bridge,bridge,1,1782885773.7936003,1782885774.9467368,1.1531364917755127,3.707160850584507,3.4531
201,/home/htj/resisc45/imgs_full/storage_tank_s0005201.png,storage_tank,industrial area,industrial_area,0,1782885774.9514613,1782885776.2670674,1.3156061172485352,4.2523130555550255,3.548
202,/home/htj/resisc45/imgs_full/mobile_home_park_s0005202.png,mobile_home_park,Mobile home park,mobile_home_park,1,1782885776.2716546,1782885777.5956218,1.3239672183990479,4.2545398744292875,3.446
203,/home/htj/resisc45/imgs_full/mobile_home_park_s0005203.png,mobile_home_park,Mobile home park,mobile_home_park,1,1782885777.6006694,1782885778.9274511,1.3267817497253418,4.253828137338162,3.446
204,/home/htj/resisc45/imgs_full/snowberg_s0005204.png,snowberg,mountain,mountain,0,1782885778.932199,1782885780.184103,1.251904010772705,3.854043401891535,3.144
205,/home/htj/resisc45/imgs_full/golf_course_s0005205.png,golf_course,golf course,golf_course,1,1782885780.188237,1782885781.5066285,1.3183915615081787,4.1706767718493944,3.446
206,/home/htj/resisc45/imgs_full/industrial_area_s0005206.png,industrial_area,industrial area,industrial_area,1,1782885781.5114121,1782885782.839093,1.3276808261871338,4.09012282345606,3.142
207,/home/htj/resisc45/imgs_full/airplane_s0005207.png,airplane,airport,airport,0,1782885782.8434799,1782885784.0131211,1.1696412563323975,3.5855074226856227,3.144
208,/home/htj/resisc45/imgs_full/storage_tank_s0005208.png,storage_tank,industrial area,industrial_area,0,1782885784.0176332,1782885785.3252966,1.3076634407043457,3.976822467088699,3.142
209,/home/htj/resisc45/imgs_full/railway_s0005209.png,railway,railway,railway,1,1782885785.329604,1782885786.5720537,1.2424497604370117,3.796135818047957,3.142
210,/home/htj/resisc45/imgs_full/harbor_s0005210.png,harbor,harbor,harbor,1,1782885786.5765212,1782885787.8242977,1.2477765083312988,3.8071362782608373,3.144
211,/home/htj/resisc45/imgs_full/dense_residential_s0005211.png,dense_residential,dense residential,dense_residential,1,1782885787.8292267,1782885789.0791748,1.2499480247497559,3.8194434529001065,3.144
212,/home/htj/resisc45/imgs_full/overpass_s0005212.png,overpass,freeway,freeway,0,1782885789.083799,1782885790.3285632,1.2447643280029297,3.774860985062339,3.142
213,/home/htj/resisc45/imgs_full/tennis_court_s0005213.png,tennis_court,golf course,golf_course,0,1782885790.3331175,1782885791.6584935,1.325376033782959,4.031186430752277,3.142
214,/home/htj/resisc45/imgs_full/railway_station_s0005214.png,railway_station,railway,railway,0,1782885791.6631873,1782885792.9091077,1.2459204196929932,3.783577150875872,3.142
215,/home/htj/resisc45/imgs_full/church_s0005215.png,church,church,church,1,1782885792.9136593,1782885794.0740988,1.1604394912719727,3.5404456288473947,3.142
216,/home/htj/resisc45/imgs_full/sea_ice_s0005216.png,sea_ice,lake,lake,0,1782885794.0785222,1782885795.2396252,1.1611030101776123,3.531743613243103,3.142
217,/home/htj/resisc45/imgs_full/circular_farmland_s0005217.png,circular_farmland,Circular farmland,circular_farmland,1,1782885795.2441876,1782885796.5640302,1.3198425769805908,4.020527411782224,3.142
218,/home/htj/resisc45/imgs_full/stadium_s0005218.png,stadium,stadium,stadium,1,1782885796.56882,1782885797.820021,1.2512009143829346,3.8114992218234325,3.142
219,/home/htj/resisc45/imgs_full/lake_s0005219.png,lake,lake,lake,1,1782885797.8245475,1782885798.99077,1.1662225723266602,3.54709372093564,3.142
220,/home/htj/resisc45/imgs_full/river_s0005220.png,river,river,river,1,1782885798.9956043,1782885800.1680276,1.1724233627319336,3.5598123073577876,3.142
221,/home/htj/resisc45/imgs_full/rectangular_farmland_s0005221.png,rectangular_farmland,medium residential,medium_residential,0,1782885800.1723151,1782885801.4151866,1.2428715229034424,3.7860126354044135,3.142
222,/home/htj/resisc45/imgs_full/wetland_s0005222.png,wetland,mountain,mountain,0,1782885801.4194343,1782885802.6515946,1.2321603298187256,3.7026977983929896,3.043
223,/home/htj/resisc45/imgs_full/church_s0005223.png,church,airport,airport,0,1782885802.6559322,1782885803.8272953,1.171363115310669,3.5858213919457937,3.142
224,/home/htj/resisc45/imgs_full/ship_s0005224.png,ship,harbor,harbor,0,1782885803.8319063,1782885805.0766807,1.244774341583252,3.7516932848800315,3.043
225,/home/htj/resisc45/imgs_full/stadium_s0005225.png,stadium,stadium,stadium,1,1782885805.0810688,1782885806.3278623,1.246793508529663,3.763616222793406,3.142
226,/home/htj/resisc45/imgs_full/ship_s0005226.png,ship,harbor,harbor,0,1782885806.3321135,1782885807.5698361,1.237722635269165,3.758845764966238,3.142
227,/home/htj/resisc45/imgs_full/palace_s0005227.png,palace,airport,airport,0,1782885807.5742786,1782885808.7437668,1.1694881916046143,3.5577585020899773,3.144
228,/home/htj/resisc45/imgs_full/baseball_diamond_s0005228.png,baseball_diamond,golf course,golf_course,0,1782885808.7481985,1782885810.0637577,1.3155591487884521,4.001273151040078,3.142
229,/home/htj/resisc45/imgs_full/railway_station_s0005229.png,railway_station,airport,airport,0,1782885810.0659196,1782885811.2264352,1.160515546798706,3.5478120781183238,3.144
230,/home/htj/resisc45/imgs_full/mobile_home_park_s0005230.png,mobile_home_park,Mobile home park,mobile_home_park,1,1782885811.230704,1782885812.555985,1.3252809047698975,4.0416097792088985,3.142
231,/home/htj/resisc45/imgs_full/baseball_diamond_s0005231.png,baseball_diamond,golf course,golf_course,0,1782885812.5606866,1782885813.8839688,1.323282241821289,3.9857812491257985,3.1271499999999994
232,/home/htj/resisc45/imgs_full/commercial_area_s0005232.png,commercial_area,airport,airport,0,1782885813.8887005,1782885815.0510795,1.1623790264129639,3.546127814829349,3.142
233,/home/htj/resisc45/imgs_full/mountain_s0005233.png,mountain,desert,desert,0,1782885815.0529766,1782885816.2917347,1.2387580871582031,3.783110890995373,3.142
234,/home/htj/resisc45/imgs_full/medium_residential_s0005234.png,medium_residential,dense residential,dense_residential,0,1782885816.2962444,1782885817.547025,1.2507805824279785,3.8252133116514786,3.142
235,/home/htj/resisc45/imgs_full/golf_course_s0005235.png,golf_course,golf course,golf_course,1,1782885817.551613,1782885818.8724675,1.3208544254302979,3.9989154872168666,3.142
236,/home/htj/resisc45/imgs_full/forest_s0005236.png,forest,chaparral,chaparral,0,1782885818.8772693,1782885820.193114,1.3158447742462158,4.012833119660615,3.142
237,/home/htj/resisc45/imgs_full/lake_s0005237.png,lake,lake,lake,1,1782885820.1971202,1782885821.3654478,1.1683275699615479,3.582910158801079,3.142
238,/home/htj/resisc45/imgs_full/meadow_s0005238.png,meadow,forest,forest,0,1782885821.3696883,1782885822.5372126,1.1675243377685547,3.562992397785187,3.1421
239,/home/htj/resisc45/imgs_full/airplane_s0005239.png,airplane,airport,airport,0,1782885822.5415707,1782885823.7129574,1.17138671875,3.568769089471726,3.142
240,/home/htj/resisc45/imgs_full/river_s0005240.png,river,airport,airport,0,1782885823.7174828,1782885824.8886008,1.1711180210113525,3.555291241691226,3.142
241,/home/htj/resisc45/imgs_full/mountain_s0005241.png,mountain,river,river,0,1782885824.892986,1782885826.051427,1.1584408283233643,3.5225427396865117,3.142
242,/home/htj/resisc45/imgs_full/overpass_s0005242.png,overpass,freeway,freeway,0,1782885826.0559583,1782885827.2991774,1.2432191371917725,3.7920444082780316,3.142
243,/home/htj/resisc45/imgs_full/overpass_s0005243.png,overpass,freeway,freeway,0,1782885827.303539,1782885828.539535,1.2359960079193115,3.7814736045924104,3.142
244,/home/htj/resisc45/imgs_full/meadow_s0005244.png,meadow,forest,forest,0,1782885828.5438375,1782885829.709549,1.1657114028930664,3.590058060509818,3.142
245,/home/htj/resisc45/imgs_full/stadium_s0005245.png,stadium,golf course,golf_course,0,1782885829.7139797,1782885831.033875,1.3198952674865723,4.0546034882172295,3.1438
246,/home/htj/resisc45/imgs_full/bridge_s0005246.png,bridge,bridge,bridge,1,1782885831.038363,1782885832.2095768,1.1712138652801514,3.5772217770985195,3.14
247,/home/htj/resisc45/imgs_full/basketball_court_s0005247.png,basketball_court,basketball court,basketball_court,1,1782885832.2140243,1782885833.530153,1.3161287307739258,4.0470386241415275,3.142
248,/home/htj/resisc45/imgs_full/railway_s0005248.png,railway,railway,railway,1,1782885833.5347145,1782885834.7827148,1.2480003833770752,3.818030263781548,3.1439
249,/home/htj/resisc45/imgs_full/dense_residential_s0005249.png,dense_residential,dense residential,dense_residential,1,1782885834.7876616,1782885836.0283377,1.2406761646270752,3.7669748076633973,3.142
250,/home/htj/resisc45/imgs_full/desert_s0005250.png,desert,desert,desert,1,1782885836.0327208,1782885837.2684615,1.2357406616210938,3.7579996920498933,3.142
251,/home/htj/resisc45/imgs_full/ship_s0005251.png,ship,river,river,0,1782885837.2727818,1782885838.4298759,1.1570940017700195,3.5411126283168795,3.142
252,/home/htj/resisc45/imgs_full/storage_tank_s0005252.png,storage_tank,industrial area,industrial_area,0,1782885838.4346268,1782885839.7585835,1.3239567279815674,4.223306835589201,3.444
253,/home/htj/resisc45/imgs_full/sparse_residential_s0005253.png,sparse_residential,airport,airport,0,1782885839.7632957,1782885840.9325948,1.1692991256713867,3.7762793668111168,3.446
254,/home/htj/resisc45/imgs_full/beach_s0005254.png,beach,beach,beach,1,1782885840.9372222,1782885842.183394,1.2461717128753662,4.006838566075673,3.444
255,/home/htj/resisc45/imgs_full/mobile_home_park_s0005255.png,mobile_home_park,Mobile home park,mobile_home_park,1,1782885842.1877978,1782885843.509882,1.3220841884613037,4.082816321333249,3.229
256,/home/htj/resisc45/imgs_full/island_s0005256.png,island,island,island,1,1782885843.514094,1782885844.7553215,1.241227388381958,3.768817706541582,3.142
257,/home/htj/resisc45/imgs_full/cloud_s0005257.png,cloud,forest,forest,0,1782885844.7598078,1782885845.918214,1.1584062576293945,3.697459013414383,3.545
258,/home/htj/resisc45/imgs_full/runway_s0005258.png,runway,airport,airport,0,1782885845.9224305,1782885847.0930438,1.1706132888793945,3.644620859691075,3.241
259,/home/htj/resisc45/imgs_full/golf_course_s0005259.png,golf_course,golf course,golf_course,1,1782885847.0973008,1782885848.4162445,1.318943738937378,4.00546726718545,3.142
260,/home/htj/resisc45/imgs_full/meadow_s0005260.png,meadow,chaparral,chaparral,0,1782885848.4207373,1782885849.7425973,1.3218600749969482,4.014316631234211,3.142
261,/home/htj/resisc45/imgs_full/medium_residential_s0005261.png,medium_residential,dense residential,dense_residential,0,1782885849.7472649,1782885850.9942524,1.2469875812530518,3.792360318847325,3.142
262,/home/htj/resisc45/imgs_full/basketball_court_s0005262.png,basketball_court,airport,airport,0,1782885850.9990277,1782885852.1712992,1.172271490097046,3.594770524382591,3.142
263,/home/htj/resisc45/imgs_full/railway_station_s0005263.png,railway_station,railway station,railway_station,1,1782885852.1759293,1782885853.4984431,1.3225138187408447,4.022742033004761,3.142
264,/home/htj/resisc45/imgs_full/medium_residential_s0005264.png,medium_residential,dense residential,dense_residential,0,1782885853.5030413,1782885854.7325835,1.2295422554016113,3.712658728469502,3.1439
265,/home/htj/resisc45/imgs_full/palace_s0005265.png,palace,chapel,,0,1782885854.7374127,1782885855.986922,1.249509334564209,3.858314437497746,3.144
266,/home/htj/resisc45/imgs_full/ship_s0005266.png,ship,bridge,bridge,0,1782885855.9914849,1782885857.1594899,1.1680049896240234,3.5750964153834746,3.144
267,/home/htj/resisc45/imgs_full/bridge_s0005267.png,bridge,freeway,freeway,0,1782885857.1639273,1782885858.407351,1.2434237003326416,3.776899489760399,3.142
268,/home/htj/resisc45/imgs_full/sea_ice_s0005268.png,sea_ice,lake,lake,0,1782885858.4117997,1782885859.5802984,1.1684987545013428,3.5498435733772453,3.144
269,/home/htj/resisc45/imgs_full/basketball_court_s0005269.png,basketball_court,basketball court,basketball_court,1,1782885859.5846949,1782885860.9082444,1.323549509048462,3.9873583396971224,3.043
270,/home/htj/resisc45/imgs_full/roundabout_s0005270.png,roundabout,freeway,freeway,0,1782885860.9126062,1782885862.1502855,1.2376792430877686,3.760294573090293,3.144
271,/home/htj/resisc45/imgs_full/baseball_diamond_s0005271.png,baseball_diamond,airport,airport,0,1782885862.1550786,1782885863.3174376,1.1623589992523193,3.542812111771106,3.144
272,/home/htj/resisc45/imgs_full/commercial_area_s0005272.png,commercial_area,airport,airport,0,1782885863.3223066,1782885864.4942377,1.1719310283660889,3.598609544436137,3.144
273,/home/htj/resisc45/imgs_full/bridge_s0005273.png,bridge,freeway,freeway,0,1782885864.4985197,1782885865.740587,1.2420673370361328,3.772384333003651,3.142
274,/home/htj/resisc45/imgs_full/roundabout_s0005274.png,roundabout,roundabout,roundabout,1,1782885865.7451286,1782885866.9935267,1.2483980655670166,3.7808549588348557,3.142
275,/home/htj/resisc45/imgs_full/snowberg_s0005275.png,snowberg,mountain,mountain,0,1782885866.9981282,1782885868.2464535,1.2483253479003906,3.814087874325839,3.142
276,/home/htj/resisc45/imgs_full/railway_s0005276.png,railway,railway,railway,1,1782885868.251109,1782885869.5002673,1.2491583824157715,3.7998262394558298,3.142
277,/home/htj/resisc45/imgs_full/island_s0005277.png,island,island,island,1,1782885869.5043063,1782885870.7451866,1.2408802509307861,3.9749342692656957,3.548
278,/home/htj/resisc45/imgs_full/parking_lot_s0005278.png,parking_lot,parking lot,parking_lot,1,1782885870.749728,1782885872.0598445,1.3101165294647217,4.062343828737736,3.144
279,/home/htj/resisc45/imgs_full/parking_lot_s0005279.png,parking_lot,Parking lot,parking_lot,1,1782885872.0641735,1782885873.3115675,1.24739408493042,3.8343193178827115,3.144
280,/home/htj/resisc45/imgs_full/baseball_diamond_s0005280.png,baseball_diamond,baseball diamond,baseball_diamond,1,1782885873.3160176,1782885874.6395874,1.3235697746276855,4.072796836065209,3.144
281,/home/htj/resisc45/imgs_full/island_s0005281.png,island,island,island,1,1782885874.6435802,1782885875.8815973,1.2380170822143555,3.9882720303535457,3.548
282,/home/htj/resisc45/imgs_full/railway_station_s0005282.png,railway_station,airport,airport,0,1782885875.8857987,1782885877.0468452,1.1610465049743652,3.7543268057278225,3.545
283,/home/htj/resisc45/imgs_full/dense_residential_s0005283.png,dense_residential,residential,,0,1782885877.0519583,1782885878.2832658,1.2313075065612793,4.06146781039238,3.64205
284,/home/htj/resisc45/imgs_full/church_s0005284.png,church,church,church,1,1782885878.2880127,1782885879.4630666,1.1750538349151611,4.110729999144872,3.748
285,/home/htj/resisc45/imgs_full/storage_tank_s0005285.png,storage_tank,industrial area,industrial_area,0,1782885879.4676752,1782885880.7964966,1.3288214206695557,4.3386573060452935,3.446
286,/home/htj/resisc45/imgs_full/terrace_s0005286.png,terrace,medium residential,medium_residential,0,1782885880.800868,1782885882.045925,1.2450568675994873,4.050905705722895,3.548
287,/home/htj/resisc45/imgs_full/church_s0005287.png,church,industrial area,industrial_area,0,1782885882.0506458,1782885883.3654497,1.3148038387298584,4.271569010496139,3.548
288,/home/htj/resisc45/imgs_full/storage_tank_s0005288.png,storage_tank,storage tank,storage_tank,1,1782885883.369872,1782885884.6178951,1.2480230331420898,4.0871669097983325,3.548
289,/home/htj/resisc45/imgs_full/circular_farmland_s0005289.png,circular_farmland,Circular farmland,circular_farmland,1,1782885884.6226196,1782885885.9460626,1.3234429359436035,4.309360363421233,3.545
290,/home/htj/resisc45/imgs_full/palace_s0005290.png,palace,palace,palace,1,1782885885.9508615,1782885887.2010317,1.2501702308654785,4.026571009939367,3.446
291,/home/htj/resisc45/imgs_full/intersection_s0005291.png,intersection,airport,airport,0,1782885887.2058163,1782885888.3782506,1.1724343299865723,3.826379011426653,3.649
292,/home/htj/resisc45/imgs_full/cloud_s0005292.png,cloud,mountain,mountain,0,1782885888.3831065,1782885889.6303833,1.247276782989502,4.035048851821734,3.446
293,/home/htj/resisc45/imgs_full/medium_residential_s0005293.png,medium_residential,medium residential,medium_residential,1,1782885889.6353862,1782885890.8868341,1.2514479160308838,4.048320240367542,3.548
294,/home/htj/resisc45/imgs_full/snowberg_s0005294.png,snowberg,mountain,mountain,0,1782885890.8917265,1782885892.1418314,1.2501049041748047,4.044203010905872,3.5429
295,/home/htj/resisc45/imgs_full/overpass_s0005295.png,overpass,freeway,freeway,0,1782885892.1462934,1782885893.3925557,1.2462623119354248,4.002371414780617,3.446
296,/home/htj/resisc45/imgs_full/lake_s0005296.png,lake,lake,lake,1,1782885893.3967001,1782885894.5638535,1.1671533584594727,3.780520885512942,3.548
297,/home/htj/resisc45/imgs_full/commercial_area_s0005297.png,commercial_area,airport,airport,0,1782885894.568658,1782885895.7427287,1.1740705966949463,3.808852740049362,3.548
298,/home/htj/resisc45/imgs_full/beach_s0005298.png,beach,beach,beach,1,1782885895.7471797,1782885896.9909143,1.24373459815979,4.029360897692767,3.548
299,/home/htj/resisc45/imgs_full/sparse_residential_s0005299.png,sparse_residential,airport,airport,0,1782885896.995323,1782885898.1650858,1.1697628498077393,3.8001138750825607,3.548
300,/home/htj/resisc45/imgs_full/circular_farmland_s0005300.png,circular_farmland,Circular farmland,circular_farmland,1,1782885898.169369,1782885899.495122,1.3257529735565186,4.282844981074334,3.5323999999999995
301,/home/htj/resisc45/imgs_full/bridge_s0005301.png,bridge,bridge,bridge,1,1782885899.4996562,1782885900.6619396,1.1622834205627441,3.770040617108345,3.548
302,/home/htj/resisc45/imgs_full/commercial_area_s0005302.png,commercial_area,airport,airport,0,1782885900.6666152,1782885901.83759,1.1709747314453125,3.8158163248697914,3.548
303,/home/htj/resisc45/imgs_full/golf_course_s0005303.png,golf_course,golf course,golf_course,1,1782885901.8419087,1782885903.1527374,1.310828685760498,4.306126850585143,3.545
304,/home/htj/resisc45/imgs_full/ship_s0005304.png,ship,airport,airport,0,1782885903.156886,1782885904.3190985,1.1622123718261719,3.7572001556396484,3.4511
305,/home/htj/resisc45/imgs_full/forest_s0005305.png,forest,chaparral,chaparral,0,1782885904.3238075,1782885905.6497548,1.3259472846984863,4.299384070634842,3.5298499999999997
306,/home/htj/resisc45/imgs_full/airplane_s0005306.png,airplane,airport,airport,0,1782885905.654222,1782885906.8157253,1.1615033149719238,3.7668105601356143,3.548
307,/home/htj/resisc45/imgs_full/commercial_area_s0005307.png,commercial_area,airport,airport,0,1782885906.819821,1782885907.9798188,1.1599979400634766,3.7674413097381594,3.54515
308,/home/htj/resisc45/imgs_full/mobile_home_park_s0005308.png,mobile_home_park,dense residential,dense_residential,0,1782885907.9844785,1782885909.2353544,1.2508759498596191,4.102274870520053,3.548
309,/home/htj/resisc45/imgs_full/island_s0005309.png,island,island,island,1,1782885909.2395165,1782885910.4755003,1.2359838485717773,4.021441994580355,3.446
310,/home/htj/resisc45/imgs_full/intersection_s0005310.png,intersection,intersection,intersection,1,1782885910.4803052,1782885911.6463697,1.1660645008087158,3.828831091630459,3.5501
311,/home/htj/resisc45/imgs_full/basketball_court_s0005311.png,basketball_court,basketball court,basketball_court,1,1782885911.6510553,1782885912.9614232,1.3103678226470947,4.289574526206307,3.5348999999999995
312,/home/htj/resisc45/imgs_full/mobile_home_park_s0005312.png,mobile_home_park,dense residential,dense_residential,0,1782885912.965984,1782885914.216769,1.2507848739624023,4.0964341699426825,3.545
313,/home/htj/resisc45/imgs_full/river_s0005313.png,river,airport,airport,0,1782885914.2212,1782885915.3801405,1.1589405536651611,3.7252764406431287,3.446
314,/home/htj/resisc45/imgs_full/rectangular_farmland_s0005314.png,rectangular_farmland,medium residential,medium_residential,0,1782885915.3842058,1782885916.6287217,1.2445158958435059,4.098643396247517,3.74295
315,/home/htj/resisc45/imgs_full/palace_s0005315.png,palace,airport,airport,0,1782885916.633372,1782885917.7984347,1.165062665939331,3.801433041436331,3.545
316,/home/htj/resisc45/imgs_full/mobile_home_park_s0005316.png,mobile_home_park,Mobile home park,mobile_home_park,1,1782885917.8005354,1782885919.126759,1.326223611831665,4.325507140937059,3.548
317,/home/htj/resisc45/imgs_full/desert_s0005317.png,desert,desert,desert,1,1782885919.1313071,1782885920.3766143,1.245307207107544,4.125929196639494,3.649
318,/home/htj/resisc45/imgs_full/forest_s0005318.png,forest,chaparral,chaparral,0,1782885920.381227,1782885921.7055979,1.3243708610534668,4.364665707297947,3.6370999999999998
319,/home/htj/resisc45/imgs_full/mobile_home_park_s0005319.png,mobile_home_park,medium residential,medium_residential,0,1782885921.7103693,1782885922.9592974,1.2489280700683594,4.0627062424746425,3.548
320,/home/htj/resisc45/imgs_full/storage_tank_s0005320.png,storage_tank,storage tank,storage_tank,1,1782885922.9637322,1782885924.2107244,1.2469921112060547,4.1163751761395,3.649
321,/home/htj/resisc45/imgs_full/railway_s0005321.png,railway,railway,railway,1,1782885924.2156131,1782885925.4649255,1.249312400817871,4.1625953456705265,3.74495
322,/home/htj/resisc45/imgs_full/forest_s0005322.png,forest,chaparral,chaparral,0,1782885925.466423,1782885926.792698,1.3262748718261719,4.377687367149021,3.6488
323,/home/htj/resisc45/imgs_full/mobile_home_park_s0005323.png,mobile_home_park,Mobile home park,mobile_home_park,1,1782885926.7944043,1782885928.115491,1.3210866451263428,4.306742463111878,3.54755
324,/home/htj/resisc45/imgs_full/commercial_area_s0005324.png,commercial_area,airport,airport,0,1782885928.1170008,1782885929.2863204,1.1693196296691895,3.8535206805183773,3.647
325,/home/htj/resisc45/imgs_full/island_s0005325.png,island,island,island,1,1782885929.287731,1782885930.5329032,1.2451722621917725,4.043413927771828,3.4459
326,/home/htj/resisc45/imgs_full/island_s0005326.png,island,island,island,1,1782885930.53421,1782885931.7767432,1.2425332069396973,4.019312530539253,3.5429
327,/home/htj/resisc45/imgs_full/airplane_s0005327.png,airplane,airport,airport,0,1782885931.7781942,1782885932.9392169,1.161022663116455,3.755355447246915,3.548
328,/home/htj/resisc45/imgs_full/mountain_s0005328.png,mountain,desert,desert,0,1782885932.9406676,1782885934.1896832,1.2490155696868896,4.0276777981953185,3.4459
329,/home/htj/resisc45/imgs_full/terrace_s0005329.png,terrace,medium residential,medium_residential,0,1782885934.1912215,1782885935.4374535,1.246232032775879,4.087697714415463,3.548
330,/home/htj/resisc45/imgs_full/baseball_diamond_s0005330.png,baseball_diamond,golf course,golf_course,0,1782885935.4386864,1782885936.7585282,1.3198418617248535,4.338205430632053,3.6370999999999998
331,/home/htj/resisc45/imgs_full/baseball_diamond_s0005331.png,baseball_diamond,golf course,golf_course,0,1782885936.7599478,1782885938.0782795,1.3183317184448242,4.375103529612224,3.647
332,/home/htj/resisc45/imgs_full/island_s0005332.png,island,island,island,1,1782885938.0794597,1782885939.318267,1.2388074398040771,4.056418652209369,3.545
333,/home/htj/resisc45/imgs_full/overpass_s0005333.png,overpass,freeway,freeway,0,1782885939.3199449,1782885940.5662658,1.2463209629058838,3.9145808425816626,3.241
334,/home/htj/resisc45/imgs_full/dense_residential_s0005334.png,dense_residential,dense residential,dense_residential,1,1782885940.5680118,1782885941.8149006,1.2468888759613037,3.83611030366204,3.142
335,/home/htj/resisc45/imgs_full/circular_farmland_s0005335.png,circular_farmland,medium residential,medium_residential,0,1782885941.8165133,1782885943.064796,1.2482826709747314,3.83018515552174,3.142
336,/home/htj/resisc45/imgs_full/storage_tank_s0005336.png,storage_tank,storage tank,storage_tank,1,1782885943.0663476,1782885944.3108985,1.2445509433746338,3.8252970359542156,3.144
337,/home/htj/resisc45/imgs_full/island_s0005337.png,island,island,island,1,1782885944.3123791,1782885945.558934,1.2465548515319824,3.8077372890969983,3.142
338,/home/htj/resisc45/imgs_full/thermal_power_station_s0005338.png,thermal_power_station,industrial area,industrial_area,0,1782885945.5606627,1782885946.8886273,1.3279645442962646,4.056412044525147,3.142
339,/home/htj/resisc45/imgs_full/storage_tank_s0005339.png,storage_tank,industrial area,industrial_area,0,1782885946.8900301,1782885948.2162154,1.3261852264404297,4.037791952768962,3.142
340,/home/htj/resisc45/imgs_full/tennis_court_s0005340.png,tennis_court,parking lot,parking_lot,0,1782885948.2178402,1782885949.5303395,1.3124992847442627,4.0191010706321055,3.142
341,/home/htj/resisc45/imgs_full/forest_s0005341.png,forest,chaparral,chaparral,0,1782885949.5320241,1782885950.853745,1.321720838546753,4.107853294501702,3.142
342,/home/htj/resisc45/imgs_full/railway_s0005342.png,railway,railway,railway,1,1782885950.8553221,1782885952.1045148,1.249192714691162,3.8620496219288216,3.144
343,/home/htj/resisc45/imgs_full/airport_s0005343.png,airport,airport,airport,1,1782885952.1060257,1782885953.2756674,1.1696417331695557,3.6027193270637876,3.144
344,/home/htj/resisc45/imgs_full/mountain_s0005344.png,mountain,mountain,mountain,1,1782885953.276959,1782885954.5177803,1.240821361541748,3.8023842605027287,3.142
345,/home/htj/resisc45/imgs_full/storage_tank_s0005345.png,storage_tank,industrial area,industrial_area,0,1782885954.5195024,1782885955.8449183,1.325415849685669,4.107117957519448,3.144
346,/home/htj/resisc45/imgs_full/basketball_court_s0005346.png,basketball_court,airport,airport,0,1782885955.8466442,1782885957.0193243,1.172680139541626,3.611631462142581,3.144
347,/home/htj/resisc45/imgs_full/basketball_court_s0005347.png,basketball_court,basketball court,basketball_court,1,1782885957.0207555,1782885958.3335125,1.3127570152282715,4.044261905566506,3.142
348,/home/htj/resisc45/imgs_full/palace_s0005348.png,palace,chapel,,0,1782885958.3346517,1782885959.58403,1.2493782043457031,3.838796014039413,3.142
349,/home/htj/resisc45/imgs_full/baseball_diamond_s0005349.png,baseball_diamond,airport,airport,0,1782885959.5854173,1782885960.757883,1.1724658012390137,3.608029010152817,3.144
350,/home/htj/resisc45/imgs_full/mountain_s0005350.png,mountain,ground track field,ground_track_field,0,1782885960.7594168,1782885962.0877802,1.3283634185791016,4.074090604782104,3.144
351,/home/htj/resisc45/imgs_full/thermal_power_station_s0005351.png,thermal_power_station,industrial area,industrial_area,0,1782885962.0893416,1782885963.4124014,1.3230597972869873,4.0751344306270285,3.144
352,/home/htj/resisc45/imgs_full/stadium_s0005352.png,stadium,stadium,stadium,1,1782885963.4140167,1782885964.6592042,1.245187520980835,4.00559845669703,3.446
353,/home/htj/resisc45/imgs_full/cloud_s0005353.png,cloud,desert,desert,0,1782885964.6606543,1782885965.905407,1.2447526454925537,4.0196457702896815,3.548
354,/home/htj/resisc45/imgs_full/bridge_s0005354.png,bridge,bridge,bridge,1,1782885965.9067535,1782885967.057843,1.1510894298553467,3.7322348128914835,3.545
355,/home/htj/resisc45/imgs_full/dense_residential_s0005355.png,dense_residential,dense residential,dense_residential,1,1782885967.0597389,1782885968.30965,1.2499110698699951,4.109218502096509,3.6388999999999996
356,/home/htj/resisc45/imgs_full/wetland_s0005356.png,wetland,lake,lake,0,1782885968.3109457,1782885969.4801989,1.1692531108856201,3.7982018054008484,3.4511
357,/home/htj/resisc45/imgs_full/beach_s0005357.png,beach,beach,beach,1,1782885969.4814553,1782885970.7264163,1.2449610233306885,4.0833023891123865,3.647
358,/home/htj/resisc45/imgs_full/baseball_diamond_s0005358.png,baseball_diamond,baseball diamond,baseball_diamond,1,1782885970.7278528,1782885972.050694,1.3228411674499512,4.313454336762428,3.548
359,/home/htj/resisc45/imgs_full/intersection_s0005359.png,intersection,intersection,intersection,1,1782885972.0523553,1782885973.2249362,1.1725809574127197,3.8199337361199515,3.545
360,/home/htj/resisc45/imgs_full/commercial_area_s0005360.png,commercial_area,commercial area,commercial_area,1,1782885973.2265995,1782885974.4761891,1.2495896816253662,4.03441388618946,3.5399499999999997
361,/home/htj/resisc45/imgs_full/meadow_s0005361.png,meadow,chaparral,chaparral,0,1782885974.477834,1782885975.7893558,1.3115217685699463,4.309945644948794,3.647
362,/home/htj/resisc45/imgs_full/tennis_court_s0005362.png,tennis_court,golf course,golf_course,0,1782885975.7906668,1782885977.117976,1.3273091316223145,4.303744554738204,3.5298499999999997
363,/home/htj/resisc45/imgs_full/palace_s0005363.png,palace,palace,palace,1,1782885977.1196992,1782885978.3692489,1.2495496273040771,4.028945582400669,3.444
364,/home/htj/resisc45/imgs_full/storage_tank_s0005364.png,storage_tank,industrial area,industrial_area,0,1782885978.3708425,1782885979.6944573,1.3236148357391357,4.265348808169365,3.5326999999999997
365,/home/htj/resisc45/imgs_full/ship_s0005365.png,ship,harbor,harbor,0,1782885979.695903,1782885980.93985,1.2439470291137695,4.0107679370966824,3.5399499999999997
366,/home/htj/resisc45/imgs_full/wetland_s0005366.png,wetland,lake,lake,0,1782885980.9412842,1782885982.109578,1.1682937145233154,3.759569173336029,3.444
367,/home/htj/resisc45/imgs_full/railway_s0005367.png,railway,railway,railway,1,1782885982.1113217,1782885983.3591933,1.2478716373443604,4.029774567051367,3.5429
368,/home/htj/resisc45/imgs_full/runway_s0005368.png,runway,freeway,freeway,0,1782885983.3605893,1782885984.5927062,1.232116937637329,3.991778851368211,3.446
369,/home/htj/resisc45/imgs_full/island_s0005369.png,island,island,island,1,1782885984.5939674,1782885985.83449,1.2405226230621338,4.011399063847281,3.5399499999999997
370,/home/htj/resisc45/imgs_full/mobile_home_park_s0005370.png,mobile_home_park,Mobile home park,mobile_home_park,1,1782885985.836264,1782885987.1615396,1.3252756595611572,4.2918764131483815,3.545
371,/home/htj/resisc45/imgs_full/sea_ice_s0005371.png,sea_ice,lake,lake,0,1782885987.163131,1782885988.3325734,1.1694424152374268,3.7637668818405694,3.446
372,/home/htj/resisc45/imgs_full/forest_s0005372.png,forest,chaparral,chaparral,0,1782885988.3344393,1782885989.6557999,1.3213605880737305,4.279556604623795,3.545
373,/home/htj/resisc45/imgs_full/meadow_s0005373.png,meadow,chaparral,chaparral,0,1782885989.657083,1782885990.980146,1.3230628967285156,4.261470541415007,3.446
374,/home/htj/resisc45/imgs_full/medium_residential_s0005374.png,medium_residential,medium residential,medium_residential,1,1782885990.981767,1782885992.224508,1.2427411079406738,4.086358715837652,3.6419
375,/home/htj/resisc45/imgs_full/runway_s0005375.png,runway,airport,airport,0,1782885992.2258673,1782885993.3786573,1.1527900695800781,3.759907154083252,3.545
376,/home/htj/resisc45/imgs_full/cloud_s0005376.png,cloud,lake,lake,0,1782885993.3801544,1782885994.5376685,1.1575140953063965,3.8114624130249024,3.5501
377,/home/htj/resisc45/imgs_full/chaparral_s0005377.png,chaparral,desert,desert,0,1782885994.5389633,1782885995.787598,1.2486345767974854,4.088540409489111,3.545
378,/home/htj/resisc45/imgs_full/forest_s0005378.png,forest,chaparral,chaparral,0,1782885995.7892642,1782885997.1147423,1.3254780769348145,4.348617429157098,3.6317
379,/home/htj/resisc45/imgs_full/ship_s0005379.png,ship,harbor,harbor,0,1782885997.1160958,1782885998.3590193,1.2429234981536865,4.087410420201041,3.6419
380,/home/htj/resisc45/imgs_full/cloud_s0005380.png,cloud,desert,desert,0,1782885998.360499,1782885999.6017585,1.2412595748901367,4.074716659025713,3.545
381,/home/htj/resisc45/imgs_full/palace_s0005381.png,palace,airport,airport,0,1782885999.6032934,1782886000.7749743,1.1716809272766113,3.802941523960659,3.444
382,/home/htj/resisc45/imgs_full/freeway_s0005382.png,freeway,freeway,freeway,1,1782886000.7765453,1782886002.0172749,1.240729570388794,4.021148140831427,3.5380499999999997
383,/home/htj/resisc45/imgs_full/runway_s0005383.png,runway,airport,airport,0,1782886002.0186877,1782886003.1847668,1.166079044342041,3.802916929040636,3.545
384,/home/htj/resisc45/imgs_full/rectangular_farmland_s0005384.png,rectangular_farmland,medium residential,medium_residential,0,1782886003.1860943,1782886004.4271033,1.241008996963501,4.0169768946712665,3.444
385,/home/htj/resisc45/imgs_full/railway_station_s0005385.png,railway_station,railway station,railway_station,1,1782886004.428566,1782886005.7542813,1.3257153034210205,4.390538525747216,3.647
386,/home/htj/resisc45/imgs_full/railway_station_s0005386.png,railway_station,airport,airport,0,1782886005.755781,1782886006.9266877,1.1709067821502686,3.8116918781598415,3.543
387,/home/htj/resisc45/imgs_full/golf_course_s0005387.png,golf_course,golf course,golf_course,1,1782886006.928165,1782886008.2529943,1.324829339981079,4.271084188431502,3.52785
388,/home/htj/resisc45/imgs_full/dense_residential_s0005388.png,dense_residential,dense residential,dense_residential,1,1782886008.2548609,1782886009.4998636,1.2450027465820312,4.023452739715576,3.444
389,/home/htj/resisc45/imgs_full/meadow_s0005389.png,meadow,meadow,meadow,1,1782886009.5013597,1782886010.7367237,1.2353639602661133,3.8892065114541485,3.241
390,/home/htj/resisc45/imgs_full/runway_s0005390.png,runway,airport,airport,0,1782886010.7382596,1782886011.90345,1.1651904582977295,3.8037365084829786,3.543
391,/home/htj/resisc45/imgs_full/storage_tank_s0005391.png,storage_tank,storage tank,storage_tank,1,1782886011.9049797,1782886013.153297,1.2483172416687012,4.114907562082464,3.647
392,/home/htj/resisc45/imgs_full/dense_residential_s0005392.png,dense_residential,dense residential,dense_residential,1,1782886013.1548643,1782886014.4039657,1.2491014003753662,4.042546350305731,3.5399499999999997
393,/home/htj/resisc45/imgs_full/mobile_home_park_s0005393.png,mobile_home_park,Mobile home park,mobile_home_park,1,1782886014.405785,1782886015.734044,1.328258991241455,4.322376133998235,3.545
394,/home/htj/resisc45/imgs_full/airport_s0005394.png,airport,airport,airport,1,1782886015.735678,1782886016.9071105,1.1714324951171875,3.8332785537719727,3.545
395,/home/htj/resisc45/imgs_full/railway_station_s0005395.png,railway_station,airport,airport,0,1782886016.9087691,1782886018.0820632,1.1732940673828125,3.803875237601144,3.545
396,/home/htj/resisc45/imgs_full/lake_s0005396.png,lake,lake,lake,1,1782886018.0837312,1782886019.2464814,1.162750244140625,3.859777119954427,3.647
397,/home/htj/resisc45/imgs_full/beach_s0005397.png,beach,beach,beach,1,1782886019.248114,1782886020.498265,1.2501509189605713,4.0648088879585265,3.545
398,/home/htj/resisc45/imgs_full/palace_s0005398.png,palace,castle,,0,1782886020.4999487,1782886021.6764836,1.17653489112854,3.848613705294473,3.545
399,/home/htj/resisc45/imgs_full/railway_station_s0005399.png,railway_station,airport,airport,0,1782886021.6781301,1782886022.8486476,1.1705174446105957,3.7613741998672485,3.444
400,/home/htj/resisc45/imgs_full/freeway_s0005400.png,freeway,freeway,freeway,1,1782886022.8501017,1782886024.096915,1.2468132972717285,4.036671396580609,3.545
401,/home/htj/resisc45/imgs_full/parking_lot_s0005401.png,parking_lot,Parking lot,parking_lot,1,1782886024.0984216,1782886025.3433821,1.2449605464935303,4.036105502616275,3.5399499999999997
402,/home/htj/resisc45/imgs_full/commercial_area_s0005402.png,commercial_area,airport,airport,0,1782886025.3450284,1782886026.5185163,1.173487901687622,3.8499902839320046,3.545
403,/home/htj/resisc45/imgs_full/overpass_s0005403.png,overpass,freeway,freeway,0,1782886026.5201743,1782886027.7608707,1.2406964302062988,4.039651181459427,3.545
404,/home/htj/resisc45/imgs_full/meadow_s0005404.png,meadow,ground track field,ground_track_field,0,1782886027.7624075,1782886029.0817122,1.3193047046661377,4.255252411812544,3.444
405,/home/htj/resisc45/imgs_full/bridge_s0005405.png,bridge,bridge,bridge,1,1782886029.0829813,1782886030.239977,1.1569955348968506,3.77464008282423,3.545
406,/home/htj/resisc45/imgs_full/cloud_s0005406.png,cloud,lake,lake,0,1782886030.2415228,1782886031.4110262,1.1695034503936768,3.8188186000188193,3.545
407,/home/htj/resisc45/imgs_full/meadow_s0005407.png,meadow,ground track field,ground_track_field,0,1782886031.4124403,1782886032.7339692,1.3215289115905762,4.358115061531896,3.6338999999999997
408,/home/htj/resisc45/imgs_full/intersection_s0005408.png,intersection,commercial area,commercial_area,0,1782886032.7355871,1782886033.983826,1.2482388019561768,4.047332908464514,3.5348999999999995
409,/home/htj/resisc45/imgs_full/cloud_s0005409.png,cloud,cloud,cloud,1,1782886033.9851236,1782886035.150003,1.164879322052002,3.812300557279587,3.5501
410,/home/htj/resisc45/imgs_full/palace_s0005410.png,palace,chapel,,0,1782886035.151673,1782886036.3840559,1.2323827743530273,4.0131984872818,3.545
411,/home/htj/resisc45/imgs_full/desert_s0005411.png,desert,desert,desert,1,1782886036.3851721,1782886037.627073,1.24190092086792,4.038887594829906,3.444
412,/home/htj/resisc45/imgs_full/stadium_s0005412.png,stadium,stadium,stadium,1,1782886037.6287007,1782886038.8753262,1.2466254234313965,4.094937856804241,3.548
413,/home/htj/resisc45/imgs_full/runway_s0005413.png,runway,airport,airport,0,1782886038.8768888,1782886040.04703,1.1701412200927734,3.8179367729187015,3.5501
414,/home/htj/resisc45/imgs_full/commercial_area_s0005414.png,commercial_area,airport,airport,0,1782886040.0487869,1782886041.222247,1.1734600067138672,3.834587906701224,3.548
415,/home/htj/resisc45/imgs_full/circular_farmland_s0005415.png,circular_farmland,ground track field,ground_track_field,0,1782886041.2235045,1782886042.5430453,1.3195407390594482,4.263985936542352,3.446
416,/home/htj/resisc45/imgs_full/desert_s0005416.png,desert,desert,desert,1,1782886042.5444498,1782886043.7897058,1.245255947113037,4.055798619747162,3.4459
417,/home/htj/resisc45/imgs_full/basketball_court_s0005417.png,basketball_court,basketball court,basketball_court,1,1782886043.7912304,1782886045.1093917,1.3181612491607666,4.344487543157909,3.6488
418,/home/htj/resisc45/imgs_full/bridge_s0005418.png,bridge,bridge,bridge,1,1782886045.1104014,1782886046.2770424,1.1666409969329834,3.7828612097217924,3.545
419,/home/htj/resisc45/imgs_full/intersection_s0005419.png,intersection,intersection,intersection,1,1782886046.2787578,1782886047.447097,1.1683392524719238,3.7713991069793704,3.444
420,/home/htj/resisc45/imgs_full/airport_s0005420.png,airport,airport,airport,1,1782886047.4483879,1782886048.6141467,1.1657588481903076,3.7914557899117467,3.54515
421,/home/htj/resisc45/imgs_full/wetland_s0005421.png,wetland,chaparral,chaparral,0,1782886048.6157303,1782886049.9375162,1.3217859268188477,4.102437995950381,3.244
422,/home/htj/resisc45/imgs_full/commercial_area_s0005422.png,commercial_area,airport,airport,0,1782886049.938995,1782886051.0996232,1.160628318786621,3.550914707320077,3.142
423,/home/htj/resisc45/imgs_full/ship_s0005423.png,ship,harbor,harbor,0,1782886051.1010823,1782886052.3447967,1.2437143325805664,3.8546099114851518,3.142
424,/home/htj/resisc45/imgs_full/stadium_s0005424.png,stadium,ground track field,ground_track_field,0,1782886052.3463554,1782886053.6648405,1.3184850215911865,4.078131497217261,3.144
425,/home/htj/resisc45/imgs_full/freeway_s0005425.png,freeway,freeway,freeway,1,1782886053.666234,1782886054.912962,1.2467279434204102,3.8420755049098623,3.142
426,/home/htj/resisc45/imgs_full/desert_s0005426.png,desert,chaparral,chaparral,0,1782886054.914332,1782886056.241206,1.326874017715454,4.117953513979912,3.142
427,/home/htj/resisc45/imgs_full/railway_s0005427.png,railway,railway station,railway_station,0,1782886056.2429037,1782886057.5658002,1.3228964805603027,4.079985297762829,3.142
428,/home/htj/resisc45/imgs_full/airport_s0005428.png,airport,airport,airport,1,1782886057.5673058,1782886058.737751,1.170445203781128,3.603187692097255,3.142
429,/home/htj/resisc45/imgs_full/bridge_s0005429.png,bridge,freeway,freeway,0,1782886058.739257,1782886059.98392,1.2446630001068115,3.852175409739668,3.142
430,/home/htj/resisc45/imgs_full/snowberg_s0005430.png,snowberg,mountain,mountain,0,1782886059.985458,1782886061.2321174,1.246659517288208,3.8581278742985297,3.142
431,/home/htj/resisc45/imgs_full/roundabout_s0005431.png,roundabout,intersection,intersection,0,1782886061.2338023,1782886062.4070902,1.1732878684997559,3.605960586706797,3.142
432,/home/htj/resisc45/imgs_full/meadow_s0005432.png,meadow,ground track field,ground_track_field,0,1782886062.408537,1782886063.7322526,1.3237156867980957,4.062759216884772,3.142
433,/home/htj/resisc45/imgs_full/chaparral_s0005433.png,chaparral,desert,desert,0,1782886063.7339513,1782886064.983339,1.2493877410888672,4.079705297470094,3.545
434,/home/htj/resisc45/imgs_full/overpass_s0005434.png,overpass,freeway,freeway,0,1782886064.9847357,1782886066.2317126,1.2469768524169922,4.088837099075318,3.6419
435,/home/htj/resisc45/imgs_full/desert_s0005435.png,desert,desert,desert,1,1782886066.232946,1782886067.4733691,1.2404232025146484,4.073662562803789,3.545
436,/home/htj/resisc45/imgs_full/stadium_s0005436.png,stadium,airport,airport,0,1782886067.4749799,1782886068.6466413,1.171661376953125,3.8386416378929504,3.545
437,/home/htj/resisc45/imgs_full/sparse_residential_s0005437.png,sparse_residential,airport,airport,0,1782886068.6481915,1782886069.8180487,1.1698572635650635,3.624050680058343,3.142
438,/home/htj/resisc45/imgs_full/overpass_s0005438.png,overpass,freeway,freeway,0,1782886069.8197906,1782886071.0703728,1.250582218170166,3.853612260645086,3.142
439,/home/htj/resisc45/imgs_full/basketball_court_s0005439.png,basketball_court,basketball court,basketball_court,1,1782886071.0717955,1782886072.3925827,1.3207871913909912,4.087396094957987,3.142
440,/home/htj/resisc45/imgs_full/parking_lot_s0005440.png,parking_lot,airport,airport,0,1782886072.3943675,1782886073.5627165,1.168349027633667,3.61049058264494,3.142
441,/home/htj/resisc45/imgs_full/sea_ice_s0005441.png,sea_ice,lake,lake,0,1782886073.5643241,1782886074.7348647,1.1705405712127686,3.6150194640954334,3.142
442,/home/htj/resisc45/imgs_full/desert_s0005442.png,desert,airport,airport,0,1782886074.7363253,1782886075.9045985,1.1682732105255127,3.6084065229098004,3.142
443,/home/htj/resisc45/imgs_full/ground_track_field_s0005443.png,ground_track_field,airport,airport,0,1782886075.9062939,1782886077.0812042,1.174910306930542,3.6338856831164588,3.142
444,/home/htj/resisc45/imgs_full/sparse_residential_s0005444.png,sparse_residential,forest,forest,0,1782886077.082666,1782886078.2481515,1.1654856204986572,3.599796586513519,3.142
445,/home/htj/resisc45/imgs_full/rectangular_farmland_s0005445.png,rectangular_farmland,medium residential,medium_residential,0,1782886078.2494116,1782886079.4927661,1.2433545589447021,3.8312275250391528,3.142
446,/home/htj/resisc45/imgs_full/river_s0005446.png,river,river,river,1,1782886079.4943514,1782886080.6640477,1.16969633102417,3.5974010660648346,3.142
447,/home/htj/resisc45/imgs_full/stadium_s0005447.png,stadium,airport,airport,0,1782886080.6655185,1782886081.8352911,1.1697726249694824,3.7569002509832385,3.444
448,/home/htj/resisc45/imgs_full/river_s0005448.png,river,airport,airport,0,1782886081.8368788,1782886083.0096807,1.1728019714355469,3.6268063250950404,3.142
449,/home/htj/resisc45/imgs_full/cloud_s0005449.png,cloud,cloud,cloud,1,1782886083.0111942,1782886084.179236,1.168041706085205,3.6016287901969184,3.142
450,/home/htj/resisc45/imgs_full/medium_residential_s0005450.png,medium_residential,medium residential,medium_residential,1,1782886084.181007,1782886085.4324641,1.2514572143554688,3.867116561196067,3.142
451,/home/htj/resisc45/imgs_full/sea_ice_s0005451.png,sea_ice,snowberg,snowberg,0,1782886085.4336712,1782886086.677637,1.2439658641815186,3.8200495371926917,3.142
452,/home/htj/resisc45/imgs_full/railway_station_s0005452.png,railway_station,airport,airport,0,1782886086.679235,1782886087.843542,1.1643071174621582,3.577749442373003,3.14
453,/home/htj/resisc45/imgs_full/chaparral_s0005453.png,chaparral,chaparral,chaparral,1,1782886087.8451645,1782886089.1685634,1.3233988285064697,4.069508936736895,3.142
454,/home/htj/resisc45/imgs_full/freeway_s0005454.png,freeway,freeway,freeway,1,1782886089.1700697,1782886090.4157689,1.245699167251587,3.8551558091965594,3.142
455,/home/htj/resisc45/imgs_full/circular_farmland_s0005455.png,circular_farmland,Circular farmland,circular_farmland,1,1782886090.4174044,1782886091.7424128,1.3250083923339844,4.114727148802384,3.142
456,/home/htj/resisc45/imgs_full/river_s0005456.png,river,river,river,1,1782886091.7438803,1782886092.9041102,1.1602299213409424,3.582348004749843,3.142
457,/home/htj/resisc45/imgs_full/mobile_home_park_s0005457.png,mobile_home_park,Mobile home park,mobile_home_park,1,1782886092.9058325,1782886094.2337844,1.3279519081115723,4.112436111263607,3.142
458,/home/htj/resisc45/imgs_full/forest_s0005458.png,forest,chaparral,chaparral,0,1782886094.2354693,1782886095.5595274,1.3240580558776855,4.081243449985981,3.142
459,/home/htj/resisc45/imgs_full/medium_residential_s0005459.png,medium_residential,medium residential,medium_residential,1,1782886095.5609307,1782886096.802541,1.2416102886199951,3.8366886654983867,3.142
460,/home/htj/resisc45/imgs_full/airplane_s0005460.png,airplane,airport,airport,0,1782886096.8039842,1782886097.9641852,1.160201072692871,3.783747184072222,3.545
461,/home/htj/resisc45/imgs_full/baseball_diamond_s0005461.png,baseball_diamond,airport,airport,0,1782886097.9654593,1782886099.1345184,1.1690590381622314,3.855322896051407,3.5501
462,/home/htj/resisc45/imgs_full/freeway_s0005462.png,freeway,freeway,freeway,1,1782886099.1360018,1782886100.3810756,1.2450737953186035,4.070254504183064,3.545
463,/home/htj/resisc45/imgs_full/industrial_area_s0005463.png,industrial_area,industrial area,industrial_area,1,1782886100.3825846,1782886101.7069037,1.3243191242218018,4.293788075281226,3.545
464,/home/htj/resisc45/imgs_full/lake_s0005464.png,lake,lake,lake,1,1782886101.7084734,1782886102.8800652,1.1715917587280273,3.793112004007612,3.545
465,/home/htj/resisc45/imgs_full/golf_course_s0005465.png,golf_course,golf course,golf_course,1,1782886102.8814864,1782886104.1972964,1.315809965133667,4.231988102643386,3.444
466,/home/htj/resisc45/imgs_full/tennis_court_s0005466.png,tennis_court,airport,airport,0,1782886104.198623,1782886105.3679695,1.169346570968628,3.7917454642908917,3.446
467,/home/htj/resisc45/imgs_full/forest_s0005467.png,forest,ground track field,ground_track_field,0,1782886105.369315,1782886106.6894865,1.320171594619751,4.297103533337514,3.545
468,/home/htj/resisc45/imgs_full/rectangular_farmland_s0005468.png,rectangular_farmland,medium residential,medium_residential,0,1782886106.6907203,1782886107.934374,1.2436537742614746,3.8439642270911825,3.142
469,/home/htj/resisc45/imgs_full/sea_ice_s0005469.png,sea_ice,snowberg,snowberg,0,1782886107.9357905,1782886109.182932,1.2471413612365723,3.8482247348265215,3.142
470,/home/htj/resisc45/imgs_full/freeway_s0005470.png,freeway,freeway,freeway,1,1782886109.184546,1782886110.4322994,1.247753381729126,3.8333252529230983,3.142
471,/home/htj/resisc45/imgs_full/lake_s0005471.png,lake,lake,lake,1,1782886110.4339113,1782886111.606568,1.172656774520874,3.598716118608202,3.142
472,/home/htj/resisc45/imgs_full/runway_s0005472.png,runway,airport,airport,0,1782886111.6080465,1782886112.7758918,1.1678452491760254,3.6005781265667505,3.142
473,/home/htj/resisc45/imgs_full/roundabout_s0005473.png,roundabout,roundabout,roundabout,1,1782886112.777526,1782886114.0202742,1.2427482604980469,3.846701286142523,3.142
474,/home/htj/resisc45/imgs_full/cloud_s0005474.png,cloud,forest,forest,0,1782886114.0215917,1782886115.1929972,1.171405553817749,3.6241614398615702,3.142
475,/home/htj/resisc45/imgs_full/island_s0005475.png,island,lake,lake,0,1782886115.1940653,1782886116.35395,1.1598846912384033,3.5846816325068476,3.142
476,/home/htj/resisc45/imgs_full/industrial_area_s0005476.png,industrial_area,industrial area,industrial_area,1,1782886116.3556385,1782886117.6820204,1.3263819217681885,4.1002333815793195,3.142
477,/home/htj/resisc45/imgs_full/baseball_diamond_s0005477.png,baseball_diamond,airport,airport,0,1782886117.6836329,1782886118.8559654,1.172332525253296,3.609109417029789,3.142
478,/home/htj/resisc45/imgs_full/mobile_home_park_s0005478.png,mobile_home_park,dense residential,dense_residential,0,1782886118.8574557,1782886120.107509,1.2500531673431396,3.8632324930754574,3.142
479,/home/htj/resisc45/imgs_full/freeway_s0005479.png,freeway,freeway,freeway,1,1782886120.1087968,1782886121.353195,1.2443981170654297,3.823356651132757,3.142
480,/home/htj/resisc45/imgs_full/cloud_s0005480.png,cloud,cloud,cloud,1,1782886121.354484,1782886122.5188417,1.1643576622009277,3.578736443178994,3.142
481,/home/htj/resisc45/imgs_full/terrace_s0005481.png,terrace,forest,forest,0,1782886122.5204382,1782886123.681178,1.1607398986816406,3.5752529989242556,3.142
482,/home/htj/resisc45/imgs_full/golf_course_s0005482.png,golf_course,golf course,golf_course,1,1782886123.682762,1782886125.003055,1.3202931880950928,4.269938194731871,3.545
483,/home/htj/resisc45/imgs_full/cloud_s0005483.png,cloud,snowberg,snowberg,0,1782886125.0044603,1782886126.242455,1.23799467086792,4.071201747634194,3.6419
484,/home/htj/resisc45/imgs_full/snowberg_s0005484.png,snowberg,mountain,mountain,0,1782886126.2442694,1782886127.4934,1.2491307258605957,4.131102425098419,3.647
485,/home/htj/resisc45/imgs_full/railway_station_s0005485.png,railway_station,railway,railway,0,1782886127.4946935,1782886128.7406642,1.2459707260131836,3.8520884045687587,3.144
486,/home/htj/resisc45/imgs_full/intersection_s0005486.png,intersection,intersection,intersection,1,1782886128.742257,1782886129.9078794,1.1656222343444824,3.5902274934223724,3.144
487,/home/htj/resisc45/imgs_full/mobile_home_park_s0005487.png,mobile_home_park,Mobile home park,mobile_home_park,1,1782886129.9096496,1782886131.2377083,1.3280587196350098,4.11553848878197,3.144
488,/home/htj/resisc45/imgs_full/palace_s0005488.png,palace,chapel,,0,1782886131.2394617,1782886132.4892778,1.2498161792755127,3.8502489296768023,3.142
489,/home/htj/resisc45/imgs_full/commercial_area_s0005489.png,commercial_area,commercial area,commercial_area,1,1782886132.491054,1782886133.7397,1.2486460208892822,3.8478162266449494,3.142
490,/home/htj/resisc45/imgs_full/sparse_residential_s0005490.png,sparse_residential,farm,,0,1782886133.7411573,1782886134.9087894,1.1676321029663086,3.6122089143480576,3.142
491,/home/htj/resisc45/imgs_full/cloud_s0005491.png,cloud,cloud,cloud,1,1782886134.9101148,1782886136.0772185,1.1671037673950195,3.595905062532425,3.142
492,/home/htj/resisc45/imgs_full/industrial_area_s0005492.png,industrial_area,industrial area,industrial_area,1,1782886136.0785213,1782886137.4039276,1.3254063129425049,4.102795241713523,3.1437
493,/home/htj/resisc45/imgs_full/stadium_s0005493.png,stadium,airport,airport,0,1782886137.4054458,1782886138.5764573,1.1710114479064941,3.5667335829734803,3.142
494,/home/htj/resisc45/imgs_full/rectangular_farmland_s0005494.png,rectangular_farmland,medium residential,medium_residential,0,1782886138.5775747,1782886139.8188598,1.2412850856781006,3.813679159597917,3.142
495,/home/htj/resisc45/imgs_full/overpass_s0005495.png,overpass,freeway,freeway,0,1782886139.8204107,1782886141.0611272,1.2407164573669434,3.846164621634917,3.142
496,/home/htj/resisc45/imgs_full/island_s0005496.png,island,sea,,0,1782886141.0622735,1782886142.2281663,1.1658928394317627,3.606217589775721,3.142
497,/home/htj/resisc45/imgs_full/baseball_diamond_s0005497.png,baseball_diamond,golf course,golf_course,0,1782886142.229774,1782886143.5554054,1.3256313800811768,4.099486224827559,3.142
498,/home/htj/resisc45/imgs_full/snowberg_s0005498.png,snowberg,mountain,mountain,0,1782886143.556946,1782886144.7972834,1.2403373718261719,3.804565751162442,3.142
499,/home/htj/resisc45/imgs_full/beach_s0005499.png,beach,lake,lake,0,1782886144.7985966,1782886145.9640782,1.1654815673828125,3.609773909795852,3.142
500,/home/htj/resisc45/imgs_full/golf_course_s0005500.png,golf_course,golf course,golf_course,1,1782886145.965473,1782886147.2857308,1.3202579021453857,4.088494307839352,3.142
501,/home/htj/resisc45/imgs_full/harbor_s0005501.png,harbor,harbor,harbor,1,1782886147.287383,1782886148.540498,1.253114938735962,3.8815507643637455,3.142
502,/home/htj/resisc45/imgs_full/lake_s0005502.png,lake,lake,lake,1,1782886148.5419056,1782886149.7109373,1.1690316200256348,3.618854282951355,3.142
503,/home/htj/resisc45/imgs_full/desert_s0005503.png,desert,mountain,mountain,0,1782886149.7122824,1782886150.9563632,1.2440807819366455,4.044885255357493,3.5348999999999995
504,/home/htj/resisc45/imgs_full/overpass_s0005504.png,overpass,freeway,freeway,0,1782886150.9580178,1782886152.2095044,1.2514865398406982,4.138609101501379,3.6419
505,/home/htj/resisc45/imgs_full/runway_s0005505.png,runway,airport,airport,0,1782886152.21101,1782886153.367189,1.1561789512634277,3.773016580605507,3.45095
506,/home/htj/resisc45/imgs_full/tennis_court_s0005506.png,tennis_court,golf course,golf_course,0,1782886153.3686833,1782886154.6927412,1.3240578174591064,4.294581530928612,3.548
507,/home/htj/resisc45/imgs_full/church_s0005507.png,church,airport,airport,0,1782886154.694263,1782886155.8675692,1.1733062267303467,3.793690133094788,3.446
508,/home/htj/resisc45/imgs_full/railway_station_s0005508.png,railway_station,railway,railway,0,1782886155.868875,1782886157.119832,1.2509570121765137,4.103195861621336,3.64395
509,/home/htj/resisc45/imgs_full/sparse_residential_s0005509.png,sparse_residential,airport,airport,0,1782886157.12131,1782886158.2852626,1.1639525890350342,3.8192055761927652,3.545
510,/home/htj/resisc45/imgs_full/church_s0005510.png,church,church,church,1,1782886158.2870007,1782886159.4585464,1.1715457439422607,3.7989323323567707,3.446
511,/home/htj/resisc45/imgs_full/runway_s0005511.png,runway,airport,airport,0,1782886159.4599094,1782886160.618423,1.1585135459899902,3.733020273566246,3.444
512,/home/htj/resisc45/imgs_full/chaparral_s0005512.png,chaparral,chaparral,chaparral,1,1782886160.6201828,1782886161.9360268,1.3158440589904785,4.261251331369082,3.545
513,/home/htj/resisc45/imgs_full/storage_tank_s0005513.png,storage_tank,storage tank,storage_tank,1,1782886161.937659,1782886163.1872334,1.2495744228363037,4.103999996456233,3.545
514,/home/htj/resisc45/imgs_full/airplane_s0005514.png,airplane,airport,airport,0,1782886163.1887577,1782886164.357538,1.1687803268432617,3.807441055207026,3.548
515,/home/htj/resisc45/imgs_full/commercial_area_s0005515.png,commercial_area,airport,airport,0,1782886164.3590474,1782886165.5316632,1.1726157665252686,3.849345776772499,3.5501
516,/home/htj/resisc45/imgs_full/intersection_s0005516.png,intersection,intersection,intersection,1,1782886165.53323,1782886166.6909668,1.1577367782592773,3.821137801806132,3.647
517,/home/htj/resisc45/imgs_full/beach_s0005517.png,beach,beach,beach,1,1782886166.692437,1782886167.939007,1.246570110321045,4.09339626862786,3.545
518,/home/htj/resisc45/imgs_full/intersection_s0005518.png,intersection,airport,airport,0,1782886167.9406266,1782886169.100677,1.160050392150879,3.8057938936778477,3.545
519,/home/htj/resisc45/imgs_full/intersection_s0005519.png,intersection,airport,airport,0,1782886169.1022987,1782886170.2648351,1.162536382675171,3.809922360122204,3.545
520,/home/htj/resisc45/imgs_full/beach_s0005520.png,beach,beach,beach,1,1782886170.2663183,1782886171.5061998,1.2398815155029297,4.041844665787437,3.5399499999999997
521,/home/htj/resisc45/imgs_full/railway_station_s0005521.png,railway_station,airport,airport,0,1782886171.507934,1782886172.6794112,1.1714770793914795,3.8636429770787557,3.644
522,/home/htj/resisc45/imgs_full/tennis_court_s0005522.png,tennis_court,golf course,golf_course,0,1782886172.680833,1782886174.003748,1.3229148387908936,4.326152008652687,3.62885
523,/home/htj/resisc45/imgs_full/terrace_s0005523.png,terrace,chaparral,chaparral,0,1782886174.0052748,1782886175.3165247,1.3112499713897705,4.261049309201862,3.4438
524,/home/htj/resisc45/imgs_full/stadium_s0005524.png,stadium,golf course,golf_course,0,1782886175.3176672,1782886176.6455233,1.3278560638427734,4.38220164736112,3.644
525,/home/htj/resisc45/imgs_full/runway_s0005525.png,runway,airport,airport,0,1782886176.6470702,1782886177.808374,1.1613037586212158,3.8219087348103526,3.5480500000000004
526,/home/htj/resisc45/imgs_full/island_s0005526.png,island,island,island,1,1782886177.809549,1782886179.0529768,1.2434277534484863,4.0291580767198045,3.442
527,/home/htj/resisc45/imgs_full/terrace_s0005527.png,terrace,desert,desert,0,1782886179.0542843,1782886180.2984247,1.244140386581421,3.8681947410624957,3.142
528,/home/htj/resisc45/imgs_full/industrial_area_s0005528.png,industrial_area,industrial area,industrial_area,1,1782886180.3001091,1782886181.6158848,1.3157756328582764,4.074270643327547,3.142
529,/home/htj/resisc45/imgs_full/sea_ice_s0005529.png,sea_ice,lake,lake,0,1782886181.617325,1782886182.784783,1.1674578189849854,3.6146161872659417,3.14
530,/home/htj/resisc45/imgs_full/bridge_s0005530.png,bridge,freeway,freeway,0,1782886182.78606,1782886184.0201228,1.234062671661377,3.823294438080354,3.14
531,/home/htj/resisc45/imgs_full/roundabout_s0005531.png,roundabout,airport,airport,0,1782886184.0216396,1782886185.1917953,1.1701557636260986,3.6449181881189348,3.241
532,/home/htj/resisc45/imgs_full/sparse_residential_s0005532.png,sparse_residential,airport,airport,0,1782886185.193239,1782886186.3607962,1.1675572395324707,3.609086221286229,3.14
533,/home/htj/resisc45/imgs_full/palace_s0005533.png,palace,airport,airport,0,1782886186.3624704,1782886187.5315359,1.1690654754638672,3.6140824127197266,3.14
534,/home/htj/resisc45/imgs_full/lake_s0005534.png,lake,lake,lake,1,1782886187.533132,1782886188.7055874,1.1724553108215332,3.602061870870136,3.14
535,/home/htj/resisc45/imgs_full/palace_s0005535.png,palace,airport,airport,0,1782886188.7071164,1782886189.879838,1.1727216243743896,3.602824205625625,3.142
536,/home/htj/resisc45/imgs_full/stadium_s0005536.png,stadium,stadium,stadium,1,1782886189.8815281,1782886191.125493,1.2439649105072021,3.8155230998234315,3.142
537,/home/htj/resisc45/imgs_full/ship_s0005537.png,ship,harbor,harbor,0,1782886191.1269596,1782886192.3597872,1.2328276634216309,3.8082046523094175,3.14
538,/home/htj/resisc45/imgs_full/mobile_home_park_s0005538.png,mobile_home_park,Mobile home park,mobile_home_park,1,1782886192.36121,1782886193.6866832,1.3254730701446533,4.108274966281393,3.14
539,/home/htj/resisc45/imgs_full/ship_s0005539.png,ship,harbor,harbor,0,1782886193.68817,1782886194.9322524,1.2440824508666992,3.848286315744574,3.14
540,/home/htj/resisc45/imgs_full/terrace_s0005540.png,terrace,airport,airport,0,1782886194.93372,1782886196.103284,1.1695637702941895,3.621025126343682,3.14
541,/home/htj/resisc45/imgs_full/dense_residential_s0005541.png,dense_residential,medium residential,medium_residential,0,1782886196.10511,1782886197.3551302,1.2500202655792236,3.8727332400733774,3.1419
542,/home/htj/resisc45/imgs_full/airport_s0005542.png,airport,airport,airport,1,1782886197.3565102,1782886198.5282578,1.1717476844787598,3.62309963791711,3.14
543,/home/htj/resisc45/imgs_full/sparse_residential_s0005543.png,sparse_residential,airport,airport,0,1782886198.5299387,1782886199.7033644,1.1734256744384766,3.616274418967111,3.14
544,/home/htj/resisc45/imgs_full/terrace_s0005544.png,terrace,medium residential,medium_residential,0,1782886199.7049603,1782886200.9486794,1.2437191009521484,3.8304287001869897,3.14
545,/home/htj/resisc45/imgs_full/cloud_s0005545.png,cloud,chaparral,chaparral,0,1782886200.9498944,1782886202.2711763,1.321281909942627,4.0647035822868345,3.14
546,/home/htj/resisc45/imgs_full/golf_course_s0005546.png,golf_course,golf course,golf_course,1,1782886202.2725928,1782886203.594011,1.321418285369873,4.10208452857059,3.1418000000000004
547,/home/htj/resisc45/imgs_full/intersection_s0005547.png,intersection,intersection,intersection,1,1782886203.595725,1782886204.769221,1.1734960079193115,3.6509696036861055,3.142
548,/home/htj/resisc45/imgs_full/commercial_area_s0005548.png,commercial_area,airport,airport,0,1782886204.7706277,1782886205.9411957,1.1705679893493652,3.6139893137840997,3.142
549,/home/htj/resisc45/imgs_full/dense_residential_s0005549.png,dense_residential,dense residential,dense_residential,1,1782886205.9428277,1782886207.1823864,1.2395586967468262,3.8008250256885185,3.14
550,/home/htj/resisc45/imgs_full/meadow_s0005550.png,meadow,ground track field,ground_track_field,0,1782886207.1839838,1782886208.5076232,1.3236393928527832,4.080089653699294,3.14
551,/home/htj/resisc45/imgs_full/circular_farmland_s0005551.png,circular_farmland,Circular farmland,circular_farmland,1,1782886208.5091496,1782886209.81708,1.3079304695129395,4.041668642103672,3.142
552,/home/htj/resisc45/imgs_full/golf_course_s0005552.png,golf_course,golf course,golf_course,1,1782886209.818466,1782886211.139827,1.3213610649108887,4.10880095658095,3.142
553,/home/htj/resisc45/imgs_full/roundabout_s0005553.png,roundabout,airport,airport,0,1782886211.1414928,1782886212.3139923,1.172499418258667,3.641224860055106,3.14
554,/home/htj/resisc45/imgs_full/terrace_s0005554.png,terrace,lake,lake,0,1782886212.3155491,1782886213.484937,1.1693878173828125,3.6158585016159788,3.142
555,/home/htj/resisc45/imgs_full/ground_track_field_s0005555.png,ground_track_field,golf course,golf_course,0,1782886213.4867134,1782886214.811411,1.324697494506836,4.084791117626688,3.142
556,/home/htj/resisc45/imgs_full/forest_s0005556.png,forest,forest,forest,1,1782886214.8126314,1782886215.9785235,1.1658921241760254,3.6160421824682327,3.14
557,/home/htj/resisc45/imgs_full/palace_s0005557.png,palace,palace,palace,1,1782886215.9802408,1782886217.2299833,1.2497425079345703,3.854205894470215,3.14
558,/home/htj/resisc45/imgs_full/harbor_s0005558.png,harbor,marina,,0,1782886217.2316213,1782886218.4670212,1.2353999614715576,3.81732972640341,3.142
559,/home/htj/resisc45/imgs_full/golf_course_s0005559.png,golf_course,golf course,golf_course,1,1782886218.468492,1782886219.7902558,1.3217637538909912,4.084855807910363,3.142
560,/home/htj/resisc45/imgs_full/desert_s0005560.png,desert,desert,desert,1,1782886219.7916,1782886221.0259361,1.2343361377716064,3.8367094595107165,3.142
561,/home/htj/resisc45/imgs_full/parking_lot_s0005561.png,parking_lot,airport,airport,0,1782886221.0275862,1782886222.1974268,1.1698405742645264,3.6233304986613137,3.142
562,/home/htj/resisc45/imgs_full/overpass_s0005562.png,overpass,freeway,freeway,0,1782886222.1989846,1782886223.4474058,1.2484211921691895,3.8641473218527707,3.142
563,/home/htj/resisc45/imgs_full/sparse_residential_s0005563.png,sparse_residential,church,church,0,1782886223.4487286,1782886224.6171172,1.1683886051177979,3.5990458397746083,3.142
564,/home/htj/resisc45/imgs_full/lake_s0005564.png,lake,lake,lake,1,1782886224.6185982,1782886225.7861507,1.1675524711608887,3.6079122687578202,3.142
565,/home/htj/resisc45/imgs_full/chaparral_s0005565.png,chaparral,chaparral,chaparral,1,1782886225.7878585,1782886227.1052516,1.3173930644989014,4.054167373239994,3.142
566,/home/htj/resisc45/imgs_full/runway_s0005566.png,runway,airport,airport,0,1782886227.106379,1782886228.2728198,1.166440725326538,3.64594377515316,3.142
567,/home/htj/resisc45/imgs_full/rectangular_farmland_s0005567.png,rectangular_farmland,medium residential,medium_residential,0,1782886228.274307,1782886229.52066,1.2463529109954834,3.854373471882033,3.142
568,/home/htj/resisc45/imgs_full/palace_s0005568.png,palace,airport,airport,0,1782886229.5222867,1782886230.6935298,1.1712431907653809,3.8511061733961105,3.5501
569,/home/htj/resisc45/imgs_full/snowberg_s0005569.png,snowberg,mountain,mountain,0,1782886230.6953979,1782886231.9480405,1.2526426315307617,4.082961426112963,3.545
570,/home/htj/resisc45/imgs_full/storage_tank_s0005570.png,storage_tank,industrial area,industrial_area,0,1782886231.9495475,1782886233.272049,1.3225014209747314,4.239824555521426,3.444
571,/home/htj/resisc45/imgs_full/lake_s0005571.png,lake,lake,lake,1,1782886233.2737093,1782886234.4459615,1.1722521781921387,3.872897910617647,3.647
572,/home/htj/resisc45/imgs_full/commercial_area_s0005572.png,commercial_area,airport,airport,0,1782886234.4475842,1782886235.6211605,1.1735763549804688,3.8213881501697355,3.545
573,/home/htj/resisc45/imgs_full/industrial_area_s0005573.png,industrial_area,industrial area,industrial_area,1,1782886235.622538,1782886236.948506,1.3259680271148682,4.310895008501799,3.545
574,/home/htj/resisc45/imgs_full/storage_tank_s0005574.png,storage_tank,industrial area,industrial_area,0,1782886236.9500818,1782886238.275301,1.3252191543579102,4.246499127745628,3.5298499999999997
575,/home/htj/resisc45/imgs_full/airplane_s0005575.png,airplane,airport,airport,0,1782886238.276728,1782886239.444194,1.167466163635254,3.913068612371172,3.647
576,/home/htj/resisc45/imgs_full/storage_tank_s0005576.png,storage_tank,industrial area,industrial_area,0,1782886239.445849,1782886240.768352,1.3225030899047852,4.304057556027951,3.543
577,/home/htj/resisc45/imgs_full/airport_s0005577.png,airport,airport,airport,1,1782886240.7700353,1782886241.944674,1.1746387481689453,3.8937037094661164,3.647
578,/home/htj/resisc45/imgs_full/meadow_s0005578.png,meadow,meadow,meadow,1,1782886241.9460282,1782886243.1917977,1.2457695007324219,4.044220806468617,3.545
579,/home/htj/resisc45/imgs_full/palace_s0005579.png,palace,palace,palace,1,1782886243.19325,1782886244.43823,1.2449800968170166,3.852590909600258,3.142
580,/home/htj/resisc45/imgs_full/baseball_diamond_s0005580.png,baseball_diamond,golf course,golf_course,0,1782886244.4397986,1782886245.7642891,1.3244905471801758,4.080920937180519,3.14
581,/home/htj/resisc45/imgs_full/church_s0005581.png,church,church,church,1,1782886245.7659307,1782886246.9365923,1.1706616878509521,3.6538023651668006,3.142
582,/home/htj/resisc45/imgs_full/sparse_residential_s0005582.png,sparse_residential,chapel,,0,1782886246.9380164,1782886248.1878467,1.2498302459716797,3.8444210261431606,3.142
583,/home/htj/resisc45/imgs_full/wetland_s0005583.png,wetland,beach,beach,0,1782886248.1892052,1782886249.4323158,1.2431106567382812,3.8187229274402967,3.142
584,/home/htj/resisc45/imgs_full/ground_track_field_s0005584.png,ground_track_field,golf course,golf_course,0,1782886249.4338617,1782886250.7564993,1.3226375579833984,4.065622523546219,3.142
585,/home/htj/resisc45/imgs_full/mobile_home_park_s0005585.png,mobile_home_park,Mobile home park,mobile_home_park,1,1782886250.7580013,1782886252.0816836,1.3236823081970215,4.110896838022315,3.142
586,/home/htj/resisc45/imgs_full/terrace_s0005586.png,terrace,chaparral,chaparral,0,1782886252.0832555,1782886253.4087875,1.3255319595336914,4.08462673330307,3.1416999999999997
587,/home/htj/resisc45/imgs_full/cloud_s0005587.png,cloud,cloud,cloud,1,1782886253.410111,1782886254.5690331,1.1589221954345703,3.6222113218307497,3.142
588,/home/htj/resisc45/imgs_full/sea_ice_s0005588.png,sea_ice,lake,lake,0,1782886254.5704725,1782886255.732213,1.1617405414581299,3.598131740808487,3.142
589,/home/htj/resisc45/imgs_full/mobile_home_park_s0005589.png,mobile_home_park,Mobile home park,mobile_home_park,1,1782886255.7339582,1782886257.0606706,1.3267123699188232,4.071901382009188,3.142
590,/home/htj/resisc45/imgs_full/palace_s0005590.png,palace,palace,palace,1,1782886257.062052,1782886258.3115938,1.2495417594909668,3.890164281411605,3.142
591,/home/htj/resisc45/imgs_full/chaparral_s0005591.png,chaparral,desert,desert,0,1782886258.3130047,1782886259.5621457,1.249140977859497,3.8606405294808472,3.142
592,/home/htj/resisc45/imgs_full/parking_lot_s0005592.png,parking_lot,Parking lot,parking_lot,1,1782886259.5637476,1782886260.812105,1.2483572959899902,3.857991479743611,3.142
593,/home/htj/resisc45/imgs_full/river_s0005593.png,river,river,river,1,1782886260.8136332,1782886261.9808168,1.1671836376190186,3.592535656418119,3.142
594,/home/htj/resisc45/imgs_full/palace_s0005594.png,palace,airport,airport,0,1782886261.9819736,1782886263.1537817,1.1718080043792725,3.6073830412910097,3.142
595,/home/htj/resisc45/imgs_full/stadium_s0005595.png,stadium,stadium,stadium,1,1782886263.1554403,1782886264.4020298,1.2465894222259521,3.8413653045892717,3.142
596,/home/htj/resisc45/imgs_full/mobile_home_park_s0005596.png,mobile_home_park,Mobile home park,mobile_home_park,1,1782886264.4036431,1782886265.7201433,1.316500186920166,4.025857571601867,3.142
597,/home/htj/resisc45/imgs_full/meadow_s0005597.png,meadow,golf course,golf_course,0,1782886265.7216785,1782886267.0462976,1.3246190547943115,4.088271135240793,3.142
598,/home/htj/resisc45/imgs_full/thermal_power_station_s0005598.png,thermal_power_station,industrial area,industrial_area,0,1782886267.048072,1782886268.369135,1.3210628032684326,4.103048754412195,3.142
599,/home/htj/resisc45/imgs_full/bridge_s0005599.png,bridge,airport,airport,0,1782886268.3706248,1782886269.531136,1.1605112552642822,3.7955902164436526,3.444
600,/home/htj/resisc45/imgs_full/snowberg_s0005600.png,snowberg,forest,forest,0,1782886269.5328107,1782886270.7055454,1.1727347373962402,3.8572362403188434,3.543
601,/home/htj/resisc45/imgs_full/river_s0005601.png,river,river,river,1,1782886270.707248,1782886271.869799,1.162550926208496,3.6101275187015536,3.142
602,/home/htj/resisc45/imgs_full/freeway_s0005602.png,freeway,airport,airport,0,1782886271.8713224,1782886273.0416067,1.1702842712402344,3.6107365762710573,3.142
603,/home/htj/resisc45/imgs_full/desert_s0005603.png,desert,chaparral,chaparral,0,1782886273.0432847,1782886274.3680503,1.324765682220459,4.033580310940742,3.142
604,/home/htj/resisc45/imgs_full/mountain_s0005604.png,mountain,mountain,mountain,1,1782886274.369768,1782886275.6187477,1.2489798069000244,3.883929796793244,3.142
605,/home/htj/resisc45/imgs_full/railway_station_s0005605.png,railway_station,airport,airport,0,1782886275.6203792,1782886276.790465,1.1700859069824219,3.636236970265706,3.142
606,/home/htj/resisc45/imgs_full/meadow_s0005606.png,meadow,meadow,meadow,1,1782886276.7918427,1782886278.0355885,1.2437458038330078,3.838877957430753,3.142
607,/home/htj/resisc45/imgs_full/terrace_s0005607.png,terrace,medium residential,medium_residential,0,1782886278.0371542,1782886279.283473,1.2463188171386719,3.86279522115534,3.142
608,/home/htj/resisc45/imgs_full/baseball_diamond_s0005608.png,baseball_diamond,golf course,golf_course,0,1782886279.284979,1782886280.6070592,1.322080135345459,4.0633582093119625,3.142
609,/home/htj/resisc45/imgs_full/bridge_s0005609.png,bridge,bridge,bridge,1,1782886280.6085289,1782886281.7739477,1.1654188632965088,3.643041095721722,3.1421
610,/home/htj/resisc45/imgs_full/roundabout_s0005610.png,roundabout,roundabout,roundabout,1,1782886281.7756398,1782886283.0237763,1.2481365203857422,3.8001415701327117,3.142
611,/home/htj/resisc45/imgs_full/harbor_s0005611.png,harbor,harbor,harbor,1,1782886283.0250916,1782886284.2687762,1.2436845302581787,3.832696535565636,3.142
612,/home/htj/resisc45/imgs_full/mobile_home_park_s0005612.png,mobile_home_park,Mobile home park,mobile_home_park,1,1782886284.2708316,1782886285.5936387,1.3228070735931396,4.085230836712796,3.142
613,/home/htj/resisc45/imgs_full/runway_s0005613.png,runway,airport,airport,0,1782886285.5949163,1782886286.7632499,1.1683335304260254,3.652321885971796,3.142
614,/home/htj/resisc45/imgs_full/mountain_s0005614.png,mountain,forest,forest,0,1782886286.7648706,1782886287.9279017,1.1630311012268066,3.596369077160245,3.142
615,/home/htj/resisc45/imgs_full/basketball_court_s0005615.png,basketball_court,golf course,golf_course,0,1782886287.9300685,1782886289.2554626,1.3253941535949707,4.062448332434116,3.14
616,/home/htj/resisc45/imgs_full/railway_s0005616.png,railway,railroad track,,0,1782886289.2570777,1782886290.5824559,1.325378179550171,4.100554415255785,3.142
617,/home/htj/resisc45/imgs_full/circular_farmland_s0005617.png,circular_farmland,lake,lake,0,1782886290.5840404,1782886291.7544377,1.1703972816467285,3.6588291020393373,3.142
618,/home/htj/resisc45/imgs_full/circular_farmland_s0005618.png,circular_farmland,ground track field,ground_track_field,0,1782886291.7559671,1782886293.0813136,1.3253464698791504,4.051872277218363,3.142
619,/home/htj/resisc45/imgs_full/stadium_s0005619.png,stadium,stadium,stadium,1,1782886293.0828745,1782886294.3342037,1.2513291835784912,3.8842964216253977,3.142
620,/home/htj/resisc45/imgs_full/airport_s0005620.png,airport,airport,airport,1,1782886294.3358452,1782886295.5090954,1.1732501983642578,3.6513780935378297,3.142
621,/home/htj/resisc45/imgs_full/bridge_s0005621.png,bridge,bridge,bridge,1,1782886295.5103583,1782886296.6745994,1.164241075515747,3.56218961071968,3.142
622,/home/htj/resisc45/imgs_full/river_s0005622.png,river,airport,airport,0,1782886296.6762393,1782886297.8469882,1.1707489490509033,3.6220184986137207,3.142
623,/home/htj/resisc45/imgs_full/palace_s0005623.png,palace,airport,airport,0,1782886297.8487372,1782886299.023486,1.1747486591339111,3.634057006824584,3.142
624,/home/htj/resisc45/imgs_full/ship_s0005624.png,ship,harbor,harbor,0,1782886299.024693,1782886300.266229,1.2415359020233154,3.8028244678974152,3.142
625,/home/htj/resisc45/imgs_full/palace_s0005625.png,palace,palace,palace,1,1782886300.2679513,1782886301.512717,1.2447657585144043,4.064895744952289,3.545
626,/home/htj/resisc45/imgs_full/roundabout_s0005626.png,roundabout,intersection,intersection,0,1782886301.5144546,1782886302.6859457,1.1714911460876465,3.650924264135815,3.142
627,/home/htj/resisc45/imgs_full/sparse_residential_s0005627.png,sparse_residential,forest,forest,0,1782886302.68765,1782886303.857764,1.1701140403747559,3.799652817606926,3.545
628,/home/htj/resisc45/imgs_full/airport_s0005628.png,airport,airport,airport,1,1782886303.8593159,1782886305.0288122,1.1694962978363037,3.826424815620695,3.545
629,/home/htj/resisc45/imgs_full/dense_residential_s0005629.png,dense_residential,dense residential,dense_residential,1,1782886305.030438,1782886306.2830405,1.2526025772094727,4.062516923780026,3.5477
630,/home/htj/resisc45/imgs_full/stadium_s0005630.png,stadium,football field,,0,1782886306.2846658,1782886307.5329838,1.2483179569244385,4.030648457733068,3.5399499999999997
631,/home/htj/resisc45/imgs_full/sparse_residential_s0005631.png,sparse_residential,airport,airport,0,1782886307.5345814,1782886308.7058165,1.1712350845336914,3.836519952138265,3.444
632,/home/htj/resisc45/imgs_full/beach_s0005632.png,beach,beach,beach,1,1782886308.7071939,1782886309.9484339,1.2412400245666504,4.024438679651781,3.545
633,/home/htj/resisc45/imgs_full/lake_s0005633.png,lake,lake,lake,1,1782886309.9497762,1782886311.0990427,1.1492664813995361,3.8599838677525518,3.5501
634,/home/htj/resisc45/imgs_full/railway_station_s0005634.png,railway_station,airport,airport,0,1782886311.1006067,1782886312.2718146,1.1712079048156738,3.8704517227808632,3.647
635,/home/htj/resisc45/imgs_full/commercial_area_s0005635.png,commercial_area,airport,airport,0,1782886312.2733781,1782886313.439446,1.1660678386688232,3.7977163694245473,3.545
636,/home/htj/resisc45/imgs_full/church_s0005636.png,church,palace,palace,0,1782886313.4410744,1782886314.6904864,1.2494120597839355,4.080920535997912,3.548
637,/home/htj/resisc45/imgs_full/thermal_power_station_s0005637.png,thermal_power_station,industrial area,industrial_area,0,1782886314.6922324,1782886316.0203204,1.3280880451202393,4.341519819498062,3.545
638,/home/htj/resisc45/imgs_full/wetland_s0005638.png,wetland,forest,forest,0,1782886316.0216777,1782886317.1939902,1.1723124980926514,3.857578011580876,3.545
639,/home/htj/resisc45/imgs_full/cloud_s0005639.png,cloud,forest,forest,0,1782886317.1955395,1782886318.3663504,1.1708109378814697,3.773523652791977,3.444
640,/home/htj/resisc45/imgs_full/overpass_s0005640.png,overpass,freeway,freeway,0,1782886318.3678093,1782886319.6129365,1.2451272010803223,4.0082908470413905,3.5399499999999997
641,/home/htj/resisc45/imgs_full/parking_lot_s0005641.png,parking_lot,Parking lot,parking_lot,1,1782886319.6146135,1782886320.8634095,1.248795986175537,4.036846552220258,3.5399499999999997
642,/home/htj/resisc45/imgs_full/island_s0005642.png,island,island,island,1,1782886320.864758,1782886322.1090884,1.2443304061889648,4.032712542492411,3.545
643,/home/htj/resisc45/imgs_full/terrace_s0005643.png,terrace,airport,airport,0,1782886322.1105216,1782886323.2789786,1.16845703125,3.8694038818359373,3.545
644,/home/htj/resisc45/imgs_full/rectangular_farmland_s0005644.png,rectangular_farmland,medium residential,medium_residential,0,1782886323.280333,1782886324.524107,1.2437739372253418,3.9976590397791427,3.5399499999999997
645,/home/htj/resisc45/imgs_full/airplane_s0005645.png,airplane,airport,airport,0,1782886324.5254278,1782886325.691946,1.166518211364746,3.8438441519056052,3.545
646,/home/htj/resisc45/imgs_full/stadium_s0005646.png,stadium,golf course,golf_course,0,1782886325.6936283,1782886327.0203505,1.3267221450805664,4.290619417190552,3.545
647,/home/htj/resisc45/imgs_full/beach_s0005647.png,beach,beach,beach,1,1782886327.0217705,1782886328.2671053,1.2453348636627197,4.060470929102464,3.545
648,/home/htj/resisc45/imgs_full/circular_farmland_s0005648.png,circular_farmland,ground track field,ground_track_field,0,1782886328.2686064,1782886329.5918326,1.3232262134552002,4.308079361563143,3.5348999999999995
649,/home/htj/resisc45/imgs_full/airplane_s0005649.png,airplane,airport,airport,0,1782886329.5931177,1782886330.7521796,1.1590619087219238,3.8030477027893066,3.545
650,/home/htj/resisc45/imgs_full/airplane_s0005650.png,airplane,airport,airport,0,1782886330.7536647,1782886331.9233937,1.1697289943695068,3.8435066699754623,3.545
651,/home/htj/resisc45/imgs_full/parking_lot_s0005651.png,parking_lot,parking lot,parking_lot,1,1782886331.9249465,1782886333.2481513,1.323204755783081,4.296100658178329,3.545
652,/home/htj/resisc45/imgs_full/rectangular_farmland_s0005652.png,rectangular_farmland,medium residential,medium_residential,0,1782886333.2495782,1782886334.4953566,1.2457783222198486,4.039209704648365,3.545
653,/home/htj/resisc45/imgs_full/forest_s0005653.png,forest,chaparral,chaparral,0,1782886334.4966793,1782886335.8168323,1.320152997970581,4.319375590234995,3.545
654,/home/htj/resisc45/imgs_full/beach_s0005654.png,beach,beach,beach,1,1782886335.818129,1782886337.06477,1.246640920639038,4.048069731300528,3.5399499999999997
655,/home/htj/resisc45/imgs_full/meadow_s0005655.png,meadow,chaparral,chaparral,0,1782886337.066171,1782886338.386959,1.3207881450653076,4.299275477866332,3.545
656,/home/htj/resisc45/imgs_full/commercial_area_s0005656.png,commercial_area,commercial area,commercial_area,1,1782886338.3885202,1782886339.6356165,1.247096300125122,4.025910287781195,3.5399499999999997
657,/home/htj/resisc45/imgs_full/wetland_s0005657.png,wetland,lake,lake,0,1782886339.6370492,1782886340.8086114,1.1715621948242188,3.815610702514648,3.545
658,/home/htj/resisc45/imgs_full/freeway_s0005658.png,freeway,freeway,freeway,1,1782886340.8099167,1782886342.0567033,1.2467865943908691,4.117512727975845,3.647
659,/home/htj/resisc45/imgs_full/forest_s0005659.png,forest,chaparral,chaparral,0,1782886342.0581675,1782886343.385641,1.3274736404418945,4.385972908020019,3.545
660,/home/htj/resisc45/imgs_full/sparse_residential_s0005660.png,sparse_residential,airport,airport,0,1782886343.3869781,1782886344.555574,1.168595790863037,3.782577632767813,3.444
661,/home/htj/resisc45/imgs_full/ship_s0005661.png,ship,harbor,harbor,0,1782886344.5570862,1782886345.803146,1.2460596561431885,4.080788734793663,3.545
662,/home/htj/resisc45/imgs_full/ship_s0005662.png,ship,space shuttle,,0,1782886345.8042235,1782886347.0281115,1.2238879203796387,3.9684009505618705,3.4459
663,/home/htj/resisc45/imgs_full/bridge_s0005663.png,bridge,bridge,bridge,1,1782886347.0295537,1782886348.1974208,1.1678671836853027,3.860079105695089,3.545
664,/home/htj/resisc45/imgs_full/ship_s0005664.png,ship,airport,airport,0,1782886348.198636,1782886349.3635752,1.1649391651153564,3.8362029176831247,3.545
665,/home/htj/resisc45/imgs_full/commercial_area_s0005665.png,commercial_area,commercial area,commercial_area,1,1782886349.365119,1782886350.6156368,1.2505178451538086,4.082288320334061,3.545
666,/home/htj/resisc45/imgs_full/forest_s0005666.png,forest,chaparral,chaparral,0,1782886350.617273,1782886351.942242,1.3249688148498535,4.302576993195907,3.5348999999999995
667,/home/htj/resisc45/imgs_full/snowberg_s0005667.png,snowberg,mountain,mountain,0,1782886351.9439597,1782886353.193151,1.2491912841796875,4.080029078396884,3.545
668,/home/htj/resisc45/imgs_full/sparse_residential_s0005668.png,sparse_residential,airport,airport,0,1782886353.1944711,1782886354.3599806,1.1655094623565674,3.820429016703651,3.548
669,/home/htj/resisc45/imgs_full/tennis_court_s0005669.png,tennis_court,airport,airport,0,1782886354.3615751,1782886355.5332181,1.1716430187225342,3.884219777164005,3.649
670,/home/htj/resisc45/imgs_full/intersection_s0005670.png,intersection,intersection,intersection,1,1782886355.5348778,1782886356.7072437,1.1723659038543701,3.8412847974527455,3.548
671,/home/htj/resisc45/imgs_full/bridge_s0005671.png,bridge,bridge,bridge,1,1782886356.708779,1782886357.8712244,1.162445306777954,3.8028567893164498,3.545
672,/home/htj/resisc45/imgs_full/palace_s0005672.png,palace,airport,airport,0,1782886357.8728323,1782886359.0452435,1.1724112033843994,3.884843142974377,3.647
673,/home/htj/resisc45/imgs_full/ground_track_field_s0005673.png,ground_track_field,football field,,0,1782886359.0466204,1782886360.2942216,1.2476012706756592,4.11193105754645,3.548
674,/home/htj/resisc45/imgs_full/bridge_s0005674.png,bridge,bridge,bridge,1,1782886360.2956102,1782886361.4572434,1.1616332530975342,3.801851392400265,3.5501
675,/home/htj/resisc45/imgs_full/wetland_s0005675.png,wetland,lake,lake,0,1782886361.4586272,1782886362.6301138,1.1714866161346436,3.78105673119,3.444
676,/home/htj/resisc45/imgs_full/chaparral_s0005676.png,chaparral,Desert,desert,0,1782886362.6316037,1782886363.8679187,1.2363150119781494,4.065340936205604,3.54785
677,/home/htj/resisc45/imgs_full/river_s0005677.png,river,lake,lake,0,1782886363.8693244,1782886365.0379932,1.1686687469482422,3.895673791612898,3.647
678,/home/htj/resisc45/imgs_full/wetland_s0005678.png,wetland,chaparral,chaparral,0,1782886365.0393553,1782886366.3601027,1.3207473754882812,4.339861028256624,3.545
679,/home/htj/resisc45/imgs_full/church_s0005679.png,church,airport,airport,0,1782886366.3616118,1782886367.535553,1.1739411354064941,3.776009613014403,3.442
680,/home/htj/resisc45/imgs_full/tennis_court_s0005680.png,tennis_court,airport,airport,0,1782886367.536873,1782886368.7059865,1.1691133975982666,3.7899316026142666,3.444
681,/home/htj/resisc45/imgs_full/harbor_s0005681.png,harbor,harbor,harbor,1,1782886368.7076037,1782886369.955128,1.2475242614746094,4.085074899846857,3.545
682,/home/htj/resisc45/imgs_full/medium_residential_s0005682.png,medium_residential,dense residential,dense_residential,0,1782886369.9566526,1782886371.2067592,1.2501065731048584,4.076427065816793,3.545
683,/home/htj/resisc45/imgs_full/medium_residential_s0005683.png,medium_residential,dense residential,dense_residential,0,1782886371.2084303,1782886372.456718,1.2482876777648926,4.046608209219845,3.545
684,/home/htj/resisc45/imgs_full/mobile_home_park_s0005684.png,mobile_home_park,Mobile home park,mobile_home_park,1,1782886372.4581933,1782886373.785673,1.327479600906372,4.333181999880335,3.545
685,/home/htj/resisc45/imgs_full/palace_s0005685.png,palace,airport,airport,0,1782886373.7869155,1782886374.9558961,1.168980598449707,3.761612568582807,3.545
686,/home/htj/resisc45/imgs_full/industrial_area_s0005686.png,industrial_area,industrial area,industrial_area,1,1782886374.9574497,1782886376.2820995,1.3246498107910156,4.340762243022089,3.545
687,/home/htj/resisc45/imgs_full/tennis_court_s0005687.png,tennis_court,golf course,golf_course,0,1782886376.2835338,1782886377.6062858,1.3227519989013672,4.3157539697488145,3.545
688,/home/htj/resisc45/imgs_full/terrace_s0005688.png,terrace,medium residential,medium_residential,0,1782886377.6078434,1782886378.8558195,1.2479760646820068,4.034536438562654,3.444
689,/home/htj/resisc45/imgs_full/bridge_s0005689.png,bridge,bridge,bridge,1,1782886378.857165,1782886380.0177786,1.1606135368347168,3.7463499622799104,3.545
690,/home/htj/resisc45/imgs_full/desert_s0005690.png,desert,desert,desert,1,1782886380.019261,1782886381.2664297,1.247168779373169,4.078071840080348,3.545
691,/home/htj/resisc45/imgs_full/river_s0005691.png,river,lake,lake,0,1782886381.267963,1782886382.4368777,1.168914794921875,3.8126104227701823,3.545
692,/home/htj/resisc45/imgs_full/harbor_s0005692.png,harbor,harbor,harbor,1,1782886382.43853,1782886383.678479,1.2399489879608154,4.0428536752462385,3.444
693,/home/htj/resisc45/imgs_full/beach_s0005693.png,beach,beach,beach,1,1782886383.6799476,1782886384.9254704,1.2455227375030518,4.048798116933216,3.444
694,/home/htj/resisc45/imgs_full/overpass_s0005694.png,overpass,freeway,freeway,0,1782886384.927147,1782886386.1767976,1.2496507167816162,4.056934249726209,3.5399499999999997
695,/home/htj/resisc45/imgs_full/commercial_area_s0005695.png,commercial_area,airport,airport,0,1782886386.1785004,1782886387.3517265,1.1732261180877686,3.7812519106864926,3.545
696,/home/htj/resisc45/imgs_full/palace_s0005696.png,palace,palace,palace,1,1782886387.353366,1782886388.6014678,1.2481019496917725,4.040389670686288,3.444
697,/home/htj/resisc45/imgs_full/industrial_area_s0005697.png,industrial_area,industrial area,industrial_area,1,1782886388.6029348,1782886389.9252596,1.3223247528076172,4.326260913133622,3.5298499999999997
698,/home/htj/resisc45/imgs_full/baseball_diamond_s0005698.png,baseball_diamond,baseball diamond,baseball_diamond,1,1782886389.926627,1782886391.2503648,1.3237378597259521,4.268709274696267,3.5348999999999995
699,/home/htj/resisc45/imgs_full/railway_station_s0005699.png,railway_station,industrial area,industrial_area,0,1782886391.2519393,1782886392.5762208,1.3242814540863037,4.416699362953503,3.647
700,/home/htj/resisc45/imgs_full/dense_residential_s0005700.png,dense_residential,dense residential,dense_residential,1,1782886392.5778706,1782886393.8269448,1.2490742206573486,4.043650684974411,3.444
701,/home/htj/resisc45/imgs_full/lake_s0005701.png,lake,lake,lake,1,1782886393.8283658,1782886394.9971912,1.168825387954712,3.7994060694263094,3.543
702,/home/htj/resisc45/imgs_full/medium_residential_s0005702.png,medium_residential,dense residential,dense_residential,0,1782886394.9985948,1782886396.2345073,1.235912561416626,4.080196787985888,3.545
703,/home/htj/resisc45/imgs_full/intersection_s0005703.png,intersection,airport,airport,0,1782886396.2360644,1782886397.4072368,1.1711723804473877,3.829677913949603,3.545
704,/home/htj/resisc45/imgs_full/medium_residential_s0005704.png,medium_residential,dense residential,dense_residential,0,1782886397.4088633,1782886398.6580272,1.2491638660430908,4.099415127299048,3.543
705,/home/htj/resisc45/imgs_full/commercial_area_s0005705.png,commercial_area,airport,airport,0,1782886398.659714,1782886399.8322344,1.172520399093628,3.810914634273166,3.543
706,/home/htj/resisc45/imgs_full/storage_tank_s0005706.png,storage_tank,industrial area,industrial_area,0,1782886399.833907,1782886401.158098,1.3241910934448242,4.344210389386053,3.5448000000000004
707,/home/htj/resisc45/imgs_full/ship_s0005707.png,ship,harbor,harbor,0,1782886401.1592894,1782886402.392243,1.2329535484313965,3.984849825187163,3.444
708,/home/htj/resisc45/imgs_full/railway_s0005708.png,railway,railroad track,,0,1782886402.3939927,1782886403.7205968,1.3266041278839111,4.300740032255649,3.5298499999999997
709,/home/htj/resisc45/imgs_full/thermal_power_station_s0005709.png,thermal_power_station,industrial area,industrial_area,0,1782886403.7220693,1782886405.0438724,1.321803092956543,4.093739118285801,3.142
710,/home/htj/resisc45/imgs_full/sea_ice_s0005710.png,sea_ice,lake,lake,0,1782886405.0450602,1782886406.2044942,1.1594340801239014,3.5973926837444306,3.142
711,/home/htj/resisc45/imgs_full/mobile_home_park_s0005711.png,mobile_home_park,Mobile home park,mobile_home_park,1,1782886406.2062044,1782886407.533821,1.3276166915893555,4.111398003992827,3.142
712,/home/htj/resisc45/imgs_full/intersection_s0005712.png,intersection,airport,airport,0,1782886407.5355012,1782886408.7070005,1.171499252319336,3.628412112826393,3.142
713,/home/htj/resisc45/imgs_full/chaparral_s0005713.png,chaparral,chaparral,chaparral,1,1782886408.7087593,1782886410.0364635,1.3277041912078857,4.090933218151331,3.14
714,/home/htj/resisc45/imgs_full/chaparral_s0005714.png,chaparral,desert,desert,0,1782886410.0379443,1782886411.2899866,1.252042293548584,3.834664079059254,3.1419
715,/home/htj/resisc45/imgs_full/ship_s0005715.png,ship,harbor,harbor,0,1782886411.291562,1782886412.5425403,1.2509782314300537,3.877179577729919,3.142
716,/home/htj/resisc45/imgs_full/ground_track_field_s0005716.png,ground_track_field,golf course,golf_course,0,1782886412.544097,1782886413.8692112,1.3251142501831055,4.324234290003776,3.6317
717,/home/htj/resisc45/imgs_full/circular_farmland_s0005717.png,circular_farmland,medium residential,medium_residential,0,1782886413.8704553,1782886415.106037,1.235581636428833,4.02170590097254,3.545
718,/home/htj/resisc45/imgs_full/terrace_s0005718.png,terrace,medium residential,medium_residential,0,1782886415.1075115,1782886416.3566422,1.2491307258605957,4.111173112154007,3.543
719,/home/htj/resisc45/imgs_full/airport_s0005719.png,airport,airport,airport,1,1782886416.3581703,1782886417.5281122,1.1699419021606445,3.7855977262769427,3.543
720,/home/htj/resisc45/imgs_full/mobile_home_park_s0005720.png,mobile_home_park,Mobile home park,mobile_home_park,1,1782886417.5294342,1782886418.8517227,1.3222885131835938,4.412649240908415,3.644
721,/home/htj/resisc45/imgs_full/airplane_s0005721.png,airplane,airport,airport,0,1782886418.8532016,1782886420.0214915,1.1682898998260498,3.8084581748758044,3.543
722,/home/htj/resisc45/imgs_full/runway_s0005722.png,runway,freeway,freeway,0,1782886420.0227277,1782886421.2682593,1.2455315589904785,4.156508657563816,3.644
723,/home/htj/resisc45/imgs_full/palace_s0005723.png,palace,palace,palace,1,1782886421.2700548,1782886422.5129726,1.242917776107788,4.068521851301194,3.545
724,/home/htj/resisc45/imgs_full/parking_lot_s0005724.png,parking_lot,Parking lot,parking_lot,1,1782886422.514778,1782886423.7685492,1.2537713050842285,4.097815231178117,3.545
725,/home/htj/resisc45/imgs_full/mobile_home_park_s0005725.png,mobile_home_park,Mobile home park,mobile_home_park,1,1782886423.7702348,1782886425.0983202,1.3280854225158691,4.347170044961183,3.6367999999999996
726,/home/htj/resisc45/imgs_full/snowberg_s0005726.png,snowberg,mountain,mountain,0,1782886425.1000574,1782886426.351893,1.251835584640503,4.093957574714314,3.6419
727,/home/htj/resisc45/imgs_full/island_s0005727.png,island,island,island,1,1782886426.3531618,1782886427.5976474,1.24448561668396,4.0678447244478315,3.545
728,/home/htj/resisc45/imgs_full/beach_s0005728.png,beach,beach,beach,1,1782886427.5990186,1782886428.8424153,1.2433967590332031,4.088853724046187,3.6419
729,/home/htj/resisc45/imgs_full/baseball_diamond_s0005729.png,baseball_diamond,football field,,0,1782886428.843903,1782886430.090261,1.2463579177856445,4.121082455158234,3.647
730,/home/htj/resisc45/imgs_full/river_s0005730.png,river,river,river,1,1782886430.0917397,1782886431.2622252,1.170485496520996,3.8457694423312234,3.647
731,/home/htj/resisc45/imgs_full/island_s0005731.png,island,island,island,1,1782886431.2636306,1782886432.5085797,1.2449491024017334,4.116197852709076,3.545
732,/home/htj/resisc45/imgs_full/dense_residential_s0005732.png,dense_residential,dense residential,dense_residential,1,1782886432.5101383,1782886433.7570136,1.246875286102295,4.0923013651371,3.545
733,/home/htj/resisc45/imgs_full/medium_residential_s0005733.png,medium_residential,airport,airport,0,1782886433.7586827,1782886434.92821,1.169527292251587,3.8011864669209436,3.543
734,/home/htj/resisc45/imgs_full/desert_s0005734.png,desert,desert,desert,1,1782886434.929607,1782886436.1766024,1.246995449066162,4.1273848915750335,3.6390499999999997
735,/home/htj/resisc45/imgs_full/industrial_area_s0005735.png,industrial_area,airport,airport,0,1782886436.1782541,1782886437.3501635,1.1719093322753906,3.844309051513672,3.545
736,/home/htj/resisc45/imgs_full/harbor_s0005736.png,harbor,harbor,harbor,1,1782886437.3516896,1782886438.5981183,1.2464287281036377,4.155423411943696,3.647
737,/home/htj/resisc45/imgs_full/beach_s0005737.png,beach,beach,beach,1,1782886438.5995998,1782886439.8392017,1.2396018505096436,4.085502317125147,3.6390499999999997
738,/home/htj/resisc45/imgs_full/stadium_s0005738.png,stadium,airport,airport,0,1782886439.840646,1782886441.0126095,1.1719634532928467,3.8265722905681248,3.543
739,/home/htj/resisc45/imgs_full/overpass_s0005739.png,overpass,freeway,freeway,0,1782886441.014021,1782886442.2635107,1.2494897842407227,4.106220995946364,3.543
740,/home/htj/resisc45/imgs_full/airplane_s0005740.png,airplane,airport,airport,0,1782886442.2649436,1782886443.433332,1.1683883666992188,3.7700554340907506,3.543
741,/home/htj/resisc45/imgs_full/rectangular_farmland_s0005741.png,rectangular_farmland,medium residential,medium_residential,0,1782886443.4349208,1782886444.6744468,1.2395260334014893,4.075392571546815,3.545
742,/home/htj/resisc45/imgs_full/airport_s0005742.png,airport,airport,airport,1,1782886444.6762006,1782886445.8438385,1.167637825012207,3.818398094994681,3.545
743,/home/htj/resisc45/imgs_full/bridge_s0005743.png,bridge,bridge,bridge,1,1782886445.8450997,1782886447.0140808,1.1689810752868652,3.8480519036293033,3.5480500000000004
744,/home/htj/resisc45/imgs_full/golf_course_s0005744.png,golf_course,golf course,golf_course,1,1782886447.015437,1782886448.3375285,1.3220915794372559,4.43693934059143,3.647
745,/home/htj/resisc45/imgs_full/medium_residential_s0005745.png,medium_residential,dense residential,dense_residential,0,1782886448.3391392,1782886449.5771172,1.2379779815673828,4.019433147517118,3.5399499999999997
746,/home/htj/resisc45/imgs_full/baseball_diamond_s0005746.png,baseball_diamond,golf course,golf_course,0,1782886449.5788734,1782886450.9016635,1.3227901458740234,4.346055780576623,3.545
747,/home/htj/resisc45/imgs_full/overpass_s0005747.png,overpass,freeway,freeway,0,1782886450.9032655,1782886452.1512144,1.2479488849639893,4.082746165130449,3.5448000000000004
748,/home/htj/resisc45/imgs_full/runway_s0005748.png,runway,airport,airport,0,1782886452.1526356,1782886453.3210392,1.1684036254882812,3.828625,3.5480500000000004
749,/home/htj/resisc45/imgs_full/terrace_s0005749.png,terrace,medium residential,medium_residential,0,1782886453.3222842,1782886454.5675845,1.24530029296875,4.1572652143998585,3.644
750,/home/htj/resisc45/imgs_full/baseball_diamond_s0005750.png,baseball_diamond,baseball diamond,baseball_diamond,1,1782886454.5689256,1782886455.894719,1.3257932662963867,4.3763330892721815,3.545
751,/home/htj/resisc45/imgs_full/wetland_s0005751.png,wetland,lake,lake,0,1782886455.8963828,1782886457.0709426,1.1745598316192627,3.790919822261447,3.545
752,/home/htj/resisc45/imgs_full/forest_s0005752.png,forest,chaparral,chaparral,0,1782886457.0726357,1782886458.3886504,1.3160147666931152,4.3475978268540425,3.545
753,/home/htj/resisc45/imgs_full/mountain_s0005753.png,mountain,forest,forest,0,1782886458.3899484,1782886459.5588732,1.1689248085021973,3.7886522936139793,3.545
754,/home/htj/resisc45/imgs_full/church_s0005754.png,church,golf course,golf_course,0,1782886459.560233,1782886460.876037,1.3158037662506104,4.317724245662275,3.7277
755,/home/htj/resisc45/imgs_full/mountain_s0005755.png,mountain,mountain,mountain,1,1782886460.8777332,1782886462.1273391,1.2496058940887451,4.154722275080887,3.6466999999999996
756,/home/htj/resisc45/imgs_full/thermal_power_station_s0005756.png,thermal_power_station,industrial area,industrial_area,0,1782886462.1289616,1782886463.4551244,1.3261628150939941,4.367400105621504,3.543
757,/home/htj/resisc45/imgs_full/railway_station_s0005757.png,railway_station,airport,airport,0,1782886463.4567778,1782886464.6283772,1.1715993881225586,3.7459379865101403,3.442
758,/home/htj/resisc45/imgs_full/commercial_area_s0005758.png,commercial_area,airport,airport,0,1782886464.6300821,1782886465.7969959,1.1669137477874756,3.7759661858763014,3.543
759,/home/htj/resisc45/imgs_full/tennis_court_s0005759.png,tennis_court,golf course,golf_course,0,1782886465.7983897,1782886467.1102457,1.3118560314178467,4.333231583429419,3.545
760,/home/htj/resisc45/imgs_full/desert_s0005760.png,desert,desert,desert,1,1782886467.111867,1782886468.354108,1.2422411441802979,4.067097506046295,3.5399499999999997
761,/home/htj/resisc45/imgs_full/dense_residential_s0005761.png,dense_residential,residential,,0,1782886468.3558908,1782886469.6090932,1.2532024383544922,4.106471955174985,3.545
762,/home/htj/resisc45/imgs_full/airport_s0005762.png,airport,airport,airport,1,1782886469.6107192,1782886470.7807593,1.1700401306152344,3.768816264724731,3.444
763,/home/htj/resisc45/imgs_full/cloud_s0005763.png,cloud,cloud,cloud,1,1782886470.7821846,1782886471.9382932,1.1561086177825928,3.8029917718001776,3.545
764,/home/htj/resisc45/imgs_full/palace_s0005764.png,palace,airport,airport,0,1782886471.9400678,1782886473.1171317,1.1770639419555664,3.8953529892421903,3.647
765,/home/htj/resisc45/imgs_full/basketball_court_s0005765.png,basketball_court,basketball court,basketball_court,1,1782886473.1187375,1782886474.4426436,1.3239061832427979,4.349837667890217,3.545
766,/home/htj/resisc45/imgs_full/intersection_s0005766.png,intersection,airport,airport,0,1782886474.4442208,1782886475.599052,1.1548311710357666,3.7494618525505063,3.444
767,/home/htj/resisc45/imgs_full/freeway_s0005767.png,freeway,freeway,freeway,1,1782886475.6002254,1782886476.8412611,1.2410356998443604,4.063432934858582,3.5399499999999997
768,/home/htj/resisc45/imgs_full/parking_lot_s0005768.png,parking_lot,Parking lot,parking_lot,1,1782886476.8430955,1782886478.086586,1.24349045753479,4.0581876304583115,3.5380499999999997
769,/home/htj/resisc45/imgs_full/church_s0005769.png,church,church,church,1,1782886478.0882652,1782886479.2419155,1.1536502838134766,3.7494732938494,3.543
770,/home/htj/resisc45/imgs_full/river_s0005770.png,river,freeway,freeway,0,1782886479.243031,1782886480.4766564,1.2336254119873047,4.027493249802362,3.545
771,/home/htj/resisc45/imgs_full/snowberg_s0005771.png,snowberg,forest,forest,0,1782886480.4783373,1782886481.644256,1.1659188270568848,3.77302436424437,3.444
772,/home/htj/resisc45/imgs_full/intersection_s0005772.png,intersection,airport,airport,0,1782886481.6458998,1782886482.8184137,1.1725139617919922,3.812233727773031,3.545
773,/home/htj/resisc45/imgs_full/ground_track_field_s0005773.png,ground_track_field,golf course,golf_course,0,1782886482.819938,1782886484.1352112,1.3152732849121094,4.350352168539296,3.545
774,/home/htj/resisc45/imgs_full/mobile_home_park_s0005774.png,mobile_home_park,Mobile home park,mobile_home_park,1,1782886484.1367044,1782886485.4621787,1.3254742622375488,4.312540968378385,3.543
775,/home/htj/resisc45/imgs_full/storage_tank_s0005775.png,storage_tank,storage tank,storage_tank,1,1782886485.4636526,1782886486.6990032,1.2353506088256836,3.929369525172494,3.341
776,/home/htj/resisc45/imgs_full/thermal_power_station_s0005776.png,thermal_power_station,industrial area,industrial_area,0,1782886486.7005386,1782886488.01161,1.3110713958740234,4.0704776624596635,3.142
777,/home/htj/resisc45/imgs_full/church_s0005777.png,church,church,church,1,1782886488.0130708,1782886489.1690438,1.155972957611084,3.646874495937711,3.545
778,/home/htj/resisc45/imgs_full/roundabout_s0005778.png,roundabout,roundabout,roundabout,1,1782886489.170598,1782886490.417614,1.2470159530639648,4.075531547329642,3.543
779,/home/htj/resisc45/imgs_full/storage_tank_s0005779.png,storage_tank,farm,,0,1782886490.4192407,1782886491.5866413,1.167400598526001,3.6721975589252653,3.545
780,/home/htj/resisc45/imgs_full/thermal_power_station_s0005780.png,thermal_power_station,industrial area,industrial_area,0,1782886491.5882275,1782886492.9042253,1.315997838973999,4.358928146465965,3.545
781,/home/htj/resisc45/imgs_full/railway_s0005781.png,railway,railway,railway,1,1782886492.905813,1782886494.1535766,1.2477636337280273,4.052225833589381,3.5399499999999997
782,/home/htj/resisc45/imgs_full/railway_s0005782.png,railway,freeway,freeway,0,1782886494.1550615,1782886495.392814,1.2377524375915527,4.070348891019822,3.545
783,/home/htj/resisc45/imgs_full/snowberg_s0005783.png,snowberg,mountain,mountain,0,1782886495.3943284,1782886496.637713,1.243384599685669,4.05343379497528,3.5399499999999997
784,/home/htj/resisc45/imgs_full/harbor_s0005784.png,harbor,harbor,harbor,1,1782886496.639129,1782886497.8791826,1.240053653717041,4.054975447654724,3.5399499999999997
785,/home/htj/resisc45/imgs_full/church_s0005785.png,church,church,church,1,1782886497.8806472,1782886499.052453,1.1718058586120605,3.799496796131134,3.545
786,/home/htj/resisc45/imgs_full/palace_s0005786.png,palace,airport,airport,0,1782886499.0540462,1782886500.2243822,1.1703360080718994,3.8282248126892817,3.545
787,/home/htj/resisc45/imgs_full/snowberg_s0005787.png,snowberg,mountain,mountain,0,1782886500.2259653,1782886501.4562337,1.2302684783935547,3.9604019958322696,3.444
788,/home/htj/resisc45/imgs_full/baseball_diamond_s0005788.png,baseball_diamond,airport,airport,0,1782886501.458053,1782886502.6167414,1.1586883068084717,3.593368317581359,3.14
789,/home/htj/resisc45/imgs_full/beach_s0005789.png,beach,beach,beach,1,1782886502.6185703,1782886503.8535478,1.2349774837493896,3.8390397789153186,3.142
790,/home/htj/resisc45/imgs_full/basketball_court_s0005790.png,basketball_court,airport,airport,0,1782886503.8550198,1782886505.0140584,1.1590385437011719,3.605421197891235,3.1469500000000004
791,/home/htj/resisc45/imgs_full/baseball_diamond_s0005791.png,baseball_diamond,airport,airport,0,1782886505.0159414,1782886506.1804411,1.1644997596740723,3.6238677997362045,3.241
792,/home/htj/resisc45/imgs_full/railway_station_s0005792.png,railway_station,railway station,railway_station,1,1782886506.1821127,1782886507.5082908,1.3261780738830566,4.124298489943795,3.241
793,/home/htj/resisc45/imgs_full/forest_s0005793.png,forest,chaparral,chaparral,0,1782886507.5099905,1782886508.837191,1.3272006511688232,4.1017689124643795,3.142
794,/home/htj/resisc45/imgs_full/overpass_s0005794.png,overpass,intersection,intersection,0,1782886508.838557,1782886509.9927666,1.1542096138000488,3.603662263734,3.244
795,/home/htj/resisc45/imgs_full/tennis_court_s0005795.png,tennis_court,airport,airport,0,1782886509.9941287,1782886511.151952,1.1578233242034912,3.6197609496235845,3.244
796,/home/htj/resisc45/imgs_full/chaparral_s0005796.png,chaparral,chaparral,chaparral,1,1782886511.1530924,1782886512.4633734,1.3102810382843018,4.069846842392631,3.142
797,/home/htj/resisc45/imgs_full/river_s0005797.png,river,river,river,1,1782886512.4647486,1782886513.616414,1.151665449142456,3.6011481770447324,3.241
798,/home/htj/resisc45/imgs_full/industrial_area_s0005798.png,industrial_area,airport,airport,0,1782886513.6177716,1782886514.7740748,1.1563031673431396,3.649408426451683,3.44905
799,/home/htj/resisc45/imgs_full/lake_s0005799.png,lake,lake,lake,1,1782886514.7753932,1782886515.9439342,1.1685409545898438,3.7323754537673226,3.444
800,/home/htj/resisc45/imgs_full/golf_course_s0005800.png,golf_course,golf course,golf_course,1,1782886515.9451408,1782886517.266972,1.321831226348877,4.213006576180458,3.545
801,/home/htj/resisc45/imgs_full/chaparral_s0005801.png,chaparral,chaparral,chaparral,1,1782886517.2687094,1782886518.5877128,1.3190033435821533,4.3581590911098145,3.7379
802,/home/htj/resisc45/imgs_full/railway_station_s0005802.png,railway_station,airport,airport,0,1782886518.5892768,1782886519.7499936,1.1607167720794678,3.831083886816388,3.647
803,/home/htj/resisc45/imgs_full/wetland_s0005803.png,wetland,chaparral,chaparral,0,1782886519.751456,1782886521.0753675,1.323911428451538,4.38030486444805,3.545
804,/home/htj/resisc45/imgs_full/basketball_court_s0005804.png,basketball_court,airport,airport,0,1782886521.0767791,1782886522.237344,1.16056489944458,3.7634909089179267,3.647
805,/home/htj/resisc45/imgs_full/sea_ice_s0005805.png,sea_ice,lake,lake,0,1782886522.2386038,1782886523.3929362,1.1543323993682861,3.7197784403443332,3.545
806,/home/htj/resisc45/imgs_full/overpass_s0005806.png,overpass,freeway,freeway,0,1782886523.394214,1782886524.6283824,1.234168529510498,3.9243620741935,3.545
807,/home/htj/resisc45/imgs_full/lake_s0005807.png,lake,lake,lake,1,1782886524.6295516,1782886525.7967162,1.1671645641326904,3.746153616746267,3.444
808,/home/htj/resisc45/imgs_full/intersection_s0005808.png,intersection,airport,airport,0,1782886525.7983606,1782886526.9689815,1.1706209182739258,3.5984329589207964,3.142
809,/home/htj/resisc45/imgs_full/bridge_s0005809.png,bridge,freeway,freeway,0,1782886526.9705243,1782886528.2191877,1.2486634254455566,3.831921022978696,3.142
810,/home/htj/resisc45/imgs_full/chaparral_s0005810.png,chaparral,chaparral,chaparral,1,1782886528.2202644,1782886529.5416055,1.3213410377502441,4.08454042706887,3.142
811,/home/htj/resisc45/imgs_full/circular_farmland_s0005811.png,circular_farmland,Circular farmland,circular_farmland,1,1782886529.5430675,1782886530.8568463,1.3137788772583008,4.196209733963013,3.444
812,/home/htj/resisc45/imgs_full/thermal_power_station_s0005812.png,thermal_power_station,industrial area,industrial_area,0,1782886530.8582447,1782886532.1749191,1.3166744709014893,4.280966678629751,3.545
813,/home/htj/resisc45/imgs_full/overpass_s0005813.png,overpass,freeway,freeway,0,1782886532.1764903,1782886533.4123707,1.2358803749084473,4.019532390247692,3.54785
814,/home/htj/resisc45/imgs_full/industrial_area_s0005814.png,industrial_area,industrial area,industrial_area,1,1782886533.413936,1782886534.7382736,1.3243377208709717,4.327659768114487,3.5298499999999997
815,/home/htj/resisc45/imgs_full/airplane_s0005815.png,airplane,airport,airport,0,1782886534.7398083,1782886535.9045527,1.1647443771362305,3.7601830975214643,3.545
816,/home/htj/resisc45/imgs_full/cloud_s0005816.png,cloud,chaparral,chaparral,0,1782886535.905948,1782886537.223551,1.3176031112670898,4.349064147741898,3.548
817,/home/htj/resisc45/imgs_full/mountain_s0005817.png,mountain,forest,forest,0,1782886537.2249577,1782886538.3928585,1.167900800704956,3.7599732063838416,3.545
818,/home/htj/resisc45/imgs_full/meadow_s0005818.png,meadow,chaparral,chaparral,0,1782886538.3942623,1782886539.7054217,1.311159372329712,4.321752311986425,3.5378
819,/home/htj/resisc45/imgs_full/forest_s0005819.png,forest,forest,forest,1,1782886539.7067525,1782886540.8622832,1.1555306911468506,3.7248806955473763,3.545
820,/home/htj/resisc45/imgs_full/snowberg_s0005820.png,snowberg,mountain,mountain,0,1782886540.8641322,1782886542.117051,1.2529187202453613,4.103479661356319,3.5429
821,/home/htj/resisc45/imgs_full/parking_lot_s0005821.png,parking_lot,Parking lot,parking_lot,1,1782886542.11834,1782886543.3576713,1.2393312454223633,4.041740857514468,3.5399499999999997
822,/home/htj/resisc45/imgs_full/snowberg_s0005822.png,snowberg,mountain,mountain,0,1782886543.359257,1782886544.6088912,1.2496342658996582,4.080623893737793,3.545
823,/home/htj/resisc45/imgs_full/industrial_area_s0005823.png,industrial_area,industrial area,industrial_area,1,1782886544.610319,1782886545.9290655,1.318746566772461,4.359886045296987,3.6317
824,/home/htj/resisc45/imgs_full/freeway_s0005824.png,freeway,freeway,freeway,1,1782886545.9304328,1782886547.1792686,1.248835802078247,4.090902261289683,3.5429
825,/home/htj/resisc45/imgs_full/intersection_s0005825.png,intersection,airport,airport,0,1782886547.1808622,1782886548.339322,1.1584599018096924,3.769396828508377,3.5501
826,/home/htj/resisc45/imgs_full/church_s0005826.png,church,airport,airport,0,1782886548.3407593,1782886549.5003788,1.1596195697784424,3.8275728799615587,3.545
827,/home/htj/resisc45/imgs_full/snowberg_s0005827.png,snowberg,mountain,mountain,0,1782886549.501857,1782886550.7534416,1.251584529876709,4.1106018275564375,3.54785
828,/home/htj/resisc45/imgs_full/river_s0005828.png,river,river,river,1,1782886550.7548854,1782886551.9230661,1.1681807041168213,3.778285790681839,3.548
829,/home/htj/resisc45/imgs_full/railway_station_s0005829.png,railway_station,airport,airport,0,1782886551.9244404,1782886553.0959811,1.1715407371520996,3.794676235289801,3.548
830,/home/htj/resisc45/imgs_full/parking_lot_s0005830.png,parking_lot,Parking lot,parking_lot,1,1782886553.0977018,1782886554.3450186,1.247316837310791,3.983476408611644,3.446
831,/home/htj/resisc45/imgs_full/stadium_s0005831.png,stadium,stadium,stadium,1,1782886554.3464239,1782886555.5945518,1.2481279373168945,3.859438514536077,3.144
832,/home/htj/resisc45/imgs_full/airport_s0005832.png,airport,airport,airport,1,1782886555.5960765,1782886556.758034,1.1619575023651123,3.5894527187347416,3.144
833,/home/htj/resisc45/imgs_full/airplane_s0005833.png,airplane,airport,airport,0,1782886556.75944,1782886557.8971188,1.137678861618042,3.5982507035255433,3.4511
834,/home/htj/resisc45/imgs_full/lake_s0005834.png,lake,lake,lake,1,1782886557.8985531,1782886559.0674129,1.1688597202301025,3.859240836279733,3.649
835,/home/htj/resisc45/imgs_full/thermal_power_station_s0005835.png,thermal_power_station,industrial area,industrial_area,0,1782886559.0691698,1782886560.396677,1.3275072574615479,4.38459053298831,3.548
836,/home/htj/resisc45/imgs_full/industrial_area_s0005836.png,industrial_area,railway station,railway_station,0,1782886560.3980255,1782886561.7128618,1.3148362636566162,4.275847529411315,3.548
837,/home/htj/resisc45/imgs_full/golf_course_s0005837.png,golf_course,golf course,golf_course,1,1782886561.7144008,1782886563.0380898,1.3236889839172363,4.357238824885824,3.5477
838,/home/htj/resisc45/imgs_full/railway_station_s0005838.png,railway_station,railway,railway,0,1782886563.0397959,1782886564.288254,1.2484581470489502,4.07002784016858,3.545
839,/home/htj/resisc45/imgs_full/rectangular_farmland_s0005839.png,rectangular_farmland,medium residential,medium_residential,0,1782886564.2895455,1782886565.533775,1.2442295551300049,4.0805073819377204,3.545
840,/home/htj/resisc45/imgs_full/airplane_s0005840.png,airplane,airport,airport,0,1782886565.535163,1782886566.691749,1.1565861701965332,3.7796657748937608,3.5501
841,/home/htj/resisc45/imgs_full/airport_s0005841.png,airport,airport,airport,1,1782886566.6933887,1782886567.8623984,1.1690096855163574,3.859847313063485,3.548
842,/home/htj/resisc45/imgs_full/railway_s0005842.png,railway,railway,railway,1,1782886567.864119,1782886569.114188,1.2500689029693604,4.067212818438357,3.5429
843,/home/htj/resisc45/imgs_full/church_s0005843.png,church,church,church,1,1782886569.1156993,1782886570.2843,1.1686007976531982,3.8236061622642334,3.647
844,/home/htj/resisc45/imgs_full/ground_track_field_s0005844.png,ground_track_field,airport,airport,0,1782886570.2857335,1782886571.4563384,1.170604944229126,3.86929528541792,3.545
845,/home/htj/resisc45/imgs_full/terrace_s0005845.png,terrace,airport,airport,0,1782886571.457801,1782886572.6259716,1.16817045211792,3.798500920136769,3.545
846,/home/htj/resisc45/imgs_full/chaparral_s0005846.png,chaparral,chaparral,chaparral,1,1782886572.627704,1782886573.9528217,1.325117826461792,4.378362140085386,3.6370999999999998
847,/home/htj/resisc45/imgs_full/roundabout_s0005847.png,roundabout,airport,airport,0,1782886573.954411,1782886575.1254508,1.1710398197174072,3.8480368475914,3.545
848,/home/htj/resisc45/imgs_full/desert_s0005848.png,desert,desert,desert,1,1782886575.1269863,1782886576.3733501,1.246363878250122,4.127900511860847,3.64205
849,/home/htj/resisc45/imgs_full/island_s0005849.png,island,island,island,1,1782886576.3745515,1782886577.6183584,1.2438068389892578,4.097212800979614,3.548
850,/home/htj/resisc45/imgs_full/stadium_s0005850.png,stadium,football stadium,stadium,1,1782886577.6201663,1782886578.8715382,1.2513718605041504,4.107764150785363,3.6367999999999996
851,/home/htj/resisc45/imgs_full/thermal_power_station_s0005851.png,thermal_power_station,industrial area,industrial_area,0,1782886578.872983,1782886580.201644,1.3286609649658203,4.366788681030274,3.545
852,/home/htj/resisc45/imgs_full/snowberg_s0005852.png,snowberg,mountain,mountain,0,1782886580.203502,1782886581.4503534,1.2468514442443848,4.072046791705218,3.545
853,/home/htj/resisc45/imgs_full/runway_s0005853.png,runway,freeway,freeway,0,1782886581.4516335,1782886582.694712,1.2430784702301025,4.111086515318264,3.6419
854,/home/htj/resisc45/imgs_full/tennis_court_s0005854.png,tennis_court,golf course,golf_course,0,1782886582.6964636,1782886584.0170329,1.3205692768096924,4.3322375600139305,3.5298499999999997
855,/home/htj/resisc45/imgs_full/roundabout_s0005855.png,roundabout,airport,airport,0,1782886584.0185864,1782886585.189634,1.1710476875305176,3.813433148179736,3.647
856,/home/htj/resisc45/imgs_full/tennis_court_s0005856.png,tennis_court,freeway,freeway,0,1782886585.191372,1782886586.4431555,1.2517836093902588,4.11558001140031,3.545
857,/home/htj/resisc45/imgs_full/thermal_power_station_s0005857.png,thermal_power_station,industrial area,industrial_area,0,1782886586.4447036,1782886587.7678502,1.3231465816497803,4.323932766616344,3.54755
858,/home/htj/resisc45/imgs_full/dense_residential_s0005858.png,dense_residential,dense residential,dense_residential,1,1782886587.7696676,1782886589.0126545,1.2429869174957275,4.019198197722435,3.444
859,/home/htj/resisc45/imgs_full/stadium_s0005859.png,stadium,stadium,stadium,1,1782886589.0142817,1782886590.2632658,1.2489840984344482,4.117673484520479,3.6419
860,/home/htj/resisc45/imgs_full/island_s0005860.png,island,island,island,1,1782886590.2645764,1782886591.5080154,1.243438959121704,4.094701012340459,3.647
861,/home/htj/resisc45/imgs_full/beach_s0005861.png,beach,beach,beach,1,1782886591.5094068,1782886592.75363,1.2442231178283691,4.080769048495726,3.5399499999999997
862,/home/htj/resisc45/imgs_full/terrace_s0005862.png,terrace,medium residential,medium_residential,0,1782886592.7549815,1782886593.9991624,1.2441809177398682,4.068641262043606,3.545
863,/home/htj/resisc45/imgs_full/tennis_court_s0005863.png,tennis_court,airport,airport,0,1782886594.0007596,1782886595.1721551,1.1713955402374268,3.820646006334396,3.545
864,/home/htj/resisc45/imgs_full/palace_s0005864.png,palace,palace,palace,1,1782886595.173791,1782886596.424036,1.2502450942993164,4.0996104935299265,3.545
865,/home/htj/resisc45/imgs_full/roundabout_s0005865.png,roundabout,airport,airport,0,1782886596.425698,1782886597.587362,1.1616640090942383,3.7935521150316514,3.545
866,/home/htj/resisc45/imgs_full/tennis_court_s0005866.png,tennis_court,airport,airport,0,1782886597.5888271,1782886598.7603934,1.1715662479400635,3.8492088020415536,3.647
867,/home/htj/resisc45/imgs_full/sparse_residential_s0005867.png,sparse_residential,chapel,,0,1782886598.7620158,1782886600.01332,1.2513041496276855,4.091537059437146,3.444
868,/home/htj/resisc45/imgs_full/ground_track_field_s0005868.png,ground_track_field,golf course,golf_course,0,1782886600.0148625,1782886601.338442,1.3235795497894287,4.3146391445657475,3.545
869,/home/htj/resisc45/imgs_full/railway_s0005869.png,railway,railway,railway,1,1782886601.340018,1782886602.5896215,1.249603509902954,4.083867262125015,3.5348999999999995
870,/home/htj/resisc45/imgs_full/storage_tank_s0005870.png,storage_tank,industrial area,industrial_area,0,1782886602.5911348,1782886603.9149702,1.3238353729248047,4.308911464691162,3.545
871,/home/htj/resisc45/imgs_full/storage_tank_s0005871.png,storage_tank,industrial area,industrial_area,0,1782886603.9163554,1782886605.2390985,1.3227431774139404,4.355627940326929,3.6317
872,/home/htj/resisc45/imgs_full/terrace_s0005872.png,terrace,chaparral,chaparral,0,1782886605.2405941,1782886606.553752,1.3131577968597412,4.2924273688482195,3.444
873,/home/htj/resisc45/imgs_full/mountain_s0005873.png,mountain,forest,forest,0,1782886606.5550442,1782886607.7212043,1.1661601066589355,3.824894086974008,3.545
874,/home/htj/resisc45/imgs_full/rectangular_farmland_s0005874.png,rectangular_farmland,medium residential,medium_residential,0,1782886607.7225146,1782886608.9676719,1.245157241821289,4.128771619710055,3.545
875,/home/htj/resisc45/imgs_full/mobile_home_park_s0005875.png,mobile_home_park,Mobile home park,mobile_home_park,1,1782886608.9692726,1782886610.2983959,1.3291232585906982,4.376802890539169,3.647
876,/home/htj/resisc45/imgs_full/wetland_s0005876.png,wetland,lake,lake,0,1782886610.2997072,1782886611.461536,1.1618287563323975,3.820731956636906,3.647
877,/home/htj/resisc45/imgs_full/snowberg_s0005877.png,snowberg,mountain,mountain,0,1782886611.4626856,1782886612.7086403,1.2459547519683838,4.132208934903145,3.6419
878,/home/htj/resisc45/imgs_full/golf_course_s0005878.png,golf_course,golf course,golf_course,1,1782886612.7101,1782886614.0346305,1.3245306015014648,4.334416015863418,3.5326999999999997
879,/home/htj/resisc45/imgs_full/ship_s0005879.png,ship,harbor,harbor,0,1782886614.0361621,1782886615.281701,1.2455389499664307,4.068100056810812,3.54785
880,/home/htj/resisc45/imgs_full/sea_ice_s0005880.png,sea_ice,lake,lake,0,1782886615.2830887,1782886616.4423223,1.159233570098877,3.786995267118727,3.545
881,/home/htj/resisc45/imgs_full/industrial_area_s0005881.png,industrial_area,industrial area,industrial_area,1,1782886616.4440353,1782886617.7574906,1.31345534324646,4.333089177370072,3.6367999999999996
882,/home/htj/resisc45/imgs_full/palace_s0005882.png,palace,airport,airport,0,1782886617.7587104,1782886618.9139392,1.155228853225708,3.7616451896939957,3.545
883,/home/htj/resisc45/imgs_full/thermal_power_station_s0005883.png,thermal_power_station,industrial area,industrial_area,0,1782886618.915495,1782886620.2274523,1.3119573593139648,4.311091882705688,3.5348999999999995
884,/home/htj/resisc45/imgs_full/beach_s0005884.png,beach,beach,beach,1,1782886620.2287827,1782886621.4736571,1.2448744773864746,4.052405935114081,3.545
885,/home/htj/resisc45/imgs_full/ship_s0005885.png,ship,harbor,harbor,0,1782886621.4750395,1782886622.722356,1.247316598892212,4.147327691316605,3.647
886,/home/htj/resisc45/imgs_full/runway_s0005886.png,runway,freeway,freeway,0,1782886622.723651,1782886623.9677851,1.2441341876983643,4.1083007424419575,3.545
887,/home/htj/resisc45/imgs_full/freeway_s0005887.png,freeway,freeway,freeway,1,1782886623.9692652,1782886625.2177029,1.2484376430511475,4.041703375046904,3.444
888,/home/htj/resisc45/imgs_full/harbor_s0005888.png,harbor,harbor,harbor,1,1782886625.2190156,1782886626.4496133,1.230597734451294,3.9954152261994103,3.5399499999999997
889,/home/htj/resisc45/imgs_full/overpass_s0005889.png,overpass,freeway,freeway,0,1782886626.4510126,1782886627.6825037,1.2314910888671875,4.043097198486328,3.545
890,/home/htj/resisc45/imgs_full/cloud_s0005890.png,cloud,forest,forest,0,1782886627.6839626,1782886628.8423946,1.1584320068359375,3.8121239173525856,3.545
891,/home/htj/resisc45/imgs_full/church_s0005891.png,church,church,church,1,1782886628.8437676,1782886630.0101206,1.1663529872894287,3.8319694288117545,3.545
892,/home/htj/resisc45/imgs_full/baseball_diamond_s0005892.png,baseball_diamond,golf course,golf_course,0,1782886630.0115392,1782886631.3341782,1.322638988494873,4.375692316241887,3.545
893,/home/htj/resisc45/imgs_full/parking_lot_s0005893.png,parking_lot,Parking lot,parking_lot,1,1782886631.3357832,1782886632.5827553,1.2469720840454102,4.042683496475219,3.5399499999999997
894,/home/htj/resisc45/imgs_full/desert_s0005894.png,desert,desert,desert,1,1782886632.584314,1782886633.8249762,1.2406620979309082,4.031418699763038,3.543
895,/home/htj/resisc45/imgs_full/basketball_court_s0005895.png,basketball_court,basketball court,basketball_court,1,1782886633.8266838,1782886635.1415572,1.314873456954956,4.344013183414936,3.5446999999999997
896,/home/htj/resisc45/imgs_full/wetland_s0005896.png,wetland,lake,lake,0,1782886635.1427333,1782886636.2972949,1.1545615196228027,3.7665837735414507,3.647
897,/home/htj/resisc45/imgs_full/intersection_s0005897.png,intersection,intersection,intersection,1,1782886636.298835,1782886637.4622982,1.1634631156921387,3.856326198464348,3.647
898,/home/htj/resisc45/imgs_full/golf_course_s0005898.png,golf_course,golf course,golf_course,1,1782886637.4638138,1782886638.7871935,1.3233797550201416,4.388787573648536,3.545
899,/home/htj/resisc45/imgs_full/railway_s0005899.png,railway,railroad track,,0,1782886638.788903,1782886640.116648,1.327744960784912,4.3373555279374125,3.5446999999999997
900,/home/htj/resisc45/imgs_full/sparse_residential_s0005900.png,sparse_residential,farm,,0,1782886640.11811,1782886641.2865849,1.1684749126434326,3.799546565941402,3.545
901,/home/htj/resisc45/imgs_full/railway_station_s0005901.png,railway_station,railway,railway,0,1782886641.2882698,1782886642.5368443,1.2485744953155518,4.0866978299401024,3.53795
902,/home/htj/resisc45/imgs_full/beach_s0005902.png,beach,beach,beach,1,1782886642.5383825,1782886643.7725515,1.2341690063476562,4.039042467637495,3.63895
903,/home/htj/resisc45/imgs_full/tennis_court_s0005903.png,tennis_court,airport,airport,0,1782886643.7740111,1782886644.9335225,1.1595113277435303,3.8018719991956433,3.543
904,/home/htj/resisc45/imgs_full/island_s0005904.png,island,island,island,1,1782886644.9346268,1782886646.165025,1.230398178100586,4.0937105097089495,3.644
905,/home/htj/resisc45/imgs_full/runway_s0005905.png,runway,freeway,freeway,0,1782886646.1664171,1782886647.4121912,1.2457740306854248,4.097459115100944,3.543
906,/home/htj/resisc45/imgs_full/cloud_s0005906.png,cloud,airport,airport,0,1782886647.413533,1782886648.5819514,1.1684184074401855,3.8039613881826404,3.543
907,/home/htj/resisc45/imgs_full/overpass_s0005907.png,overpass,freeway,freeway,0,1782886648.5835307,1782886649.831756,1.248225450515747,4.131739716248078,3.647
908,/home/htj/resisc45/imgs_full/airplane_s0005908.png,airplane,airport,airport,0,1782886649.8333375,1782886651.00526,1.1719224452972412,3.8395109114050867,3.545
909,/home/htj/resisc45/imgs_full/parking_lot_s0005909.png,parking_lot,Parking lot,parking_lot,1,1782886651.0066218,1782886652.2420344,1.23541259765625,4.049738650235263,3.5399499999999997
910,/home/htj/resisc45/imgs_full/wetland_s0005910.png,wetland,chaparral,chaparral,0,1782886652.2434669,1782886653.5543256,1.3108587265014648,4.337576906879743,3.647
911,/home/htj/resisc45/imgs_full/church_s0005911.png,church,airport,airport,0,1782886653.5559735,1782886654.7167737,1.1608002185821533,3.808701597189903,3.543
912,/home/htj/resisc45/imgs_full/terrace_s0005912.png,terrace,airport,airport,0,1782886654.718173,1782886655.8889873,1.1708142757415771,3.838765491792134,3.543
913,/home/htj/resisc45/imgs_full/meadow_s0005913.png,meadow,chaparral,chaparral,0,1782886655.8904989,1782886657.215089,1.3245902061462402,4.342337843298912,3.5281499999999997
914,/home/htj/resisc45/imgs_full/island_s0005914.png,island,island,island,1,1782886657.2163827,1782886658.4588866,1.2425038814544678,4.037346930438822,3.53795
915,/home/htj/resisc45/imgs_full/medium_residential_s0005915.png,medium_residential,medium residential,medium_residential,1,1782886658.460489,1782886659.7028854,1.242396354675293,4.013900259147991,3.53795
916,/home/htj/resisc45/imgs_full/wetland_s0005916.png,wetland,lake,lake,0,1782886659.7042215,1782886660.854749,1.1505274772644043,3.762397429776192,3.5480500000000004
917,/home/htj/resisc45/imgs_full/sparse_residential_s0005917.png,sparse_residential,church,church,0,1782886660.856354,1782886662.0022495,1.1458954811096191,3.7847290747506275,3.543
918,/home/htj/resisc45/imgs_full/dense_residential_s0005918.png,dense_residential,dense residential,dense_residential,1,1782886662.0039032,1782886663.2432425,1.2393393516540527,4.1011992490508336,3.63895
919,/home/htj/resisc45/imgs_full/railway_s0005919.png,railway,airport,airport,0,1782886663.2447906,1782886664.407785,1.162994384765625,3.7803132476806645,3.5480500000000004
920,/home/htj/resisc45/imgs_full/snowberg_s0005920.png,snowberg,mountain,mountain,0,1782886664.4093072,1782886665.6598356,1.250528335571289,4.133702969426694,3.543
921,/home/htj/resisc45/imgs_full/freeway_s0005921.png,freeway,airport,airport,0,1782886665.6612833,1782886666.8336887,1.172405481338501,3.8289590615034106,3.5431
922,/home/htj/resisc45/imgs_full/ship_s0005922.png,ship,bridge,bridge,0,1782886666.8349497,1782886668.002244,1.1672942638397217,3.8332276061262403,3.543
923,/home/htj/resisc45/imgs_full/ship_s0005923.png,ship,airport,airport,0,1782886668.0037816,1782886669.1655867,1.1618051528930664,3.820568583261399,3.543
924,/home/htj/resisc45/imgs_full/cloud_s0005924.png,cloud,cloud,cloud,1,1782886669.16683,1782886670.3227777,1.1559476852416992,3.815898903751373,3.5480500000000004
925,/home/htj/resisc45/imgs_full/palace_s0005925.png,palace,airport,airport,0,1782886670.324824,1782886671.4865468,1.1617226600646973,3.8486765325410026,3.644
926,/home/htj/resisc45/imgs_full/ground_track_field_s0005926.png,ground_track_field,airport,airport,0,1782886671.4881032,1782886672.6608503,1.1727471351623535,3.873527942339579,3.543
927,/home/htj/resisc45/imgs_full/dense_residential_s0005927.png,dense_residential,medium residential,medium_residential,0,1782886672.6626494,1782886673.9117339,1.24908447265625,3.961130745627663,3.341
928,/home/htj/resisc45/imgs_full/cloud_s0005928.png,cloud,chaparral,chaparral,0,1782886673.913177,1782886675.2366626,1.3234856128692627,4.104294321209192,3.14
929,/home/htj/resisc45/imgs_full/airport_s0005929.png,airport,airport,airport,1,1782886675.2382658,1782886676.409239,1.170973300933838,3.652148628282547,3.239
930,/home/htj/resisc45/imgs_full/terrace_s0005930.png,terrace,forest,forest,0,1782886676.410771,1782886677.5714839,1.1607129573822021,3.5982654399304166,3.14
931,/home/htj/resisc45/imgs_full/sparse_residential_s0005931.png,sparse_residential,farm,,0,1782886677.572808,1782886678.7244685,1.151660442352295,3.5821575444766456,3.14
932,/home/htj/resisc45/imgs_full/storage_tank_s0005932.png,storage_tank,industrial area,industrial_area,0,1782886678.7260404,1782886680.0383496,1.3123092651367188,4.10804151219907,3.2408
933,/home/htj/resisc45/imgs_full/mobile_home_park_s0005933.png,mobile_home_park,Mobile home park,mobile_home_park,1,1782886680.0399218,1782886681.3556852,1.3157634735107422,4.072573986053467,3.14
934,/home/htj/resisc45/imgs_full/wetland_s0005934.png,wetland,forest,forest,0,1782886681.3572423,1782886682.5263605,1.1691181659698486,3.619200135787328,3.14
935,/home/htj/resisc45/imgs_full/roundabout_s0005935.png,roundabout,airport,airport,0,1782886682.527933,1782886683.697519,1.169586181640625,3.6154693603515624,3.14
936,/home/htj/resisc45/imgs_full/tennis_court_s0005936.png,tennis_court,golf course,golf_course,0,1782886683.6989977,1782886685.0221617,1.3231639862060547,4.10129059741808,3.14
937,/home/htj/resisc45/imgs_full/river_s0005937.png,river,river,river,1,1782886685.0236628,1782886686.1869564,1.1632936000823975,3.607041084255491,3.14
938,/home/htj/resisc45/imgs_full/circular_farmland_s0005938.png,circular_farmland,Circular farmland,circular_farmland,1,1782886686.1884708,1782886687.5016084,1.3131375312805176,4.081345633092133,3.14
939,/home/htj/resisc45/imgs_full/ground_track_field_s0005939.png,ground_track_field,airport,airport,0,1782886687.502677,1782886688.6570425,1.1543655395507812,3.6186061477661133,3.239
940,/home/htj/resisc45/imgs_full/golf_course_s0005940.png,golf_course,golf course,golf_course,1,1782886688.658692,1782886689.9838328,1.3251409530639648,4.113352747958639,3.14
941,/home/htj/resisc45/imgs_full/overpass_s0005941.png,overpass,freeway,freeway,0,1782886689.9853764,1782886691.2312827,1.2459063529968262,3.8616054863515106,3.14
942,/home/htj/resisc45/imgs_full/ground_track_field_s0005942.png,ground_track_field,airport,airport,0,1782886691.2328715,1782886692.4031508,1.1702792644500732,3.6262858427882194,3.14
943,/home/htj/resisc45/imgs_full/snowberg_s0005943.png,snowberg,mountain,mountain,0,1782886692.404553,1782886693.646411,1.2418580055236816,3.847445445385846,3.14
944,/home/htj/resisc45/imgs_full/dense_residential_s0005944.png,dense_residential,Apartment complex,,0,1782886693.648212,1782886694.9596713,1.3114593029022217,4.122626962810755,3.241
945,/home/htj/resisc45/imgs_full/terrace_s0005945.png,terrace,forest,forest,0,1782886694.9608788,1782886696.1118283,1.150949478149414,3.6137511714935306,3.241
946,/home/htj/resisc45/imgs_full/chaparral_s0005946.png,chaparral,desert,desert,0,1782886696.1134963,1782886697.3485837,1.2350873947143555,3.861276178229939,3.241
947,/home/htj/resisc45/imgs_full/mountain_s0005947.png,mountain,desert,desert,0,1782886697.3499033,1782886698.5936234,1.2437200546264648,3.8475045217167247,3.14
948,/home/htj/resisc45/imgs_full/beach_s0005948.png,beach,beach,beach,1,1782886698.5949554,1782886699.839218,1.244262456893921,3.8492955825545567,3.14
949,/home/htj/resisc45/imgs_full/railway_s0005949.png,railway,railway,railway,1,1782886699.8408153,1782886701.080646,1.239830732345581,3.8404884053251958,3.14
950,/home/htj/resisc45/imgs_full/mobile_home_park_s0005950.png,mobile_home_park,Mobile home park,mobile_home_park,1,1782886701.082223,1782886702.409142,1.3269190788269043,4.126165452202161,3.14
951,/home/htj/resisc45/imgs_full/railway_s0005951.png,railway,railway,railway,1,1782886702.4108737,1782886703.6423345,1.2314608097076416,3.8557597706859763,3.241
952,/home/htj/resisc45/imgs_full/beach_s0005952.png,beach,beach,beach,1,1782886703.6437414,1782886704.8754387,1.2316973209381104,3.850453783978115,3.241
953,/home/htj/resisc45/imgs_full/church_s0005953.png,church,airport,airport,0,1782886704.8767965,1782886706.0271757,1.1503791809082031,3.611385362625122,3.239
954,/home/htj/resisc45/imgs_full/basketball_court_s0005954.png,basketball_court,basketball court,basketball_court,1,1782886706.0286171,1782886707.3538997,1.3252825736999512,4.121573584099611,3.22445
955,/home/htj/resisc45/imgs_full/church_s0005955.png,church,airport,airport,0,1782886707.3556533,1782886708.530139,1.174485683441162,3.6310623100825716,3.142
956,/home/htj/resisc45/imgs_full/baseball_diamond_s0005956.png,baseball_diamond,golf course,golf_course,0,1782886708.531606,1782886709.8539305,1.322324514389038,4.093284280476363,3.14
957,/home/htj/resisc45/imgs_full/river_s0005957.png,river,river,river,1,1782886709.8555408,1782886711.0249798,1.1694390773773193,3.6154601266497655,3.14
958,/home/htj/resisc45/imgs_full/wetland_s0005958.png,wetland,chaparral,chaparral,0,1782886711.0261562,1782886712.331935,1.3057787418365479,4.058814513538194,3.14
959,/home/htj/resisc45/imgs_full/mountain_s0005959.png,mountain,chaparral,chaparral,0,1782886712.333318,1782886713.6444974,1.3111793994903564,4.099183862606685,3.239
960,/home/htj/resisc45/imgs_full/thermal_power_station_s0005960.png,thermal_power_station,industrial area,industrial_area,0,1782886713.646034,1782886714.9558463,1.309812307357788,4.099826418752255,3.239
961,/home/htj/resisc45/imgs_full/overpass_s0005961.png,overpass,freeway,freeway,0,1782886714.957199,1782886716.2041667,1.2469675540924072,3.868603475884958,3.14
962,/home/htj/resisc45/imgs_full/medium_residential_s0005962.png,medium_residential,dense residential,dense_residential,0,1782886716.205851,1782886717.4560742,1.250223159790039,4.02202473337,3.543
963,/home/htj/resisc45/imgs_full/terrace_s0005963.png,terrace,medium residential,medium_residential,0,1782886717.4575467,1782886718.7027705,1.2452237606048584,3.9144740936214273,3.336
964,/home/htj/resisc45/imgs_full/mountain_s0005964.png,mountain,chaparral,chaparral,0,1782886718.70424,1782886720.0265682,1.3223280906677246,4.09001588143905,3.14
965,/home/htj/resisc45/imgs_full/thermal_power_station_s0005965.png,thermal_power_station,industrial area,industrial_area,0,1782886720.0281227,1782886721.3423662,1.3142435550689697,4.223978785991669,3.5328999999999997
966,/home/htj/resisc45/imgs_full/baseball_diamond_s0005966.png,baseball_diamond,golf course,golf_course,0,1782886721.3438752,1782886722.6515937,1.3077185153961182,4.128126209145007,3.241
967,/home/htj/resisc45/imgs_full/rectangular_farmland_s0005967.png,rectangular_farmland,medium residential,medium_residential,0,1782886722.6530845,1782886723.8812585,1.2281739711761475,3.8547356607155363,3.239
968,/home/htj/resisc45/imgs_full/parking_lot_s0005968.png,parking_lot,Parking lot,parking_lot,1,1782886723.8826525,1782886725.1285636,1.2459111213684082,3.8589831691438503,3.14
969,/home/htj/resisc45/imgs_full/terrace_s0005969.png,terrace,forest,forest,0,1782886725.1301575,1782886726.2988822,1.168724775314331,3.612472626935868,3.14
970,/home/htj/resisc45/imgs_full/storage_tank_s0005970.png,storage_tank,industrial area,industrial_area,0,1782886726.300328,1782886727.6223109,1.3219828605651855,4.098973107039928,3.14
971,/home/htj/resisc45/imgs_full/runway_s0005971.png,runway,freeway,freeway,0,1782886727.623756,1782886728.8658905,1.2421345710754395,3.847511833906174,3.14
972,/home/htj/resisc45/imgs_full/church_s0005972.png,church,airport,airport,0,1782886728.8674812,1782886730.0296607,1.1621794700622559,3.595376517558098,3.14
973,/home/htj/resisc45/imgs_full/mountain_s0005973.png,mountain,forest,forest,0,1782886730.0309074,1782886731.1852012,1.1542937755584717,3.6182162890434264,3.241
974,/home/htj/resisc45/imgs_full/meadow_s0005974.png,meadow,ground track field,ground_track_field,0,1782886731.1865008,1782886732.493357,1.3068561553955078,4.1134149788566265,3.239
975,/home/htj/resisc45/imgs_full/church_s0005975.png,church,church,church,1,1782886732.4949317,1782886733.6626928,1.1677610874176025,3.6195589019571033,3.138
976,/home/htj/resisc45/imgs_full/medium_residential_s0005976.png,medium_residential,medium residential,medium_residential,1,1782886733.6644962,1782886734.914543,1.250046730041504,3.8724743087508466,3.14
977,/home/htj/resisc45/imgs_full/intersection_s0005977.png,intersection,airport,airport,0,1782886734.9162886,1782886736.0908225,1.1745338439941406,3.7495594714936757,3.442
978,/home/htj/resisc45/imgs_full/palace_s0005978.png,palace,palace,palace,1,1782886736.0924284,1782886737.3408124,1.2483839988708496,4.075292819586667,3.5399499999999997
979,/home/htj/resisc45/imgs_full/railway_station_s0005979.png,railway_station,airport,airport,0,1782886737.3424344,1782886738.5071924,1.1647579669952393,3.7813035428524016,3.444
980,/home/htj/resisc45/imgs_full/freeway_s0005980.png,freeway,airport,airport,0,1782886738.5086267,1782886739.669155,1.1605281829833984,3.844221974509103,3.644
981,/home/htj/resisc45/imgs_full/roundabout_s0005981.png,roundabout,roundabout,roundabout,1,1782886739.6708336,1782886740.9073763,1.2365427017211914,4.098914230259982,3.545
982,/home/htj/resisc45/imgs_full/airplane_s0005982.png,airplane,airport,airport,0,1782886740.9089456,1782886742.080588,1.171642541885376,3.833731561303139,3.5501
983,/home/htj/resisc45/imgs_full/snowberg_s0005983.png,snowberg,snowberg,snowberg,1,1782886742.0819526,1782886743.3306024,1.2486498355865479,4.113215425791948,3.545
984,/home/htj/resisc45/imgs_full/desert_s0005984.png,desert,desert,desert,1,1782886743.3320155,1782886744.5768034,1.2447879314422607,4.058857375545935,3.5399499999999997
985,/home/htj/resisc45/imgs_full/intersection_s0005985.png,intersection,airport,airport,0,1782886744.5782444,1782886745.7486708,1.170426368713379,3.890107107480367,3.748
986,/home/htj/resisc45/imgs_full/island_s0005986.png,island,island,island,1,1782886745.7498162,1782886746.9922886,1.2424724102020264,4.135795321432027,3.545
987,/home/htj/resisc45/imgs_full/wetland_s0005987.png,wetland,lake,lake,0,1782886746.9936192,1782886748.1614385,1.1678192615509033,3.8209878418684005,3.545
988,/home/htj/resisc45/imgs_full/rectangular_farmland_s0005988.png,rectangular_farmland,medium residential,medium_residential,0,1782886748.1631055,1782886749.4134893,1.2503838539123535,4.0811985346545345,3.444
989,/home/htj/resisc45/imgs_full/bridge_s0005989.png,bridge,bridge,bridge,1,1782886749.4149952,1782886750.5846448,1.169649600982666,3.798437079191208,3.545
990,/home/htj/resisc45/imgs_full/bridge_s0005990.png,bridge,bridge,bridge,1,1782886750.585841,1782886751.751877,1.1660361289978027,3.81404865242186,3.545
991,/home/htj/resisc45/imgs_full/chaparral_s0005991.png,chaparral,desert,desert,0,1782886751.7534869,1782886753.0011084,1.2476215362548828,4.084202519070018,3.545
992,/home/htj/resisc45/imgs_full/parking_lot_s0005992.png,parking_lot,parking lot,parking_lot,1,1782886753.0028303,1782886754.322014,1.3191838264465332,4.33714662539959,3.545
993,/home/htj/resisc45/imgs_full/ground_track_field_s0005993.png,ground_track_field,golf course,golf_course,0,1782886754.3237827,1782886755.646753,1.3229703903198242,4.33945792115253,3.543
994,/home/htj/resisc45/imgs_full/island_s0005994.png,island,island,island,1,1782886755.648551,1782886756.8909428,1.24239182472229,4.065783718759364,3.543
995,/home/htj/resisc45/imgs_full/stadium_s0005995.png,stadium,airport,airport,0,1782886756.8926866,1782886758.067685,1.1749982833862305,3.87553600470225,3.545
996,/home/htj/resisc45/imgs_full/meadow_s0005996.png,meadow,parking lot,parking_lot,0,1782886758.0689135,1782886759.390353,1.321439504623413,4.394887552460035,3.6317
997,/home/htj/resisc45/imgs_full/medium_residential_s0005997.png,medium_residential,dense residential,dense_residential,0,1782886759.39211,1782886760.6252172,1.233107089996338,4.035455052657561,3.543
998,/home/htj/resisc45/imgs_full/mobile_home_park_s0005998.png,mobile_home_park,Mobile home park,mobile_home_park,1,1782886760.6269853,1782886761.954143,1.327157735824585,4.393411428171656,3.543
999,/home/htj/resisc45/imgs_full/sea_ice_s0005999.png,sea_ice,rock,,0,1782886761.9554827,1782886763.1212614,1.165778636932373,3.822865716843378,3.543
1000,/home/htj/resisc45/imgs_full/harbor_s0006000.png,harbor,marina,,0,1782886763.123061,1782886764.3682609,1.2451999187469482,4.092123132976619,3.543
1001,/home/htj/resisc45/imgs_full/snowberg_s0006001.png,snowberg,mountain,mountain,0,1782886764.3699806,1782886765.6198483,1.2498676776885986,4.130528613924981,3.63895
1002,/home/htj/resisc45/imgs_full/industrial_area_s0006002.png,industrial_area,airport,airport,0,1782886765.6210842,1782886766.7902393,1.1691551208496094,3.827813865661621,3.543
1003,/home/htj/resisc45/imgs_full/beach_s0006003.png,beach,beach,beach,1,1782886766.7917442,1782886768.0276523,1.235908031463623,4.044115789500149,3.543
1004,/home/htj/resisc45/imgs_full/railway_station_s0006004.png,railway_station,airport,airport,0,1782886768.0291605,1782886769.199625,1.1704645156860352,3.8761883211135864,3.644
1005,/home/htj/resisc45/imgs_full/medium_residential_s0006005.png,medium_residential,dense residential,dense_residential,0,1782886769.2012086,1782886770.4501681,1.2489595413208008,4.142117547902194,3.541
1006,/home/htj/resisc45/imgs_full/river_s0006006.png,river,river,river,1,1782886770.4516768,1782886771.621881,1.1702041625976562,3.8352048328944615,3.543
1007,/home/htj/resisc45/imgs_full/desert_s0006007.png,desert,desert,desert,1,1782886771.6233494,1782886772.8690166,1.2456672191619873,4.075879762335257,3.53795
1008,/home/htj/resisc45/imgs_full/palace_s0006008.png,palace,airport,airport,0,1782886772.8706126,1782886774.0407758,1.1701631546020508,3.7966222161338448,3.442
1009,/home/htj/resisc45/imgs_full/beach_s0006009.png,beach,lake,lake,0,1782886774.0419345,1782886775.2074883,1.1655538082122803,3.8035905941327415,3.543
1010,/home/htj/resisc45/imgs_full/parking_lot_s0006010.png,parking_lot,parking lot,parking_lot,1,1782886775.209087,1782886776.5344377,1.3253507614135742,4.328768458615179,3.543
1011,/home/htj/resisc45/imgs_full/bridge_s0006011.png,bridge,freeway,freeway,0,1782886776.5358686,1782886777.7801497,1.2442810535430908,4.105957802003081,3.63895
1012,/home/htj/resisc45/imgs_full/baseball_diamond_s0006012.png,baseball_diamond,baseball diamond,baseball_diamond,1,1782886777.7816546,1782886779.1068873,1.325232744216919,4.366862764318784,3.543
1013,/home/htj/resisc45/imgs_full/golf_course_s0006013.png,golf_course,golf course,golf_course,1,1782886779.108365,1782886780.423179,1.3148138523101807,4.34134384286922,3.543
1014,/home/htj/resisc45/imgs_full/river_s0006014.png,river,river,river,1,1782886780.4248548,1782886781.5974593,1.1726045608520508,3.8550770895821707,3.543
1015,/home/htj/resisc45/imgs_full/ground_track_field_s0006015.png,ground_track_field,airport,airport,0,1782886781.5987778,1782886782.7703795,1.1716017723083496,3.8579730550902234,3.543
1016,/home/htj/resisc45/imgs_full/wetland_s0006016.png,wetland,island,island,0,1782886782.771953,1782886784.0006285,1.228675365447998,3.890823940212076,3.336
1017,/home/htj/resisc45/imgs_full/airplane_s0006017.png,airplane,airport,airport,0,1782886784.0020108,1782886785.1693585,1.1673476696014404,3.6126075095108576,3.138
1018,/home/htj/resisc45/imgs_full/island_s0006018.png,island,island,island,1,1782886785.170878,1782886786.4159243,1.2450463771820068,3.839270283092152,3.14
1019,/home/htj/resisc45/imgs_full/overpass_s0006019.png,overpass,freeway,freeway,0,1782886786.417352,1782886787.6625786,1.2452266216278076,3.811695290012793,3.1399
1020,/home/htj/resisc45/imgs_full/basketball_court_s0006020.png,basketball_court,basketball court,basketball_court,1,1782886787.6641104,1782886788.9806664,1.3165559768676758,4.069474524497986,3.14
1021,/home/htj/resisc45/imgs_full/rectangular_farmland_s0006021.png,rectangular_farmland,medium residential,medium_residential,0,1782886788.9821665,1782886790.2276893,1.2455227375030518,3.8635549170645804,3.14
1022,/home/htj/resisc45/imgs_full/bridge_s0006022.png,bridge,bridge,bridge,1,1782886790.2290094,1782886791.3953362,1.1663267612457275,3.6165571291446685,3.14
1023,/home/htj/resisc45/imgs_full/railway_s0006023.png,railway,railroad crossing,,0,1782886791.396968,1782886792.722688,1.3257200717926025,4.100010275363922,3.14
1024,/home/htj/resisc45/imgs_full/ground_track_field_s0006024.png,ground_track_field,golf course,golf_course,0,1782886792.7242074,1782886794.0468524,1.3226449489593506,4.099796797659086,3.14
1025,/home/htj/resisc45/imgs_full/mobile_home_park_s0006025.png,mobile_home_park,dense residential,dense_residential,0,1782886794.0485003,1782886795.2977817,1.249281406402588,3.875668421290138,3.14
1026,/home/htj/resisc45/imgs_full/cloud_s0006026.png,cloud,forest,forest,0,1782886795.2992039,1782886796.467549,1.1683452129364014,3.616807330846786,3.14
1027,/home/htj/resisc45/imgs_full/beach_s0006027.png,beach,airport,airport,0,1782886796.4688797,1782886797.6389413,1.1700615882873535,3.622120656808217,3.14
1028,/home/htj/resisc45/imgs_full/mountain_s0006028.png,mountain,mountain,mountain,1,1782886797.6403835,1782886798.8851314,1.2447478771209717,3.8496657072414044,3.14
1029,/home/htj/resisc45/imgs_full/river_s0006029.png,river,river,river,1,1782886798.8866928,1782886800.0501964,1.163503646850586,3.5795466720036098,3.14
1030,/home/htj/resisc45/imgs_full/sparse_residential_s0006030.png,sparse_residential,airport,airport,0,1782886800.0516582,1782886801.217989,1.1663308143615723,3.6197076823711396,3.14
1031,/home/htj/resisc45/imgs_full/church_s0006031.png,church,airport,airport,0,1782886801.2196093,1782886802.3909564,1.1713471412658691,3.6179399152278897,3.14
1032,/home/htj/resisc45/imgs_full/baseball_diamond_s0006032.png,baseball_diamond,golf course,golf_course,0,1782886802.3924377,1782886803.7135842,1.3211464881896973,4.074856151739756,3.14
1033,/home/htj/resisc45/imgs_full/roundabout_s0006033.png,roundabout,airport,airport,0,1782886803.7152355,1782886804.8861334,1.1708979606628418,3.6248213009834287,3.14
1034,/home/htj/resisc45/imgs_full/stadium_s0006034.png,stadium,football field,,0,1782886804.887762,1782886806.1332836,1.2455215454101562,3.8476991268504745,3.14
1035,/home/htj/resisc45/imgs_full/lake_s0006035.png,lake,lake,lake,1,1782886806.134609,1782886807.3062336,1.1716246604919434,3.6274057405335567,3.14
1036,/home/htj/resisc45/imgs_full/meadow_s0006036.png,meadow,meadow,meadow,1,1782886807.3074307,1782886808.5485022,1.2410714626312256,3.8509883362054826,3.14
1037,/home/htj/resisc45/imgs_full/church_s0006037.png,church,church,church,1,1782886808.5501175,1782886809.7234802,1.1733627319335938,3.6299736156463625,3.14
1038,/home/htj/resisc45/imgs_full/meadow_s0006038.png,meadow,meadow,meadow,1,1782886809.7248392,1782886810.9669082,1.2420690059661865,3.8532932602817365,3.14
1039,/home/htj/resisc45/imgs_full/forest_s0006039.png,forest,chaparral,chaparral,0,1782886810.9684007,1782886812.2932825,1.3248817920684814,4.113527550147928,3.14
1040,/home/htj/resisc45/imgs_full/baseball_diamond_s0006040.png,baseball_diamond,baseball diamond,baseball_diamond,1,1782886812.2946246,1782886813.614452,1.3198273181915283,4.099273664693038,3.14
1041,/home/htj/resisc45/imgs_full/harbor_s0006041.png,harbor,harbor,harbor,1,1782886813.6160548,1782886814.8613634,1.2453086376190186,3.863909677841447,3.1419
1042,/home/htj/resisc45/imgs_full/overpass_s0006042.png,overpass,freeway,freeway,0,1782886814.8624814,1782886816.1120594,1.2495779991149902,3.8776109282536937,3.14
1043,/home/htj/resisc45/imgs_full/ship_s0006043.png,ship,harbor,harbor,0,1782886816.1133876,1782886817.352318,1.2389304637908936,3.844964379353957,3.14
1044,/home/htj/resisc45/imgs_full/basketball_court_s0006044.png,basketball_court,golf course,golf_course,0,1782886817.3536909,1782886818.6736321,1.3199412822723389,4.098991568969644,3.142
1045,/home/htj/resisc45/imgs_full/basketball_court_s0006045.png,basketball_court,basketball court,basketball_court,1,1782886818.675082,1782886819.9993718,1.3242897987365723,4.108774636805058,3.142
1046,/home/htj/resisc45/imgs_full/mountain_s0006046.png,mountain,forest,forest,0,1782886820.0009198,1782886821.171333,1.1704132556915283,3.630677653119678,3.142
1047,/home/htj/resisc45/imgs_full/tennis_court_s0006047.png,tennis_court,airport,airport,0,1782886821.1727674,1782886822.3447292,1.171961784362793,3.6411178409031457,3.142
1048,/home/htj/resisc45/imgs_full/island_s0006048.png,island,island,island,1,1782886822.3458881,1782886823.589579,1.2436909675598145,3.853576462984085,3.142
1049,/home/htj/resisc45/imgs_full/sea_ice_s0006049.png,sea_ice,lake,lake,0,1782886823.590857,1782886824.7530825,1.1622254848480225,3.6015624437212943,3.14
1050,/home/htj/resisc45/imgs_full/rectangular_farmland_s0006050.png,rectangular_farmland,medium residential,medium_residential,0,1782886824.7545843,1782886826.0016255,1.2470412254333496,3.860405880471934,3.14
1051,/home/htj/resisc45/imgs_full/snowberg_s0006051.png,snowberg,mountain,mountain,0,1782886826.0033114,1782886827.2454653,1.2421538829803467,3.8485879602540627,3.14
1052,/home/htj/resisc45/imgs_full/lake_s0006052.png,lake,lake,lake,1,1782886827.2466304,1782886828.4107068,1.164076328277588,3.7604903746843337,3.543
1053,/home/htj/resisc45/imgs_full/railway_station_s0006053.png,railway_station,airport,airport,0,1782886828.412313,1782886829.5821557,1.1698427200317383,3.875298983891805,3.644
1054,/home/htj/resisc45/imgs_full/mobile_home_park_s0006054.png,mobile_home_park,dense residential,dense_residential,0,1782886829.583833,1782886830.8337739,1.2499408721923828,4.103612698901784,3.5399499999999997
1055,/home/htj/resisc45/imgs_full/stadium_s0006055.png,stadium,airport,airport,0,1782886830.8351948,1782886832.0066426,1.17144775390625,3.830020539783296,3.543
1056,/home/htj/resisc45/imgs_full/snowberg_s0006056.png,snowberg,lake,lake,0,1782886832.0081513,1782886833.1789353,1.1707839965820312,3.8915745014009024,3.647
1057,/home/htj/resisc45/imgs_full/forest_s0006057.png,forest,ground track field,ground_track_field,0,1782886833.1805484,1782886834.506318,1.3257696628570557,4.354545698056619,3.545
1058,/home/htj/resisc45/imgs_full/harbor_s0006058.png,harbor,marina,,0,1782886834.5079217,1782886835.756915,1.2489933967590332,4.067063134410165,3.545
1059,/home/htj/resisc45/imgs_full/parking_lot_s0006059.png,parking_lot,Parking lot,parking_lot,1,1782886835.758259,1782886837.0040286,1.2457695007324219,4.125139198129827,3.6419
1060,/home/htj/resisc45/imgs_full/industrial_area_s0006060.png,industrial_area,industrial area,industrial_area,1,1782886837.0053957,1782886838.331335,1.325939416885376,4.40465544381349,3.647
1061,/home/htj/resisc45/imgs_full/chaparral_s0006061.png,chaparral,desert,desert,0,1782886838.3327127,1782886839.5792718,1.2465591430664062,4.097060515693996,3.545
1062,/home/htj/resisc45/imgs_full/storage_tank_s0006062.png,storage_tank,industrial area,industrial_area,0,1782886839.5807257,1782886840.9041166,1.3233909606933594,4.370757572008216,3.644
1063,/home/htj/resisc45/imgs_full/railway_station_s0006063.png,railway_station,railway,railway,0,1782886840.9056587,1782886842.152985,1.247326374053955,4.084030031919479,3.545
1064,/home/htj/resisc45/imgs_full/medium_residential_s0006064.png,medium_residential,medium residential,medium_residential,1,1782886842.154525,1782886843.401715,1.247189998626709,4.094354694128037,3.545
1065,/home/htj/resisc45/imgs_full/medium_residential_s0006065.png,medium_residential,medium residential,medium_residential,1,1782886843.4032197,1782886844.6523287,1.2491090297698975,4.1010520554672585,3.545
1066,/home/htj/resisc45/imgs_full/harbor_s0006066.png,harbor,harbor,harbor,1,1782886844.65396,1782886845.9052677,1.251307725906372,4.0570809131318875,3.5399499999999997
1067,/home/htj/resisc45/imgs_full/baseball_diamond_s0006067.png,baseball_diamond,baseball diamond,baseball_diamond,1,1782886845.906654,1782886847.2268987,1.3202447891235352,4.105444676648015,3.142
1068,/home/htj/resisc45/imgs_full/airplane_s0006068.png,airplane,airport,airport,0,1782886847.2285168,1782886848.3986478,1.170130968093872,3.6290776167597087,3.14
1069,/home/htj/resisc45/imgs_full/dense_residential_s0006069.png,dense_residential,Island,island,0,1782886848.400411,1782886849.6490426,1.2486317157745361,3.8513477713194764,3.1419
1070,/home/htj/resisc45/imgs_full/industrial_area_s0006070.png,industrial_area,industrial area,industrial_area,1,1782886849.6504064,1782886850.9750626,1.3246562480926514,4.108476547469695,3.14
1071,/home/htj/resisc45/imgs_full/beach_s0006071.png,beach,beach,beach,1,1782886850.9763212,1782886852.2210844,1.2447631359100342,3.8633487128669564,3.142
1072,/home/htj/resisc45/imgs_full/chaparral_s0006072.png,chaparral,desert,desert,0,1782886852.2227,1782886853.4727476,1.2500474452972412,3.868044538118623,3.142
1073,/home/htj/resisc45/imgs_full/lake_s0006073.png,lake,lake,lake,1,1782886853.4742138,1782886854.64429,1.1700761318206787,3.6235586265155244,3.14
1074,/home/htj/resisc45/imgs_full/intersection_s0006074.png,intersection,intersection,intersection,1,1782886854.645825,1782886855.8167598,1.1709349155426025,3.6327419372626717,3.142
1075,/home/htj/resisc45/imgs_full/bridge_s0006075.png,bridge,airport,airport,0,1782886855.81815,1782886856.9854891,1.1673390865325928,3.6157494391713825,3.142
1076,/home/htj/resisc45/imgs_full/meadow_s0006076.png,meadow,meadow,meadow,1,1782886856.9866865,1782886858.234617,1.2479305267333984,3.861947911435907,3.142
1077,/home/htj/resisc45/imgs_full/snowberg_s0006077.png,snowberg,mountain,mountain,0,1782886858.2359734,1782886859.482832,1.2468585968017578,3.8588573309291494,3.142
1078,/home/htj/resisc45/imgs_full/airport_s0006078.png,airport,airport,airport,1,1782886859.484335,1782886860.6556592,1.1713242530822754,3.633447833061218,3.142
1079,/home/htj/resisc45/imgs_full/freeway_s0006079.png,freeway,freeway,freeway,1,1782886860.6569657,1782886861.9030132,1.2460474967956543,3.8558373403115707,3.142
1080,/home/htj/resisc45/imgs_full/lake_s0006080.png,lake,lake,lake,1,1782886861.9046,1782886863.068122,1.1635220050811768,3.602873591638747,3.142
1081,/home/htj/resisc45/imgs_full/circular_farmland_s0006081.png,circular_farmland,medium residential,medium_residential,0,1782886863.0694537,1782886864.3137147,1.2442610263824463,3.855795248801058,3.1419
1082,/home/htj/resisc45/imgs_full/forest_s0006082.png,forest,chaparral,chaparral,0,1782886864.315256,1782886865.6417747,1.3265185356140137,4.112495833998141,3.14
1083,/home/htj/resisc45/imgs_full/commercial_area_s0006083.png,commercial_area,airport,airport,0,1782886865.643232,1782886866.802223,1.1589908599853516,3.593809896650768,3.14
1084,/home/htj/resisc45/imgs_full/railway_station_s0006084.png,railway_station,railway,railway,0,1782886866.8032846,1782886868.048724,1.2454392910003662,3.859106864918362,3.14
1085,/home/htj/resisc45/imgs_full/circular_farmland_s0006085.png,circular_farmland,Circular farmland,circular_farmland,1,1782886868.0501842,1782886869.3734667,1.3232824802398682,4.099915081173181,3.142
1086,/home/htj/resisc45/imgs_full/river_s0006086.png,river,forest,forest,0,1782886869.3748417,1782886870.5431252,1.168283462524414,3.620860935401917,3.14
1087,/home/htj/resisc45/imgs_full/sea_ice_s0006087.png,sea_ice,lake,lake,0,1782886870.5444686,1782886871.7102864,1.1658177375793457,3.6162000765800477,3.142
1088,/home/htj/resisc45/imgs_full/airport_s0006088.png,airport,airport,airport,1,1782886871.7118337,1782886872.8801253,1.1682915687561035,3.618588418960571,3.142
1089,/home/htj/resisc45/imgs_full/golf_course_s0006089.png,golf_course,golf course,golf_course,1,1782886872.8815515,1782886874.2033508,1.3217992782592773,4.092980199896772,3.142
1090,/home/htj/resisc45/imgs_full/airport_s0006090.png,airport,airport,airport,1,1782886874.2049031,1782886875.3701127,1.1652095317840576,3.613647675071444,3.142
1091,/home/htj/resisc45/imgs_full/rectangular_farmland_s0006091.png,rectangular_farmland,medium residential,medium_residential,0,1782886875.3710723,1782886876.6042159,1.2331435680389404,3.815458303473213,3.1419
1092,/home/htj/resisc45/imgs_full/rectangular_farmland_s0006092.png,rectangular_farmland,medium residential,medium_residential,0,1782886876.6053905,1782886877.844909,1.239518404006958,3.85794469072602,3.1419
1093,/home/htj/resisc45/imgs_full/commercial_area_s0006093.png,commercial_area,airport,airport,0,1782886877.8464878,1782886879.0121918,1.1657040119171143,3.5936989395959036,3.142
1094,/home/htj/resisc45/imgs_full/parking_lot_s0006094.png,parking_lot,Parking lot,parking_lot,1,1782886879.013365,1782886880.25609,1.242724895477295,3.8627843876101755,3.1419
1095,/home/htj/resisc45/imgs_full/commercial_area_s0006095.png,commercial_area,airport,airport,0,1782886880.2576048,1782886881.427543,1.169938087463379,3.617782834461757,3.142
1096,/home/htj/resisc45/imgs_full/freeway_s0006096.png,freeway,freeway,freeway,1,1782886881.4289513,1782886882.6730216,1.244070291519165,3.8443468467430635,3.142
1097,/home/htj/resisc45/imgs_full/harbor_s0006097.png,harbor,marina,,0,1782886882.674573,1782886883.9099383,1.235365390777588,3.8405825410105967,3.142
1098,/home/htj/resisc45/imgs_full/chaparral_s0006098.png,chaparral,chaparral,chaparral,1,1782886883.9116585,1782886885.2366061,1.3249475955963135,4.109065738864567,3.142
1099,/home/htj/resisc45/imgs_full/terrace_s0006099.png,terrace,medium residential,medium_residential,0,1782886885.2378628,1782886886.485545,1.2476820945739746,4.062226048642939,3.545
1100,/home/htj/resisc45/imgs_full/circular_farmland_s0006100.png,circular_farmland,Circular farmland,circular_farmland,1,1782886886.4869425,1782886887.8103826,1.3234400749206543,4.368399970630804,3.6317
1101,/home/htj/resisc45/imgs_full/railway_s0006101.png,railway,railroad crossing,,0,1782886887.8120298,1782886889.11974,1.3077101707458496,4.3237446801973425,3.644
1102,/home/htj/resisc45/imgs_full/ground_track_field_s0006102.png,ground_track_field,golf course,golf_course,0,1782886889.1214037,1782886890.444232,1.3228282928466797,4.170381546735763,3.241
1103,/home/htj/resisc45/imgs_full/airplane_s0006103.png,airplane,airport,airport,0,1782886890.4452956,1782886891.6117783,1.16648268699646,3.616387950360775,3.142
1104,/home/htj/resisc45/imgs_full/mobile_home_park_s0006104.png,mobile_home_park,Mobile home park,mobile_home_park,1,1782886891.6137407,1782886892.9322796,1.3185389041900635,4.088961125228716,3.142
1105,/home/htj/resisc45/imgs_full/wetland_s0006105.png,wetland,chaparral,chaparral,0,1782886892.9335716,1782886894.2584028,1.324831247329712,4.114810651488926,3.142
1106,/home/htj/resisc45/imgs_full/lake_s0006106.png,lake,lake,lake,1,1782886894.2602851,1782886895.431601,1.1713159084320068,3.6262769209146497,3.142
1107,/home/htj/resisc45/imgs_full/medium_residential_s0006107.png,medium_residential,parking lot,parking_lot,0,1782886895.4331489,1782886896.755914,1.3227651119232178,4.099414427489042,3.142
1108,/home/htj/resisc45/imgs_full/ground_track_field_s0006108.png,ground_track_field,airport,airport,0,1782886896.7574806,1782886897.9284973,1.1710166931152344,3.6344454765319822,3.144
1109,/home/htj/resisc45/imgs_full/medium_residential_s0006109.png,medium_residential,medium residential,medium_residential,1,1782886897.9300017,1782886899.1794927,1.2494909763336182,3.873308436545459,3.142
1110,/home/htj/resisc45/imgs_full/mountain_s0006110.png,mountain,forest,forest,0,1782886899.1810331,1782886900.351693,1.1706597805023193,3.6217983780588425,3.142
1111,/home/htj/resisc45/imgs_full/airport_s0006111.png,airport,airport,airport,1,1782886900.3532226,1782886901.5132174,1.1599948406219482,3.5799760771274567,3.144
1112,/home/htj/resisc45/imgs_full/sparse_residential_s0006112.png,sparse_residential,farm,,0,1782886901.514845,1782886902.6809204,1.1660754680633545,3.7866357366244,3.545
1113,/home/htj/resisc45/imgs_full/parking_lot_s0006113.png,parking_lot,Parking lot,parking_lot,1,1782886902.6823406,1782886903.9274795,1.2451388835906982,4.0770940798737785,3.5399499999999997
1114,/home/htj/resisc45/imgs_full/rectangular_farmland_s0006114.png,rectangular_farmland,medium residential,medium_residential,0,1782886903.9289231,1782886905.175714,1.246790885925293,4.070828914859078,3.545
1115,/home/htj/resisc45/imgs_full/freeway_s0006115.png,freeway,freeway,freeway,1,1782886905.17731,1782886906.4269242,1.2496142387390137,4.095148853509323,3.545
1116,/home/htj/resisc45/imgs_full/parking_lot_s0006116.png,parking_lot,parking lot,parking_lot,1,1782886906.4287188,1782886907.756901,1.3281822204589844,4.317804904606032,3.5348999999999995
1117,/home/htj/resisc45/imgs_full/beach_s0006117.png,beach,beach,beach,1,1782886907.7587125,1782886909.0049214,1.246208906173706,4.057542906782844,3.545
1118,/home/htj/resisc45/imgs_full/baseball_diamond_s0006118.png,baseball_diamond,baseball diamond,baseball_diamond,1,1782886909.0063915,1782886910.3271525,1.32076096534729,4.327748461494844,3.545
1119,/home/htj/resisc45/imgs_full/thermal_power_station_s0006119.png,thermal_power_station,industrial area,industrial_area,0,1782886910.3288112,1782886911.6467621,1.317950963973999,4.33135988977681,3.545
1120,/home/htj/resisc45/imgs_full/industrial_area_s0006120.png,industrial_area,industrial area,industrial_area,1,1782886911.648306,1782886912.9711325,1.322826623916626,4.395587517946958,3.647
1121,/home/htj/resisc45/imgs_full/bridge_s0006121.png,bridge,bridge,bridge,1,1782886912.9726298,1782886914.132134,1.1595041751861572,3.806826132762432,3.545
1122,/home/htj/resisc45/imgs_full/rectangular_farmland_s0006122.png,rectangular_farmland,medium residential,medium_residential,0,1782886914.1335237,1782886915.3660886,1.232564926147461,4.08175080429424,3.545
1123,/home/htj/resisc45/imgs_full/rectangular_farmland_s0006123.png,rectangular_farmland,ground track field,ground_track_field,0,1782886915.3674405,1782886916.6886911,1.3212506771087646,4.39624141963323,3.647
1124,/home/htj/resisc45/imgs_full/bridge_s0006124.png,bridge,bridge,bridge,1,1782886916.6902702,1782886917.8579085,1.1676383018493652,3.831632888430641,3.545
1125,/home/htj/resisc45/imgs_full/beach_s0006125.png,beach,beach,beach,1,1782886917.8594453,1782886919.1067302,1.2472848892211914,4.119215041420676,3.545
1126,/home/htj/resisc45/imgs_full/dense_residential_s0006126.png,dense_residential,dense residential,dense_residential,1,1782886919.1087744,1782886920.3591788,1.2504043579101562,4.1299719210538,3.6419
1127,/home/htj/resisc45/imgs_full/church_s0006127.png,church,church,church,1,1782886920.3605363,1782886921.5327888,1.1722524166107178,3.864637109847296,3.649
1128,/home/htj/resisc45/imgs_full/runway_s0006128.png,runway,airport,airport,0,1782886921.5343628,1782886922.6996367,1.165273904800415,3.845054303669929,3.5530500000000003
1129,/home/htj/resisc45/imgs_full/church_s0006129.png,church,airport,airport,0,1782886922.7010846,1782886923.8589828,1.157898187637329,3.6770435398646764,3.244
1130,/home/htj/resisc45/imgs_full/sparse_residential_s0006130.png,sparse_residential,farm,,0,1782886923.8606417,1782886925.032432,1.171790361404419,3.6312109313692362,3.142
1131,/home/htj/resisc45/imgs_full/church_s0006131.png,church,palace,palace,0,1782886925.034146,1782886926.2836003,1.2494542598724365,3.8502500951723615,3.142
1132,/home/htj/resisc45/imgs_full/forest_s0006132.png,forest,chaparral,chaparral,0,1782886926.2851686,1782886927.6081636,1.3229949474334717,4.107237814307212,3.144
1133,/home/htj/resisc45/imgs_full/circular_farmland_s0006133.png,circular_farmland,Circular farmland,circular_farmland,1,1782886927.6095376,1782886928.9320168,1.322479248046875,4.108540529997452,3.144
1134,/home/htj/resisc45/imgs_full/industrial_area_s0006134.png,industrial_area,industrial area,industrial_area,1,1782886928.933555,1782886930.259865,1.326310157775879,4.30663960814476,3.545
1135,/home/htj/resisc45/imgs_full/desert_s0006135.png,desert,desert,desert,1,1782886930.2613618,1782886931.5094326,1.2480707168579102,4.059917311451652,3.54005
1136,/home/htj/resisc45/imgs_full/sparse_residential_s0006136.png,sparse_residential,church,church,0,1782886931.510946,1782886932.677498,1.1665520668029785,3.8279572820663454,3.647
1137,/home/htj/resisc45/imgs_full/rectangular_farmland_s0006137.png,rectangular_farmland,freeway,freeway,0,1782886932.6790125,1782886933.9225104,1.2434978485107422,4.09495146040483,3.545
1138,/home/htj/resisc45/imgs_full/lake_s0006138.png,lake,lake,lake,1,1782886933.9239378,1782886935.0934527,1.1695148944854736,3.849207664864404,3.545
1139,/home/htj/resisc45/imgs_full/river_s0006139.png,river,lake,lake,0,1782886935.094709,1782886936.2570949,1.1623859405517578,3.8520307683944703,3.649
1140,/home/htj/resisc45/imgs_full/church_s0006140.png,church,airport,airport,0,1782886936.2586794,1782886937.42874,1.170060634613037,3.687863968781062,3.244
1141,/home/htj/resisc45/imgs_full/stadium_s0006141.png,stadium,stadium,stadium,1,1782886937.4301243,1782886938.6697068,1.2395825386047363,4.049547119639136,3.64395
1142,/home/htj/resisc45/imgs_full/palace_s0006142.png,palace,airport,airport,0,1782886938.671221,1782886939.842622,1.171401023864746,3.6923675892239527,3.246
1143,/home/htj/resisc45/imgs_full/tennis_court_s0006143.png,tennis_court,medium residential,medium_residential,0,1782886939.8442802,1782886941.0963364,1.2520561218261719,3.8878049931959673,3.142
1144,/home/htj/resisc45/imgs_full/wetland_s0006144.png,wetland,airport,airport,0,1782886941.097722,1782886942.2645824,1.1668603420257568,3.6208787708623067,3.144
1145,/home/htj/resisc45/imgs_full/industrial_area_s0006145.png,industrial_area,industrial area,industrial_area,1,1782886942.2659748,1782886943.5899134,1.3239386081695557,4.101043745175652,3.142
1146,/home/htj/resisc45/imgs_full/mountain_s0006146.png,mountain,chaparral,chaparral,0,1782886943.5913634,1782886944.9073265,1.3159630298614502,4.0894099470873675,3.1437
1147,/home/htj/resisc45/imgs_full/airplane_s0006147.png,airplane,airport,airport,0,1782886944.9087968,1782886946.0760136,1.1672167778015137,3.6508873357091627,3.244
1148,/home/htj/resisc45/imgs_full/overpass_s0006148.png,overpass,freeway,freeway,0,1782886946.0773494,1782886947.3235297,1.2461802959442139,3.8711458002328873,3.144
1149,/home/htj/resisc45/imgs_full/medium_residential_s0006149.png,medium_residential,dense residential,dense_residential,0,1782886947.3248408,1782886948.5713258,1.2464849948883057,3.871752369349653,3.144
1150,/home/htj/resisc45/imgs_full/tennis_court_s0006150.png,tennis_court,golf course,golf_course,0,1782886948.5727024,1782886949.892049,1.3193466663360596,4.100070535784182,3.144
1151,/home/htj/resisc45/imgs_full/church_s0006151.png,church,church,church,1,1782886949.893674,1782886951.0655994,1.1719255447387695,3.637712696847462,3.144
1152,/home/htj/resisc45/imgs_full/rectangular_farmland_s0006152.png,rectangular_farmland,medium residential,medium_residential,0,1782886951.066959,1782886952.3120453,1.245086431503296,3.855636514501138,3.144
1153,/home/htj/resisc45/imgs_full/railway_s0006153.png,railway,railway,railway,1,1782886952.3133647,1782886953.5577586,1.2443938255310059,3.859430886528709,3.144
1154,/home/htj/resisc45/imgs_full/golf_course_s0006154.png,golf_course,golf course,golf_course,1,1782886953.5591621,1782886954.8792822,1.320120096206665,4.0986428686976435,3.144
1155,/home/htj/resisc45/imgs_full/desert_s0006155.png,desert,desert,desert,1,1782886954.8805175,1782886956.125598,1.2450804710388184,3.8666539973779157,3.144
1156,/home/htj/resisc45/imgs_full/desert_s0006156.png,desert,desert,desert,1,1782886956.126821,1782886957.365372,1.2385509014129639,3.8519496011625636,3.1439
1157,/home/htj/resisc45/imgs_full/airport_s0006157.png,airport,airport,airport,1,1782886957.3669999,1782886958.536891,1.169891119003296,3.6200330859025325,3.144
1158,/home/htj/resisc45/imgs_full/roundabout_s0006158.png,roundabout,freeway,freeway,0,1782886958.5383482,1782886959.7872598,1.2489116191864014,3.860385814905167,3.142
1159,/home/htj/resisc45/imgs_full/chaparral_s0006159.png,chaparral,chaparral,chaparral,1,1782886959.788748,1782886961.1148214,1.326073408126831,4.110330287665128,3.142
1160,/home/htj/resisc45/imgs_full/mountain_s0006160.png,mountain,forest,forest,0,1782886961.1162796,1782886962.2864363,1.170156717300415,3.628129409825802,3.142
1161,/home/htj/resisc45/imgs_full/cloud_s0006161.png,cloud,medium residential,medium_residential,0,1782886962.2879388,1782886963.5334153,1.245476484298706,4.04454950488132,3.545
1162,/home/htj/resisc45/imgs_full/mountain_s0006162.png,mountain,forest,forest,0,1782886963.5346756,1782886964.6957333,1.161057710647583,3.854363282036781,3.649
1163,/home/htj/resisc45/imgs_full/airport_s0006163.png,airport,airport,airport,1,1782886964.697045,1782886965.8656437,1.1685986518859863,3.8627193724768505,3.545
1164,/home/htj/resisc45/imgs_full/snowberg_s0006164.png,snowberg,mountain,mountain,0,1782886965.8674242,1782886967.1200995,1.2526752948760986,4.0970453712506725,3.54005
1165,/home/htj/resisc45/imgs_full/ship_s0006165.png,ship,harbor,harbor,0,1782886967.1215367,1782886968.3675005,1.2459638118743896,4.086534764073112,3.545
1166,/home/htj/resisc45/imgs_full/railway_station_s0006166.png,railway_station,railway station,railway_station,1,1782886968.3689952,1782886969.6962209,1.327225685119629,4.393614727377892,3.647
1167,/home/htj/resisc45/imgs_full/wetland_s0006167.png,wetland,lake,lake,0,1782886969.697576,1782886970.8617315,1.1641554832458496,3.8204256801605223,3.548
1168,/home/htj/resisc45/imgs_full/wetland_s0006168.png,wetland,lake,lake,0,1782886970.8630624,1782886972.0312364,1.1681740283966064,3.8232583688378337,3.54515
1169,/home/htj/resisc45/imgs_full/basketball_court_s0006169.png,basketball_court,basketball court,basketball_court,1,1782886972.0325842,1782886973.3535824,1.320998191833496,4.328470741907755,3.545
1170,/home/htj/resisc45/imgs_full/palace_s0006170.png,palace,marina,,0,1782886973.3551946,1782886974.6057906,1.250596046447754,4.118724388426,3.54785
1171,/home/htj/resisc45/imgs_full/beach_s0006171.png,beach,lake,lake,0,1782886974.6072183,1782886975.7750986,1.1678802967071533,3.8600112206595285,3.647
1172,/home/htj/resisc45/imgs_full/wetland_s0006172.png,wetland,chaparral,chaparral,0,1782886975.7765706,1782886977.102484,1.325913429260254,4.375571964968806,3.545
1173,/home/htj/resisc45/imgs_full/forest_s0006173.png,forest,chaparral,chaparral,0,1782886977.1039639,1782886978.4268293,1.3228654861450195,4.367826238274574,3.647
1174,/home/htj/resisc45/imgs_full/overpass_s0006174.png,overpass,freeway,freeway,0,1782886978.428348,1782886979.6751199,1.2467718124389648,4.082044256817211,3.545
1175,/home/htj/resisc45/imgs_full/parking_lot_s0006175.png,parking_lot,Parking lot,parking_lot,1,1782886979.6767867,1782886980.9256165,1.2488298416137695,4.078280907760967,3.545
1176,/home/htj/resisc45/imgs_full/baseball_diamond_s0006176.png,baseball_diamond,golf course,golf_course,0,1782886980.9271255,1782886982.2517345,1.3246090412139893,4.322916798045237,3.545
1177,/home/htj/resisc45/imgs_full/bridge_s0006177.png,bridge,freeway,freeway,0,1782886982.253118,1782886983.4964852,1.2433671951293945,4.076718449375846,3.545
1178,/home/htj/resisc45/imgs_full/terrace_s0006178.png,terrace,ground track field,ground_track_field,0,1782886983.497841,1782886984.8210912,1.3232502937316895,4.342907464027405,3.545
1179,/home/htj/resisc45/imgs_full/thermal_power_station_s0006179.png,thermal_power_station,industrial area,industrial_area,0,1782886984.8224466,1782886986.1472187,1.3247721195220947,4.3070645557175515,3.545
1180,/home/htj/resisc45/imgs_full/overpass_s0006180.png,overpass,freeway,freeway,0,1782886986.1489086,1782886987.3990402,1.250131607055664,4.065257513653148,3.545
1181,/home/htj/resisc45/imgs_full/bridge_s0006181.png,bridge,bridge,bridge,1,1782886987.4000752,1782886988.563155,1.1630797386169434,3.782501464230674,3.545
1182,/home/htj/resisc45/imgs_full/stadium_s0006182.png,stadium,golf course,golf_course,0,1782886988.5645852,1782886989.8829267,1.3183414936065674,4.327026058798251,3.545
1183,/home/htj/resisc45/imgs_full/ground_track_field_s0006183.png,ground_track_field,golf course,golf_course,0,1782886989.8844523,1782886991.210389,1.3259365558624268,4.3324424489239854,3.545
1184,/home/htj/resisc45/imgs_full/terrace_s0006184.png,terrace,medium residential,medium_residential,0,1782886991.2119296,1782886992.4596624,1.2477328777313232,4.049460339546203,3.53985
1185,/home/htj/resisc45/imgs_full/circular_farmland_s0006185.png,circular_farmland,ground track field,ground_track_field,0,1782886992.4608614,1782886993.7793055,1.318444013595581,4.317794274191061,3.545
1186,/home/htj/resisc45/imgs_full/wetland_s0006186.png,wetland,forest,forest,0,1782886993.7806814,1782886994.951273,1.1705915927886963,3.8644154956936836,3.5499500000000004
1187,/home/htj/resisc45/imgs_full/island_s0006187.png,island,island,island,1,1782886994.9523659,1782886996.1946971,1.2423312664031982,4.083655811873349,3.5449
1188,/home/htj/resisc45/imgs_full/island_s0006188.png,island,island,island,1,1782886996.19603,1782886997.4271328,1.2311029434204102,4.041543085575103,3.545
1189,/home/htj/resisc45/imgs_full/forest_s0006189.png,forest,chaparral,chaparral,0,1782886997.4286182,1782886998.7503061,1.321687936782837,4.313163370698691,3.545
1190,/home/htj/resisc45/imgs_full/terrace_s0006190.png,terrace,forest,forest,0,1782886998.7516463,1782886999.9205434,1.1688971519470215,3.840383761837369,3.545
1191,/home/htj/resisc45/imgs_full/river_s0006191.png,river,airport,airport,0,1782886999.9219384,1782887001.095076,1.1731376647949219,3.898277803230285,3.647
1192,/home/htj/resisc45/imgs_full/stadium_s0006192.png,stadium,football field,,0,1782887001.096708,1782887002.3457952,1.2490870952606201,4.160166032967361,3.647
1193,/home/htj/resisc45/imgs_full/industrial_area_s0006193.png,industrial_area,industrial area,industrial_area,1,1782887002.3473,1782887003.674586,1.3272860050201416,4.361692644844885,3.545
1194,/home/htj/resisc45/imgs_full/baseball_diamond_s0006194.png,baseball_diamond,airport,airport,0,1782887003.6761482,1782887004.847239,1.171090841293335,3.8138525064786273,3.545
1195,/home/htj/resisc45/imgs_full/cloud_s0006195.png,cloud,cloud,cloud,1,1782887004.848686,1782887006.005596,1.1569099426269531,3.789210607801165,3.545
1196,/home/htj/resisc45/imgs_full/railway_s0006196.png,railway,railway,railway,1,1782887006.00667,1782887007.2524052,1.2457351684570312,4.124968888716265,3.6419
1197,/home/htj/resisc45/imgs_full/church_s0006197.png,church,airport,airport,0,1782887007.2538602,1782887008.4224212,1.1685609817504883,3.838166367439997,3.545
1198,/home/htj/resisc45/imgs_full/sea_ice_s0006198.png,sea_ice,lake,lake,0,1782887008.4237905,1782887009.5898473,1.1660568714141846,3.892356139624119,3.647
1199,/home/htj/resisc45/imgs_full/lake_s0006199.png,lake,lake,lake,1,1782887009.5912793,1782887010.75738,1.1661007404327393,3.657002979210445,3.244
1200,/home/htj/resisc45/imgs_full/medium_residential_s0006200.png,medium_residential,dense residential,dense_residential,0,1782887010.7590864,1782887012.0089595,1.249873161315918,3.8455188428705385,3.142
1201,/home/htj/resisc45/imgs_full/basketball_court_s0006201.png,basketball_court,basketball court,basketball_court,1,1782887012.0102813,1782887013.3331125,1.322831153869629,4.088375034928322,3.142
1202,/home/htj/resisc45/imgs_full/baseball_diamond_s0006202.png,baseball_diamond,baseball diamond,baseball_diamond,1,1782887013.3345556,1782887014.643616,1.3090603351593018,4.117734657743703,3.241
1203,/home/htj/resisc45/imgs_full/palace_s0006203.png,palace,airport,airport,0,1782887014.6452441,1782887015.8164544,1.1712102890014648,3.6278517561412995,3.142
1204,/home/htj/resisc45/imgs_full/industrial_area_s0006204.png,industrial_area,industrial area,industrial_area,1,1782887015.8178825,1782887017.1314766,1.313594102859497,4.080994200861972,3.1438
1205,/home/htj/resisc45/imgs_full/baseball_diamond_s0006205.png,baseball_diamond,airport,airport,0,1782887017.1329968,1782887018.301036,1.168039083480835,3.6349376277923584,3.142
1206,/home/htj/resisc45/imgs_full/commercial_area_s0006206.png,commercial_area,airport,airport,0,1782887018.3024795,1782887019.4691968,1.166717290878296,3.6195459420681004,3.142
1207,/home/htj/resisc45/imgs_full/ship_s0006207.png,ship,harbor,harbor,0,1782887019.4705563,1782887020.7161856,1.2456293106079102,4.062110420920632,3.545
1208,/home/htj/resisc45/imgs_full/storage_tank_s0006208.png,storage_tank,industrial area,industrial_area,0,1782887020.7177994,1782887022.037916,1.3201165199279785,4.384967908237291,3.647
1209,/home/htj/resisc45/imgs_full/island_s0006209.png,island,island,island,1,1782887022.0391548,1782887023.2699344,1.2307796478271484,4.0928458297902885,3.647
1210,/home/htj/resisc45/imgs_full/beach_s0006210.png,beach,beach,beach,1,1782887023.2715125,1782887024.5192003,1.247687816619873,4.1086926932118155,3.545
1211,/home/htj/resisc45/imgs_full/chaparral_s0006211.png,chaparral,desert,desert,0,1782887024.5207477,1782887025.7693584,1.2486107349395752,4.075519726266032,3.5348999999999995
1212,/home/htj/resisc45/imgs_full/dense_residential_s0006212.png,dense_residential,dense residential,dense_residential,1,1782887025.7708616,1782887027.0123885,1.2415268421173096,4.087106364250183,3.545
1213,/home/htj/resisc45/imgs_full/desert_s0006213.png,desert,desert,desert,1,1782887027.013583,1782887028.2599607,1.24637770652771,4.092707813512195,3.545
1214,/home/htj/resisc45/imgs_full/railway_s0006214.png,railway,freeway,freeway,0,1782887028.2614224,1782887029.5104325,1.2490100860595703,4.101181390762329,3.545
1215,/home/htj/resisc45/imgs_full/ship_s0006215.png,ship,harbor,harbor,0,1782887029.5118148,1782887030.755514,1.243699073791504,4.060790539481423,3.444
1216,/home/htj/resisc45/imgs_full/cloud_s0006216.png,cloud,lake,lake,0,1782887030.756805,1782887031.9112246,1.1544196605682373,3.776216654448282,3.545
1217,/home/htj/resisc45/imgs_full/runway_s0006217.png,runway,airport,airport,0,1782887031.9125974,1782887033.0800002,1.167402744293213,3.8618850183963778,3.647
1218,/home/htj/resisc45/imgs_full/commercial_area_s0006218.png,commercial_area,airport,airport,0,1782887033.0814466,1782887034.2430484,1.1616017818450928,3.844348754201617,3.647
1219,/home/htj/resisc45/imgs_full/industrial_area_s0006219.png,industrial_area,commercial area,commercial_area,0,1782887034.2445402,1782887035.490619,1.2460787296295166,4.124917074669491,3.6468499999999997
1220,/home/htj/resisc45/imgs_full/snowberg_s0006220.png,snowberg,lake,lake,0,1782887035.49236,1782887036.6667044,1.1743443012237549,3.841447972774506,3.545
1221,/home/htj/resisc45/imgs_full/lake_s0006221.png,lake,lake,lake,1,1782887036.668084,1782887037.8340564,1.1659724712371826,3.7864123165948054,3.444
1222,/home/htj/resisc45/imgs_full/industrial_area_s0006222.png,industrial_area,industrial area,industrial_area,1,1782887037.8356447,1782887039.148989,1.3133442401885986,4.079418515796246,3.142
1223,/home/htj/resisc45/imgs_full/mountain_s0006223.png,mountain,mountain,mountain,1,1782887039.1505399,1782887040.3869689,1.23642897605896,3.8782842886773023,3.24385
1224,/home/htj/resisc45/imgs_full/mobile_home_park_s0006224.png,mobile_home_park,Mobile home park,mobile_home_park,1,1782887040.388351,1782887041.7143831,1.3260321617126465,4.114788300474485,3.142
1225,/home/htj/resisc45/imgs_full/cloud_s0006225.png,cloud,cloud,cloud,1,1782887041.7157948,1782887042.8812346,1.1654398441314697,3.7900103731155395,3.545
1226,/home/htj/resisc45/imgs_full/roundabout_s0006226.png,roundabout,freeway,freeway,0,1782887042.882646,1782887044.130992,1.2483458518981934,3.8831697380024455,3.2337999999999996
1227,/home/htj/resisc45/imgs_full/rectangular_farmland_s0006227.png,rectangular_farmland,medium residential,medium_residential,0,1782887044.1325626,1782887045.3787763,1.246213674545288,3.857541137402708,3.142
1228,/home/htj/resisc45/imgs_full/church_s0006228.png,church,airport,airport,0,1782887045.380512,1782887046.555211,1.174699068069458,3.6379311377093906,3.14
1229,/home/htj/resisc45/imgs_full/harbor_s0006229.png,harbor,harbor,harbor,1,1782887046.5567632,1782887047.8004344,1.243671178817749,3.8482578103108844,3.142
1230,/home/htj/resisc45/imgs_full/forest_s0006230.png,forest,chaparral,chaparral,0,1782887047.8018043,1782887049.1270337,1.3252294063568115,4.108038303696591,3.1418000000000004
1231,/home/htj/resisc45/imgs_full/baseball_diamond_s0006231.png,baseball_diamond,baseball diamond,baseball_diamond,1,1782887049.128385,1782887050.4481223,1.319737195968628,4.105262504259745,3.14
1232,/home/htj/resisc45/imgs_full/circular_farmland_s0006232.png,circular_farmland,Circular farmland,circular_farmland,1,1782887050.4493337,1782887051.7652972,1.3159635066986084,4.085666177666706,3.14
1233,/home/htj/resisc45/imgs_full/beach_s0006233.png,beach,beach,beach,1,1782887051.7666838,1782887053.0117874,1.2451035976409912,3.8638394415703687,3.14
1234,/home/htj/resisc45/imgs_full/ground_track_field_s0006234.png,ground_track_field,ground track field,ground_track_field,1,1782887053.0131721,1782887054.3306382,1.3174660205841064,4.324637106984853,3.5446999999999997
1235,/home/htj/resisc45/imgs_full/palace_s0006235.png,palace,airport,airport,0,1782887054.3322718,1782887055.504299,1.1720271110534668,3.8545181141807916,3.543
1236,/home/htj/resisc45/imgs_full/roundabout_s0006236.png,roundabout,airport,airport,0,1782887055.505689,1782887056.677209,1.1715199947357178,3.8156991988539697,3.545
1237,/home/htj/resisc45/imgs_full/church_s0006237.png,church,palace,palace,0,1782887056.6785886,1782887057.9243453,1.2457566261291504,4.083137218041853,3.543
1238,/home/htj/resisc45/imgs_full/stadium_s0006238.png,stadium,golf course,golf_course,0,1782887057.925932,1782887059.2529142,1.3269822597503662,4.318692611797997,3.5348999999999995
1239,/home/htj/resisc45/imgs_full/sea_ice_s0006239.png,sea_ice,rock,,0,1782887059.2544327,1782887060.4241993,1.1697666645050049,3.852988580181485,3.543
1240,/home/htj/resisc45/imgs_full/industrial_area_s0006240.png,industrial_area,airport,airport,0,1782887060.4255912,1782887061.5977495,1.1721582412719727,3.8738713532856535,3.545
1241,/home/htj/resisc45/imgs_full/desert_s0006241.png,desert,desert,desert,1,1782887061.5991678,1782887062.837351,1.2381832599639893,4.07649325920235,3.545
1242,/home/htj/resisc45/imgs_full/terrace_s0006242.png,terrace,medium residential,medium_residential,0,1782887062.838601,1782887064.0746531,1.2360520362854004,4.075319747816432,3.545
1243,/home/htj/resisc45/imgs_full/railway_station_s0006243.png,railway_station,airport,airport,0,1782887064.0760736,1782887065.2417645,1.1656908988952637,3.8858306114673615,3.647
1244,/home/htj/resisc45/imgs_full/sparse_residential_s0006244.png,sparse_residential,farm,,0,1782887065.2431867,1782887066.4095683,1.166381597518921,3.877496765999567,3.647
1245,/home/htj/resisc45/imgs_full/chaparral_s0006245.png,chaparral,chaparral,chaparral,1,1782887066.4110672,1782887067.738827,1.3277597427368164,4.350072857141495,3.545
1246,/home/htj/resisc45/imgs_full/forest_s0006246.png,forest,chaparral,chaparral,0,1782887067.740369,1782887069.0624328,1.322063684463501,4.344128824057787,3.545
1247,/home/htj/resisc45/imgs_full/mountain_s0006247.png,mountain,forest,forest,0,1782887069.063933,1782887070.2306712,1.1667382717132568,3.8547365728446414,3.644
1248,/home/htj/resisc45/imgs_full/circular_farmland_s0006248.png,circular_farmland,Circular farmland,circular_farmland,1,1782887070.2322056,1782887071.5551734,1.322967767715454,4.384701047807932,3.647
1249,/home/htj/resisc45/imgs_full/mobile_home_park_s0006249.png,mobile_home_park,Mobile home park,mobile_home_park,1,1782887071.5567226,1782887072.8778884,1.3211658000946045,4.317799602674402,3.545
1250,/home/htj/resisc45/imgs_full/mobile_home_park_s0006250.png,mobile_home_park,Mobile home park,mobile_home_park,1,1782887072.8793004,1782887074.1988676,1.3195672035217285,4.352850597008415,3.647
1251,/home/htj/resisc45/imgs_full/mountain_s0006251.png,mountain,forest,forest,0,1782887074.2003765,1782887075.3707597,1.1703832149505615,3.934103845721199,3.746
1252,/home/htj/resisc45/imgs_full/harbor_s0006252.png,harbor,harbor,harbor,1,1782887075.3723319,1782887076.6183672,1.2460353374481201,4.132023092887618,3.6419
1253,/home/htj/resisc45/imgs_full/golf_course_s0006253.png,golf_course,golf course,golf_course,1,1782887076.619916,1782887077.9375255,1.3176095485687256,4.354589757223924,3.647
1254,/home/htj/resisc45/imgs_full/forest_s0006254.png,forest,chaparral,chaparral,0,1782887077.9393427,1782887079.2687886,1.3294458389282227,4.361449381579523,3.543
1255,/home/htj/resisc45/imgs_full/beach_s0006255.png,beach,beach,beach,1,1782887079.2702777,1782887080.5215886,1.2513108253479004,4.108565339500254,3.545
1256,/home/htj/resisc45/imgs_full/overpass_s0006256.png,overpass,freeway,freeway,0,1782887080.523147,1782887081.77214,1.248992919921875,4.066153223211114,3.5399499999999997
1257,/home/htj/resisc45/imgs_full/meadow_s0006257.png,meadow,forest,forest,0,1782887081.7732766,1782887082.9445238,1.1712472438812256,3.840575486364819,3.543
1258,/home/htj/resisc45/imgs_full/ground_track_field_s0006258.png,ground_track_field,golf course,golf_course,0,1782887082.946069,1782887084.2688904,1.3228213787078857,4.130135914190956,3.241
1259,/home/htj/resisc45/imgs_full/forest_s0006259.png,forest,forest,forest,1,1782887084.2703457,1782887085.4414682,1.1711225509643555,3.6322644756862097,3.14
1260,/home/htj/resisc45/imgs_full/terrace_s0006260.png,terrace,ground track field,ground_track_field,0,1782887085.4426634,1782887086.76344,1.3207764625549316,4.0984794280131664,3.142
1261,/home/htj/resisc45/imgs_full/meadow_s0006261.png,meadow,forest,forest,0,1782887086.7648263,1782887087.932126,1.167299747467041,3.618454122185707,3.142
1262,/home/htj/resisc45/imgs_full/church_s0006262.png,church,church,church,1,1782887087.9337792,1782887089.1003973,1.1666181087493896,3.6079053844156723,3.142
1263,/home/htj/resisc45/imgs_full/chaparral_s0006263.png,chaparral,ground track field,ground_track_field,0,1782887089.102036,1782887090.4277222,1.3256862163543701,4.108246347556512,3.142
1264,/home/htj/resisc45/imgs_full/thermal_power_station_s0006264.png,thermal_power_station,industrial area,industrial_area,0,1782887090.4293458,1782887091.7548902,1.3255443572998047,4.110340154896612,3.1418000000000004
1265,/home/htj/resisc45/imgs_full/palace_s0006265.png,palace,airport,airport,0,1782887091.7565398,1782887092.9234333,1.166893482208252,3.607701248850141,3.14
1266,/home/htj/resisc45/imgs_full/lake_s0006266.png,lake,lake,lake,1,1782887092.9248958,1782887094.0991871,1.1742913722991943,3.631132597696213,3.142
1267,/home/htj/resisc45/imgs_full/snowberg_s0006267.png,snowberg,mountain,mountain,0,1782887094.100774,1782887095.3432586,1.2424845695495605,4.051007985873656,3.545
1268,/home/htj/resisc45/imgs_full/harbor_s0006268.png,harbor,harbor,harbor,1,1782887095.34457,1782887096.5915017,1.246931791305542,4.088632664973086,3.545
1269,/home/htj/resisc45/imgs_full/mobile_home_park_s0006269.png,mobile_home_park,Mobile home park,mobile_home_park,1,1782887096.592865,1782887097.9047217,1.311856746673584,4.311445716567662,3.545
1270,/home/htj/resisc45/imgs_full/freeway_s0006270.png,freeway,freeway,freeway,1,1782887097.906393,1782887099.1580997,1.251706600189209,3.8818686993433085,3.142
1271,/home/htj/resisc45/imgs_full/roundabout_s0006271.png,roundabout,intersection,intersection,0,1782887099.1598275,1782887100.334937,1.175109624862671,3.645693674734661,3.142
1272,/home/htj/resisc45/imgs_full/airplane_s0006272.png,airplane,airport,airport,0,1782887100.336386,1782887101.505024,1.168637990951538,3.611383551537991,3.142
1273,/home/htj/resisc45/imgs_full/dense_residential_s0006273.png,dense_residential,dense residential,dense_residential,1,1782887101.5068429,1782887102.7573977,1.2505548000335693,3.872859471808309,3.142
1274,/home/htj/resisc45/imgs_full/meadow_s0006274.png,meadow,chaparral,chaparral,0,1782887102.7584913,1782887104.075863,1.3173716068267822,4.11443791325196,3.241
1275,/home/htj/resisc45/imgs_full/industrial_area_s0006275.png,industrial_area,industrial area,industrial_area,1,1782887104.0773087,1782887105.3923285,1.3150198459625244,4.0837083694727525,3.142
1276,/home/htj/resisc45/imgs_full/beach_s0006276.png,beach,beach,beach,1,1782887105.3936586,1782887106.6339352,1.240276575088501,3.855399733662605,3.142
1277,/home/htj/resisc45/imgs_full/wetland_s0006277.png,wetland,lake,lake,0,1782887106.635311,1782887107.802012,1.166701078414917,3.6198845459620155,3.142
1278,/home/htj/resisc45/imgs_full/freeway_s0006278.png,freeway,freeway,freeway,1,1782887107.8034844,1782887109.051372,1.2478876113891602,3.86822470664978,3.142
1279,/home/htj/resisc45/imgs_full/bridge_s0006279.png,bridge,airport,airport,0,1782887109.0528653,1782887110.2226298,1.169764518737793,3.6356838273093817,3.142
1280,/home/htj/resisc45/imgs_full/parking_lot_s0006280.png,parking_lot,Parking lot,parking_lot,1,1782887110.224329,1782887111.4719706,1.2476415634155273,3.8675754246278244,3.142
1281,/home/htj/resisc45/imgs_full/cloud_s0006281.png,cloud,cloud,cloud,1,1782887111.4734383,1782887112.6425447,1.1691064834594727,3.6096997752870834,3.142
1282,/home/htj/resisc45/imgs_full/harbor_s0006282.png,harbor,harbor,harbor,1,1782887112.643779,1782887113.8801584,1.2363793849945068,3.8364290325750003,3.14
1283,/home/htj/resisc45/imgs_full/lake_s0006283.png,lake,lake,lake,1,1782887113.8818135,1782887115.0392118,1.1573982238769531,3.5902492904663084,3.142
1284,/home/htj/resisc45/imgs_full/baseball_diamond_s0006284.png,baseball_diamond,airport,airport,0,1782887115.0406497,1782887116.210108,1.1694583892822266,3.6139187874794008,3.142
1285,/home/htj/resisc45/imgs_full/commercial_area_s0006285.png,commercial_area,airport,airport,0,1782887116.2117827,1782887117.3879192,1.1761364936828613,3.631685466493879,3.142
1286,/home/htj/resisc45/imgs_full/stadium_s0006286.png,stadium,airport,airport,0,1782887117.3895357,1782887118.5522974,1.1627616882324219,3.606831387292771,3.142
1287,/home/htj/resisc45/imgs_full/desert_s0006287.png,desert,sand,,0,1782887118.5531597,1782887119.7184165,1.1652567386627197,3.614127007586615,3.142
1288,/home/htj/resisc45/imgs_full/forest_s0006288.png,forest,chaparral,chaparral,0,1782887119.7200758,1782887121.0316186,1.3115427494049072,4.0842581688424815,3.142
1289,/home/htj/resisc45/imgs_full/forest_s0006289.png,forest,chaparral,chaparral,0,1782887121.0326986,1782887122.3555975,1.3228988647460938,4.109750685691834,3.142
1290,/home/htj/resisc45/imgs_full/river_s0006290.png,river,lake,lake,0,1782887122.3568246,1782887123.5116224,1.1547977924346924,3.6439066941380496,3.241
1291,/home/htj/resisc45/imgs_full/river_s0006291.png,river,river,river,1,1782887123.5129235,1782887124.6691563,1.1562328338623047,3.5976459919157486,3.142
1292,/home/htj/resisc45/imgs_full/tennis_court_s0006292.png,tennis_court,parking lot,parking_lot,0,1782887124.670253,1782887125.9957464,1.325493335723877,4.372687254263008,3.6367999999999996
1293,/home/htj/resisc45/imgs_full/medium_residential_s0006293.png,medium_residential,medium residential,medium_residential,1,1782887125.9968622,1782887127.2350292,1.2381670475006104,4.0766087235754185,3.545
1294,/home/htj/resisc45/imgs_full/stadium_s0006294.png,stadium,football field,,0,1782887127.2366226,1782887128.4793131,1.2426905632019043,4.074104525522753,3.545
1295,/home/htj/resisc45/imgs_full/sparse_residential_s0006295.png,sparse_residential,house,,0,1782887128.4808903,1782887129.645743,1.1648526191711426,3.803521147455488,3.545
1296,/home/htj/resisc45/imgs_full/airplane_s0006296.png,airplane,airport,airport,0,1782887129.6471603,1782887130.815715,1.1685547828674316,3.8052038912773134,3.444
1297,/home/htj/resisc45/imgs_full/terrace_s0006297.png,terrace,desert,desert,0,1782887130.8171551,1782887132.0529602,1.2358050346374512,4.052429400400682,3.545
1298,/home/htj/resisc45/imgs_full/river_s0006298.png,river,airport,airport,0,1782887132.0540192,1782887133.2142973,1.160278081893921,3.8316443237423896,3.5501
1299,/home/htj/resisc45/imgs_full/island_s0006299.png,island,island,island,1,1782887133.2153616,1782887134.4632123,1.2478506565093994,4.057443130124699,3.5399499999999997
