n,path,true,answer,pred,correct,t_start,t_end,latency_s,E_im_J,Ppeak_W
0,/home/htj/resisc45/imgs_full/church_s0005000.png,church,storage tank,storage_tank,0,1782906694.1331625,1782906700.7829697,6.6498072147369385,14.976053758678763,3.1425
1,/home/htj/resisc45/imgs_full/church_s0005001.png,church,church,church,1,1782906700.7871282,1782906705.2873566,4.500228404998779,13.871412891701809,3.345
2,/home/htj/resisc45/imgs_full/airport_s0005002.png,airport,airport,airport,1,1782906705.2915502,1782906709.8160176,4.524467468261719,13.82774620258959,3.345
3,/home/htj/resisc45/imgs_full/dense_residential_s0005003.png,dense_residential,medium residential,medium_residential,0,1782906709.8180993,1782906714.5692778,4.751178503036499,14.536400314986704,3.345
4,/home/htj/resisc45/imgs_full/stadium_s0005004.png,stadium,stadium,stadium,1,1782906714.5739872,1782906719.3343887,4.760401487350464,14.653089320412601,3.444
5,/home/htj/resisc45/imgs_full/commercial_area_s0005005.png,commercial_area,dense residential,dense_residential,0,1782906719.338832,1782906724.099318,4.760486125946045,14.665074218153956,3.4457
6,/home/htj/resisc45/imgs_full/sparse_residential_s0005006.png,sparse_residential,forest,forest,0,1782906724.1036263,1782906728.6273277,4.523701429367065,13.92332311711432,3.4442
7,/home/htj/resisc45/imgs_full/chaparral_s0005007.png,chaparral,chaparral,chaparral,1,1782906728.6288652,1782906733.6087217,4.979856491088867,15.270415111410207,3.345
8,/home/htj/resisc45/imgs_full/railway_s0005008.png,railway,railway station,railway_station,0,1782906733.6131952,1782906738.597187,4.983991861343384,15.442955418643626,3.545
9,/home/htj/resisc45/imgs_full/basketball_court_s0005009.png,basketball_court,basketball court,basketball_court,1,1782906738.59833,1782906743.589857,4.991527080535889,15.568171347070015,3.446
10,/home/htj/resisc45/imgs_full/golf_course_s0005010.png,golf_course,golf course,golf_course,1,1782906743.5919588,1782906748.5769708,4.985012054443359,15.553520849184556,3.543
11,/home/htj/resisc45/imgs_full/lake_s0005011.png,lake,forest,forest,0,1782906748.5810337,1782906753.0851326,4.504098892211914,13.999708593465105,3.545
12,/home/htj/resisc45/imgs_full/river_s0005012.png,river,industrial area,industrial_area,0,1782906753.0893795,1782906758.0797324,4.9903528690338135,15.33053609480529,3.345
13,/home/htj/resisc45/imgs_full/forest_s0005013.png,forest,forest,forest,1,1782906758.084021,1782906762.589697,4.505675792694092,13.996168926619275,3.4536999999999995
14,/home/htj/resisc45/imgs_full/chaparral_s0005014.png,chaparral,sparse residential,sparse_residential,0,1782906762.5935595,1782906767.3443706,4.7508111000061035,14.637134521742901,3.434099999999999
15,/home/htj/resisc45/imgs_full/commercial_area_s0005015.png,commercial_area,commercial area,commercial_area,1,1782906767.349063,1782906772.092778,4.743715047836304,14.751993761201701,3.444
16,/home/htj/resisc45/imgs_full/baseball_diamond_s0005016.png,baseball_diamond,baseball diamond,baseball_diamond,1,1782906772.0970447,1782906777.0724611,4.975416421890259,15.469198731296364,3.444
17,/home/htj/resisc45/imgs_full/parking_lot_s0005017.png,parking_lot,parking lot,parking_lot,1,1782906777.0766864,1782906782.0671563,4.990469932556152,15.62762791293791,3.543
18,/home/htj/resisc45/imgs_full/wetland_s0005018.png,wetland,chaparral,chaparral,0,1782906782.071456,1782906787.0491054,4.977649450302124,15.497741870920766,3.508349999999999
19,/home/htj/resisc45/imgs_full/sparse_residential_s0005019.png,sparse_residential,sparse residential,sparse_residential,1,1782906787.053373,1782906791.8046184,4.7512452602386475,14.840485948396017,3.543
20,/home/htj/resisc45/imgs_full/tennis_court_s0005020.png,tennis_court,tennis court,tennis_court,1,1782906791.8063955,1782906796.7846618,4.97826623916626,15.404415166060131,3.444
21,/home/htj/resisc45/imgs_full/baseball_diamond_s0005021.png,baseball_diamond,baseball diamond,baseball_diamond,1,1782906796.788577,1782906801.7719305,4.98335337638855,15.648975440204143,3.543
22,/home/htj/resisc45/imgs_full/ground_track_field_s0005022.png,ground_track_field,medium residential,medium_residential,0,1782906801.776309,1782906806.5200958,4.743786811828613,14.874057817401658,3.543
23,/home/htj/resisc45/imgs_full/chaparral_s0005023.png,chaparral,chaparral,chaparral,1,1782906806.5242567,1782906811.5040169,4.97976016998291,15.382250210586635,3.444
24,/home/htj/resisc45/imgs_full/mobile_home_park_s0005024.png,mobile_home_park,dense residential,dense_residential,0,1782906811.508386,1782906816.2569916,4.748605728149414,14.839278476232506,3.543
25,/home/htj/resisc45/imgs_full/roundabout_s0005025.png,roundabout,roundabout,roundabout,1,1782906816.2613072,1782906821.0084367,4.747129440307617,14.77621250642064,3.444
26,/home/htj/resisc45/imgs_full/golf_course_s0005026.png,golf_course,golf course,golf_course,1,1782906821.0121386,1782906825.9949465,4.982807874679565,15.624310011729426,3.444
27,/home/htj/resisc45/imgs_full/baseball_diamond_s0005027.png,baseball_diamond,baseball diamond,baseball_diamond,1,1782906825.9990115,1782906830.98167,4.982658386230469,15.539269494230096,3.543
28,/home/htj/resisc45/imgs_full/parking_lot_s0005028.png,parking_lot,parking lot,parking_lot,1,1782906830.9862416,1782906835.9742625,4.988020896911621,15.866837139502339,3.543
29,/home/htj/resisc45/imgs_full/railway_station_s0005029.png,railway_station,storage tank,storage_tank,0,1782906835.9784248,1782906840.7214556,4.743030786514282,14.85997259909848,3.543
30,/home/htj/resisc45/imgs_full/golf_course_s0005030.png,golf_course,golf course,golf_course,1,1782906840.7225385,1782906845.7006407,4.978102207183838,15.459410575061009,3.442
31,/home/htj/resisc45/imgs_full/dense_residential_s0005031.png,dense_residential,dense residential,dense_residential,1,1782906845.7050414,1782906850.459823,4.754781484603882,14.835834816346686,3.533099999999999
32,/home/htj/resisc45/imgs_full/desert_s0005032.png,desert,desert,desert,1,1782906850.4638283,1782906855.2042248,4.740396499633789,14.820021514547877,3.442
33,/home/htj/resisc45/imgs_full/intersection_s0005033.png,intersection,intersection,intersection,1,1782906855.2082434,1782906859.7293363,4.521092891693115,14.058595877327496,3.444
34,/home/htj/resisc45/imgs_full/stadium_s0005034.png,stadium,stadium,stadium,1,1782906859.733608,1782906864.4841104,4.750502347946167,14.875349798602716,3.345
35,/home/htj/resisc45/imgs_full/beach_s0005035.png,beach,beach,beach,1,1782906864.488437,1782906869.2389276,4.750490665435791,14.896165090951573,3.444
36,/home/htj/resisc45/imgs_full/terrace_s0005036.png,terrace,rectangular farmland,rectangular_farmland,0,1782906869.2432551,1782906874.4632342,5.2199790477752686,16.282204535746313,3.442
37,/home/htj/resisc45/imgs_full/terrace_s0005037.png,terrace,circular farmland,circular_farmland,0,1782906874.4672236,1782906879.6851676,5.217943906784058,16.476948036636625,3.543
38,/home/htj/resisc45/imgs_full/ground_track_field_s0005038.png,ground_track_field,track field,,0,1782906879.6895049,1782906884.4318025,4.742297649383545,14.988288833399851,3.543
39,/home/htj/resisc45/imgs_full/sparse_residential_s0005039.png,sparse_residential,sparse residential,sparse_residential,1,1782906884.4360907,1782906889.174422,4.738331317901611,14.838969391110432,3.444
40,/home/htj/resisc45/imgs_full/overpass_s0005040.png,overpass,freeway,freeway,0,1782906889.1760273,1782906893.931435,4.755407810211182,14.874179674369948,3.444
41,/home/htj/resisc45/imgs_full/palace_s0005041.png,palace,palace,palace,1,1782906893.9360044,1782906898.6939507,4.757946252822876,14.944307907541114,3.444
42,/home/htj/resisc45/imgs_full/rectangular_farmland_s0005042.png,rectangular_farmland,circular farmland,circular_farmland,0,1782906898.698292,1782906903.925196,5.226903915405273,16.33021137187792,3.444
43,/home/htj/resisc45/imgs_full/railway_s0005043.png,railway,railway,railway,1,1782906903.9295769,1782906908.6810482,4.751471281051636,15.148663636905603,3.543
44,/home/htj/resisc45/imgs_full/airport_s0005044.png,airport,airport,airport,1,1782906908.6853192,1782906913.1995504,4.514231204986572,14.128629396933544,3.444
45,/home/htj/resisc45/imgs_full/bridge_s0005045.png,bridge,bridge,bridge,1,1782906913.2008288,1782906917.7151718,4.514343023300171,13.799832329985461,3.345
46,/home/htj/resisc45/imgs_full/sparse_residential_s0005046.png,sparse_residential,farm,,0,1782906917.719472,1782906922.2267087,4.50723671913147,13.79442650571654,3.3548999999999998
47,/home/htj/resisc45/imgs_full/church_s0005047.png,church,dense residential,dense_residential,0,1782906922.2279432,1782906926.9824884,4.754545211791992,14.66069676228932,3.345
48,/home/htj/resisc45/imgs_full/dense_residential_s0005048.png,dense_residential,medium residential,medium_residential,0,1782906926.9871936,1782906931.7409654,4.753771781921387,14.8182512109136,3.4438
49,/home/htj/resisc45/imgs_full/railway_s0005049.png,railway,commercial area,commercial_area,0,1782906931.7453895,1782906936.4975119,4.752122402191162,15.42567558994638,3.948
50,/home/htj/resisc45/imgs_full/runway_s0005050.png,runway,runway,runway,1,1782906936.5017414,1782906941.2510202,4.749278783798218,14.666917288895114,3.442
51,/home/htj/resisc45/imgs_full/snowberg_s0005051.png,snowberg,mountain,mountain,0,1782906941.2557588,1782906946.0143142,4.7585554122924805,14.66546645673499,3.444
52,/home/htj/resisc45/imgs_full/chaparral_s0005052.png,chaparral,desert,desert,0,1782906946.0185275,1782906950.7756732,4.757145643234253,14.689612684817542,3.444
53,/home/htj/resisc45/imgs_full/overpass_s0005053.png,overpass,freeway,freeway,0,1782906950.7802377,1782906955.5241115,4.743873834609985,14.670344100871718,3.442
54,/home/htj/resisc45/imgs_full/railway_station_s0005054.png,railway_station,railway station,railway_station,1,1782906955.5285351,1782906960.519618,4.9910829067230225,15.52123520206583,3.4434
55,/home/htj/resisc45/imgs_full/sea_ice_s0005055.png,sea_ice,sea ice,sea_ice,1,1782906960.5238106,1782906965.274864,4.751053333282471,14.835333713650703,3.543
56,/home/htj/resisc45/imgs_full/airplane_s0005056.png,airplane,airport,airport,0,1782906965.2790911,1782906969.7929132,4.513822078704834,13.933254565148413,3.444
57,/home/htj/resisc45/imgs_full/bridge_s0005057.png,bridge,bridge,bridge,1,1782906969.7942762,1782906974.3045883,4.510312080383301,13.866469204395633,3.3548999999999998
58,/home/htj/resisc45/imgs_full/commercial_area_s0005058.png,commercial_area,commercial area,commercial_area,1,1782906974.3089547,1782906979.0606163,4.751661539077759,14.66975314555398,3.345
59,/home/htj/resisc45/imgs_full/dense_residential_s0005059.png,dense_residential,dense residential,dense_residential,1,1782906979.0653727,1782906983.8102486,4.744875907897949,14.710527479932423,3.444
60,/home/htj/resisc45/imgs_full/forest_s0005060.png,forest,forest,forest,1,1782906983.8141959,1782906988.3230865,4.508890628814697,13.956157987479921,3.446
61,/home/htj/resisc45/imgs_full/ship_s0005061.png,ship,harbor,harbor,0,1782906988.3241246,1782906993.0772996,4.7531750202178955,14.74234456180377,3.347
62,/home/htj/resisc45/imgs_full/baseball_diamond_s0005062.png,baseball_diamond,baseball diamond,baseball_diamond,1,1782906993.081575,1782906998.0700126,4.988437652587891,15.488353512555703,3.444
63,/home/htj/resisc45/imgs_full/basketball_court_s0005063.png,basketball_court,basketball court,basketball_court,1,1782906998.0742495,1782907003.0612288,4.986979246139526,15.5305301066339,3.543
64,/home/htj/resisc45/imgs_full/sparse_residential_s0005064.png,sparse_residential,parking lot,parking_lot,0,1782907003.0629084,1782907008.0516253,4.9887168407440186,15.552926837534741,3.545
65,/home/htj/resisc45/imgs_full/overpass_s0005065.png,overpass,freeway,freeway,0,1782907008.055999,1782907012.810017,4.754018068313599,14.819462823450564,3.543
66,/home/htj/resisc45/imgs_full/airport_s0005066.png,airport,airport,airport,1,1782907012.8117359,1782907017.317663,4.505927085876465,13.908256913704209,3.444
67,/home/htj/resisc45/imgs_full/airplane_s0005067.png,airplane,airport,airport,0,1782907017.3191037,1782907021.8229797,4.503875970840454,13.93248376589787,3.3568999999999996
68,/home/htj/resisc45/imgs_full/island_s0005068.png,island,island,island,1,1782907021.8241496,1782907026.5754952,4.751345634460449,14.604835048537657,3.347
69,/home/htj/resisc45/imgs_full/wetland_s0005069.png,wetland,chaparral,chaparral,0,1782907026.5796852,1782907031.5696006,4.989915370941162,15.738307790646607,3.446
70,/home/htj/resisc45/imgs_full/baseball_diamond_s0005070.png,baseball_diamond,baseball diamond,baseball_diamond,1,1782907031.5737894,1782907036.560195,4.986405611038208,15.744122407252139,3.545
71,/home/htj/resisc45/imgs_full/tennis_court_s0005071.png,tennis_court,residential area,,0,1782907036.5645683,1782907041.5589278,4.994359493255615,15.58561637909111,3.545
72,/home/htj/resisc45/imgs_full/parking_lot_s0005072.png,parking_lot,parking lot,parking_lot,1,1782907041.5632982,1782907046.551935,4.98863673210144,15.677622370084126,3.545
73,/home/htj/resisc45/imgs_full/roundabout_s0005073.png,roundabout,roundabout,roundabout,1,1782907046.5563133,1782907051.2998257,4.743512392044067,14.91120262901467,3.543
74,/home/htj/resisc45/imgs_full/bridge_s0005074.png,bridge,bridge,bridge,1,1782907051.303835,1782907055.8116922,4.507857322692871,14.044372142562384,3.444
75,/home/htj/resisc45/imgs_full/meadow_s0005075.png,meadow,circular farmland,circular_farmland,0,1782907055.815965,1782907061.0396986,5.22373366355896,16.356986373160197,3.345
76,/home/htj/resisc45/imgs_full/sparse_residential_s0005076.png,sparse_residential,sparse residential,sparse_residential,1,1782907061.0440009,1782907065.7943022,4.750301361083984,15.184137986792141,3.543
77,/home/htj/resisc45/imgs_full/wetland_s0005077.png,wetland,lake,lake,0,1782907065.7986197,1782907070.3124657,4.513845920562744,14.20375895433788,3.4556999999999993
78,/home/htj/resisc45/imgs_full/tennis_court_s0005078.png,tennis_court,tennis court,tennis_court,1,1782907070.317098,1782907075.304473,4.987375020980835,15.63474059418115,3.345
79,/home/htj/resisc45/imgs_full/harbor_s0005079.png,harbor,harbor,harbor,1,1782907075.308712,1782907080.0585885,4.749876499176025,15.003143038066035,3.543
80,/home/htj/resisc45/imgs_full/sparse_residential_s0005080.png,sparse_residential,dense residential,dense_residential,0,1782907080.0629923,1782907084.8055804,4.742588043212891,14.912582415155619,3.446
81,/home/htj/resisc45/imgs_full/ship_s0005081.png,ship,storage tank,storage_tank,0,1782907084.8071046,1782907089.5524764,4.7453718185424805,14.984626393559466,3.442
82,/home/htj/resisc45/imgs_full/dense_residential_s0005082.png,dense_residential,dense residential,dense_residential,1,1782907089.5570107,1782907094.3085113,4.751500606536865,14.974014768600465,3.444
83,/home/htj/resisc45/imgs_full/runway_s0005083.png,runway,freeway,freeway,0,1782907094.309811,1782907099.057327,4.747515916824341,14.846454654687859,3.442
84,/home/htj/resisc45/imgs_full/mountain_s0005084.png,mountain,chaparral,chaparral,0,1782907099.061579,1782907104.0521915,4.990612506866455,15.616945891314542,3.442
85,/home/htj/resisc45/imgs_full/storage_tank_s0005085.png,storage_tank,industrial area,industrial_area,0,1782907104.054142,1782907109.044723,4.990581035614014,15.894599057427769,3.543
86,/home/htj/resisc45/imgs_full/mobile_home_park_s0005086.png,mobile_home_park,medium residential,medium_residential,0,1782907109.0490751,1782907113.8021202,4.753045082092285,14.925477807424155,3.543
87,/home/htj/resisc45/imgs_full/wetland_s0005087.png,wetland,forest,forest,0,1782907113.8036296,1782907118.3094702,4.505840539932251,14.088679685200317,3.444
88,/home/htj/resisc45/imgs_full/commercial_area_s0005088.png,commercial_area,dense residential,dense_residential,0,1782907118.313707,1782907123.0669703,4.753263235092163,14.765616134544214,3.345
89,/home/htj/resisc45/imgs_full/railway_s0005089.png,railway,railway,railway,1,1782907123.0687594,1782907127.8197548,4.750995397567749,14.926253757356161,3.444
90,/home/htj/resisc45/imgs_full/ship_s0005090.png,ship,harbor,harbor,0,1782907127.8243158,1782907132.573733,4.749417304992676,14.886562156389996,3.444
91,/home/htj/resisc45/imgs_full/golf_course_s0005091.png,golf_course,golf course,golf_course,1,1782907132.5781014,1782907137.5616,4.983498573303223,15.727355190688913,3.444
92,/home/htj/resisc45/imgs_full/baseball_diamond_s0005092.png,baseball_diamond,baseball diamond,baseball_diamond,1,1782907137.5632226,1782907142.5506513,4.987428665161133,15.699336229368187,3.543
93,/home/htj/resisc45/imgs_full/desert_s0005093.png,desert,desert,desert,1,1782907142.554932,1782907147.3048205,4.7498884201049805,15.079407816978822,3.543
94,/home/htj/resisc45/imgs_full/airport_s0005094.png,airport,airport,airport,1,1782907147.3091755,1782907151.8161516,4.506976127624512,14.08418629816514,3.444
95,/home/htj/resisc45/imgs_full/circular_farmland_s0005095.png,circular_farmland,storage tank,storage_tank,0,1782907151.817394,1782907156.5652602,4.747866153717041,14.833916486263275,3.343
96,/home/htj/resisc45/imgs_full/terrace_s0005096.png,terrace,circular farmland,circular_farmland,0,1782907156.5695422,1782907161.7910094,5.2214672565460205,16.383415024492766,3.444
97,/home/htj/resisc45/imgs_full/thermal_power_station_s0005097.png,thermal_power_station,industrial area,industrial_area,0,1782907161.7953882,1782907166.7892072,4.993818998336792,15.862071577012538,3.543
98,/home/htj/resisc45/imgs_full/golf_course_s0005098.png,golf_course,golf course,golf_course,1,1782907166.7931232,1782907171.7797956,4.986672401428223,15.863235407752553,3.543
99,/home/htj/resisc45/imgs_full/mountain_s0005099.png,mountain,circular farmland,circular_farmland,0,1782907171.7841384,1782907177.0071743,5.22303581237793,16.642238489959553,3.543
100,/home/htj/resisc45/imgs_full/baseball_diamond_s0005100.png,baseball_diamond,sparse residential,sparse_residential,0,1782907177.011564,1782907181.7634737,4.7519097328186035,15.202733281474517,3.543
101,/home/htj/resisc45/imgs_full/commercial_area_s0005101.png,commercial_area,church,church,0,1782907181.7680528,1782907186.2861674,4.5181145668029785,14.1179641947867,3.4442
102,/home/htj/resisc45/imgs_full/desert_s0005102.png,desert,desert,desert,1,1782907186.2904315,1782907191.0416741,4.751242637634277,14.797716572968358,3.345
103,/home/htj/resisc45/imgs_full/mobile_home_park_s0005103.png,mobile_home_park,medium residential,medium_residential,0,1782907191.0461502,1782907195.800374,4.754223823547363,14.874820747777639,3.444
104,/home/htj/resisc45/imgs_full/ground_track_field_s0005104.png,ground_track_field,track field,,0,1782907195.8045843,1782907200.5543287,4.749744415283203,14.880491446391646,3.444
105,/home/htj/resisc45/imgs_full/intersection_s0005105.png,intersection,intersection,intersection,1,1782907200.5582979,1782907205.075717,4.517419099807739,14.170972168536126,3.444
106,/home/htj/resisc45/imgs_full/golf_course_s0005106.png,golf_course,golf course,golf_course,1,1782907205.0798476,1782907210.064729,4.984881401062012,15.504356296999703,3.4143000000000003
107,/home/htj/resisc45/imgs_full/terrace_s0005107.png,terrace,circular farmland,circular_farmland,0,1782907210.0689545,1782907215.294015,5.22506046295166,16.738708369607508,3.543
108,/home/htj/resisc45/imgs_full/thermal_power_station_s0005108.png,thermal_power_station,industrial area,industrial_area,0,1782907215.298398,1782907220.28629,4.987891912460327,15.991353467620652,3.543
109,/home/htj/resisc45/imgs_full/terrace_s0005109.png,terrace,circular farmland,circular_farmland,0,1782907220.2906213,1782907225.5159204,5.225299119949341,16.558064163446428,3.543
110,/home/htj/resisc45/imgs_full/commercial_area_s0005110.png,commercial_area,dense residential,dense_residential,0,1782907225.5202453,1782907230.2707021,4.750456809997559,15.166777733837264,3.543
111,/home/htj/resisc45/imgs_full/snowberg_s0005111.png,snowberg,mountain,mountain,0,1782907230.275383,1782907235.0245771,4.749194145202637,15.312589222669601,3.444
112,/home/htj/resisc45/imgs_full/ship_s0005112.png,ship,ship,ship,1,1782907235.0259347,1782907239.5441222,4.518187522888184,14.279531493223168,3.4538999999999995
113,/home/htj/resisc45/imgs_full/terrace_s0005113.png,terrace,sparse residential,sparse_residential,0,1782907239.5484464,1782907244.2985237,4.750077247619629,14.820126552880527,3.345
114,/home/htj/resisc45/imgs_full/cloud_s0005114.png,cloud,cloud,cloud,1,1782907244.3029642,1782907248.825611,4.522646903991699,14.07069875135301,3.444
115,/home/htj/resisc45/imgs_full/meadow_s0005115.png,meadow,sparse residential,sparse_residential,0,1782907248.8294978,1782907253.5782404,4.748742580413818,14.712904765066646,3.345
116,/home/htj/resisc45/imgs_full/palace_s0005116.png,palace,church,church,0,1782907253.5825865,1782907258.0995464,4.51695990562439,14.125562805625458,3.444
117,/home/htj/resisc45/imgs_full/roundabout_s0005117.png,roundabout,roundabout,roundabout,1,1782907258.1038451,1782907262.857444,4.753598928451538,14.68896432257273,3.345
118,/home/htj/resisc45/imgs_full/overpass_s0005118.png,overpass,roundabout,roundabout,0,1782907262.8615453,1782907267.6149123,4.753366947174072,14.966371947089831,3.444
119,/home/htj/resisc45/imgs_full/industrial_area_s0005119.png,industrial_area,industrial area,industrial_area,1,1782907267.619454,1782907272.6105187,4.991064786911011,15.794081096777973,3.444
120,/home/htj/resisc45/imgs_full/mobile_home_park_s0005120.png,mobile_home_park,mobile home park,mobile_home_park,1,1782907272.6150668,1782907277.609764,4.994697332382202,15.87916446227919,3.543
121,/home/htj/resisc45/imgs_full/rectangular_farmland_s0005121.png,rectangular_farmland,rectangular farmland,rectangular_farmland,1,1782907277.6142015,1782907282.8336585,5.219456911087036,16.479546168382353,3.545
122,/home/htj/resisc45/imgs_full/storage_tank_s0005122.png,storage_tank,storage tank,storage_tank,1,1782907282.8356047,1782907287.5905387,4.754934072494507,15.144295201820988,3.545
123,/home/htj/resisc45/imgs_full/rectangular_farmland_s0005123.png,rectangular_farmland,circular farmland,circular_farmland,0,1782907287.5918894,1782907292.8138819,5.221992492675781,16.414960401262558,3.446
124,/home/htj/resisc45/imgs_full/storage_tank_s0005124.png,storage_tank,storage tank,storage_tank,1,1782907292.815711,1782907297.5704894,4.7547783851623535,15.208760173050754,3.543
125,/home/htj/resisc45/imgs_full/palace_s0005125.png,palace,campus,,0,1782907297.5722551,1782907302.3293571,4.757102012634277,15.07067111947163,3.4458
126,/home/htj/resisc45/imgs_full/beach_s0005126.png,beach,beach,beach,1,1782907302.3333683,1782907307.0868797,4.753511428833008,14.942405456037406,3.444
127,/home/htj/resisc45/imgs_full/stadium_s0005127.png,stadium,stadium,stadium,1,1782907307.0914497,1782907311.8414855,4.750035762786865,14.773855279252642,3.444
128,/home/htj/resisc45/imgs_full/medium_residential_s0005128.png,medium_residential,dense residential,dense_residential,0,1782907311.8458784,1782907316.5903883,4.744509935379028,14.867121952206254,3.444
129,/home/htj/resisc45/imgs_full/tennis_court_s0005129.png,tennis_court,palace,palace,0,1782907316.5945864,1782907321.3465693,4.751982927322388,14.981570849688655,3.4458
130,/home/htj/resisc45/imgs_full/commercial_area_s0005130.png,commercial_area,commercial area,commercial_area,1,1782907321.3510187,1782907326.1024346,4.751415967941284,14.998445585549595,3.446
131,/home/htj/resisc45/imgs_full/bridge_s0005131.png,bridge,bridge,bridge,1,1782907326.1037796,1782907330.6165261,4.512746572494507,14.282842901945115,3.446
132,/home/htj/resisc45/imgs_full/commercial_area_s0005132.png,commercial_area,commercial area,commercial_area,1,1782907330.6207345,1782907335.3715317,4.750797271728516,14.869938221988908,3.347
133,/home/htj/resisc45/imgs_full/cloud_s0005133.png,cloud,cloud,cloud,1,1782907335.3729784,1782907339.8846931,4.511714696884155,14.20990243424343,3.4442
134,/home/htj/resisc45/imgs_full/roundabout_s0005134.png,roundabout,dense residential,dense_residential,0,1782907339.8890812,1782907344.6324706,4.743389368057251,14.739482393908213,3.345
135,/home/htj/resisc45/imgs_full/basketball_court_s0005135.png,basketball_court,basketball court,basketball_court,1,1782907344.6366417,1782907349.6121945,4.975552797317505,15.654118525077557,3.446
136,/home/htj/resisc45/imgs_full/commercial_area_s0005136.png,commercial_area,stadium,stadium,0,1782907349.6163573,1782907354.3658698,4.749512434005737,15.070372578544276,3.545
137,/home/htj/resisc45/imgs_full/commercial_area_s0005137.png,commercial_area,dense residential,dense_residential,0,1782907354.370401,1782907359.1309333,4.760532379150391,14.914862655501768,3.444
138,/home/htj/resisc45/imgs_full/golf_course_s0005138.png,golf_course,golf course,golf_course,1,1782907359.1348815,1782907364.121907,4.987025499343872,15.73038185204972,3.446
139,/home/htj/resisc45/imgs_full/ship_s0005139.png,ship,ship,ship,1,1782907364.1262207,1782907368.6460488,4.5198280811309814,14.16222334256655,3.543
140,/home/htj/resisc45/imgs_full/thermal_power_station_s0005140.png,thermal_power_station,industrial area,industrial_area,0,1782907368.6502228,1782907373.6417608,4.991538047790527,15.539518552780152,3.347
141,/home/htj/resisc45/imgs_full/tennis_court_s0005141.png,tennis_court,tennis court,tennis_court,1,1782907373.6433847,1782907378.6340728,4.99068808555603,15.765813119194974,3.545
142,/home/htj/resisc45/imgs_full/freeway_s0005142.png,freeway,freeway,freeway,1,1782907378.638571,1782907383.3936832,4.755112171173096,15.130480476132357,3.5448000000000004
143,/home/htj/resisc45/imgs_full/medium_residential_s0005143.png,medium_residential,medium residential,medium_residential,1,1782907383.3950138,1782907388.1455722,4.750558376312256,14.962788474457604,3.446
144,/home/htj/resisc45/imgs_full/island_s0005144.png,island,island,island,1,1782907388.146931,1782907392.885734,4.738803148269653,14.902736585114374,3.446
145,/home/htj/resisc45/imgs_full/stadium_s0005145.png,stadium,industrial area,industrial_area,0,1782907392.8901675,1782907397.8825986,4.992431163787842,15.690292999525179,3.446
146,/home/htj/resisc45/imgs_full/runway_s0005146.png,runway,runway,runway,1,1782907397.8868217,1782907402.6269302,4.740108489990234,14.934654108438147,3.5448000000000004
147,/home/htj/resisc45/imgs_full/church_s0005147.png,church,palace,palace,0,1782907402.6310272,1782907407.382557,4.751529693603516,14.910978968484063,3.446
148,/home/htj/resisc45/imgs_full/railway_station_s0005148.png,railway_station,airport,airport,0,1782907407.3869264,1782907411.9024687,4.515542268753052,14.30117963524408,3.545
149,/home/htj/resisc45/imgs_full/stadium_s0005149.png,stadium,stadium,stadium,1,1782907411.906879,1782907416.6597867,4.752907752990723,14.773354367118284,3.347
150,/home/htj/resisc45/imgs_full/cloud_s0005150.png,cloud,cloud,cloud,1,1782907416.6642635,1782907421.1796346,4.515371084213257,14.320070719112325,3.545
151,/home/htj/resisc45/imgs_full/airport_s0005151.png,airport,airport,airport,1,1782907421.184036,1782907425.702032,4.517996072769165,14.085281680535665,3.3451999999999997
152,/home/htj/resisc45/imgs_full/sea_ice_s0005152.png,sea_ice,sea ice,sea_ice,1,1782907425.7063394,1782907430.4578965,4.751557111740112,14.864473580452334,3.434099999999999
153,/home/htj/resisc45/imgs_full/snowberg_s0005153.png,snowberg,snowberg,snowberg,1,1782907430.4594698,1782907435.2126915,4.753221750259399,15.00288587577659,3.446
154,/home/htj/resisc45/imgs_full/industrial_area_s0005154.png,industrial_area,industrial area,industrial_area,1,1782907435.2169223,1782907440.2032042,4.986281871795654,15.845950490214609,3.444
155,/home/htj/resisc45/imgs_full/dense_residential_s0005155.png,dense_residential,medium residential,medium_residential,0,1782907440.207712,1782907444.9614394,4.753727436065674,15.140392788571047,3.5448000000000004
156,/home/htj/resisc45/imgs_full/lake_s0005156.png,lake,lake,lake,1,1782907444.9629726,1782907449.4766543,4.513681650161743,14.243122420323047,3.446
157,/home/htj/resisc45/imgs_full/desert_s0005157.png,desert,desert,desert,1,1782907449.4807363,1782907454.2307506,4.750014305114746,14.839101236967812,3.3467
158,/home/htj/resisc45/imgs_full/stadium_s0005158.png,stadium,stadium,stadium,1,1782907454.2351449,1782907458.9887924,4.753647565841675,14.917060607335655,3.446
159,/home/htj/resisc45/imgs_full/bridge_s0005159.png,bridge,bridge,bridge,1,1782907458.9931893,1782907463.510398,4.517208576202393,14.222631331667115,3.444
160,/home/htj/resisc45/imgs_full/stadium_s0005160.png,stadium,stadium,stadium,1,1782907463.5148683,1782907468.2634983,4.748630046844482,14.772309700012206,3.345
161,/home/htj/resisc45/imgs_full/terrace_s0005161.png,terrace,circular farmland,circular_farmland,0,1782907468.2677836,1782907473.4906864,5.222902774810791,16.54736127585631,3.446
162,/home/htj/resisc45/imgs_full/sea_ice_s0005162.png,sea_ice,sea ice,sea_ice,1,1782907473.4920177,1782907478.2396302,4.747612476348877,15.21632678729942,3.543
163,/home/htj/resisc45/imgs_full/bridge_s0005163.png,bridge,intersection,intersection,0,1782907478.2439573,1782907482.7592082,4.51525092124939,14.359175217211247,3.45085
164,/home/htj/resisc45/imgs_full/intersection_s0005164.png,intersection,intersection,intersection,1,1782907482.763363,1782907487.2821221,4.518759250640869,13.994597399234772,3.3548999999999998
165,/home/htj/resisc45/imgs_full/sea_ice_s0005165.png,sea_ice,sea ice,sea_ice,1,1782907487.283835,1782907492.0347672,4.750932216644287,14.979403078343495,3.444
166,/home/htj/resisc45/imgs_full/snowberg_s0005166.png,snowberg,forest,forest,0,1782907492.039366,1782907496.5582728,4.518906831741333,14.1363989994375,3.4421999999999997
167,/home/htj/resisc45/imgs_full/medium_residential_s0005167.png,medium_residential,dense residential,dense_residential,0,1782907496.562687,1782907501.3112252,4.748538255691528,14.842291210989158,3.4436999999999998
168,/home/htj/resisc45/imgs_full/industrial_area_s0005168.png,industrial_area,storage tank,storage_tank,0,1782907501.315561,1782907506.0661478,4.750586748123169,14.992622833137053,3.535099999999999
169,/home/htj/resisc45/imgs_full/wetland_s0005169.png,wetland,chaparral,chaparral,0,1782907506.0704598,1782907511.0582132,4.987753391265869,15.723806570217528,3.444
170,/home/htj/resisc45/imgs_full/island_s0005170.png,island,island,island,1,1782907511.0623293,1782907515.8115485,4.749219179153442,15.020253728926184,3.543
171,/home/htj/resisc45/imgs_full/runway_s0005171.png,runway,freeway,freeway,0,1782907515.8156435,1782907520.558459,4.7428154945373535,14.877297928677983,3.444
172,/home/htj/resisc45/imgs_full/sparse_residential_s0005172.png,sparse_residential,rectangular farmland,rectangular_farmland,0,1782907520.562879,1782907525.786829,5.223949909210205,16.473839602822846,3.444
173,/home/htj/resisc45/imgs_full/bridge_s0005173.png,bridge,freeway,freeway,0,1782907525.791028,1782907530.5361922,4.745164155960083,14.971793301188802,3.543
174,/home/htj/resisc45/imgs_full/river_s0005174.png,river,forest,forest,0,1782907530.5403247,1782907535.0516288,4.511304140090942,14.330585889366606,3.444
175,/home/htj/resisc45/imgs_full/chaparral_s0005175.png,chaparral,forest,forest,0,1782907535.0561998,1782907539.572723,4.516523122787476,14.1217385254872,3.3548999999999998
176,/home/htj/resisc45/imgs_full/roundabout_s0005176.png,roundabout,roundabout,roundabout,1,1782907539.5770645,1782907544.329728,4.7526633739471436,14.65137322279344,3.343
177,/home/htj/resisc45/imgs_full/basketball_court_s0005177.png,basketball_court,basketball court,basketball_court,1,1782907544.3338585,1782907549.3227057,4.988847255706787,15.515314965248107,3.442
178,/home/htj/resisc45/imgs_full/freeway_s0005178.png,freeway,forest,forest,0,1782907549.3272777,1782907553.8454049,4.518127202987671,14.192581374255917,3.543
179,/home/htj/resisc45/imgs_full/mountain_s0005179.png,mountain,forest,forest,0,1782907553.8497605,1782907558.3656194,4.515858888626099,14.099540380164038,3.3546999999999993
180,/home/htj/resisc45/imgs_full/baseball_diamond_s0005180.png,baseball_diamond,baseball diamond,baseball_diamond,1,1782907558.3699086,1782907563.357097,4.987188339233398,15.582639983719046,3.409349999999999
181,/home/htj/resisc45/imgs_full/basketball_court_s0005181.png,basketball_court,basketball court,basketball_court,1,1782907563.361257,1782907568.347834,4.986577033996582,15.839489388137029,3.543
182,/home/htj/resisc45/imgs_full/intersection_s0005182.png,intersection,parking lot,parking_lot,0,1782907568.3521397,1782907573.3433611,4.9912214279174805,15.852856594595044,3.543
183,/home/htj/resisc45/imgs_full/parking_lot_s0005183.png,parking_lot,parking lot,parking_lot,1,1782907573.3478131,1782907578.3304365,4.982623338699341,15.711872261365254,3.541
184,/home/htj/resisc45/imgs_full/rectangular_farmland_s0005184.png,rectangular_farmland,circular farmland,circular_farmland,0,1782907578.3344007,1782907583.5580177,5.223617076873779,16.51395438251806,3.543
185,/home/htj/resisc45/imgs_full/medium_residential_s0005185.png,medium_residential,sparse residential,sparse_residential,0,1782907583.5624213,1782907588.3149312,4.752509832382202,15.074961188316346,3.5428
186,/home/htj/resisc45/imgs_full/parking_lot_s0005186.png,parking_lot,parking lot,parking_lot,1,1782907588.3194234,1782907593.3073182,4.987894773483276,15.65734177769856,3.444
187,/home/htj/resisc45/imgs_full/dense_residential_s0005187.png,dense_residential,dense residential,dense_residential,1,1782907593.3117554,1782907598.0658898,4.7541344165802,14.935256466506475,3.543
188,/home/htj/resisc45/imgs_full/medium_residential_s0005188.png,medium_residential,dense residential,dense_residential,0,1782907598.070434,1782907602.8220475,4.75161337852478,15.044237688302994,3.446
189,/home/htj/resisc45/imgs_full/church_s0005189.png,church,church,church,1,1782907602.8240826,1782907607.3385797,4.5144970417022705,14.263327678406236,3.442
190,/home/htj/resisc45/imgs_full/intersection_s0005190.png,intersection,intersection,intersection,1,1782907607.342856,1782907611.8508575,4.5080015659332275,14.005390789068196,3.442
191,/home/htj/resisc45/imgs_full/palace_s0005191.png,palace,church,church,0,1782907611.855271,1782907616.3726594,4.517388343811035,14.019228676904607,3.3548999999999998
192,/home/htj/resisc45/imgs_full/commercial_area_s0005192.png,commercial_area,residential area,,0,1782907616.3769882,1782907621.3660917,4.989103555679321,15.473676004930475,3.345
193,/home/htj/resisc45/imgs_full/mobile_home_park_s0005193.png,mobile_home_park,mobile home park,mobile_home_park,1,1782907621.3676498,1782907626.3533597,4.98570990562439,15.787080448776482,3.543
194,/home/htj/resisc45/imgs_full/palace_s0005194.png,palace,church,church,0,1782907626.3551664,1782907630.8687632,4.513596773147583,14.316843293742288,3.543
195,/home/htj/resisc45/imgs_full/medium_residential_s0005195.png,medium_residential,medium residential,medium_residential,1,1782907630.870401,1782907635.6235814,4.753180503845215,14.7750611608804,3.345
196,/home/htj/resisc45/imgs_full/island_s0005196.png,island,island,island,1,1782907635.6248531,1782907640.3720217,4.74716854095459,15.02793414621468,3.541
197,/home/htj/resisc45/imgs_full/meadow_s0005197.png,meadow,lake,lake,0,1782907640.3763251,1782907644.8922122,4.515887022018433,14.28493607098758,3.543
198,/home/htj/resisc45/imgs_full/lake_s0005198.png,lake,lake,lake,1,1782907644.89677,1782907649.4112515,4.514481544494629,14.179415077897566,3.442
199,/home/htj/resisc45/imgs_full/basketball_court_s0005199.png,basketball_court,basketball court,basketball_court,1,1782907649.4160008,1782907654.4048522,4.988851308822632,15.565846857830028,3.345
200,/home/htj/resisc45/imgs_full/bridge_s0005200.png,bridge,freeway,freeway,0,1782907654.4092007,1782907659.155978,4.746777296066284,15.055082305516517,3.5427
201,/home/htj/resisc45/imgs_full/storage_tank_s0005201.png,storage_tank,storage tank,storage_tank,1,1782907659.1605117,1782907663.9111757,4.750663995742798,14.875645419729763,3.444
202,/home/htj/resisc45/imgs_full/mobile_home_park_s0005202.png,mobile_home_park,medium residential,medium_residential,0,1782907663.9157898,1782907668.668475,4.752685070037842,14.94536218476008,3.444
203,/home/htj/resisc45/imgs_full/mobile_home_park_s0005203.png,mobile_home_park,dense residential,dense_residential,0,1782907668.672974,1782907673.4253373,4.752363204956055,14.958911823885781,3.4436999999999998
204,/home/htj/resisc45/imgs_full/snowberg_s0005204.png,snowberg,mountain,mountain,0,1782907673.4297922,1782907678.177735,4.747942924499512,14.955905803910222,3.5312999999999994
205,/home/htj/resisc45/imgs_full/golf_course_s0005205.png,golf_course,golf course,golf_course,1,1782907678.1818166,1782907683.163444,4.981627464294434,15.784028950230828,3.4454000000000002
206,/home/htj/resisc45/imgs_full/industrial_area_s0005206.png,industrial_area,industrial area,industrial_area,1,1782907683.1679533,1782907688.157159,4.989205837249756,15.838290625870227,3.543
207,/home/htj/resisc45/imgs_full/airplane_s0005207.png,airplane,airport,airport,0,1782907688.1618335,1782907692.6751869,4.51335334777832,14.413079695327372,3.543
208,/home/htj/resisc45/imgs_full/storage_tank_s0005208.png,storage_tank,industrial area,industrial_area,0,1782907692.6796052,1782907697.667627,4.9880218505859375,15.542446752087823,3.4434
209,/home/htj/resisc45/imgs_full/railway_s0005209.png,railway,intersection,intersection,0,1782907697.672069,1782907702.1851807,4.513111591339111,14.610070499062537,3.543
210,/home/htj/resisc45/imgs_full/harbor_s0005210.png,harbor,harbor,harbor,1,1782907702.1894243,1782907706.939635,4.750210762023926,14.85356566411903,3.345
211,/home/htj/resisc45/imgs_full/dense_residential_s0005211.png,dense_residential,dense residential,dense_residential,1,1782907706.944115,1782907711.689091,4.744976043701172,14.932439609527586,3.444
212,/home/htj/resisc45/imgs_full/overpass_s0005212.png,overpass,freeway,freeway,0,1782907711.693124,1782907716.4402764,4.747152328491211,14.993394475385367,3.446
213,/home/htj/resisc45/imgs_full/tennis_court_s0005213.png,tennis_court,tennis court,tennis_court,1,1782907716.4446697,1782907721.42901,4.984340190887451,15.729954599916935,3.4453
214,/home/htj/resisc45/imgs_full/railway_station_s0005214.png,railway_station,industrial area,industrial_area,0,1782907721.433397,1782907726.4203985,4.987001419067383,15.808737176588211,3.543
215,/home/htj/resisc45/imgs_full/church_s0005215.png,church,church,church,1,1782907726.424886,1782907730.9376998,4.5128138065338135,14.525205289146568,3.543
216,/home/htj/resisc45/imgs_full/sea_ice_s0005216.png,sea_ice,sea ice,sea_ice,1,1782907730.9419851,1782907735.6874764,4.74549126625061,14.809604857038885,3.429449999999999
217,/home/htj/resisc45/imgs_full/circular_farmland_s0005217.png,circular_farmland,circular farmland,circular_farmland,1,1782907735.6915731,1782907740.9131699,5.221596717834473,16.321448975908886,3.444
218,/home/htj/resisc45/imgs_full/stadium_s0005218.png,stadium,stadium,stadium,1,1782907740.9177814,1782907745.6623828,4.744601488113403,15.17677971913441,3.543
219,/home/htj/resisc45/imgs_full/lake_s0005219.png,lake,lake,lake,1,1782907745.666199,1782907750.1687193,4.502520322799683,14.214456659078598,3.4442
220,/home/htj/resisc45/imgs_full/river_s0005220.png,river,river,river,1,1782907750.1730678,1782907754.6889195,4.515851736068726,13.971763030663134,3.3499499999999998
221,/home/htj/resisc45/imgs_full/rectangular_farmland_s0005221.png,rectangular_farmland,rectangular farmland,rectangular_farmland,1,1782907754.6930094,1782907759.9132109,5.22020149230957,16.044088509632992,3.442
222,/home/htj/resisc45/imgs_full/wetland_s0005222.png,wetland,lake,lake,0,1782907759.9144819,1782907764.4203274,4.505845546722412,14.491369638455065,3.543
223,/home/htj/resisc45/imgs_full/church_s0005223.png,church,commercial area,commercial_area,0,1782907764.4248369,1782907769.1760468,4.75120997428894,14.655364761415733,3.345
224,/home/htj/resisc45/imgs_full/ship_s0005224.png,ship,storage tank,storage_tank,0,1782907769.1776597,1782907773.930844,4.7531843185424805,14.961100326833272,3.444
225,/home/htj/resisc45/imgs_full/stadium_s0005225.png,stadium,stadium,stadium,1,1782907773.9353247,1782907778.679059,4.743734359741211,14.966939132391689,3.446
226,/home/htj/resisc45/imgs_full/ship_s0005226.png,ship,harbor,harbor,0,1782907778.6834462,1782907783.4295363,4.7460901737213135,15.025778399145747,3.543
227,/home/htj/resisc45/imgs_full/palace_s0005227.png,palace,parking lot,parking_lot,0,1782907783.4337423,1782907788.4156263,4.981884002685547,15.721920115384188,3.442
228,/home/htj/resisc45/imgs_full/baseball_diamond_s0005228.png,baseball_diamond,baseball diamond,baseball_diamond,1,1782907788.419897,1782907793.4021018,4.9822046756744385,15.880634236911249,3.541
229,/home/htj/resisc45/imgs_full/railway_station_s0005229.png,railway_station,airport,airport,0,1782907793.4066682,1782907797.9200187,4.513350486755371,14.340628426986406,3.543
230,/home/htj/resisc45/imgs_full/mobile_home_park_s0005230.png,mobile_home_park,medium residential,medium_residential,0,1782907797.924419,1782907802.674412,4.749993085861206,14.85860788972981,3.4438
231,/home/htj/resisc45/imgs_full/baseball_diamond_s0005231.png,baseball_diamond,baseball diamond,baseball_diamond,1,1782907802.6787076,1782907807.669156,4.990448474884033,15.638023973183198,3.442
232,/home/htj/resisc45/imgs_full/commercial_area_s0005232.png,commercial_area,palace,palace,0,1782907807.6731937,1782907812.4116752,4.738481521606445,15.019159539050365,3.543
233,/home/htj/resisc45/imgs_full/mountain_s0005233.png,mountain,chaparral,chaparral,0,1782907812.4159315,1782907817.3986197,4.9826881885528564,15.675537041187287,3.444
234,/home/htj/resisc45/imgs_full/medium_residential_s0005234.png,medium_residential,dense residential,dense_residential,0,1782907817.403708,1782907822.149923,4.746215105056763,15.021149279336136,3.541
235,/home/htj/resisc45/imgs_full/golf_course_s0005235.png,golf_course,golf course,golf_course,1,1782907822.1541336,1782907827.140275,4.9861414432525635,15.490565976891023,3.442
236,/home/htj/resisc45/imgs_full/forest_s0005236.png,forest,forest,forest,1,1782907827.1450574,1782907831.6607149,4.515657424926758,14.233466523810277,3.5412
237,/home/htj/resisc45/imgs_full/lake_s0005237.png,lake,lake,lake,1,1782907831.6621535,1782907836.1716495,4.509495973587036,14.480105735643,3.545
238,/home/htj/resisc45/imgs_full/meadow_s0005238.png,meadow,forest,forest,0,1782907836.1730478,1782907840.6799242,4.506876468658447,14.16819339073157,3.444
239,/home/htj/resisc45/imgs_full/airplane_s0005239.png,airplane,airport,airport,0,1782907840.6840103,1782907845.1815772,4.4975669384002686,14.057060069129438,3.442
240,/home/htj/resisc45/imgs_full/river_s0005240.png,river,city,,0,1782907845.183235,1782907849.6994536,4.516218662261963,14.121987087593803,3.3528999999999995
241,/home/htj/resisc45/imgs_full/mountain_s0005241.png,mountain,mountain,mountain,1,1782907849.7037046,1782907854.45322,4.7495152950286865,14.710888582317601,3.4271499999999997
242,/home/htj/resisc45/imgs_full/overpass_s0005242.png,overpass,freeway,freeway,0,1782907854.457452,1782907859.2065494,4.7490973472595215,14.917143639903472,3.442
243,/home/htj/resisc45/imgs_full/overpass_s0005243.png,overpass,freeway,freeway,0,1782907859.2108455,1782907863.9608011,4.749955654144287,14.89591815977786,3.442
244,/home/htj/resisc45/imgs_full/meadow_s0005244.png,meadow,circular farmland,circular_farmland,0,1782907863.9647868,1782907869.186166,5.221379280090332,16.423167476052825,3.442
245,/home/htj/resisc45/imgs_full/stadium_s0005245.png,stadium,track field,,0,1782907869.1903925,1782907873.936188,4.745795488357544,15.091400939941407,3.543
246,/home/htj/resisc45/imgs_full/bridge_s0005246.png,bridge,bridge,bridge,1,1782907873.9405708,1782907878.4462206,4.50564980506897,14.18110500989081,3.4538999999999995
247,/home/htj/resisc45/imgs_full/basketball_court_s0005247.png,basketball_court,basketball court,basketball_court,1,1782907878.4503357,1782907883.4370594,4.9867236614227295,15.500040487931532,3.345
248,/home/htj/resisc45/imgs_full/railway_s0005248.png,railway,railway station,railway_station,0,1782907883.4413576,1782907888.4283175,4.986959934234619,15.890345955963792,3.543
249,/home/htj/resisc45/imgs_full/dense_residential_s0005249.png,dense_residential,medium residential,medium_residential,0,1782907888.432804,1782907893.1846287,4.751824617385864,15.097062067525934,3.543
250,/home/htj/resisc45/imgs_full/desert_s0005250.png,desert,sparse residential,sparse_residential,0,1782907893.1887312,1782907897.9370399,4.7483086585998535,14.869045926985285,3.4436999999999998
251,/home/htj/resisc45/imgs_full/ship_s0005251.png,ship,harbor,harbor,0,1782907897.941207,1782907902.6901636,4.748956680297852,14.802726837870587,3.444
252,/home/htj/resisc45/imgs_full/storage_tank_s0005252.png,storage_tank,storage tank,storage_tank,1,1782907902.692144,1782907907.4425228,4.750378847122192,14.876584011744304,3.444
253,/home/htj/resisc45/imgs_full/sparse_residential_s0005253.png,sparse_residential,sparse residential,sparse_residential,1,1782907907.4466386,1782907912.1869016,4.740262985229492,14.865464721679688,3.444
254,/home/htj/resisc45/imgs_full/beach_s0005254.png,beach,lake,lake,0,1782907912.1910574,1782907916.7044725,4.513415098190308,14.3976249101609,3.543
255,/home/htj/resisc45/imgs_full/mobile_home_park_s0005255.png,mobile_home_park,mobile home park,mobile_home_park,1,1782907916.708828,1782907921.6910586,4.9822306632995605,15.574739388570018,3.345
256,/home/htj/resisc45/imgs_full/island_s0005256.png,island,island,island,1,1782907921.6926622,1782907926.438199,4.745536804199219,15.158788281452225,3.543
257,/home/htj/resisc45/imgs_full/cloud_s0005257.png,cloud,forest,forest,0,1782907926.4425628,1782907930.9528086,4.5102458000183105,14.159374317827105,3.4442
258,/home/htj/resisc45/imgs_full/runway_s0005258.png,runway,freeway,freeway,0,1782907930.9571912,1782907935.709288,4.752096652984619,14.857034177501996,3.345
259,/home/htj/resisc45/imgs_full/golf_course_s0005259.png,golf_course,golf course,golf_course,1,1782907935.7134216,1782907940.6918993,4.978477716445923,15.60815710375775,3.444
260,/home/htj/resisc45/imgs_full/meadow_s0005260.png,meadow,chaparral,chaparral,0,1782907940.6959605,1782907945.6817067,4.985746145248413,15.767909297477239,3.541
261,/home/htj/resisc45/imgs_full/medium_residential_s0005261.png,medium_residential,medium residential,medium_residential,1,1782907945.6857147,1782907950.4372885,4.751573801040649,15.053268633470648,3.541
262,/home/htj/resisc45/imgs_full/basketball_court_s0005262.png,basketball_court,basketball court,basketball_court,1,1782907950.4418654,1782907955.4232857,4.981420278549194,15.681911840803322,3.442
263,/home/htj/resisc45/imgs_full/railway_station_s0005263.png,railway_station,railway station,railway_station,1,1782907955.4277885,1782907960.4155416,4.98775315284729,15.765829072182207,3.541
264,/home/htj/resisc45/imgs_full/medium_residential_s0005264.png,medium_residential,sparse residential,sparse_residential,0,1782907960.4199429,1782907965.1690264,4.749083518981934,15.130522873602718,3.541
265,/home/htj/resisc45/imgs_full/palace_s0005265.png,palace,palace,palace,1,1782907965.1735296,1782907969.928289,4.754759311676025,15.113546691601535,3.541
266,/home/htj/resisc45/imgs_full/ship_s0005266.png,ship,ship,ship,1,1782907969.9326482,1782907974.43237,4.4997217655181885,14.218949903527394,3.541
267,/home/htj/resisc45/imgs_full/bridge_s0005267.png,bridge,bridge,bridge,1,1782907974.4343886,1782907978.9334748,4.499086141586304,14.133793688107142,3.444
268,/home/htj/resisc45/imgs_full/sea_ice_s0005268.png,sea_ice,sea ice,sea_ice,1,1782907978.9378252,1782907983.6817646,4.743939399719238,14.731646513019701,3.4322999999999992
269,/home/htj/resisc45/imgs_full/basketball_court_s0005269.png,basketball_court,basketball court,basketball_court,1,1782907983.6835616,1782907988.6601877,4.97662615776062,15.658239172899862,3.4434
270,/home/htj/resisc45/imgs_full/roundabout_s0005270.png,roundabout,roundabout,roundabout,1,1782907988.6645405,1782907993.404559,4.740018367767334,15.055765484571458,3.541
271,/home/htj/resisc45/imgs_full/baseball_diamond_s0005271.png,baseball_diamond,medium residential,medium_residential,0,1782907993.4064336,1782907998.149884,4.743450403213501,14.914608217805267,3.444
272,/home/htj/resisc45/imgs_full/commercial_area_s0005272.png,commercial_area,church,church,0,1782907998.154439,1782908002.676271,4.52183198928833,14.20662305789054,3.541
273,/home/htj/resisc45/imgs_full/bridge_s0005273.png,bridge,bridge,bridge,1,1782908002.6804047,1782908007.1803308,4.4999260902404785,13.973808459619931,3.3528999999999995
274,/home/htj/resisc45/imgs_full/roundabout_s0005274.png,roundabout,roundabout,roundabout,1,1782908007.1848176,1782908011.9278083,4.742990732192993,14.793330949243291,3.432099999999999
275,/home/htj/resisc45/imgs_full/snowberg_s0005275.png,snowberg,forest,forest,0,1782908011.9320185,1782908016.4393737,4.507355213165283,14.127934057326257,3.442
276,/home/htj/resisc45/imgs_full/railway_s0005276.png,railway,industrial area,industrial_area,0,1782908016.4435937,1782908021.4170685,4.973474740982056,15.514725871305357,3.442
277,/home/htj/resisc45/imgs_full/island_s0005277.png,island,sea ice,sea_ice,0,1782908021.4179645,1782908026.1500382,4.732073783874512,14.895599051705327,3.5408000000000004
278,/home/htj/resisc45/imgs_full/parking_lot_s0005278.png,parking_lot,parking lot,parking_lot,1,1782908026.1540322,1782908031.1229923,4.9689600467681885,15.479224377415646,3.442
279,/home/htj/resisc45/imgs_full/parking_lot_s0005279.png,parking_lot,parking lot,parking_lot,1,1782908031.1274724,1782908036.107701,4.980228662490845,15.876968976020814,3.543
280,/home/htj/resisc45/imgs_full/baseball_diamond_s0005280.png,baseball_diamond,baseball diamond,baseball_diamond,1,1782908036.1114955,1782908041.0866709,4.975175380706787,15.785316508199976,3.5424
281,/home/htj/resisc45/imgs_full/island_s0005281.png,island,island,island,1,1782908041.0878346,1782908045.8226964,4.734861850738525,15.07038071256086,3.541
282,/home/htj/resisc45/imgs_full/railway_station_s0005282.png,railway_station,railway station,railway_station,1,1782908045.8269393,1782908050.811337,4.984397649765015,15.66315450878801,3.444
283,/home/htj/resisc45/imgs_full/dense_residential_s0005283.png,dense_residential,medium residential,medium_residential,0,1782908050.81584,1782908055.5596106,4.743770599365234,15.009175868666315,3.541
284,/home/htj/resisc45/imgs_full/church_s0005284.png,church,church,church,1,1782908055.5636716,1782908060.063697,4.500025510787964,14.173884149669092,3.444
285,/home/htj/resisc45/imgs_full/storage_tank_s0005285.png,storage_tank,storage tank,storage_tank,1,1782908060.0680559,1782908064.80934,4.741284132003784,14.637829337031008,3.343
286,/home/htj/resisc45/imgs_full/terrace_s0005286.png,terrace,circular farmland,circular_farmland,0,1782908064.8136125,1782908070.0277495,5.214137077331543,16.44601862220974,3.444
287,/home/htj/resisc45/imgs_full/church_s0005287.png,church,church,church,1,1782908070.0324166,1782908074.5400183,4.507601737976074,14.436878376489952,3.541
288,/home/htj/resisc45/imgs_full/storage_tank_s0005288.png,storage_tank,storage tank,storage_tank,1,1782908074.5444381,1782908079.2853246,4.740886449813843,14.717253756296206,3.343
289,/home/htj/resisc45/imgs_full/circular_farmland_s0005289.png,circular_farmland,storage tank,storage_tank,0,1782908079.2902312,1782908084.0319586,4.741727352142334,14.89116895286242,3.444
290,/home/htj/resisc45/imgs_full/palace_s0005290.png,palace,church,church,0,1782908084.0367303,1782908088.5437744,4.507044076919556,14.211908049535149,3.4518999999999997
291,/home/htj/resisc45/imgs_full/intersection_s0005291.png,intersection,residential area,,0,1782908088.5483274,1782908093.5299819,4.981654405593872,15.51991484766171,3.4109000000000003
292,/home/htj/resisc45/imgs_full/cloud_s0005292.png,cloud,chaparral,chaparral,0,1782908093.5348454,1782908098.5121632,4.977317810058594,15.660014883633318,3.541
293,/home/htj/resisc45/imgs_full/medium_residential_s0005293.png,medium_residential,medium residential,medium_residential,1,1782908098.517065,1782908103.2688901,4.7518250942230225,15.006037370170864,3.541
294,/home/htj/resisc45/imgs_full/snowberg_s0005294.png,snowberg,forest,forest,0,1782908103.2737467,1782908107.794513,4.520766258239746,14.290199367185183,3.4518999999999997
295,/home/htj/resisc45/imgs_full/overpass_s0005295.png,overpass,freeway,freeway,0,1782908107.7988737,1782908112.538563,4.739689350128174,14.717135164984738,3.343
296,/home/htj/resisc45/imgs_full/lake_s0005296.png,lake,lake,lake,1,1782908112.5425465,1782908117.041127,4.498580455780029,14.139436980911448,3.4421999999999997
297,/home/htj/resisc45/imgs_full/commercial_area_s0005297.png,commercial_area,dense residential,dense_residential,0,1782908117.0459993,1782908121.7965844,4.750585079193115,14.728817004266991,3.343
298,/home/htj/resisc45/imgs_full/beach_s0005298.png,beach,beach,beach,1,1782908121.8007548,1782908126.5509913,4.750236511230469,14.932425023487635,3.442
299,/home/htj/resisc45/imgs_full/sparse_residential_s0005299.png,sparse_residential,circular farmland,circular_farmland,0,1782908126.5554404,1782908131.7632933,5.207852840423584,16.309793284012724,3.442
300,/home/htj/resisc45/imgs_full/circular_farmland_s0005300.png,circular_farmland,rectangular farmland,rectangular_farmland,0,1782908131.7678695,1782908136.9961212,5.228251695632935,16.851280332075515,3.541
301,/home/htj/resisc45/imgs_full/bridge_s0005301.png,bridge,bridge,bridge,1,1782908137.0003076,1782908141.5021136,4.501806020736694,14.47740926848484,3.541
302,/home/htj/resisc45/imgs_full/commercial_area_s0005302.png,commercial_area,commercial area,commercial_area,1,1782908141.5069063,1782908146.245935,4.739028692245483,14.91178200563465,3.442
303,/home/htj/resisc45/imgs_full/golf_course_s0005303.png,golf_course,golf course,golf_course,1,1782908146.250487,1782908151.2304554,4.979968309402466,15.711227606014274,3.444
304,/home/htj/resisc45/imgs_full/ship_s0005304.png,ship,airport,airport,0,1782908151.2351449,1782908155.7406566,4.50551176071167,14.396364774951453,3.543
305,/home/htj/resisc45/imgs_full/forest_s0005305.png,forest,forest,forest,1,1782908155.7452,1782908160.255381,4.510181188583374,14.069024945126305,3.442
306,/home/htj/resisc45/imgs_full/airplane_s0005306.png,airplane,airport,airport,0,1782908160.2599955,1782908164.7605863,4.500590801239014,13.94892603914647,3.442
307,/home/htj/resisc45/imgs_full/commercial_area_s0005307.png,commercial_area,commercial area,commercial_area,1,1782908164.7647986,1782908169.5147505,4.7499518394470215,14.699841919709401,3.343
308,/home/htj/resisc45/imgs_full/mobile_home_park_s0005308.png,mobile_home_park,mobile home park,mobile_home_park,1,1782908169.519459,1782908174.497025,4.9775660037994385,15.610905682766575,3.442
309,/home/htj/resisc45/imgs_full/island_s0005309.png,island,island,island,1,1782908174.50118,1782908179.232662,4.731482028961182,14.897498711741115,3.5408000000000004
310,/home/htj/resisc45/imgs_full/intersection_s0005310.png,intersection,intersection,intersection,1,1782908179.2352316,1782908183.7407377,4.5055060386657715,14.095447126104862,3.4518999999999997
311,/home/htj/resisc45/imgs_full/basketball_court_s0005311.png,basketball_court,basketball court,basketball_court,1,1782908183.7456625,1782908188.7344384,4.988775968551636,15.521515594476941,3.4123
312,/home/htj/resisc45/imgs_full/mobile_home_park_s0005312.png,mobile_home_park,medium residential,medium_residential,0,1782908188.7392776,1782908193.4921312,4.752853631973267,15.016980539764676,3.541
313,/home/htj/resisc45/imgs_full/river_s0005313.png,river,river,river,1,1782908193.4969153,1782908198.0043051,4.507389783859253,14.25915610902219,3.541
314,/home/htj/resisc45/imgs_full/rectangular_farmland_s0005314.png,rectangular_farmland,rectangular farmland,rectangular_farmland,1,1782908198.0083568,1782908203.215861,5.2075042724609375,16.3093311281309,3.3925
315,/home/htj/resisc45/imgs_full/palace_s0005315.png,palace,palace,palace,1,1782908203.2205036,1782908207.975862,4.755358457565308,15.209756205883371,3.541
316,/home/htj/resisc45/imgs_full/mobile_home_park_s0005316.png,mobile_home_park,medium residential,medium_residential,0,1782908207.9777,1782908212.7226536,4.744953632354736,14.94519175333636,3.442
317,/home/htj/resisc45/imgs_full/desert_s0005317.png,desert,sparse residential,sparse_residential,0,1782908212.7270439,1782908217.4637022,4.736658334732056,14.904494666047842,3.444
318,/home/htj/resisc45/imgs_full/forest_s0005318.png,forest,forest,forest,1,1782908217.4677253,1782908221.983201,4.515475749969482,14.369158363137064,3.541
319,/home/htj/resisc45/imgs_full/mobile_home_park_s0005319.png,mobile_home_park,medium residential,medium_residential,0,1782908221.9878469,1782908226.741225,4.75337815284729,14.67871808407393,3.343
320,/home/htj/resisc45/imgs_full/storage_tank_s0005320.png,storage_tank,storage tank,storage_tank,1,1782908226.745785,1782908231.4843116,4.7385265827178955,14.66756667532691,3.442
321,/home/htj/resisc45/imgs_full/railway_s0005321.png,railway,railway station,railway_station,0,1782908231.4894233,1782908236.46527,4.975846767425537,15.488510481590575,3.444
322,/home/htj/resisc45/imgs_full/forest_s0005322.png,forest,forest,forest,1,1782908236.4700284,1782908240.983324,4.513295650482178,14.2265934542161,3.543
323,/home/htj/resisc45/imgs_full/mobile_home_park_s0005323.png,mobile_home_park,mobile home park,mobile_home_park,1,1782908240.9880593,1782908245.9686625,4.980603218078613,15.321594961692547,3.4129
324,/home/htj/resisc45/imgs_full/commercial_area_s0005324.png,commercial_area,commercial area,commercial_area,1,1782908245.9731886,1782908250.7123377,4.73914909362793,14.8475257176089,3.541
325,/home/htj/resisc45/imgs_full/island_s0005325.png,island,island,island,1,1782908250.716757,1782908255.464718,4.747961044311523,14.737105848085312,3.442
326,/home/htj/resisc45/imgs_full/island_s0005326.png,island,island,island,1,1782908255.4689803,1782908260.2167118,4.747731447219849,14.718139091132635,3.444
327,/home/htj/resisc45/imgs_full/airplane_s0005327.png,airplane,airport,airport,0,1782908260.2186315,1782908264.7235029,4.504871368408203,14.156301668625844,3.4538999999999995
328,/home/htj/resisc45/imgs_full/mountain_s0005328.png,mountain,chaparral,chaparral,0,1782908264.7282412,1782908269.7030375,4.974796295166016,15.341985866458936,3.343
329,/home/htj/resisc45/imgs_full/terrace_s0005329.png,terrace,rectangular farmland,rectangular_farmland,0,1782908269.707243,1782908274.9296129,5.222369909286499,16.47879089452132,3.541
330,/home/htj/resisc45/imgs_full/baseball_diamond_s0005330.png,baseball_diamond,golf course,golf_course,0,1782908274.9338953,1782908279.9105566,4.976661205291748,15.80112813881074,3.541
331,/home/htj/resisc45/imgs_full/baseball_diamond_s0005331.png,baseball_diamond,baseball diamond,baseball_diamond,1,1782908279.9151576,1782908284.8917794,4.976621866226196,15.730186478338021,3.543
332,/home/htj/resisc45/imgs_full/island_s0005332.png,island,island,island,1,1782908284.8959572,1782908289.6445656,4.748608350753784,15.128265235418297,3.543
333,/home/htj/resisc45/imgs_full/overpass_s0005333.png,overpass,freeway,freeway,0,1782908289.6494367,1782908294.3993666,4.749929904937744,14.934294673764562,3.442
334,/home/htj/resisc45/imgs_full/dense_residential_s0005334.png,dense_residential,dense residential,dense_residential,1,1782908294.404188,1782908299.143344,4.739156007766724,14.898650326585196,3.444
335,/home/htj/resisc45/imgs_full/circular_farmland_s0005335.png,circular_farmland,circular farmland,circular_farmland,1,1782908299.1480668,1782908304.3589163,5.2108495235443115,16.408564315062304,3.444
336,/home/htj/resisc45/imgs_full/storage_tank_s0005336.png,storage_tank,storage tank,storage_tank,1,1782908304.3637416,1782908309.1136835,4.749941825866699,15.24821801185608,3.543
337,/home/htj/resisc45/imgs_full/island_s0005337.png,island,island,island,1,1782908309.1181698,1782908313.8629136,4.744743824005127,14.956633010617223,3.4438
338,/home/htj/resisc45/imgs_full/thermal_power_station_s0005338.png,thermal_power_station,industrial area,industrial_area,0,1782908313.8677511,1782908318.8509042,4.9831531047821045,15.618347382824997,3.442
339,/home/htj/resisc45/imgs_full/storage_tank_s0005339.png,storage_tank,storage tank,storage_tank,1,1782908318.8556082,1782908323.6098154,4.754207134246826,14.994203324374698,3.541
340,/home/htj/resisc45/imgs_full/tennis_court_s0005340.png,tennis_court,dense residential,dense_residential,0,1782908323.6118913,1782908328.365438,4.753546714782715,14.843321882615605,3.444
341,/home/htj/resisc45/imgs_full/forest_s0005341.png,forest,forest,forest,1,1782908328.3701556,1782908332.8832645,4.513108968734741,14.048394172285176,3.4538999999999995
342,/home/htj/resisc45/imgs_full/railway_s0005342.png,railway,railway,railway,1,1782908332.8853295,1782908337.6292784,4.743948936462402,14.788260579224092,3.432099999999999
343,/home/htj/resisc45/imgs_full/airport_s0005343.png,airport,airport,airport,1,1782908337.6335235,1782908342.1446464,4.511122941970825,14.170236600239065,3.444
344,/home/htj/resisc45/imgs_full/mountain_s0005344.png,mountain,mountain,mountain,1,1782908342.1464982,1782908346.8935225,4.747024297714233,14.807268565033164,3.3447
345,/home/htj/resisc45/imgs_full/storage_tank_s0005345.png,storage_tank,industrial area,industrial_area,0,1782908346.8978035,1782908351.884711,4.986907482147217,15.686862032462813,3.442
346,/home/htj/resisc45/imgs_full/basketball_court_s0005346.png,basketball_court,basketball court,basketball_court,1,1782908351.8895435,1782908356.8836672,4.994123697280884,15.916612731668083,3.543
347,/home/htj/resisc45/imgs_full/basketball_court_s0005347.png,basketball_court,basketball court,basketball_court,1,1782908356.8878963,1782908361.877836,4.9899396896362305,15.80067270504743,3.543
348,/home/htj/resisc45/imgs_full/palace_s0005348.png,palace,church,church,0,1782908361.8825853,1782908366.402341,4.519755601882935,14.244574748784304,3.541
349,/home/htj/resisc45/imgs_full/baseball_diamond_s0005349.png,baseball_diamond,baseball diamond,baseball_diamond,1,1782908366.407083,1782908371.385149,4.9780659675598145,15.383139346144667,3.345
350,/home/htj/resisc45/imgs_full/mountain_s0005350.png,mountain,circular farmland,circular_farmland,0,1782908371.3895426,1782908376.6140501,5.224507570266724,16.67059988632569,3.543
351,/home/htj/resisc45/imgs_full/thermal_power_station_s0005351.png,thermal_power_station,industrial area,industrial_area,0,1782908376.6185415,1782908381.5997605,4.981219053268433,15.861976382740613,3.541
352,/home/htj/resisc45/imgs_full/stadium_s0005352.png,stadium,stadium,stadium,1,1782908381.6042862,1782908386.3471892,4.742902994155884,14.983744853091526,3.541
353,/home/htj/resisc45/imgs_full/cloud_s0005353.png,cloud,cloud,cloud,1,1782908386.3515823,1782908390.8686357,4.5170533657073975,14.223229024470607,3.5412
354,/home/htj/resisc45/imgs_full/bridge_s0005354.png,bridge,bridge,bridge,1,1782908390.8733187,1782908395.3876762,4.514357566833496,13.994337025883832,3.3528999999999995
355,/home/htj/resisc45/imgs_full/dense_residential_s0005355.png,dense_residential,dense residential,dense_residential,1,1782908395.3925078,1782908400.1499658,4.757457971572876,14.855420450704644,3.343
356,/home/htj/resisc45/imgs_full/wetland_s0005356.png,wetland,dense residential,dense_residential,0,1782908400.1547425,1782908404.8969939,4.742251396179199,14.958203614728998,3.442
357,/home/htj/resisc45/imgs_full/beach_s0005357.png,beach,beach,beach,1,1782908404.9010465,1782908409.654324,4.753277540206909,14.950890452881895,3.4438
358,/home/htj/resisc45/imgs_full/baseball_diamond_s0005358.png,baseball_diamond,baseball diamond,baseball_diamond,1,1782908409.656167,1782908414.6357381,4.979571104049683,15.545881470631468,3.4433000000000002
359,/home/htj/resisc45/imgs_full/intersection_s0005359.png,intersection,intersection,intersection,1,1782908414.640452,1782908419.1426623,4.502210378646851,14.136541658917562,3.541
360,/home/htj/resisc45/imgs_full/commercial_area_s0005360.png,commercial_area,dense residential,dense_residential,0,1782908419.1469033,1782908423.8982317,4.751328468322754,14.808574202572007,3.343
361,/home/htj/resisc45/imgs_full/meadow_s0005361.png,meadow,meadow,meadow,1,1782908423.903002,1782908428.6559057,4.752903699874878,14.996670978905206,3.444
362,/home/htj/resisc45/imgs_full/tennis_court_s0005362.png,tennis_court,golf course,golf_course,0,1782908428.6609035,1782908433.6501663,4.989262819290161,15.818457768559457,3.444
363,/home/htj/resisc45/imgs_full/palace_s0005363.png,palace,palace,palace,1,1782908433.6524372,1782908438.4060721,4.753634929656982,15.55606985281749,3.644
364,/home/htj/resisc45/imgs_full/storage_tank_s0005364.png,storage_tank,storage tank,storage_tank,1,1782908438.41073,1782908443.1667023,4.755972385406494,15.035214034398397,3.5281499999999997
365,/home/htj/resisc45/imgs_full/ship_s0005365.png,ship,ship,ship,1,1782908443.1711032,1782908447.6725314,4.501428127288818,14.13214813546893,3.4421999999999997
366,/home/htj/resisc45/imgs_full/wetland_s0005366.png,wetland,lake,lake,0,1782908447.6743994,1782908452.177173,4.5027735233306885,14.060565793631953,3.442
367,/home/htj/resisc45/imgs_full/railway_s0005367.png,railway,railway station,railway_station,0,1782908452.1818995,1782908457.1638632,4.981963634490967,15.415627083860596,3.341
368,/home/htj/resisc45/imgs_full/runway_s0005368.png,runway,runway,runway,1,1782908457.1679535,1782908461.9182673,4.750313758850098,14.826072637546494,3.541
369,/home/htj/resisc45/imgs_full/island_s0005369.png,island,island,island,1,1782908461.9224944,1782908466.6701016,4.747607231140137,14.873853054552194,3.442
370,/home/htj/resisc45/imgs_full/mobile_home_park_s0005370.png,mobile_home_park,medium residential,medium_residential,0,1782908466.6750908,1782908471.4328613,4.757770538330078,14.857657553155738,3.442
371,/home/htj/resisc45/imgs_full/sea_ice_s0005371.png,sea_ice,sea ice,sea_ice,1,1782908471.437373,1782908476.1925333,4.755160331726074,14.76775196660283,3.442
372,/home/htj/resisc45/imgs_full/forest_s0005372.png,forest,forest,forest,1,1782908476.195185,1782908480.702276,4.507091045379639,13.971240567466879,3.442
373,/home/htj/resisc45/imgs_full/meadow_s0005373.png,meadow,forest,forest,0,1782908480.7068806,1782908485.2078936,4.5010130405426025,13.883460185826578,3.3546999999999993
374,/home/htj/resisc45/imgs_full/medium_residential_s0005374.png,medium_residential,sparse residential,sparse_residential,0,1782908485.2127447,1782908489.9534678,4.740723133087158,14.799452395720655,3.3448
375,/home/htj/resisc45/imgs_full/runway_s0005375.png,runway,runway,runway,1,1782908489.9574401,1782908494.7073755,4.7499353885650635,15.022843843149852,3.444
376,/home/htj/resisc45/imgs_full/cloud_s0005376.png,cloud,forest,forest,0,1782908494.7118702,1782908499.2218,4.509929895401001,14.106204397011405,3.444
377,/home/htj/resisc45/imgs_full/chaparral_s0005377.png,chaparral,sparse residential,sparse_residential,0,1782908499.2266836,1782908503.9834964,4.756812810897827,14.627142082513096,3.343
378,/home/htj/resisc45/imgs_full/forest_s0005378.png,forest,forest,forest,1,1782908503.9880548,1782908508.5063343,4.518279552459717,13.959337634313107,3.4421
379,/home/htj/resisc45/imgs_full/ship_s0005379.png,ship,harbor,harbor,0,1782908508.5105348,1782908513.2552228,4.744688034057617,14.643422066171487,3.432099999999999
380,/home/htj/resisc45/imgs_full/cloud_s0005380.png,cloud,cloud,cloud,1,1782908513.2594545,1782908517.7673707,4.507916212081909,13.955995032530797,3.444
381,/home/htj/resisc45/imgs_full/palace_s0005381.png,palace,dense residential,dense_residential,0,1782908517.7720716,1782908522.519819,4.747747421264648,14.62512132143687,3.442
382,/home/htj/resisc45/imgs_full/freeway_s0005382.png,freeway,freeway,freeway,1,1782908522.5243745,1782908527.284244,4.759869575500488,14.69502067719187,3.4436999999999998
383,/home/htj/resisc45/imgs_full/runway_s0005383.png,runway,runway,runway,1,1782908527.288336,1782908532.0327744,4.744438409805298,14.696269526777497,3.444
384,/home/htj/resisc45/imgs_full/rectangular_farmland_s0005384.png,rectangular_farmland,rectangular farmland,rectangular_farmland,1,1782908532.0369136,1782908537.2605968,5.22368311882019,16.164888322078262,3.443
385,/home/htj/resisc45/imgs_full/railway_station_s0005385.png,railway_station,railway station,railway_station,1,1782908537.2653856,1782908542.2555883,4.9902026653289795,15.688910386537684,3.543
386,/home/htj/resisc45/imgs_full/railway_station_s0005386.png,railway_station,railway station,railway_station,1,1782908542.260138,1782908547.2357507,4.975612640380859,15.518993016297788,3.543
387,/home/htj/resisc45/imgs_full/golf_course_s0005387.png,golf_course,golf course,golf_course,1,1782908547.239651,1782908552.2200992,4.980448246002197,15.58201148965142,3.543
388,/home/htj/resisc45/imgs_full/dense_residential_s0005388.png,dense_residential,dense residential,dense_residential,1,1782908552.2249758,1782908556.9660282,4.7410523891448975,14.83206823331764,3.543
389,/home/htj/resisc45/imgs_full/meadow_s0005389.png,meadow,forest,forest,0,1782908556.9706097,1782908561.4772196,4.506609916687012,13.934095588225352,3.4421999999999997
390,/home/htj/resisc45/imgs_full/runway_s0005390.png,runway,roundabout,roundabout,0,1782908561.4814084,1782908566.2223787,4.7409703731536865,14.6259507213041,3.343
391,/home/htj/resisc45/imgs_full/storage_tank_s0005391.png,storage_tank,storage tank,storage_tank,1,1782908566.2270207,1782908570.9791675,4.7521467208862305,14.732112872985471,3.442
392,/home/htj/resisc45/imgs_full/dense_residential_s0005392.png,dense_residential,medium residential,medium_residential,0,1782908570.9838395,1782908575.743209,4.759369373321533,14.780278248009227,3.444
393,/home/htj/resisc45/imgs_full/mobile_home_park_s0005393.png,mobile_home_park,medium residential,medium_residential,0,1782908575.7475631,1782908580.4892108,4.741647720336914,14.75103754482499,3.444
394,/home/htj/resisc45/imgs_full/airport_s0005394.png,airport,airport,airport,1,1782908580.4938178,1782908584.9986198,4.504801988601685,14.09427092051506,3.4538999999999995
395,/home/htj/resisc45/imgs_full/railway_station_s0005395.png,railway_station,airport,airport,0,1782908585.0030067,1782908589.5046647,4.501657962799072,13.891717592112625,3.4402
396,/home/htj/resisc45/imgs_full/lake_s0005396.png,lake,lake,lake,1,1782908589.5092359,1782908594.017182,4.507946252822876,13.922649345316465,3.4421999999999997
397,/home/htj/resisc45/imgs_full/beach_s0005397.png,beach,island,island,0,1782908594.0193808,1782908598.7617865,4.742405652999878,14.652376482661948,3.442
398,/home/htj/resisc45/imgs_full/palace_s0005398.png,palace,palace,palace,1,1782908598.766177,1782908603.5171406,4.7509636878967285,14.880533435229795,3.531099999999999
399,/home/htj/resisc45/imgs_full/railway_station_s0005399.png,railway_station,airport,airport,0,1782908603.5218263,1782908608.031817,4.509990692138672,13.968525854859172,3.442
400,/home/htj/resisc45/imgs_full/freeway_s0005400.png,freeway,freeway,freeway,1,1782908608.0364208,1782908612.7844193,4.747998476028442,14.920041765310678,3.343
401,/home/htj/resisc45/imgs_full/parking_lot_s0005401.png,parking_lot,parking lot,parking_lot,1,1782908612.788995,1782908617.7673979,4.978402853012085,15.568324066688273,3.5133
402,/home/htj/resisc45/imgs_full/commercial_area_s0005402.png,commercial_area,commercial area,commercial_area,1,1782908617.772165,1782908622.5175323,4.7453672885894775,14.94281855316909,3.541
403,/home/htj/resisc45/imgs_full/overpass_s0005403.png,overpass,roundabout,roundabout,0,1782908622.5223248,1782908627.2728338,4.750509023666382,15.0095160286682,3.442
404,/home/htj/resisc45/imgs_full/meadow_s0005404.png,meadow,parking lot,parking_lot,0,1782908627.277346,1782908632.2564685,4.979122638702393,15.570403266758754,3.444
405,/home/htj/resisc45/imgs_full/bridge_s0005405.png,bridge,bridge,bridge,1,1782908632.2609756,1782908636.7744515,4.5134758949279785,14.299891419863398,3.541
406,/home/htj/resisc45/imgs_full/cloud_s0005406.png,cloud,cloud,cloud,1,1782908636.7789917,1782908641.2861385,4.507146835327148,13.993721031333827,3.3528999999999995
407,/home/htj/resisc45/imgs_full/meadow_s0005407.png,meadow,meadow,meadow,1,1782908641.290529,1782908646.0389426,4.748413562774658,14.7525295372804,3.4271499999999997
408,/home/htj/resisc45/imgs_full/intersection_s0005408.png,intersection,commercial area,commercial_area,0,1782908646.0436206,1782908650.788323,4.744702339172363,14.820906650187021,3.442
409,/home/htj/resisc45/imgs_full/cloud_s0005409.png,cloud,cloud,cloud,1,1782908650.7927155,1782908655.2954123,4.502696752548218,14.100907332622553,3.4421999999999997
410,/home/htj/resisc45/imgs_full/palace_s0005410.png,palace,palace,palace,1,1782908655.3000307,1782908660.0516264,4.751595735549927,14.674187090488802,3.3448
411,/home/htj/resisc45/imgs_full/desert_s0005411.png,desert,desert,desert,1,1782908660.0559967,1782908664.7935033,4.737506628036499,14.890839507815349,3.442
412,/home/htj/resisc45/imgs_full/stadium_s0005412.png,stadium,track field,,0,1782908664.7978377,1782908669.5503168,4.752479076385498,14.959163395637558,3.442
413,/home/htj/resisc45/imgs_full/runway_s0005413.png,runway,runway,runway,1,1782908669.5548842,1782908674.2955694,4.740685224533081,14.806016706558594,3.442
414,/home/htj/resisc45/imgs_full/commercial_area_s0005414.png,commercial_area,commercial area,commercial_area,1,1782908674.2998068,1782908679.05327,4.753463268280029,14.899873791028217,3.442
415,/home/htj/resisc45/imgs_full/circular_farmland_s0005415.png,circular_farmland,circular farmland,circular_farmland,1,1782908679.0575483,1782908684.2712026,5.213654279708862,16.32229005554744,3.442
416,/home/htj/resisc45/imgs_full/desert_s0005416.png,desert,chaparral,chaparral,0,1782908684.2756119,1782908689.2568069,4.981194972991943,15.8070493027424,3.541
417,/home/htj/resisc45/imgs_full/basketball_court_s0005417.png,basketball_court,basketball court,basketball_court,1,1782908689.2613063,1782908694.2493908,4.988084554672241,15.861879546636823,3.539
418,/home/htj/resisc45/imgs_full/bridge_s0005418.png,bridge,bridge,bridge,1,1782908694.2537763,1782908698.7559624,4.502186059951782,14.270163129441345,3.541
419,/home/htj/resisc45/imgs_full/intersection_s0005419.png,intersection,intersection,intersection,1,1782908698.7603807,1782908703.277385,4.5170042514801025,14.101974348014593,3.34795
420,/home/htj/resisc45/imgs_full/airport_s0005420.png,airport,airport,airport,1,1782908703.2818527,1782908707.7831414,4.501288652420044,13.993063699651987,3.444
421,/home/htj/resisc45/imgs_full/wetland_s0005421.png,wetland,forest,forest,0,1782908707.787524,1782908712.3014915,4.513967514038086,13.904905524603928,3.3528999999999995
422,/home/htj/resisc45/imgs_full/commercial_area_s0005422.png,commercial_area,commercial area,commercial_area,1,1782908712.3058631,1782908717.0477283,4.741865158081055,14.657105203628541,3.343
423,/home/htj/resisc45/imgs_full/ship_s0005423.png,ship,ship,ship,1,1782908717.0519917,1782908721.5558014,4.503809690475464,13.995788149024866,3.444
424,/home/htj/resisc45/imgs_full/stadium_s0005424.png,stadium,basketball court,basketball_court,0,1782908721.5599444,1782908726.5482466,4.988302230834961,15.338455991744995,3.343
425,/home/htj/resisc45/imgs_full/freeway_s0005425.png,freeway,freeway,freeway,1,1782908726.5529022,1782908731.2970915,4.744189262390137,14.798594748928432,3.543
426,/home/htj/resisc45/imgs_full/desert_s0005426.png,desert,chaparral,chaparral,0,1782908731.3016286,1782908736.2869432,4.985314607620239,15.604951561319417,3.543
427,/home/htj/resisc45/imgs_full/railway_s0005427.png,railway,railway,railway,1,1782908736.2913918,1782908741.035582,4.744190216064453,15.184552431910872,3.545
428,/home/htj/resisc45/imgs_full/airport_s0005428.png,airport,airport,airport,1,1782908741.0397065,1782908745.5545826,4.514876127243042,14.11784619889682,3.442
429,/home/htj/resisc45/imgs_full/bridge_s0005429.png,bridge,freeway,freeway,0,1782908745.5591702,1782908750.3059983,4.746828079223633,14.731780943870545,3.442
430,/home/htj/resisc45/imgs_full/snowberg_s0005430.png,snowberg,snowberg,snowberg,1,1782908750.3104591,1782908755.0495527,4.739093542098999,14.779120149842228,3.442
431,/home/htj/resisc45/imgs_full/roundabout_s0005431.png,roundabout,roundabout,roundabout,1,1782908755.0540063,1782908759.8047822,4.7507758140563965,14.849093570330055,3.444
432,/home/htj/resisc45/imgs_full/meadow_s0005432.png,meadow,runway,runway,0,1782908759.8091645,1782908764.5467403,4.7375757694244385,14.814513589442495,3.4438
433,/home/htj/resisc45/imgs_full/chaparral_s0005433.png,chaparral,chaparral,chaparral,1,1782908764.551503,1782908769.54308,4.9915771484375,15.47071270197088,3.4433000000000002
434,/home/htj/resisc45/imgs_full/overpass_s0005434.png,overpass,freeway,freeway,0,1782908769.547953,1782908774.2966542,4.748701333999634,14.83379870203317,3.541
435,/home/htj/resisc45/imgs_full/desert_s0005435.png,desert,sparse residential,sparse_residential,0,1782908774.300851,1782908779.0486865,4.747835397720337,14.73281925330679,3.444
436,/home/htj/resisc45/imgs_full/stadium_s0005436.png,stadium,stadium,stadium,1,1782908779.0533104,1782908783.8036866,4.750376224517822,14.713159313485734,3.4436999999999998
437,/home/htj/resisc45/imgs_full/sparse_residential_s0005437.png,sparse_residential,church,church,0,1782908783.8082395,1782908788.318659,4.510419607162476,14.077305063549474,3.541
438,/home/htj/resisc45/imgs_full/overpass_s0005438.png,overpass,freeway,freeway,0,1782908788.3235996,1782908793.075242,4.751642465591431,14.704043482829288,3.343
439,/home/htj/resisc45/imgs_full/basketball_court_s0005439.png,basketball_court,basketball court,basketball_court,1,1782908793.0771842,1782908798.0527306,4.975546360015869,15.441293582274996,3.442
440,/home/htj/resisc45/imgs_full/parking_lot_s0005440.png,parking_lot,intersection,intersection,0,1782908798.0551367,1782908802.5694482,4.5143115520477295,14.118480807437171,3.5412
441,/home/htj/resisc45/imgs_full/sea_ice_s0005441.png,sea_ice,cloud,cloud,0,1782908802.5742197,1782908807.083915,4.509695291519165,13.881355870050719,3.3546999999999993
442,/home/htj/resisc45/imgs_full/desert_s0005442.png,desert,sparse residential,sparse_residential,0,1782908807.087959,1782908811.8363085,4.74834942817688,14.647456596311315,3.4322999999999992
443,/home/htj/resisc45/imgs_full/ground_track_field_s0005443.png,ground_track_field,ground track field,ground_track_field,1,1782908811.840896,1782908816.831426,4.990530014038086,15.468750083857568,3.442
444,/home/htj/resisc45/imgs_full/sparse_residential_s0005444.png,sparse_residential,dense residential,dense_residential,0,1782908816.8360543,1782908821.5803142,4.744259834289551,14.853260914053235,3.541
445,/home/htj/resisc45/imgs_full/rectangular_farmland_s0005445.png,rectangular_farmland,rectangular farmland,rectangular_farmland,1,1782908821.5844395,1782908826.8038092,5.219369649887085,16.19685113780839,3.442
446,/home/htj/resisc45/imgs_full/river_s0005446.png,river,river,river,1,1782908826.8084917,1782908831.3137753,4.50528359413147,14.312430544961858,3.541
447,/home/htj/resisc45/imgs_full/stadium_s0005447.png,stadium,stadium,stadium,1,1782908831.3178844,1782908836.0728354,4.754951000213623,14.556337225810593,3.3428
448,/home/htj/resisc45/imgs_full/river_s0005448.png,river,dense residential,dense_residential,0,1782908836.077468,1782908840.8224866,4.745018720626831,14.775473775929715,3.442
449,/home/htj/resisc45/imgs_full/cloud_s0005449.png,cloud,cloud,cloud,1,1782908840.8269255,1782908845.337701,4.510775566101074,14.063741738729838,3.442
450,/home/htj/resisc45/imgs_full/medium_residential_s0005450.png,medium_residential,medium residential,medium_residential,1,1782908845.3425405,1782908850.097202,4.754661560058594,14.568626730493753,3.4302999999999995
451,/home/htj/resisc45/imgs_full/sea_ice_s0005451.png,sea_ice,cloud,cloud,0,1782908850.101643,1782908854.6102607,4.508617639541626,14.049194991467873,3.442
452,/home/htj/resisc45/imgs_full/railway_station_s0005452.png,railway_station,storage tank,storage_tank,0,1782908854.614525,1782908859.3634965,4.748971462249756,14.617956049924803,3.343
453,/home/htj/resisc45/imgs_full/chaparral_s0005453.png,chaparral,chaparral,chaparral,1,1782908859.3681698,1782908864.3470614,4.978891611099243,15.343856601262916,3.44
454,/home/htj/resisc45/imgs_full/freeway_s0005454.png,freeway,runway,runway,0,1782908864.3491075,1782908869.103686,4.754578590393066,14.87890949988078,3.539
455,/home/htj/resisc45/imgs_full/circular_farmland_s0005455.png,circular_farmland,circular farmland,circular_farmland,1,1782908869.1084673,1782908874.331008,5.222540616989136,16.08707133595581,3.44
456,/home/htj/resisc45/imgs_full/river_s0005456.png,river,river,river,1,1782908874.335577,1782908878.846876,4.511298894882202,14.38350560816632,3.541
457,/home/htj/resisc45/imgs_full/mobile_home_park_s0005457.png,mobile_home_park,mobile home park,mobile_home_park,1,1782908878.851579,1782908883.8427198,4.991140842437744,15.331990622834725,3.341
458,/home/htj/resisc45/imgs_full/forest_s0005458.png,forest,forest,forest,1,1782908883.8476315,1782908888.3566236,4.5089921951293945,14.25800407950486,3.541
459,/home/htj/resisc45/imgs_full/medium_residential_s0005459.png,medium_residential,medium residential,medium_residential,1,1782908888.3612134,1782908893.1136982,4.7524847984313965,14.621792476889599,3.341
460,/home/htj/resisc45/imgs_full/airplane_s0005460.png,airplane,airport,airport,0,1782908893.1180239,1782908897.6208353,4.502811431884766,14.018733925396882,3.4402
461,/home/htj/resisc45/imgs_full/baseball_diamond_s0005461.png,baseball_diamond,baseball diamond,baseball_diamond,1,1782908897.6253767,1782908902.6059945,4.9806177616119385,15.317689556157452,3.341
462,/home/htj/resisc45/imgs_full/freeway_s0005462.png,freeway,freeway,freeway,1,1782908902.6107,1782908907.3519351,4.741235256195068,15.031521946997868,3.541
463,/home/htj/resisc45/imgs_full/industrial_area_s0005463.png,industrial_area,industrial area,industrial_area,1,1782908907.3562262,1782908912.3404143,4.984188079833984,15.798730422710552,3.442
464,/home/htj/resisc45/imgs_full/lake_s0005464.png,lake,forest,forest,0,1782908912.3450155,1782908916.8591864,4.51417088508606,14.352206344393235,3.541
465,/home/htj/resisc45/imgs_full/golf_course_s0005465.png,golf_course,golf course,golf_course,1,1782908916.8635798,1782908921.8425846,4.979004859924316,15.453056957036598,3.4414000000000002
466,/home/htj/resisc45/imgs_full/tennis_court_s0005466.png,tennis_court,commercial area,commercial_area,0,1782908921.847484,1782908926.5876021,4.740118026733398,15.119091880039996,3.5408000000000004
467,/home/htj/resisc45/imgs_full/forest_s0005467.png,forest,airport,airport,0,1782908926.5919964,1782908931.095623,4.503626585006714,14.245426951827882,3.44
468,/home/htj/resisc45/imgs_full/rectangular_farmland_s0005468.png,rectangular_farmland,circular farmland,circular_farmland,0,1782908931.0999236,1782908936.3220575,5.2221338748931885,16.118374442247244,3.3915
469,/home/htj/resisc45/imgs_full/sea_ice_s0005469.png,sea_ice,chaparral,chaparral,0,1782908936.3263428,1782908941.3063464,4.980003595352173,15.890218368617967,3.539
470,/home/htj/resisc45/imgs_full/freeway_s0005470.png,freeway,freeway,freeway,1,1782908941.3112447,1782908946.0643938,4.753149032592773,14.952547853699649,3.539
471,/home/htj/resisc45/imgs_full/lake_s0005471.png,lake,lake,lake,1,1782908946.0688808,1782908950.5836587,4.514777898788452,14.343563682625566,3.541
472,/home/htj/resisc45/imgs_full/runway_s0005472.png,runway,runway,runway,1,1782908950.5880811,1782908955.337279,4.749197959899902,14.744886403428502,3.432099999999999
473,/home/htj/resisc45/imgs_full/roundabout_s0005473.png,roundabout,roundabout,roundabout,1,1782908955.341848,1782908960.0945976,4.752749681472778,14.716493326207,3.44
474,/home/htj/resisc45/imgs_full/cloud_s0005474.png,cloud,forest,forest,0,1782908960.0990925,1782908964.6054664,4.506373882293701,14.207056697773028,3.4402
475,/home/htj/resisc45/imgs_full/island_s0005475.png,island,forest,forest,0,1782908964.6095836,1782908969.1203475,4.510763883590698,13.974974592411066,3.343
476,/home/htj/resisc45/imgs_full/industrial_area_s0005476.png,industrial_area,industrial area,industrial_area,1,1782908969.1251369,1782908974.1098986,4.984761714935303,15.54552372108657,3.44
477,/home/htj/resisc45/imgs_full/baseball_diamond_s0005477.png,baseball_diamond,baseball diamond,baseball_diamond,1,1782908974.1145997,1782908979.1047292,4.990129470825195,15.561094988584518,3.539
478,/home/htj/resisc45/imgs_full/mobile_home_park_s0005478.png,mobile_home_park,dense residential,dense_residential,0,1782908979.1094599,1782908983.8619568,4.752496957778931,15.262100019411868,3.541
479,/home/htj/resisc45/imgs_full/freeway_s0005479.png,freeway,freeway,freeway,1,1782908983.8665829,1782908988.62494,4.758357048034668,14.831119153431482,3.442
480,/home/htj/resisc45/imgs_full/cloud_s0005480.png,cloud,cloud,cloud,1,1782908988.6293051,1782908993.1423643,4.513059139251709,14.255668401609494,3.444
481,/home/htj/resisc45/imgs_full/terrace_s0005481.png,terrace,circular farmland,circular_farmland,0,1782908993.1472282,1782908998.3600786,5.212850332260132,16.11011345760639,3.343
482,/home/htj/resisc45/imgs_full/golf_course_s0005482.png,golf_course,golf course,golf_course,1,1782908998.3643095,1782909003.3541186,4.989809036254883,15.946295632362368,3.541
483,/home/htj/resisc45/imgs_full/cloud_s0005483.png,cloud,cloud,cloud,1,1782909003.3584738,1782909007.8727639,4.51429009437561,14.292528153356118,3.541
484,/home/htj/resisc45/imgs_full/snowberg_s0005484.png,snowberg,sparse residential,sparse_residential,0,1782909007.8773046,1782909012.6322622,4.754957675933838,14.849503667354584,3.343
485,/home/htj/resisc45/imgs_full/railway_station_s0005485.png,railway_station,airport,airport,0,1782909012.6368544,1782909017.1518607,4.5150063037872314,14.378037574410438,3.541
486,/home/htj/resisc45/imgs_full/intersection_s0005486.png,intersection,intersection,intersection,1,1782909017.1564705,1782909021.6575468,4.5010762214660645,14.003540598245769,3.357849999999999
487,/home/htj/resisc45/imgs_full/mobile_home_park_s0005487.png,mobile_home_park,medium residential,medium_residential,0,1782909021.6621177,1782909026.422528,4.760410308837891,14.740524489804924,3.343
488,/home/htj/resisc45/imgs_full/palace_s0005488.png,palace,stadium,stadium,0,1782909026.4272873,1782909031.1710513,4.7437639236450195,14.869070826645357,3.442
489,/home/htj/resisc45/imgs_full/commercial_area_s0005489.png,commercial_area,dense residential,dense_residential,0,1782909031.1754086,1782909035.9285262,4.753117561340332,15.033601583923614,3.4417
490,/home/htj/resisc45/imgs_full/sparse_residential_s0005490.png,sparse_residential,sparse residential,sparse_residential,1,1782909035.9328363,1782909040.687153,4.754316806793213,15.362457783107297,3.743
491,/home/htj/resisc45/imgs_full/cloud_s0005491.png,cloud,cloud,cloud,1,1782909040.6912167,1782909045.2054648,4.5142481327056885,14.410337175317958,3.4536999999999995
492,/home/htj/resisc45/imgs_full/industrial_area_s0005492.png,industrial_area,industrial area,industrial_area,1,1782909045.2102246,1782909050.199873,4.989648342132568,15.467796459512275,3.343
493,/home/htj/resisc45/imgs_full/stadium_s0005493.png,stadium,stadium,stadium,1,1782909050.204617,1782909054.9507682,4.7461512088775635,15.175332438756186,3.541
494,/home/htj/resisc45/imgs_full/rectangular_farmland_s0005494.png,rectangular_farmland,rectangular farmland,rectangular_farmland,1,1782909054.9551685,1782909060.1724253,5.217256784439087,16.11467289482892,3.442
495,/home/htj/resisc45/imgs_full/overpass_s0005495.png,overpass,freeway,freeway,0,1782909060.1768591,1782909064.9209497,4.744090557098389,15.123652400612832,3.541
496,/home/htj/resisc45/imgs_full/island_s0005496.png,island,forest,forest,0,1782909064.925016,1782909069.4360375,4.511021614074707,14.099569214796718,3.442
497,/home/htj/resisc45/imgs_full/baseball_diamond_s0005497.png,baseball_diamond,baseball diamond,baseball_diamond,1,1782909069.4408145,1782909074.424432,4.983617544174194,15.246489990516642,3.343
498,/home/htj/resisc45/imgs_full/snowberg_s0005498.png,snowberg,cloud,cloud,0,1782909074.4287357,1782909078.9448855,4.5161497592926025,14.292813657823995,3.541
499,/home/htj/resisc45/imgs_full/beach_s0005499.png,beach,lake,lake,0,1782909078.949048,1782909083.463951,4.5149030685424805,13.982541930699348,3.343
500,/home/htj/resisc45/imgs_full/golf_course_s0005500.png,golf_course,golf course,golf_course,1,1782909083.4683738,1782909088.4596813,4.991307497024536,15.408166243314744,3.442
501,/home/htj/resisc45/imgs_full/harbor_s0005501.png,harbor,harbor,harbor,1,1782909088.464257,1782909093.2024884,4.738231420516968,14.95608476104794,3.541
502,/home/htj/resisc45/imgs_full/lake_s0005502.png,lake,lake,lake,1,1782909093.2068725,1782909097.7081382,4.50126576423645,14.193345625352256,3.442
503,/home/htj/resisc45/imgs_full/desert_s0005503.png,desert,sparse residential,sparse_residential,0,1782909097.712463,1782909102.454317,4.741854190826416,14.673353574258737,3.341
504,/home/htj/resisc45/imgs_full/overpass_s0005504.png,overpass,freeway,freeway,0,1782909102.4587471,1782909107.2083747,4.749627590179443,14.828450422911418,3.5261499999999995
505,/home/htj/resisc45/imgs_full/runway_s0005505.png,runway,runway,runway,1,1782909107.212563,1782909111.9631722,4.7506091594696045,15.003682923213546,3.4418
506,/home/htj/resisc45/imgs_full/tennis_court_s0005506.png,tennis_court,tennis court,tennis_court,1,1782909111.9677088,1782909116.9572942,4.9895853996276855,15.622047776896379,3.442
507,/home/htj/resisc45/imgs_full/church_s0005507.png,church,church,church,1,1782909116.9620104,1782909121.4802828,4.518272399902344,14.301687627410889,3.541
508,/home/htj/resisc45/imgs_full/railway_station_s0005508.png,railway_station,railway station,railway_station,1,1782909121.4852116,1782909126.4723563,4.987144708633423,15.491963140594548,3.341
509,/home/htj/resisc45/imgs_full/sparse_residential_s0005509.png,sparse_residential,sparse residential,sparse_residential,1,1782909126.4744601,1782909131.2146056,4.740145444869995,15.020949812932187,3.539
510,/home/htj/resisc45/imgs_full/church_s0005510.png,church,church,church,1,1782909131.2193027,1782909135.7354996,4.516196966171265,14.348700933178769,3.4518999999999997
511,/home/htj/resisc45/imgs_full/runway_s0005511.png,runway,runway,runway,1,1782909135.7372963,1782909140.4776077,4.74031138420105,14.762796889640036,3.343
512,/home/htj/resisc45/imgs_full/chaparral_s0005512.png,chaparral,forest,forest,0,1782909140.4823546,1782909144.9984865,4.51613187789917,14.325513314053982,3.4536999999999995
513,/home/htj/resisc45/imgs_full/storage_tank_s0005513.png,storage_tank,storage tank,storage_tank,1,1782909145.0032613,1782909149.763714,4.760452747344971,14.910713037174869,3.44
514,/home/htj/resisc45/imgs_full/airplane_s0005514.png,airplane,airport,airport,0,1782909149.7683294,1782909154.2791176,4.510788202285767,14.16730087026765,3.442
515,/home/htj/resisc45/imgs_full/commercial_area_s0005515.png,commercial_area,dense residential,dense_residential,0,1782909154.2835774,1782909159.030476,4.746898651123047,14.767771235738483,3.442
516,/home/htj/resisc45/imgs_full/intersection_s0005516.png,intersection,intersection,intersection,1,1782909159.0350487,1782909163.5526161,4.51756739616394,14.326864560761027,3.442
517,/home/htj/resisc45/imgs_full/beach_s0005517.png,beach,beach,beach,1,1782909163.557409,1782909168.30452,4.747110843658447,14.866521309674503,3.442
518,/home/htj/resisc45/imgs_full/intersection_s0005518.png,intersection,intersection,intersection,1,1782909168.3066757,1782909172.8189797,4.512304067611694,14.261336917892287,3.442
519,/home/htj/resisc45/imgs_full/intersection_s0005519.png,intersection,intersection,intersection,1,1782909172.8237422,1782909177.3409233,4.517181158065796,14.058897251609006,3.3508999999999998
520,/home/htj/resisc45/imgs_full/beach_s0005520.png,beach,beach,beach,1,1782909177.3454168,1782909182.0923727,4.746955871582031,14.680618743620723,3.430099999999999
521,/home/htj/resisc45/imgs_full/railway_station_s0005521.png,railway_station,industrial area,industrial_area,0,1782909182.0972333,1782909187.0799706,4.982737302780151,15.611030515295335,3.442
522,/home/htj/resisc45/imgs_full/tennis_court_s0005522.png,tennis_court,tennis court,tennis_court,1,1782909187.0840714,1782909192.0681663,4.984094858169556,15.837131324158474,3.541
523,/home/htj/resisc45/imgs_full/terrace_s0005523.png,terrace,circular farmland,circular_farmland,0,1782909192.070161,1782909197.2947423,5.224581241607666,16.47890336583735,3.541
524,/home/htj/resisc45/imgs_full/stadium_s0005524.png,stadium,stadium,stadium,1,1782909197.29949,1782909202.054903,4.755413055419922,15.076187911306109,3.541
525,/home/htj/resisc45/imgs_full/runway_s0005525.png,runway,runway,runway,1,1782909202.0595646,1782909206.8140917,4.7545270919799805,14.988961716491055,3.442
526,/home/htj/resisc45/imgs_full/island_s0005526.png,island,island,island,1,1782909206.8186684,1782909211.5691006,4.750432252883911,14.914296845608446,3.442
527,/home/htj/resisc45/imgs_full/terrace_s0005527.png,terrace,circular farmland,circular_farmland,0,1782909211.5735924,1782909216.787595,5.21400260925293,16.334903435375377,3.442
528,/home/htj/resisc45/imgs_full/industrial_area_s0005528.png,industrial_area,commercial area,commercial_area,0,1782909216.7925515,1782909221.5398383,4.747286796569824,15.04924232248513,3.541
529,/home/htj/resisc45/imgs_full/sea_ice_s0005529.png,sea_ice,sea ice,sea_ice,1,1782909221.5442922,1782909226.283753,4.739460706710815,14.88516142943681,3.442
530,/home/htj/resisc45/imgs_full/bridge_s0005530.png,bridge,freeway,freeway,0,1782909226.2882917,1782909231.0381892,4.749897480010986,14.97093289714836,3.444
531,/home/htj/resisc45/imgs_full/roundabout_s0005531.png,roundabout,roundabout,roundabout,1,1782909231.0430138,1782909235.7982554,4.755241632461548,15.04214700103668,3.442
532,/home/htj/resisc45/imgs_full/sparse_residential_s0005532.png,sparse_residential,parking lot,parking_lot,0,1782909235.8028386,1782909240.7908494,4.988010883331299,15.809070493780334,3.539
533,/home/htj/resisc45/imgs_full/palace_s0005533.png,palace,church,church,0,1782909240.7955935,1782909245.3124194,4.516825914382935,14.362998264822364,3.539
534,/home/htj/resisc45/imgs_full/lake_s0005534.png,lake,lake,lake,1,1782909245.3169515,1782909249.82168,4.504728555679321,14.036734179496765,3.3526999999999996
535,/home/htj/resisc45/imgs_full/palace_s0005535.png,palace,stadium,stadium,0,1782909249.8264616,1782909254.5700357,4.743574142456055,14.840586037900072,3.442
536,/home/htj/resisc45/imgs_full/stadium_s0005536.png,stadium,stadium,stadium,1,1782909254.5745165,1782909259.317985,4.743468523025513,14.91175052969714,3.442
537,/home/htj/resisc45/imgs_full/ship_s0005537.png,ship,harbor,harbor,0,1782909259.3224242,1782909264.072675,4.750250816345215,14.945605402785612,3.442
538,/home/htj/resisc45/imgs_full/mobile_home_park_s0005538.png,mobile_home_park,dense residential,dense_residential,0,1782909264.077312,1782909268.8322651,4.754953145980835,14.929816992773896,3.442
539,/home/htj/resisc45/imgs_full/ship_s0005539.png,ship,ship,ship,1,1782909268.8340986,1782909273.3497908,4.515692234039307,14.115482316994967,3.4402
540,/home/htj/resisc45/imgs_full/terrace_s0005540.png,terrace,circular farmland,circular_farmland,0,1782909273.3542604,1782909278.5786512,5.224390745162964,16.242688237598962,3.342
541,/home/htj/resisc45/imgs_full/dense_residential_s0005541.png,dense_residential,medium residential,medium_residential,0,1782909278.5835586,1782909283.331827,4.748268365859985,15.148063040092769,3.541
542,/home/htj/resisc45/imgs_full/airport_s0005542.png,airport,airport,airport,1,1782909283.3369684,1782909287.8417451,4.5047767162323,14.173624178989023,3.541
543,/home/htj/resisc45/imgs_full/sparse_residential_s0005543.png,sparse_residential,sparse residential,sparse_residential,1,1782909287.8469207,1782909292.5915277,4.744606971740723,14.724344679372857,3.3428
544,/home/htj/resisc45/imgs_full/terrace_s0005544.png,terrace,circular farmland,circular_farmland,0,1782909292.5964403,1782909297.8243635,5.227923154830933,16.510804177486378,3.442
545,/home/htj/resisc45/imgs_full/cloud_s0005545.png,cloud,chaparral,chaparral,0,1782909297.8285372,1782909302.8112297,4.98269248008728,16.015347260565594,3.541
546,/home/htj/resisc45/imgs_full/golf_course_s0005546.png,golf_course,golf course,golf_course,1,1782909302.8157086,1782909307.8010135,4.985304832458496,15.803586272467268,3.539
547,/home/htj/resisc45/imgs_full/intersection_s0005547.png,intersection,dense residential,dense_residential,0,1782909307.8057373,1782909312.5566359,4.750898599624634,14.946441473903427,3.539
548,/home/htj/resisc45/imgs_full/commercial_area_s0005548.png,commercial_area,dense residential,dense_residential,0,1782909312.561206,1782909317.3013391,4.740133047103882,14.816113934255506,3.44
549,/home/htj/resisc45/imgs_full/dense_residential_s0005549.png,dense_residential,dense residential,dense_residential,1,1782909317.3060074,1782909322.0468833,4.740875959396362,15.80385280811643,4.249
550,/home/htj/resisc45/imgs_full/meadow_s0005550.png,meadow,circular farmland,circular_farmland,0,1782909322.0512989,1782909327.2642288,5.212929964065552,16.346445134818552,3.4389000000000003
551,/home/htj/resisc45/imgs_full/circular_farmland_s0005551.png,circular_farmland,circular farmland,circular_farmland,1,1782909327.2689526,1782909332.493576,5.224623441696167,16.79406403905481,3.539
552,/home/htj/resisc45/imgs_full/golf_course_s0005552.png,golf_course,golf course,golf_course,1,1782909332.4979193,1782909337.4795878,4.981668472290039,15.972757588624953,3.539
553,/home/htj/resisc45/imgs_full/roundabout_s0005553.png,roundabout,dense residential,dense_residential,0,1782909337.4840767,1782909342.2305863,4.746509552001953,15.578101536532483,3.834199999999999
554,/home/htj/resisc45/imgs_full/terrace_s0005554.png,terrace,circular farmland,circular_farmland,0,1782909342.23536,1782909347.4592974,5.223937511444092,16.475323010680437,3.4925
555,/home/htj/resisc45/imgs_full/ground_track_field_s0005555.png,ground_track_field,ground track field,ground_track_field,1,1782909347.4640377,1782909352.4449522,4.98091459274292,15.876579386530253,3.541
556,/home/htj/resisc45/imgs_full/forest_s0005556.png,forest,forest,forest,1,1782909352.4492214,1782909356.947347,4.4981255531311035,14.34902051448822,3.541
557,/home/htj/resisc45/imgs_full/palace_s0005557.png,palace,palace,palace,1,1782909356.9516454,1782909361.6907065,4.739061117172241,14.866834404422576,3.430099999999999
558,/home/htj/resisc45/imgs_full/harbor_s0005558.png,harbor,harbor,harbor,1,1782909361.6954823,1782909366.4471576,4.751675367355347,14.951976655345364,3.442
559,/home/htj/resisc45/imgs_full/golf_course_s0005559.png,golf_course,golf course,golf_course,1,1782909366.4516902,1782909371.4343498,4.982659578323364,15.68354385522008,3.4433000000000002
560,/home/htj/resisc45/imgs_full/desert_s0005560.png,desert,sparse residential,sparse_residential,0,1782909371.4386406,1782909376.1869113,4.748270750045776,15.080164653657432,3.541
561,/home/htj/resisc45/imgs_full/parking_lot_s0005561.png,parking_lot,parking lot,parking_lot,1,1782909376.1917543,1782909381.1803238,4.988569498062134,15.706826433984714,3.442
562,/home/htj/resisc45/imgs_full/overpass_s0005562.png,overpass,freeway,freeway,0,1782909381.1850328,1782909385.9385247,4.7534918785095215,15.049045984659879,3.541
563,/home/htj/resisc45/imgs_full/sparse_residential_s0005563.png,sparse_residential,sparse residential,sparse_residential,1,1782909385.9431393,1782909390.68201,4.738870620727539,14.883764912823597,3.5312999999999994
564,/home/htj/resisc45/imgs_full/lake_s0005564.png,lake,lake,lake,1,1782909390.6863158,1782909395.1899843,4.503668546676636,14.154688191428969,3.442
565,/home/htj/resisc45/imgs_full/chaparral_s0005565.png,chaparral,sparse residential,sparse_residential,0,1782909395.1952164,1782909399.9382517,4.743035316467285,14.799984537492316,3.442
566,/home/htj/resisc45/imgs_full/runway_s0005566.png,runway,runway,runway,1,1782909399.9425552,1782909404.6861794,4.743624210357666,14.869318728108002,3.44
567,/home/htj/resisc45/imgs_full/rectangular_farmland_s0005567.png,rectangular_farmland,circular farmland,circular_farmland,0,1782909404.6909895,1782909409.9203024,5.229312896728516,16.478076500809713,3.442
568,/home/htj/resisc45/imgs_full/palace_s0005568.png,palace,church,church,0,1782909409.9250448,1782909414.440096,4.5150511264801025,14.361291734961014,3.541
569,/home/htj/resisc45/imgs_full/snowberg_s0005569.png,snowberg,mountain,mountain,0,1782909414.445931,1782909419.1966374,4.750706434249878,14.842790469408035,3.44
570,/home/htj/resisc45/imgs_full/storage_tank_s0005570.png,storage_tank,storage tank,storage_tank,1,1782909419.2013128,1782909423.9443395,4.7430267333984375,14.778871286966714,3.4418
571,/home/htj/resisc45/imgs_full/lake_s0005571.png,lake,lake,lake,1,1782909423.9495394,1782909428.4514315,4.50189208984375,14.066190327704707,3.4500999999999995
572,/home/htj/resisc45/imgs_full/commercial_area_s0005572.png,commercial_area,commercial area,commercial_area,1,1782909428.4562268,1782909433.1937006,4.737473726272583,14.723954185261784,3.4302999999999995
573,/home/htj/resisc45/imgs_full/industrial_area_s0005573.png,industrial_area,industrial area,industrial_area,1,1782909433.1957188,1782909438.1679516,4.972232818603516,15.673335125758728,3.442
574,/home/htj/resisc45/imgs_full/storage_tank_s0005574.png,storage_tank,storage tank,storage_tank,1,1782909438.1720335,1782909442.9211285,4.7490949630737305,14.936933583075742,3.5408000000000004
575,/home/htj/resisc45/imgs_full/airplane_s0005575.png,airplane,airport,airport,0,1782909442.9229279,1782909447.4383771,4.515449285507202,14.146616823564603,3.442
576,/home/htj/resisc45/imgs_full/storage_tank_s0005576.png,storage_tank,storage tank,storage_tank,1,1782909447.4428885,1782909452.1950843,4.752195835113525,14.852705213847614,3.4271499999999997
577,/home/htj/resisc45/imgs_full/airport_s0005577.png,airport,airport,airport,1,1782909452.200026,1782909456.7134838,4.513457775115967,14.1617450565145,3.4518999999999997
578,/home/htj/resisc45/imgs_full/meadow_s0005578.png,meadow,meadow,meadow,1,1782909456.7181258,1782909461.456567,4.738441228866577,14.734211545987302,3.343
579,/home/htj/resisc45/imgs_full/palace_s0005579.png,palace,palace,palace,1,1782909461.460922,1782909466.2057314,4.74480938911438,14.947693067921215,3.442
580,/home/htj/resisc45/imgs_full/baseball_diamond_s0005580.png,baseball_diamond,baseball diamond,baseball_diamond,1,1782909466.2104168,1782909471.1870387,4.976621866226196,15.65379442265088,3.44
581,/home/htj/resisc45/imgs_full/church_s0005581.png,church,industrial area,industrial_area,0,1782909471.1917167,1782909476.1847267,4.9930100440979,15.785774295395818,3.541
582,/home/htj/resisc45/imgs_full/sparse_residential_s0005582.png,sparse_residential,sparse residential,sparse_residential,1,1782909476.1894805,1782909480.934767,4.745286464691162,14.999050105123633,3.541
583,/home/htj/resisc45/imgs_full/wetland_s0005583.png,wetland,chaparral,chaparral,0,1782909480.93943,1782909485.9261825,4.986752510070801,15.823872396729207,3.506349999999999
584,/home/htj/resisc45/imgs_full/ground_track_field_s0005584.png,ground_track_field,track field,,0,1782909485.9309583,1782909490.6725125,4.741554260253906,15.075000553820509,3.539
585,/home/htj/resisc45/imgs_full/mobile_home_park_s0005585.png,mobile_home_park,dense residential,dense_residential,0,1782909490.6767027,1782909495.4215713,4.744868516921997,14.932444225296917,3.442
586,/home/htj/resisc45/imgs_full/terrace_s0005586.png,terrace,circular farmland,circular_farmland,0,1782909495.426278,1782909500.6509504,5.224672317504883,16.424950018322985,3.442
587,/home/htj/resisc45/imgs_full/cloud_s0005587.png,cloud,cloud,cloud,1,1782909500.65527,1782909505.1660056,4.510735511779785,14.522170235380342,3.541
588,/home/htj/resisc45/imgs_full/sea_ice_s0005588.png,sea_ice,chaparral,chaparral,0,1782909505.1704156,1782909510.1626012,4.992185592651367,15.66192074023718,3.442
589,/home/htj/resisc45/imgs_full/mobile_home_park_s0005589.png,mobile_home_park,mobile home park,mobile_home_park,1,1782909510.1673646,1782909515.1538553,4.986490726470947,15.819097327868143,3.541
590,/home/htj/resisc45/imgs_full/palace_s0005590.png,palace,palace,palace,1,1782909515.1588807,1782909519.9122007,4.753319978713989,15.103817404652215,3.541
591,/home/htj/resisc45/imgs_full/chaparral_s0005591.png,chaparral,chaparral,chaparral,1,1782909519.916722,1782909524.8951983,4.978476285934448,15.631906375486743,3.444
592,/home/htj/resisc45/imgs_full/parking_lot_s0005592.png,parking_lot,commercial area,commercial_area,0,1782909524.8993058,1782909529.6429183,4.74361252784729,14.936149899278778,3.541
593,/home/htj/resisc45/imgs_full/river_s0005593.png,river,dense residential,dense_residential,0,1782909529.6474917,1782909534.3913505,4.743858814239502,14.899317437016819,3.4418
594,/home/htj/resisc45/imgs_full/palace_s0005594.png,palace,palace,palace,1,1782909534.3959308,1782909539.1456873,4.749756574630737,14.709194947871815,3.442
595,/home/htj/resisc45/imgs_full/stadium_s0005595.png,stadium,stadium,stadium,1,1782909539.1507328,1782909543.9052901,4.754557371139526,14.744561630385263,3.442
596,/home/htj/resisc45/imgs_full/mobile_home_park_s0005596.png,mobile_home_park,commercial area,commercial_area,0,1782909543.909782,1782909548.6554642,4.745682239532471,14.749180162205752,3.442
597,/home/htj/resisc45/imgs_full/meadow_s0005597.png,meadow,golf course,golf_course,0,1782909548.6599038,1782909553.6439514,4.9840476512908936,15.498612270489506,3.442
598,/home/htj/resisc45/imgs_full/thermal_power_station_s0005598.png,thermal_power_station,industrial area,industrial_area,0,1782909553.64861,1782909558.6266575,4.9780473709106445,15.621395493518222,3.5423
599,/home/htj/resisc45/imgs_full/bridge_s0005599.png,bridge,airport,airport,0,1782909558.631239,1782909563.1314795,4.5002405643463135,14.162484916279586,3.541
600,/home/htj/resisc45/imgs_full/snowberg_s0005600.png,snowberg,chaparral,chaparral,0,1782909563.1360867,1782909568.117941,4.981854200363159,15.376120781923163,3.442
601,/home/htj/resisc45/imgs_full/river_s0005601.png,river,forest,forest,0,1782909568.122339,1782909572.638301,4.5159618854522705,14.144564265981506,3.541
602,/home/htj/resisc45/imgs_full/freeway_s0005602.png,freeway,intersection,intersection,0,1782909572.642701,1782909577.1509533,4.508252382278442,13.84604146217998,3.345
603,/home/htj/resisc45/imgs_full/desert_s0005603.png,desert,chaparral,chaparral,0,1782909577.1528492,1782909582.132353,4.979503870010376,15.363976264560765,3.345
604,/home/htj/resisc45/imgs_full/mountain_s0005604.png,mountain,mountain,mountain,1,1782909582.1345506,1782909586.8896978,4.755147218704224,14.893980452936816,3.541
605,/home/htj/resisc45/imgs_full/railway_station_s0005605.png,railway_station,industrial area,industrial_area,0,1782909586.894481,1782909591.8810513,4.986570358276367,15.50886430014687,3.4434
606,/home/htj/resisc45/imgs_full/meadow_s0005606.png,meadow,meadow,meadow,1,1782909591.8853836,1782909596.6261806,4.74079704284668,14.799511770960795,3.541
607,/home/htj/resisc45/imgs_full/terrace_s0005607.png,terrace,circular farmland,circular_farmland,0,1782909596.6305563,1782909601.8460941,5.215537786483765,16.157678748924653,3.442
608,/home/htj/resisc45/imgs_full/baseball_diamond_s0005608.png,baseball_diamond,baseball diamond,baseball_diamond,1,1782909601.8505754,1782909606.8355246,4.984949111938477,15.742698488564328,3.541
609,/home/htj/resisc45/imgs_full/bridge_s0005609.png,bridge,bridge,bridge,1,1782909606.839981,1782909611.352995,4.51301383972168,14.09819822123081,3.541
610,/home/htj/resisc45/imgs_full/roundabout_s0005610.png,roundabout,roundabout,roundabout,1,1782909611.357743,1782909616.1173902,4.7596471309661865,14.598869963304107,3.343
611,/home/htj/resisc45/imgs_full/harbor_s0005611.png,harbor,airport,airport,0,1782909616.121905,1782909620.6383622,4.5164570808410645,13.988782497249073,3.442
612,/home/htj/resisc45/imgs_full/mobile_home_park_s0005612.png,mobile_home_park,medium residential,medium_residential,0,1782909620.642548,1782909625.394096,4.751547813415527,14.676569572868804,3.343
613,/home/htj/resisc45/imgs_full/runway_s0005613.png,runway,runway,runway,1,1782909625.39849,1782909630.1433778,4.744887828826904,14.772893834774754,3.4438
614,/home/htj/resisc45/imgs_full/mountain_s0005614.png,mountain,forest,forest,0,1782909630.1480787,1782909634.6537266,4.505647897720337,13.951824265567561,3.442
615,/home/htj/resisc45/imgs_full/basketball_court_s0005615.png,basketball_court,basketball court,basketball_court,1,1782909634.658321,1782909639.6460025,4.98768162727356,15.783145866626981,3.345
616,/home/htj/resisc45/imgs_full/railway_s0005616.png,railway,railway,railway,1,1782909639.6506035,1782909644.401947,4.751343488693237,15.05569087831658,3.541
617,/home/htj/resisc45/imgs_full/circular_farmland_s0005617.png,circular_farmland,circular farmland,circular_farmland,1,1782909644.406584,1782909649.6238656,5.2172815799713135,16.349125823162414,3.444
618,/home/htj/resisc45/imgs_full/circular_farmland_s0005618.png,circular_farmland,circular farmland,circular_farmland,1,1782909649.6281486,1782909654.836733,5.208584547042847,16.554013991490656,3.541
619,/home/htj/resisc45/imgs_full/stadium_s0005619.png,stadium,stadium,stadium,1,1782909654.8408434,1782909659.59343,4.752586603164673,15.077781408818371,3.541
620,/home/htj/resisc45/imgs_full/airport_s0005620.png,airport,airport,airport,1,1782909659.5982416,1782909664.1084106,4.51016902923584,14.118598874671552,3.442
621,/home/htj/resisc45/imgs_full/bridge_s0005621.png,bridge,bridge,bridge,1,1782909664.1101496,1782909668.6128514,4.502701759338379,13.976557249660733,3.3528999999999995
622,/home/htj/resisc45/imgs_full/river_s0005622.png,river,circular farmland,circular_farmland,0,1782909668.6171486,1782909673.8478885,5.2307398319244385,16.233601068377496,3.343
623,/home/htj/resisc45/imgs_full/palace_s0005623.png,palace,stadium,stadium,0,1782909673.8502758,1782909678.6044383,4.754162549972534,15.138800093917963,3.541
624,/home/htj/resisc45/imgs_full/ship_s0005624.png,ship,harbor,harbor,0,1782909678.6083987,1782909683.3450415,4.736642837524414,14.794704165056528,3.442
625,/home/htj/resisc45/imgs_full/palace_s0005625.png,palace,church,church,0,1782909683.3502805,1782909687.8595192,4.5092387199401855,14.05261437841005,3.4518999999999997
626,/home/htj/resisc45/imgs_full/roundabout_s0005626.png,roundabout,roundabout,roundabout,1,1782909687.8640196,1782909692.6240897,4.760070085525513,14.773784190444719,3.343
627,/home/htj/resisc45/imgs_full/sparse_residential_s0005627.png,sparse_residential,sparse residential,sparse_residential,1,1782909692.6288624,1782909697.3722296,4.7433671951293945,14.84873953583729,3.442
628,/home/htj/resisc45/imgs_full/airport_s0005628.png,airport,airport,airport,1,1782909697.376691,1782909701.8810992,4.504408121109009,14.252004313013222,3.442
629,/home/htj/resisc45/imgs_full/dense_residential_s0005629.png,dense_residential,dense residential,dense_residential,1,1782909701.8859053,1782909706.6358142,4.749908924102783,14.704172877926425,3.343
630,/home/htj/resisc45/imgs_full/stadium_s0005630.png,stadium,stadium,stadium,1,1782909706.640173,1782909711.3901458,4.749972820281982,15.08642260287489,3.526449999999999
631,/home/htj/resisc45/imgs_full/sparse_residential_s0005631.png,sparse_residential,circular farmland,circular_farmland,0,1782909711.3949335,1782909716.613242,5.218308448791504,16.440080063746525,3.442
632,/home/htj/resisc45/imgs_full/beach_s0005632.png,beach,sea ice,sea_ice,0,1782909716.6175506,1782909721.359055,4.741504430770874,15.084039505148509,3.541
633,/home/htj/resisc45/imgs_full/lake_s0005633.png,lake,forest,forest,0,1782909721.3635302,1782909725.8791776,4.5156474113464355,14.16078448151335,3.442
634,/home/htj/resisc45/imgs_full/railway_station_s0005634.png,railway_station,airport,airport,0,1782909725.883656,1782909730.3841677,4.500511646270752,13.96243349048419,3.442
635,/home/htj/resisc45/imgs_full/commercial_area_s0005635.png,commercial_area,commercial area,commercial_area,1,1782909730.3886724,1782909735.14078,4.752107620239258,14.673603167942591,3.343
636,/home/htj/resisc45/imgs_full/church_s0005636.png,church,church,church,1,1782909735.145565,1782909739.6483855,4.5028204917907715,14.068122164092486,3.442
637,/home/htj/resisc45/imgs_full/thermal_power_station_s0005637.png,thermal_power_station,industrial area,industrial_area,0,1782909739.653139,1782909744.6413922,4.988253116607666,15.574186273689927,3.3424
638,/home/htj/resisc45/imgs_full/wetland_s0005638.png,wetland,chaparral,chaparral,0,1782909744.646048,1782909749.6365674,4.990519285202026,15.820626659447496,3.541
639,/home/htj/resisc45/imgs_full/cloud_s0005639.png,cloud,forest,forest,0,1782909749.6411946,1782909754.1398513,4.498656749725342,14.179652185089981,3.541
640,/home/htj/resisc45/imgs_full/overpass_s0005640.png,overpass,freeway,freeway,0,1782909754.1438627,1782909758.900358,4.756495237350464,14.649031109123346,3.3428
641,/home/htj/resisc45/imgs_full/parking_lot_s0005641.png,parking_lot,parking lot,parking_lot,1,1782909758.9050467,1782909763.8820076,4.976960897445679,15.485556403390293,3.4414000000000002
642,/home/htj/resisc45/imgs_full/island_s0005642.png,island,island,island,1,1782909763.886028,1782909768.6376524,4.751624345779419,15.032951523959635,3.541
643,/home/htj/resisc45/imgs_full/terrace_s0005643.png,terrace,sparse residential,sparse_residential,0,1782909768.6420066,1782909773.3926692,4.750662565231323,14.92085809011919,3.442
644,/home/htj/resisc45/imgs_full/rectangular_farmland_s0005644.png,rectangular_farmland,rectangular farmland,rectangular_farmland,1,1782909773.3967733,1782909778.6149077,5.21813440322876,16.48368954783419,3.4429000000000003
645,/home/htj/resisc45/imgs_full/airplane_s0005645.png,airplane,airport,airport,0,1782909778.6191943,1782909783.130065,4.510870695114136,14.401725539144083,3.541
646,/home/htj/resisc45/imgs_full/stadium_s0005646.png,stadium,track field,,0,1782909783.135099,1782909787.8899777,4.754878759384155,14.940000925072704,3.442
647,/home/htj/resisc45/imgs_full/beach_s0005647.png,beach,beach,beach,1,1782909787.8944259,1782909792.63723,4.742804050445557,14.89926178449608,3.442
648,/home/htj/resisc45/imgs_full/circular_farmland_s0005648.png,circular_farmland,circular farmland,circular_farmland,1,1782909792.6417718,1782909797.8526003,5.210828542709351,16.266224329914735,3.442
649,/home/htj/resisc45/imgs_full/airplane_s0005649.png,airplane,airport,airport,0,1782909797.8568134,1782909802.3691988,4.512385368347168,14.491725526254388,3.543
650,/home/htj/resisc45/imgs_full/airplane_s0005650.png,airplane,airport,airport,0,1782909802.3712006,1782909806.8836932,4.512492656707764,14.136896931382672,3.3528999999999995
651,/home/htj/resisc45/imgs_full/parking_lot_s0005651.png,parking_lot,parking lot,parking_lot,1,1782909806.8884249,1782909811.875854,4.987429141998291,15.607328261693318,3.345
652,/home/htj/resisc45/imgs_full/rectangular_farmland_s0005652.png,rectangular_farmland,circular farmland,circular_farmland,0,1782909811.880152,1782909817.1056445,5.225492477416992,16.522155231123385,3.541
653,/home/htj/resisc45/imgs_full/forest_s0005653.png,forest,forest,forest,1,1782909817.11018,1782909821.625598,4.51541805267334,14.344454323913478,3.541
654,/home/htj/resisc45/imgs_full/beach_s0005654.png,beach,mountain,mountain,0,1782909821.630143,1782909826.369215,4.73907208442688,14.76974638052159,3.430099999999999
655,/home/htj/resisc45/imgs_full/meadow_s0005655.png,meadow,circular farmland,circular_farmland,0,1782909826.3733687,1782909831.5879579,5.2145891189575195,16.33231984184099,3.442
656,/home/htj/resisc45/imgs_full/commercial_area_s0005656.png,commercial_area,dense residential,dense_residential,0,1782909831.5925767,1782909836.3431652,4.750588417053223,15.09736998939514,3.543
657,/home/htj/resisc45/imgs_full/wetland_s0005657.png,wetland,chaparral,chaparral,0,1782909836.3479145,1782909841.337063,4.9891486167907715,15.47588545031981,3.442
658,/home/htj/resisc45/imgs_full/freeway_s0005658.png,freeway,freeway,freeway,1,1782909841.341511,1782909846.0922253,4.750714302062988,15.024219836556767,3.541
659,/home/htj/resisc45/imgs_full/forest_s0005659.png,forest,forest,forest,1,1782909846.0971136,1782909850.6160197,4.518906116485596,14.269161079593852,3.442
660,/home/htj/resisc45/imgs_full/sparse_residential_s0005660.png,sparse_residential,sparse residential,sparse_residential,1,1782909850.6207933,1782909855.363439,4.742645740509033,14.848995252293276,3.432099999999999
661,/home/htj/resisc45/imgs_full/ship_s0005661.png,ship,harbor,harbor,0,1782909855.3679318,1782909860.1102774,4.742345571517944,14.968310492578007,3.4436999999999998
662,/home/htj/resisc45/imgs_full/ship_s0005662.png,ship,ship,ship,1,1782909860.1141868,1782909864.612143,4.497956275939941,14.215214149047167,3.4585499999999993
663,/home/htj/resisc45/imgs_full/bridge_s0005663.png,bridge,bridge,bridge,1,1782909864.616376,1782909869.1138504,4.497474431991577,14.09889042515021,3.442
664,/home/htj/resisc45/imgs_full/ship_s0005664.png,ship,harbor,harbor,0,1782909869.118132,1782909873.8645437,4.746411561965942,14.739981105685235,3.4274499999999994
665,/home/htj/resisc45/imgs_full/commercial_area_s0005665.png,commercial_area,commercial area,commercial_area,1,1782909873.869469,1782909878.6216047,4.752135753631592,14.820709067976619,3.444
666,/home/htj/resisc45/imgs_full/forest_s0005666.png,forest,forest,forest,1,1782909878.626391,1782909883.1460168,4.519625902175903,14.143911813814428,3.4518999999999997
667,/home/htj/resisc45/imgs_full/snowberg_s0005667.png,snowberg,mountain,mountain,0,1782909883.1513605,1782909887.8949049,4.743544340133667,14.68521316114104,3.343
668,/home/htj/resisc45/imgs_full/sparse_residential_s0005668.png,sparse_residential,church,church,0,1782909887.89955,1782909892.4149966,4.515446662902832,14.063615840597997,3.4421999999999997
669,/home/htj/resisc45/imgs_full/tennis_court_s0005669.png,tennis_court,tennis court,tennis_court,1,1782909892.41965,1782909897.390889,4.971238851547241,15.418954415852996,3.343
670,/home/htj/resisc45/imgs_full/intersection_s0005670.png,intersection,intersection,intersection,1,1782909897.3956964,1782909901.9117734,4.516077041625977,14.201004336755487,3.543
671,/home/htj/resisc45/imgs_full/bridge_s0005671.png,bridge,freeway,freeway,0,1782909901.9161787,1782909906.668414,4.752235412597656,14.63110223011798,3.345
672,/home/htj/resisc45/imgs_full/palace_s0005672.png,palace,palace,palace,1,1782909906.673219,1782909911.4239113,4.750692367553711,14.845684699575584,3.442
673,/home/htj/resisc45/imgs_full/ground_track_field_s0005673.png,ground_track_field,ground track field,ground_track_field,1,1782909911.4284031,1782909916.4113982,4.98299503326416,15.46211903660873,3.442
674,/home/htj/resisc45/imgs_full/bridge_s0005674.png,bridge,bridge,bridge,1,1782909916.4157376,1782909920.92691,4.511172294616699,14.204482383365873,3.541
675,/home/htj/resisc45/imgs_full/wetland_s0005675.png,wetland,forest,forest,0,1782909920.9318042,1782909925.447192,4.515387773513794,13.922712366768078,3.3528999999999995
676,/home/htj/resisc45/imgs_full/chaparral_s0005676.png,chaparral,sparse residential,sparse_residential,0,1782909925.4518495,1782909930.203812,4.751962423324585,14.71156038957906,3.343
677,/home/htj/resisc45/imgs_full/river_s0005677.png,river,river,river,1,1782909930.2085361,1782909934.7238073,4.515271186828613,14.15303180211707,3.444
678,/home/htj/resisc45/imgs_full/wetland_s0005678.png,wetland,chaparral,chaparral,0,1782909934.7280538,1782909939.712232,4.984178304672241,15.905773337136742,3.444
679,/home/htj/resisc45/imgs_full/church_s0005679.png,church,commercial area,commercial_area,0,1782909939.7169013,1782909944.46836,4.751458644866943,15.130418966436961,3.541
680,/home/htj/resisc45/imgs_full/tennis_court_s0005680.png,tennis_court,residential area,,0,1782909944.4730687,1782909949.4602847,4.987215995788574,15.726239791409721,3.4434
681,/home/htj/resisc45/imgs_full/harbor_s0005681.png,harbor,harbor,harbor,1,1782909949.4650052,1782909954.215487,4.750481843948364,14.993086233053889,3.541
682,/home/htj/resisc45/imgs_full/medium_residential_s0005682.png,medium_residential,medium residential,medium_residential,1,1782909954.2204413,1782909958.9705274,4.750086069107056,14.880302755933208,3.444
683,/home/htj/resisc45/imgs_full/medium_residential_s0005683.png,medium_residential,medium residential,medium_residential,1,1782909958.975425,1782909963.7259526,4.750527620315552,14.997930814789003,3.4438
684,/home/htj/resisc45/imgs_full/mobile_home_park_s0005684.png,mobile_home_park,mobile home park,mobile_home_park,1,1782909963.731234,1782909968.7195253,4.988291263580322,15.665218547122047,3.444
685,/home/htj/resisc45/imgs_full/palace_s0005685.png,palace,industrial area,industrial_area,0,1782909968.7238789,1782909973.7087336,4.984854698181152,15.884038955622705,3.543
686,/home/htj/resisc45/imgs_full/industrial_area_s0005686.png,industrial_area,industrial area,industrial_area,1,1782909973.7134838,1782909978.7009585,4.987474679946899,15.832851723188705,3.541
687,/home/htj/resisc45/imgs_full/tennis_court_s0005687.png,tennis_court,tennis court,tennis_court,1,1782909978.7053363,1782909983.6931024,4.9877660274505615,15.91080163563531,3.541
688,/home/htj/resisc45/imgs_full/terrace_s0005688.png,terrace,circular farmland,circular_farmland,0,1782909983.6979103,1782909988.9232812,5.22537088394165,16.5776027243241,3.543
689,/home/htj/resisc45/imgs_full/bridge_s0005689.png,bridge,harbor,harbor,0,1782909988.927791,1782909993.675381,4.747589826583862,15.247027727767644,3.543
690,/home/htj/resisc45/imgs_full/desert_s0005690.png,desert,chaparral,chaparral,0,1782909993.6801748,1782909998.6702056,4.990030765533447,15.74734629322724,3.4433000000000002
691,/home/htj/resisc45/imgs_full/river_s0005691.png,river,river,river,1,1782909998.6754107,1782910003.193379,4.51796817779541,14.256191232415695,3.543
692,/home/htj/resisc45/imgs_full/harbor_s0005692.png,harbor,harbor,harbor,1,1782910003.197742,1782910007.9509718,4.753229856491089,14.798465310315052,3.345
693,/home/htj/resisc45/imgs_full/beach_s0005693.png,beach,beach,beach,1,1782910007.9529564,1782910012.701567,4.748610496520996,14.932148736746914,3.444
694,/home/htj/resisc45/imgs_full/overpass_s0005694.png,overpass,freeway,freeway,0,1782910012.7061584,1782910017.4587748,4.7526164054870605,14.839443491527835,3.442
695,/home/htj/resisc45/imgs_full/commercial_area_s0005695.png,commercial_area,commercial area,commercial_area,1,1782910017.4636223,1782910022.216907,4.753284692764282,15.057890490264777,3.442
696,/home/htj/resisc45/imgs_full/palace_s0005696.png,palace,palace,palace,1,1782910022.2218862,1782910026.9733884,4.751502275466919,14.975264469186465,3.4436999999999998
697,/home/htj/resisc45/imgs_full/industrial_area_s0005697.png,industrial_area,industrial area,industrial_area,1,1782910026.977764,1782910031.9639335,4.9861695766448975,15.805985621082373,3.5133
698,/home/htj/resisc45/imgs_full/baseball_diamond_s0005698.png,baseball_diamond,baseball diamond,baseball_diamond,1,1782910031.9686437,1782910036.9488506,4.9802069664001465,15.832936602559581,3.543
699,/home/htj/resisc45/imgs_full/railway_station_s0005699.png,railway_station,industrial area,industrial_area,0,1782910036.9529212,1782910041.9377139,4.984792709350586,15.762197773825038,3.543
700,/home/htj/resisc45/imgs_full/dense_residential_s0005700.png,dense_residential,dense residential,dense_residential,1,1782910041.942345,1782910046.6946037,4.752258777618408,15.159934525122125,3.543
701,/home/htj/resisc45/imgs_full/lake_s0005701.png,lake,lake,lake,1,1782910046.6989565,1782910051.2105997,4.511643171310425,14.256221327268625,3.444
702,/home/htj/resisc45/imgs_full/medium_residential_s0005702.png,medium_residential,dense residential,dense_residential,0,1782910051.2154632,1782910055.9654071,4.749943971633911,14.83486668074131,3.4436999999999998
703,/home/htj/resisc45/imgs_full/intersection_s0005703.png,intersection,intersection,intersection,1,1782910055.9702291,1782910060.4818738,4.511644601821899,14.142578091078168,3.444
704,/home/htj/resisc45/imgs_full/medium_residential_s0005704.png,medium_residential,dense residential,dense_residential,0,1782910060.486446,1782910065.2365744,4.750128507614136,14.700045278075228,3.3448
705,/home/htj/resisc45/imgs_full/commercial_area_s0005705.png,commercial_area,church,church,0,1782910065.241308,1782910069.7541482,4.512840270996094,14.171061070212835,3.442
706,/home/htj/resisc45/imgs_full/storage_tank_s0005706.png,storage_tank,storage tank,storage_tank,1,1782910069.758389,1782910074.5102267,4.751837730407715,14.74077315029466,3.345
707,/home/htj/resisc45/imgs_full/ship_s0005707.png,ship,harbor,harbor,0,1782910074.5144336,1782910079.2588968,4.744463205337524,14.883438237351108,3.442
708,/home/htj/resisc45/imgs_full/railway_s0005708.png,railway,freeway,freeway,0,1782910079.2635849,1782910084.015843,4.752258062362671,14.983239853295935,3.4438
709,/home/htj/resisc45/imgs_full/thermal_power_station_s0005709.png,thermal_power_station,thermal power station,thermal_power_station,1,1782910084.0204554,1782910089.0118704,4.991415023803711,15.616209108222616,3.4433000000000002
710,/home/htj/resisc45/imgs_full/sea_ice_s0005710.png,sea_ice,sea ice,sea_ice,1,1782910089.0135283,1782910093.7577739,4.744245529174805,15.078069685487863,3.541
711,/home/htj/resisc45/imgs_full/mobile_home_park_s0005711.png,mobile_home_park,roundabout,roundabout,0,1782910093.762622,1782910098.5113096,4.748687505722046,14.979362851634084,3.442
712,/home/htj/resisc45/imgs_full/intersection_s0005712.png,intersection,intersection,intersection,1,1782910098.513561,1782910103.0219412,4.508380174636841,14.179483398371106,3.4421999999999997
713,/home/htj/resisc45/imgs_full/chaparral_s0005713.png,chaparral,chaparral,chaparral,1,1782910103.0268216,1782910108.0140188,4.987197160720825,15.492671307084237,3.444
714,/home/htj/resisc45/imgs_full/chaparral_s0005714.png,chaparral,chaparral,chaparral,1,1782910108.0189142,1782910113.0102735,4.991359233856201,15.63333872405414,3.541
715,/home/htj/resisc45/imgs_full/ship_s0005715.png,ship,ship,ship,1,1782910113.0150664,1782910117.5345795,4.519513130187988,14.270048058920269,3.541
716,/home/htj/resisc45/imgs_full/ground_track_field_s0005716.png,ground_track_field,track field,,0,1782910117.53929,1782910122.2884328,4.74914288520813,14.695035372555257,3.343
717,/home/htj/resisc45/imgs_full/circular_farmland_s0005717.png,circular_farmland,circular farmland,circular_farmland,1,1782910122.2927563,1782910127.5157506,5.222994327545166,16.345848610160115,3.442
718,/home/htj/resisc45/imgs_full/terrace_s0005718.png,terrace,circular farmland,circular_farmland,0,1782910127.5203965,1782910132.7410765,5.220679998397827,16.72683172877975,3.541
719,/home/htj/resisc45/imgs_full/airport_s0005719.png,airport,airport,airport,1,1782910132.7454648,1782910137.2521052,4.506640434265137,14.414860228526441,3.543
720,/home/htj/resisc45/imgs_full/mobile_home_park_s0005720.png,mobile_home_park,medium residential,medium_residential,0,1782910137.2566798,1782910142.0056453,4.748965501785278,14.799378564214132,3.345
721,/home/htj/resisc45/imgs_full/airplane_s0005721.png,airplane,airport,airport,0,1782910142.0101376,1782910146.522938,4.512800455093384,14.27204562154299,3.444
722,/home/htj/resisc45/imgs_full/runway_s0005722.png,runway,freeway,freeway,0,1782910146.5273392,1782910151.2764866,4.749147415161133,14.659091558933259,3.345
723,/home/htj/resisc45/imgs_full/palace_s0005723.png,palace,palace,palace,1,1782910151.2812986,1782910156.036444,4.755145311355591,14.948687295310467,3.444
724,/home/htj/resisc45/imgs_full/parking_lot_s0005724.png,parking_lot,parking lot,parking_lot,1,1782910156.0412798,1782910161.033288,4.992008209228516,15.699695635925641,3.442
725,/home/htj/resisc45/imgs_full/mobile_home_park_s0005725.png,mobile_home_park,medium residential,medium_residential,0,1782910161.0379968,1782910165.7933567,4.755359888076782,15.006082415006247,3.541
726,/home/htj/resisc45/imgs_full/snowberg_s0005726.png,snowberg,snowberg,snowberg,1,1782910165.7956426,1782910170.5408874,4.745244741439819,14.887662245845222,3.444
727,/home/htj/resisc45/imgs_full/island_s0005727.png,island,circular farmland,circular_farmland,0,1782910170.545643,1782910175.7706757,5.225032567977905,16.317095183807872,3.442
728,/home/htj/resisc45/imgs_full/beach_s0005728.png,beach,beach,beach,1,1782910175.774908,1782910180.5245795,4.749671459197998,15.182124531975713,3.541
729,/home/htj/resisc45/imgs_full/baseball_diamond_s0005729.png,baseball_diamond,baseball diamond,baseball_diamond,1,1782910180.5289605,1782910185.5165443,4.987583875656128,15.65364534792575,3.442
730,/home/htj/resisc45/imgs_full/river_s0005730.png,river,forest,forest,0,1782910185.5210946,1782910190.0363176,4.515223026275635,14.429052459765085,3.543
731,/home/htj/resisc45/imgs_full/island_s0005731.png,island,island,island,1,1782910190.0408678,1782910194.787327,4.746459245681763,14.745819219933935,3.4322999999999992
732,/home/htj/resisc45/imgs_full/dense_residential_s0005732.png,dense_residential,dense residential,dense_residential,1,1782910194.7920575,1782910199.544018,4.751960515975952,14.960545765164387,3.4438
733,/home/htj/resisc45/imgs_full/medium_residential_s0005733.png,medium_residential,dense residential,dense_residential,0,1782910199.5487986,1782910204.2964044,4.747605800628662,14.836096526754908,3.442
734,/home/htj/resisc45/imgs_full/desert_s0005734.png,desert,sparse residential,sparse_residential,0,1782910204.3006592,1782910209.0502923,4.749633073806763,14.958940753706967,3.444
735,/home/htj/resisc45/imgs_full/industrial_area_s0005735.png,industrial_area,industrial area,industrial_area,1,1782910209.05506,1782910214.044346,4.989286184310913,15.59684879075939,3.444
736,/home/htj/resisc45/imgs_full/harbor_s0005736.png,harbor,harbor,harbor,1,1782910214.0488672,1782910218.804437,4.755569696426392,15.161271856391286,3.541
737,/home/htj/resisc45/imgs_full/beach_s0005737.png,beach,beach,beach,1,1782910218.8090217,1782910223.5613477,4.752326011657715,14.896251768950956,3.444
738,/home/htj/resisc45/imgs_full/stadium_s0005738.png,stadium,stadium,stadium,1,1782910223.5661502,1782910228.3184476,4.752297401428223,14.930926385720571,3.444
739,/home/htj/resisc45/imgs_full/overpass_s0005739.png,overpass,commercial area,commercial_area,0,1782910228.3232276,1782910233.075761,4.752533435821533,14.9330899091801,3.444
740,/home/htj/resisc45/imgs_full/airplane_s0005740.png,airplane,airport,airport,0,1782910233.0802174,1782910237.5831366,4.5029191970825195,14.226317714944669,3.4538999999999995
741,/home/htj/resisc45/imgs_full/rectangular_farmland_s0005741.png,rectangular_farmland,rectangular farmland,rectangular_farmland,1,1782910237.5876842,1782910242.802297,5.21461296081543,16.482417410672365,3.748
742,/home/htj/resisc45/imgs_full/airport_s0005742.png,airport,airport,airport,1,1782910242.807487,1782910247.322045,4.5145580768585205,14.64036896542356,3.644
743,/home/htj/resisc45/imgs_full/bridge_s0005743.png,bridge,bridge,bridge,1,1782910247.3265965,1782910251.8399374,4.513340950012207,14.1505807580465,3.3548999999999998
744,/home/htj/resisc45/imgs_full/golf_course_s0005744.png,golf_course,golf course,golf_course,1,1782910251.8444355,1782910256.8300726,4.985637187957764,15.457996754350333,3.345
745,/home/htj/resisc45/imgs_full/medium_residential_s0005745.png,medium_residential,medium residential,medium_residential,1,1782910256.834633,1782910261.5847979,4.750164747238159,15.086862534710338,3.541
746,/home/htj/resisc45/imgs_full/baseball_diamond_s0005746.png,baseball_diamond,baseball diamond,baseball_diamond,1,1782910261.5894127,1782910266.5778341,4.988421440124512,15.616454001930938,3.4434
747,/home/htj/resisc45/imgs_full/overpass_s0005747.png,overpass,freeway,freeway,0,1782910266.582508,1782910271.333656,4.751147985458374,15.056731422398464,3.541
748,/home/htj/resisc45/imgs_full/runway_s0005748.png,runway,airport,airport,0,1782910271.3379576,1782910275.850732,4.512774467468262,14.335505012083054,3.4469499999999997
749,/home/htj/resisc45/imgs_full/terrace_s0005749.png,terrace,circular farmland,circular_farmland,0,1782910275.855103,1782910281.0772135,5.2221105098724365,16.27221112042207,3.3925
750,/home/htj/resisc45/imgs_full/baseball_diamond_s0005750.png,baseball_diamond,baseball diamond,baseball_diamond,1,1782910281.0816689,1782910286.0746832,4.993014335632324,15.868650640628553,3.5423
751,/home/htj/resisc45/imgs_full/wetland_s0005751.png,wetland,chaparral,chaparral,0,1782910286.0792198,1782910291.0690892,4.9898693561553955,15.809454700445306,3.543
752,/home/htj/resisc45/imgs_full/forest_s0005752.png,forest,forest,forest,1,1782910291.073951,1782910295.590996,4.517045021057129,14.329439073635053,3.543
753,/home/htj/resisc45/imgs_full/mountain_s0005753.png,mountain,mountain,mountain,1,1782910295.5954194,1782910300.3421965,4.746777057647705,14.714036647262343,3.343
754,/home/htj/resisc45/imgs_full/church_s0005754.png,church,church,church,1,1782910300.3439744,1782910304.8540807,4.510106325149536,14.298350119654136,3.543
755,/home/htj/resisc45/imgs_full/mountain_s0005755.png,mountain,mountain,mountain,1,1782910304.8588634,1782910309.6114073,4.752543926239014,14.882276377407901,3.343
756,/home/htj/resisc45/imgs_full/thermal_power_station_s0005756.png,thermal_power_station,industrial area,industrial_area,0,1782910309.6159737,1782910314.60449,4.988516330718994,15.783212168910286,3.442
757,/home/htj/resisc45/imgs_full/railway_station_s0005757.png,railway_station,railway station,railway_station,1,1782910314.6090596,1782910319.5897398,4.980680227279663,15.828201017908667,3.543
758,/home/htj/resisc45/imgs_full/commercial_area_s0005758.png,commercial_area,commercial area,commercial_area,1,1782910319.5943768,1782910324.3461273,4.751750469207764,15.068258737903044,3.541
759,/home/htj/resisc45/imgs_full/tennis_court_s0005759.png,tennis_court,tennis court,tennis_court,1,1782910324.3509016,1782910329.3407822,4.989880561828613,15.60483079973134,3.444
760,/home/htj/resisc45/imgs_full/desert_s0005760.png,desert,chaparral,chaparral,0,1782910329.345036,1782910334.3276606,4.982624530792236,15.870690018407231,3.5424
761,/home/htj/resisc45/imgs_full/dense_residential_s0005761.png,dense_residential,medium residential,medium_residential,0,1782910334.332608,1782910339.0869236,4.754315614700317,15.153984828889369,3.541
762,/home/htj/resisc45/imgs_full/airport_s0005762.png,airport,airport,airport,1,1782910339.09177,1782910343.6078641,4.516094207763672,14.224381942217864,3.4538999999999995
763,/home/htj/resisc45/imgs_full/cloud_s0005763.png,cloud,cloud,cloud,1,1782910343.6122334,1782910348.1221468,4.509913444519043,14.069674021636382,3.442
764,/home/htj/resisc45/imgs_full/palace_s0005764.png,palace,industrial area,industrial_area,0,1782910348.1272054,1782910353.1218648,4.994659423828125,15.541847674629906,3.444
765,/home/htj/resisc45/imgs_full/basketball_court_s0005765.png,basketball_court,basketball court,basketball_court,1,1782910353.1266227,1782910358.1126678,4.9860451221466064,15.69280332529956,3.543
766,/home/htj/resisc45/imgs_full/intersection_s0005766.png,intersection,intersection,intersection,1,1782910358.1172962,1782910362.630357,4.513060808181763,14.170096900058697,3.543
767,/home/htj/resisc45/imgs_full/freeway_s0005767.png,freeway,freeway,freeway,1,1782910362.6350777,1782910367.3880045,4.752926826477051,14.629395606971922,3.345
768,/home/htj/resisc45/imgs_full/parking_lot_s0005768.png,parking_lot,parking lot,parking_lot,1,1782910367.3929644,1782910372.3853123,4.992347955703735,15.491140939929021,3.444
769,/home/htj/resisc45/imgs_full/church_s0005769.png,church,church,church,1,1782910372.3899202,1782910376.902157,4.512236833572388,14.344115309316901,3.5412
770,/home/htj/resisc45/imgs_full/river_s0005770.png,river,freeway,freeway,0,1782910376.9069195,1782910381.6569176,4.749998092651367,14.898991041160764,3.444
771,/home/htj/resisc45/imgs_full/snowberg_s0005771.png,snowberg,chaparral,chaparral,0,1782910381.6617327,1782910386.6571257,4.9953930377960205,15.766723630121385,3.444
772,/home/htj/resisc45/imgs_full/intersection_s0005772.png,intersection,intersection,intersection,1,1782910386.6614435,1782910391.1759322,4.514488697052002,14.388189786343633,3.5412
773,/home/htj/resisc45/imgs_full/ground_track_field_s0005773.png,ground_track_field,track field,,0,1782910391.177955,1782910395.928257,4.750302076339722,14.820659722103958,3.345
774,/home/htj/resisc45/imgs_full/mobile_home_park_s0005774.png,mobile_home_park,mobile home park,mobile_home_park,1,1782910395.9305232,1782910400.9220655,4.991542339324951,15.748201332470465,3.442
775,/home/htj/resisc45/imgs_full/storage_tank_s0005775.png,storage_tank,storage tank,storage_tank,1,1782910400.9239066,1782910405.6756678,4.751761198043823,15.135790669142482,3.543
776,/home/htj/resisc45/imgs_full/thermal_power_station_s0005776.png,thermal_power_station,storage tank,storage_tank,0,1782910405.6799486,1782910410.4244485,4.744499921798706,15.017885644033731,3.444
777,/home/htj/resisc45/imgs_full/church_s0005777.png,church,church,church,1,1782910410.4290283,1782910414.943202,4.514173746109009,14.27770300310473,3.444
778,/home/htj/resisc45/imgs_full/roundabout_s0005778.png,roundabout,roundabout,roundabout,1,1782910414.9475486,1782910419.690962,4.74341344833374,14.761216903416507,3.442
779,/home/htj/resisc45/imgs_full/storage_tank_s0005779.png,storage_tank,storage tank,storage_tank,1,1782910419.6951609,1782910424.4425848,4.747423887252808,14.924928337594114,3.444
780,/home/htj/resisc45/imgs_full/thermal_power_station_s0005780.png,thermal_power_station,industrial area,industrial_area,0,1782910424.4469924,1782910429.4385412,4.991548776626587,15.603354587153955,3.444
781,/home/htj/resisc45/imgs_full/railway_s0005781.png,railway,railway,railway,1,1782910429.443007,1782910434.1956856,4.752678632736206,15.096740523915694,3.543
782,/home/htj/resisc45/imgs_full/railway_s0005782.png,railway,railway,railway,1,1782910434.2000136,1782910438.95446,4.754446268081665,14.975430333991845,3.444
783,/home/htj/resisc45/imgs_full/snowberg_s0005783.png,snowberg,snowberg,snowberg,1,1782910438.9594717,1782910443.713074,4.7536022663116455,15.017316827076028,3.4438
784,/home/htj/resisc45/imgs_full/harbor_s0005784.png,harbor,harbor,harbor,1,1782910443.717429,1782910448.4694152,4.751986265182495,14.817208450458136,3.444
785,/home/htj/resisc45/imgs_full/church_s0005785.png,church,palace,palace,0,1782910448.4738514,1782910453.216693,4.742841482162476,14.880721612683363,3.444
786,/home/htj/resisc45/imgs_full/palace_s0005786.png,palace,church,church,0,1782910453.2211633,1782910457.735462,4.514298677444458,14.11586910624142,3.4421999999999997
787,/home/htj/resisc45/imgs_full/snowberg_s0005787.png,snowberg,snowberg,snowberg,1,1782910457.7375271,1782910462.4844098,4.746882677078247,14.623372595993867,3.345
788,/home/htj/resisc45/imgs_full/baseball_diamond_s0005788.png,baseball_diamond,baseball diamond,baseball_diamond,1,1782910462.4890943,1782910467.4746602,4.985565900802612,15.454910460357008,3.444
789,/home/htj/resisc45/imgs_full/beach_s0005789.png,beach,beach,beach,1,1782910467.476465,1782910472.2222662,4.745801210403442,15.070291743636131,3.543
790,/home/htj/resisc45/imgs_full/basketball_court_s0005790.png,basketball_court,basketball court,basketball_court,1,1782910472.2264683,1782910477.2161553,4.989686965942383,15.693941973258708,3.4434
791,/home/htj/resisc45/imgs_full/baseball_diamond_s0005791.png,baseball_diamond,baseball diamond,baseball_diamond,1,1782910477.2179856,1782910482.2075956,4.989609956741333,15.764445857871662,3.541
792,/home/htj/resisc45/imgs_full/railway_station_s0005792.png,railway_station,railway station,railway_station,1,1782910482.2095525,1782910487.196453,4.986900568008423,15.69211378733317,3.543
793,/home/htj/resisc45/imgs_full/forest_s0005793.png,forest,forest,forest,1,1782910487.1984003,1782910491.7138255,4.515425205230713,14.489542225336727,3.543
794,/home/htj/resisc45/imgs_full/overpass_s0005794.png,overpass,intersection,intersection,0,1782910491.7181778,1782910496.224367,4.5061891078948975,14.105227513237846,3.3548999999999998
795,/home/htj/resisc45/imgs_full/tennis_court_s0005795.png,tennis_court,tennis court,tennis_court,1,1782910496.2287807,1782910501.221542,4.992761135101318,15.417986800724812,3.442
796,/home/htj/resisc45/imgs_full/chaparral_s0005796.png,chaparral,chaparral,chaparral,1,1782910501.2255757,1782910506.206245,4.980669260025024,15.686474711768929,3.541
797,/home/htj/resisc45/imgs_full/river_s0005797.png,river,river,river,1,1782910506.2104506,1782910510.7218175,4.511366844177246,14.452192238276519,3.543
798,/home/htj/resisc45/imgs_full/industrial_area_s0005798.png,industrial_area,storage tank,storage_tank,0,1782910510.7260828,1782910515.4740286,4.747945785522461,14.880977358484843,3.442
799,/home/htj/resisc45/imgs_full/lake_s0005799.png,lake,forest,forest,0,1782910515.4781613,1782910519.982633,4.504471778869629,14.31798329588083,3.458849999999999
800,/home/htj/resisc45/imgs_full/golf_course_s0005800.png,golf_course,golf course,golf_course,1,1782910519.9865959,1782910524.9716816,4.985085725784302,15.390334831558425,3.343
801,/home/htj/resisc45/imgs_full/chaparral_s0005801.png,chaparral,chaparral,chaparral,1,1782910524.9761894,1782910529.958024,4.981834650039673,15.76733487997384,3.5424
802,/home/htj/resisc45/imgs_full/railway_station_s0005802.png,railway_station,airport,airport,0,1782910529.9596353,1782910534.4619918,4.50235652923584,14.321654168370406,3.543
803,/home/htj/resisc45/imgs_full/wetland_s0005803.png,wetland,chaparral,chaparral,0,1782910534.4659553,1782910539.4390726,4.973117351531982,15.408432423098334,3.442
804,/home/htj/resisc45/imgs_full/basketball_court_s0005804.png,basketball_court,basketball court,basketball_court,1,1782910539.4434924,1782910544.425073,4.981580495834351,16.374624916415325,3.647
805,/home/htj/resisc45/imgs_full/sea_ice_s0005805.png,sea_ice,sea ice,sea_ice,1,1782910544.4291148,1782910549.1763787,4.7472639083862305,15.15298041581533,3.541
806,/home/htj/resisc45/imgs_full/overpass_s0005806.png,overpass,freeway,freeway,0,1782910549.1806479,1782910553.9215324,4.74088454246521,14.903456071511808,3.442
807,/home/htj/resisc45/imgs_full/lake_s0005807.png,lake,lake,lake,1,1782910553.9257593,1782910558.4353626,4.509603261947632,14.360688878708249,3.4536999999999995
808,/home/htj/resisc45/imgs_full/intersection_s0005808.png,intersection,intersection,intersection,1,1782910558.43967,1782910562.943673,4.504002809524536,14.111838979953452,3.3528999999999995
809,/home/htj/resisc45/imgs_full/bridge_s0005809.png,bridge,freeway,freeway,0,1782910562.9477806,1782910567.686381,4.738600492477417,14.649982884002018,3.432099999999999
810,/home/htj/resisc45/imgs_full/chaparral_s0005810.png,chaparral,chaparral,chaparral,1,1782910567.6877074,1782910572.6634862,4.975778818130493,15.461667247929357,3.444
811,/home/htj/resisc45/imgs_full/circular_farmland_s0005811.png,circular_farmland,circular farmland,circular_farmland,1,1782910572.6675985,1782910577.8909085,5.2233099937438965,16.37169028874282,3.543
812,/home/htj/resisc45/imgs_full/thermal_power_station_s0005812.png,thermal_power_station,industrial area,industrial_area,0,1782910577.8953521,1782910582.880841,4.9854888916015625,15.932092858921399,3.543
813,/home/htj/resisc45/imgs_full/overpass_s0005813.png,overpass,freeway,freeway,0,1782910582.8850718,1782910587.6193433,4.73427152633667,15.096679266831961,3.543
814,/home/htj/resisc45/imgs_full/industrial_area_s0005814.png,industrial_area,industrial area,industrial_area,1,1782910587.6236422,1782910592.6092668,4.985624551773071,15.432169862588248,3.444
815,/home/htj/resisc45/imgs_full/airplane_s0005815.png,airplane,airport,airport,0,1782910592.6136405,1782910597.1147072,4.5010666847229,14.295672668318204,3.543
816,/home/htj/resisc45/imgs_full/cloud_s0005816.png,cloud,cloud,cloud,1,1782910597.118954,1782910601.6239798,4.505025863647461,13.932961509028567,3.345
817,/home/htj/resisc45/imgs_full/mountain_s0005817.png,mountain,circular farmland,circular_farmland,0,1782910601.628351,1782910606.83502,5.206669092178345,15.961015494000781,3.344
818,/home/htj/resisc45/imgs_full/meadow_s0005818.png,meadow,circular farmland,circular_farmland,0,1782910606.8391871,1782910612.043176,5.203988790512085,16.58075676300474,3.5439000000000003
819,/home/htj/resisc45/imgs_full/forest_s0005819.png,forest,forest,forest,1,1782910612.0475318,1782910616.5618763,4.5143444538116455,14.56784669605086,3.543
820,/home/htj/resisc45/imgs_full/snowberg_s0005820.png,snowberg,snowberg,snowberg,1,1782910616.5665767,1782910621.3140912,4.747514486312866,14.611934405355568,3.444
821,/home/htj/resisc45/imgs_full/parking_lot_s0005821.png,parking_lot,parking lot,parking_lot,1,1782910621.3184063,1782910626.302354,4.98394775390625,15.458029035897091,3.444
822,/home/htj/resisc45/imgs_full/snowberg_s0005822.png,snowberg,snowberg,snowberg,1,1782910626.3067822,1782910631.0453813,4.738599061965942,14.94234431436263,3.545
823,/home/htj/resisc45/imgs_full/industrial_area_s0005823.png,industrial_area,industrial area,industrial_area,1,1782910631.0496798,1782910636.0206037,4.970923900604248,15.329815075956542,3.444
824,/home/htj/resisc45/imgs_full/freeway_s0005824.png,freeway,freeway,freeway,1,1782910636.0244179,1782910640.7625778,4.738159894943237,14.924347375114278,3.543
825,/home/htj/resisc45/imgs_full/intersection_s0005825.png,intersection,intersection,intersection,1,1782910640.766994,1782910645.2839448,4.516950845718384,14.086196977262256,3.444
826,/home/htj/resisc45/imgs_full/church_s0005826.png,church,church,church,1,1782910645.2885659,1782910649.8039787,4.5154128074646,13.972744882764696,3.3548999999999998
827,/home/htj/resisc45/imgs_full/snowberg_s0005827.png,snowberg,snowberg,snowberg,1,1782910649.8084533,1782910654.5607061,4.752252817153931,14.626868426816804,3.345
828,/home/htj/resisc45/imgs_full/river_s0005828.png,river,river,river,1,1782910654.5649374,1782910659.0750666,4.51012921333313,14.071774416328985,3.444
829,/home/htj/resisc45/imgs_full/railway_station_s0005829.png,railway_station,airport,airport,0,1782910659.0793412,1782910663.583358,4.504016876220703,13.876647944148583,3.3528999999999995
830,/home/htj/resisc45/imgs_full/parking_lot_s0005830.png,parking_lot,parking lot,parking_lot,1,1782910663.5871496,1782910668.5605853,4.973435640335083,15.226030298068606,3.4143000000000003
831,/home/htj/resisc45/imgs_full/stadium_s0005831.png,stadium,stadium,stadium,1,1782910668.5648859,1782910673.3017995,4.736913681030273,15.014932015131755,3.543
832,/home/htj/resisc45/imgs_full/airport_s0005832.png,airport,airport,airport,1,1782910673.304047,1782910677.8154213,4.511374235153198,14.168513292526896,3.446
833,/home/htj/resisc45/imgs_full/airplane_s0005833.png,airplane,airport,airport,0,1782910677.8198323,1782910682.3315675,4.511735200881958,14.005054279831393,3.345
834,/home/htj/resisc45/imgs_full/lake_s0005834.png,lake,lake,lake,1,1782910682.3360956,1782910686.847304,4.511208534240723,14.061094377795353,3.3548999999999998
835,/home/htj/resisc45/imgs_full/thermal_power_station_s0005835.png,thermal_power_station,industrial area,industrial_area,0,1782910686.8518112,1782910691.8405225,4.988711357116699,15.362113035321237,3.345
836,/home/htj/resisc45/imgs_full/industrial_area_s0005836.png,industrial_area,industrial area,industrial_area,1,1782910691.844909,1782910696.8280365,4.983127593994141,15.713462346394858,3.543
837,/home/htj/resisc45/imgs_full/golf_course_s0005837.png,golf_course,golf course,golf_course,1,1782910696.8322756,1782910701.8044345,4.972158908843994,15.60156112164259,3.507649999999999
838,/home/htj/resisc45/imgs_full/railway_station_s0005838.png,railway_station,railway station,railway_station,1,1782910701.808558,1782910706.7845228,4.975964784622192,15.729825414156092,3.543
839,/home/htj/resisc45/imgs_full/rectangular_farmland_s0005839.png,rectangular_farmland,circular farmland,circular_farmland,0,1782910706.7888136,1782910712.013197,5.224383354187012,16.48608707679497,3.543
840,/home/htj/resisc45/imgs_full/airplane_s0005840.png,airplane,airport,airport,0,1782910712.0174038,1782910716.5293605,4.511956691741943,14.594318715649843,3.543
841,/home/htj/resisc45/imgs_full/airport_s0005841.png,airport,airport,airport,1,1782910716.5339873,1782910721.046523,4.512535810470581,14.010966725859461,3.3528999999999995
842,/home/htj/resisc45/imgs_full/railway_s0005842.png,railway,dense residential,dense_residential,0,1782910721.0511284,1782910725.8055043,4.75437593460083,14.695947858764464,3.3448
843,/home/htj/resisc45/imgs_full/church_s0005843.png,church,church,church,1,1782910725.8096802,1782910730.3225641,4.512883901596069,14.249630857183963,3.444
844,/home/htj/resisc45/imgs_full/ground_track_field_s0005844.png,ground_track_field,football field,,0,1782910730.3270276,1782910735.0726354,4.745607852935791,14.775821694104067,3.343
845,/home/htj/resisc45/imgs_full/terrace_s0005845.png,terrace,sparse residential,sparse_residential,0,1782910735.077133,1782910739.8107834,4.73365044593811,14.832893672347069,3.4439
846,/home/htj/resisc45/imgs_full/chaparral_s0005846.png,chaparral,chaparral,chaparral,1,1782910739.8149974,1782910744.8107777,4.9957802295684814,15.619048485320189,3.444
847,/home/htj/resisc45/imgs_full/roundabout_s0005847.png,roundabout,intersection,intersection,0,1782910744.8152301,1782910749.3288798,4.5136497020721436,14.407398444595216,3.543
848,/home/htj/resisc45/imgs_full/desert_s0005848.png,desert,sparse residential,sparse_residential,0,1782910749.3331265,1782910754.0853212,4.75219464302063,14.719866333010652,3.343
849,/home/htj/resisc45/imgs_full/island_s0005849.png,island,island,island,1,1782910754.089435,1782910758.8386106,4.749175548553467,14.867551540167934,3.533299999999999
850,/home/htj/resisc45/imgs_full/stadium_s0005850.png,stadium,stadium,stadium,1,1782910758.8432744,1782910763.5998309,4.756556510925293,15.013640817412412,3.442
851,/home/htj/resisc45/imgs_full/thermal_power_station_s0005851.png,thermal_power_station,industrial area,industrial_area,0,1782910763.6045232,1782910768.586951,4.9824278354644775,15.593583662550556,3.4433000000000002
852,/home/htj/resisc45/imgs_full/snowberg_s0005852.png,snowberg,snowberg,snowberg,1,1782910768.5913765,1782910773.3360963,4.744719743728638,15.05230897783946,3.543
853,/home/htj/resisc45/imgs_full/runway_s0005853.png,runway,runway,runway,1,1782910773.3400447,1782910778.0898976,4.749852895736694,14.899773489636111,3.4438
854,/home/htj/resisc45/imgs_full/tennis_court_s0005854.png,tennis_court,residential area,,0,1782910778.0945582,1782910783.086587,4.992028713226318,15.626070969180628,3.442
855,/home/htj/resisc45/imgs_full/roundabout_s0005855.png,roundabout,roundabout,roundabout,1,1782910783.0910628,1782910787.8466756,4.755612850189209,15.14198590808317,3.5428
856,/home/htj/resisc45/imgs_full/tennis_court_s0005856.png,tennis_court,residential area,,0,1782910787.8512075,1782910792.848825,4.997617483139038,15.644360037673604,3.442
857,/home/htj/resisc45/imgs_full/thermal_power_station_s0005857.png,thermal_power_station,industrial area,industrial_area,0,1782910792.8532825,1782910797.843638,4.990355491638184,15.76143553605573,3.5424
858,/home/htj/resisc45/imgs_full/dense_residential_s0005858.png,dense_residential,dense residential,dense_residential,1,1782910797.8482344,1782910802.5962598,4.748025417327881,14.94243165711562,3.543
859,/home/htj/resisc45/imgs_full/stadium_s0005859.png,stadium,stadium,stadium,1,1782910802.6005447,1782910807.3431115,4.742566823959351,14.85223366929824,3.444
860,/home/htj/resisc45/imgs_full/island_s0005860.png,island,island,island,1,1782910807.3444602,1782910812.0968692,4.752408981323242,14.87864736173239,3.444
861,/home/htj/resisc45/imgs_full/beach_s0005861.png,beach,beach,beach,1,1782910812.1009927,1782910816.8538954,4.7529027462005615,14.90317921811626,3.444
862,/home/htj/resisc45/imgs_full/terrace_s0005862.png,terrace,circular farmland,circular_farmland,0,1782910816.8581572,1782910822.0845704,5.226413249969482,16.402494937346532,3.444
863,/home/htj/resisc45/imgs_full/tennis_court_s0005863.png,tennis_court,residential area,,0,1782910822.0890446,1782910827.078175,4.98913049697876,16.02565410294316,3.543
864,/home/htj/resisc45/imgs_full/palace_s0005864.png,palace,courtyard,,0,1782910827.0825708,1782910831.843344,4.760773181915283,15.070772415126662,3.543
865,/home/htj/resisc45/imgs_full/roundabout_s0005865.png,roundabout,roundabout,roundabout,1,1782910831.8477032,1782910836.5938087,4.746105432510376,14.845989338871943,3.444
866,/home/htj/resisc45/imgs_full/tennis_court_s0005866.png,tennis_court,tennis court,tennis_court,1,1782910836.5981178,1782910841.5743022,4.976184368133545,15.860852555280381,3.444
867,/home/htj/resisc45/imgs_full/sparse_residential_s0005867.png,sparse_residential,medium residential,medium_residential,0,1782910841.5784762,1782910846.328032,4.749555826187134,15.217119078590208,3.5428
868,/home/htj/resisc45/imgs_full/ground_track_field_s0005868.png,ground_track_field,track field,,0,1782910846.332074,1782910851.0814598,4.749385833740234,15.026198455213065,3.4438
869,/home/htj/resisc45/imgs_full/railway_s0005869.png,railway,railway station,railway_station,0,1782910851.0856702,1782910856.074252,4.988581657409668,15.778373586535455,3.506349999999999
870,/home/htj/resisc45/imgs_full/storage_tank_s0005870.png,storage_tank,storage tank,storage_tank,1,1782910856.078457,1782910860.8288794,4.750422239303589,15.144460566905607,3.543
871,/home/htj/resisc45/imgs_full/storage_tank_s0005871.png,storage_tank,storage tank,storage_tank,1,1782910860.832934,1782910865.5825458,4.749611854553223,14.905884278285933,3.442
872,/home/htj/resisc45/imgs_full/terrace_s0005872.png,terrace,circular farmland,circular_farmland,0,1782910865.5868194,1782910870.8029542,5.216134786605835,16.278025846831177,3.444
873,/home/htj/resisc45/imgs_full/mountain_s0005873.png,mountain,forest,forest,0,1782910870.8071468,1782910875.3128,4.505653142929077,14.43468683034257,3.543
874,/home/htj/resisc45/imgs_full/rectangular_farmland_s0005874.png,rectangular_farmland,rectangular farmland,rectangular_farmland,1,1782910875.3168375,1782910880.532266,5.215428352355957,16.174017631446922,3.345
875,/home/htj/resisc45/imgs_full/mobile_home_park_s0005875.png,mobile_home_park,mobile home park,mobile_home_park,1,1782910880.5361285,1782910885.5259821,4.989853620529175,15.823336156636476,3.543
876,/home/htj/resisc45/imgs_full/wetland_s0005876.png,wetland,forest,forest,0,1782910885.530398,1782910890.0457807,4.515382766723633,14.3453138931371,3.543
877,/home/htj/resisc45/imgs_full/snowberg_s0005877.png,snowberg,mountain,mountain,0,1782910890.05021,1782910894.8027205,4.7525105476379395,14.935136580513184,3.444
878,/home/htj/resisc45/imgs_full/golf_course_s0005878.png,golf_course,golf course,golf_course,1,1782910894.8071578,1782910899.7960143,4.988856554031372,15.561717572369357,3.442
879,/home/htj/resisc45/imgs_full/ship_s0005879.png,ship,harbor,harbor,0,1782910899.79999,1782910904.5374534,4.737463474273682,14.834938785639155,3.543
880,/home/htj/resisc45/imgs_full/sea_ice_s0005880.png,sea_ice,sea ice,sea_ice,1,1782910904.5415282,1782910909.2774203,4.735892057418823,14.703290129012371,3.442
881,/home/htj/resisc45/imgs_full/industrial_area_s0005881.png,industrial_area,airport,airport,0,1782910909.281985,1782910913.782312,4.500326871871948,14.133248058032386,3.543
882,/home/htj/resisc45/imgs_full/palace_s0005882.png,palace,commercial area,commercial_area,0,1782910913.7866795,1782910918.5376637,4.750984191894531,14.687123841894678,3.345
883,/home/htj/resisc45/imgs_full/thermal_power_station_s0005883.png,thermal_power_station,industrial area,industrial_area,0,1782910918.5422823,1782910923.5324337,4.990151405334473,15.59002687798847,3.508349999999999
884,/home/htj/resisc45/imgs_full/beach_s0005884.png,beach,beach,beach,1,1782910923.536662,1782910928.2838266,4.747164487838745,15.063439256946724,3.541
885,/home/htj/resisc45/imgs_full/ship_s0005885.png,ship,harbor,harbor,0,1782910928.288168,1782910933.0304084,4.7422404289245605,14.847497699547963,3.541
886,/home/htj/resisc45/imgs_full/runway_s0005886.png,runway,runway,runway,1,1782910933.0342274,1782910937.7763796,4.742152214050293,14.866818594139742,3.442
887,/home/htj/resisc45/imgs_full/freeway_s0005887.png,freeway,freeway,freeway,1,1782910937.7808216,1782910942.52689,4.746068477630615,14.796037981459072,3.444
888,/home/htj/resisc45/imgs_full/harbor_s0005888.png,harbor,parking lot,parking_lot,0,1782910942.5309906,1782910947.5100453,4.979054689407349,15.635891409635544,3.444
889,/home/htj/resisc45/imgs_full/overpass_s0005889.png,overpass,freeway,freeway,0,1782910947.5143943,1782910952.2607324,4.746338129043579,14.991795051356394,3.543
890,/home/htj/resisc45/imgs_full/cloud_s0005890.png,cloud,forest,forest,0,1782910952.2650762,1782910956.775867,4.510790824890137,14.224521922509881,3.4556999999999993
891,/home/htj/resisc45/imgs_full/church_s0005891.png,church,church,church,1,1782910956.780277,1782910961.2939978,4.513720750808716,14.120723996829987,3.444
892,/home/htj/resisc45/imgs_full/baseball_diamond_s0005892.png,baseball_diamond,baseball diamond,baseball_diamond,1,1782910961.298151,1782910966.2753346,4.97718358039856,15.537794584890893,3.4143000000000003
893,/home/htj/resisc45/imgs_full/parking_lot_s0005893.png,parking_lot,parking lot,parking_lot,1,1782910966.2796235,1782910971.2528427,4.973219156265259,15.68902018861387,3.543
894,/home/htj/resisc45/imgs_full/desert_s0005894.png,desert,sparse residential,sparse_residential,0,1782910971.2568696,1782910976.003905,4.747035503387451,14.962484327080738,3.543
895,/home/htj/resisc45/imgs_full/basketball_court_s0005895.png,basketball_court,basketball court,basketball_court,1,1782910976.0084722,1782910980.9880114,4.979539155960083,15.637337348537013,3.444
896,/home/htj/resisc45/imgs_full/wetland_s0005896.png,wetland,lake,lake,0,1782910980.992304,1782910985.5062904,4.513986349105835,14.337620565182045,3.543
897,/home/htj/resisc45/imgs_full/intersection_s0005897.png,intersection,intersection,intersection,1,1782910985.5109766,1782910990.0261629,4.515186309814453,14.067720222183421,3.345
898,/home/htj/resisc45/imgs_full/golf_course_s0005898.png,golf_course,golf course,golf_course,1,1782910990.0304399,1782910995.0156314,4.985191583633423,15.594080380974145,3.4143000000000003
899,/home/htj/resisc45/imgs_full/railway_s0005899.png,railway,railway station,railway_station,0,1782910995.0199683,1782910999.997841,4.977872610092163,15.671700578191064,3.543
900,/home/htj/resisc45/imgs_full/sparse_residential_s0005900.png,sparse_residential,medium residential,medium_residential,0,1782911000.002057,1782911004.7396965,4.737639427185059,14.934181074349278,3.543
901,/home/htj/resisc45/imgs_full/railway_station_s0005901.png,railway_station,railway station,railway_station,1,1782911004.743664,1782911009.7227354,4.979071378707886,15.589129102501376,3.4434
902,/home/htj/resisc45/imgs_full/beach_s0005902.png,beach,circular farmland,circular_farmland,0,1782911009.7270288,1782911014.9412527,5.214223861694336,16.44758905555891,3.543
903,/home/htj/resisc45/imgs_full/tennis_court_s0005903.png,tennis_court,tennis court,tennis_court,1,1782911014.9452674,1782911019.9331295,4.9878621101379395,15.972338443377922,3.543
904,/home/htj/resisc45/imgs_full/island_s0005904.png,island,island,island,1,1782911019.9343834,1782911024.6812623,4.7468788623809814,15.15741331201002,3.543
905,/home/htj/resisc45/imgs_full/runway_s0005905.png,runway,runway,runway,1,1782911024.68566,1782911029.4349396,4.749279737472534,14.929926245189847,3.444
906,/home/htj/resisc45/imgs_full/cloud_s0005906.png,cloud,dense residential,dense_residential,0,1782911029.4391537,1782911034.1835358,4.74438214302063,14.820878202490059,3.4458
907,/home/htj/resisc45/imgs_full/overpass_s0005907.png,overpass,freeway,freeway,0,1782911034.1879668,1782911038.9259574,4.737990617752075,14.86535993686067,3.444
908,/home/htj/resisc45/imgs_full/airplane_s0005908.png,airplane,airport,airport,0,1782911038.9301598,1782911043.4370604,4.5069005489349365,14.156003476082525,3.446
909,/home/htj/resisc45/imgs_full/parking_lot_s0005909.png,parking_lot,parking lot,parking_lot,1,1782911043.440908,1782911048.419744,4.9788360595703125,15.516285053647797,3.4143000000000003
910,/home/htj/resisc45/imgs_full/wetland_s0005910.png,wetland,chaparral,chaparral,0,1782911048.4239337,1782911053.4078903,4.983956575393677,15.754569914170286,3.543
911,/home/htj/resisc45/imgs_full/church_s0005911.png,church,church,church,1,1782911053.4122655,1782911057.9264042,4.514138698577881,14.316505171045472,3.543
912,/home/htj/resisc45/imgs_full/terrace_s0005912.png,terrace,medium residential,medium_residential,0,1782911057.9309049,1782911062.6816945,4.750789642333984,14.982158902179762,3.444
913,/home/htj/resisc45/imgs_full/meadow_s0005913.png,meadow,chaparral,chaparral,0,1782911062.685973,1782911067.673386,4.987413167953491,15.720723031436856,3.444
914,/home/htj/resisc45/imgs_full/island_s0005914.png,island,island,island,1,1782911067.6746304,1782911072.4101934,4.735563039779663,14.96586263508969,3.543
915,/home/htj/resisc45/imgs_full/medium_residential_s0005915.png,medium_residential,roundabout,roundabout,0,1782911072.4145253,1782911077.1542861,4.739760875701904,14.862462467383189,3.4458
916,/home/htj/resisc45/imgs_full/wetland_s0005916.png,wetland,chaparral,chaparral,0,1782911077.155954,1782911082.1324863,4.976532459259033,15.607893031821853,3.4434
917,/home/htj/resisc45/imgs_full/sparse_residential_s0005917.png,sparse_residential,medium residential,medium_residential,0,1782911082.1365087,1782911086.8848684,4.748359680175781,15.14097437295569,3.543
918,/home/htj/resisc45/imgs_full/dense_residential_s0005918.png,dense_residential,dense residential,dense_residential,1,1782911086.8891914,1782911091.639887,4.750695705413818,15.006938730290958,3.446
919,/home/htj/resisc45/imgs_full/railway_s0005919.png,railway,dense residential,dense_residential,0,1782911091.6440728,1782911096.3926601,4.748587369918823,14.87394872809031,3.444
920,/home/htj/resisc45/imgs_full/snowberg_s0005920.png,snowberg,snowberg,snowberg,1,1782911096.397197,1782911101.149546,4.752348899841309,14.978487616849232,3.533299999999999
921,/home/htj/resisc45/imgs_full/freeway_s0005921.png,freeway,sparse residential,sparse_residential,0,1782911101.1540623,1782911105.8975003,4.743438005447388,14.896224132480393,3.444
922,/home/htj/resisc45/imgs_full/ship_s0005922.png,ship,harbor,harbor,0,1782911105.9016252,1782911110.6327837,4.731158494949341,14.94219556715115,3.444
923,/home/htj/resisc45/imgs_full/ship_s0005923.png,ship,harbor,harbor,0,1782911110.6371157,1782911115.3782678,4.741152048110962,14.926501262324196,3.444
924,/home/htj/resisc45/imgs_full/cloud_s0005924.png,cloud,forest,forest,0,1782911115.3824377,1782911119.8927839,4.510346174240112,14.137708629650406,3.446
925,/home/htj/resisc45/imgs_full/palace_s0005925.png,palace,palace,palace,1,1782911119.8974519,1782911124.651695,4.7542431354522705,14.81084208784046,3.444
926,/home/htj/resisc45/imgs_full/ground_track_field_s0005926.png,ground_track_field,commercial area,commercial_area,0,1782911124.6562796,1782911129.4094687,4.7531890869140625,14.808417431934773,3.446
927,/home/htj/resisc45/imgs_full/dense_residential_s0005927.png,dense_residential,medium residential,medium_residential,0,1782911129.4140124,1782911134.1663342,4.752321720123291,14.792167106469472,3.5281499999999997
928,/home/htj/resisc45/imgs_full/cloud_s0005928.png,cloud,cloud,cloud,1,1782911134.1706347,1782911138.6700127,4.499377965927124,13.9615128741204,3.4538999999999995
929,/home/htj/resisc45/imgs_full/airport_s0005929.png,airport,airport,airport,1,1782911138.6744335,1782911143.1724255,4.497992038726807,14.346829568687873,3.543
930,/home/htj/resisc45/imgs_full/terrace_s0005930.png,terrace,circular farmland,circular_farmland,0,1782911143.1767738,1782911148.3967946,5.220020771026611,16.09533173737159,3.3925
931,/home/htj/resisc45/imgs_full/sparse_residential_s0005931.png,sparse_residential,church,church,0,1782911148.4010363,1782911152.9146562,4.513619899749756,14.253211761402179,3.543
932,/home/htj/resisc45/imgs_full/storage_tank_s0005932.png,storage_tank,industrial area,industrial_area,0,1782911152.9191918,1782911157.9092085,4.99001669883728,15.34016190325401,3.345
933,/home/htj/resisc45/imgs_full/mobile_home_park_s0005933.png,mobile_home_park,industrial area,industrial_area,0,1782911157.913416,1782911162.9038742,4.990458250045776,15.668318057471307,3.543
934,/home/htj/resisc45/imgs_full/wetland_s0005934.png,wetland,chaparral,chaparral,0,1782911162.9081693,1782911167.8947423,4.986572980880737,15.682998687278142,3.543
935,/home/htj/resisc45/imgs_full/roundabout_s0005935.png,roundabout,roundabout,roundabout,1,1782911167.8993313,1782911172.644615,4.745283603668213,14.795794276237487,3.5448000000000004
936,/home/htj/resisc45/imgs_full/tennis_court_s0005936.png,tennis_court,tennis court,tennis_court,1,1782911172.6489952,1782911177.6393983,4.990403175354004,15.545446145989677,3.446
937,/home/htj/resisc45/imgs_full/river_s0005937.png,river,river,river,1,1782911177.6436334,1782911182.1538544,4.510221004486084,14.126811465722096,3.545
938,/home/htj/resisc45/imgs_full/circular_farmland_s0005938.png,circular_farmland,circular farmland,circular_farmland,1,1782911182.1576426,1782911187.3826282,5.224985599517822,16.086582312431965,3.345
939,/home/htj/resisc45/imgs_full/ground_track_field_s0005939.png,ground_track_field,track field,,0,1782911187.3869405,1782911192.1275702,4.74062967300415,14.8737541570606,3.543
940,/home/htj/resisc45/imgs_full/golf_course_s0005940.png,golf_course,forest,forest,0,1782911192.131768,1782911196.6486807,4.5169126987457275,13.942749657079576,3.444
941,/home/htj/resisc45/imgs_full/overpass_s0005941.png,overpass,freeway,freeway,0,1782911196.653021,1782911201.403007,4.749985933303833,14.626923551028034,3.4342999999999995
942,/home/htj/resisc45/imgs_full/ground_track_field_s0005942.png,ground_track_field,stadium,stadium,0,1782911201.4073157,1782911206.1599667,4.75265097618103,14.809317702635225,3.444
943,/home/htj/resisc45/imgs_full/snowberg_s0005943.png,snowberg,snowberg,snowberg,1,1782911206.1641538,1782911210.9167428,4.752588987350464,14.665244889276368,3.442
944,/home/htj/resisc45/imgs_full/dense_residential_s0005944.png,dense_residential,medium residential,medium_residential,0,1782911210.9215415,1782911215.6754475,4.753906011581421,14.933107025922062,3.444
945,/home/htj/resisc45/imgs_full/terrace_s0005945.png,terrace,circular farmland,circular_farmland,0,1782911215.6796181,1782911220.9063447,5.226726531982422,16.263470914467522,3.442
946,/home/htj/resisc45/imgs_full/chaparral_s0005946.png,chaparral,chaparral,chaparral,1,1782911220.9107184,1782911225.893168,4.982449531555176,15.617230343752892,3.543
947,/home/htj/resisc45/imgs_full/mountain_s0005947.png,mountain,sparse residential,sparse_residential,0,1782911225.8976793,1782911230.6496015,4.751922130584717,14.803611486544092,3.541
948,/home/htj/resisc45/imgs_full/beach_s0005948.png,beach,sea ice,sea_ice,0,1782911230.6538484,1782911235.402884,4.749035596847534,14.711042339444159,3.442
949,/home/htj/resisc45/imgs_full/railway_s0005949.png,railway,railway,railway,1,1782911235.407191,1782911240.1599455,4.75275444984436,14.967225431985167,3.4438
950,/home/htj/resisc45/imgs_full/mobile_home_park_s0005950.png,mobile_home_park,circular farmland,circular_farmland,0,1782911240.1644886,1782911245.394063,5.22957444190979,16.365327940751676,3.442
951,/home/htj/resisc45/imgs_full/railway_s0005951.png,railway,railway,railway,1,1782911245.3985484,1782911250.153846,4.755297660827637,15.048741021489521,3.541
952,/home/htj/resisc45/imgs_full/beach_s0005952.png,beach,island,island,0,1782911250.1581707,1782911254.9089038,4.750733137130737,14.960859977305654,3.442
953,/home/htj/resisc45/imgs_full/church_s0005953.png,church,commercial area,commercial_area,0,1782911254.9131944,1782911259.6577752,4.7445807456970215,14.850880715772329,3.444
954,/home/htj/resisc45/imgs_full/basketball_court_s0005954.png,basketball_court,basketball court,basketball_court,1,1782911259.6621997,1782911264.654595,4.9923951625823975,15.696377310421276,3.4434
955,/home/htj/resisc45/imgs_full/church_s0005955.png,church,storage tank,storage_tank,0,1782911264.6592798,1782911269.411037,4.7517571449279785,15.035860682913235,3.541
956,/home/htj/resisc45/imgs_full/baseball_diamond_s0005956.png,baseball_diamond,baseball diamond,baseball_diamond,1,1782911269.415218,1782911274.4031885,4.987970352172852,15.689746742248534,3.442
957,/home/htj/resisc45/imgs_full/river_s0005957.png,river,river,river,1,1782911274.4077106,1782911278.9235191,4.515808582305908,14.222967845977108,3.543
958,/home/htj/resisc45/imgs_full/wetland_s0005958.png,wetland,chaparral,chaparral,0,1782911278.927412,1782911283.9134238,4.986011743545532,15.6505809299702,3.343
959,/home/htj/resisc45/imgs_full/mountain_s0005959.png,mountain,forest,forest,0,1782911283.9149709,1782911288.4263604,4.511389493942261,14.287227890138386,3.5412
960,/home/htj/resisc45/imgs_full/thermal_power_station_s0005960.png,thermal_power_station,industrial area,industrial_area,0,1782911288.4307346,1782911293.4067605,4.976025819778442,15.5076986737909,3.343
961,/home/htj/resisc45/imgs_full/overpass_s0005961.png,overpass,freeway,freeway,0,1782911293.4112146,1782911298.151783,4.740568399429321,14.925708163244176,3.541
962,/home/htj/resisc45/imgs_full/medium_residential_s0005962.png,medium_residential,medium residential,medium_residential,1,1782911298.1559527,1782911302.9100916,4.754138946533203,14.971745689800805,3.442
963,/home/htj/resisc45/imgs_full/terrace_s0005963.png,terrace,circular farmland,circular_farmland,0,1782911302.914309,1782911308.1398203,5.225511312484741,16.545174702552647,3.442
964,/home/htj/resisc45/imgs_full/mountain_s0005964.png,mountain,forest,forest,0,1782911308.1440341,1782911312.6572428,4.513208627700806,14.39724978081184,3.541
965,/home/htj/resisc45/imgs_full/thermal_power_station_s0005965.png,thermal_power_station,industrial area,industrial_area,0,1782911312.6616116,1782911317.650687,4.989075422286987,15.54340778409622,3.343
966,/home/htj/resisc45/imgs_full/baseball_diamond_s0005966.png,baseball_diamond,baseball diamond,baseball_diamond,1,1782911317.6549659,1782911322.6405532,4.9855873584747314,15.727694336729488,3.541
967,/home/htj/resisc45/imgs_full/rectangular_farmland_s0005967.png,rectangular_farmland,rectangular farmland,rectangular_farmland,1,1782911322.64489,1782911327.8554788,5.210588693618774,16.455832010118858,3.5419
968,/home/htj/resisc45/imgs_full/parking_lot_s0005968.png,parking_lot,parking lot,parking_lot,1,1782911327.859553,1782911332.8313704,4.971817255020142,15.64076561104566,3.541
969,/home/htj/resisc45/imgs_full/terrace_s0005969.png,terrace,sparse residential,sparse_residential,0,1782911332.835695,1782911337.5887055,4.753010511398315,14.82257823832351,3.541
970,/home/htj/resisc45/imgs_full/storage_tank_s0005970.png,storage_tank,storage tank,storage_tank,1,1782911337.592969,1782911342.339535,4.7465660572052,14.927441689261368,3.5281499999999997
971,/home/htj/resisc45/imgs_full/runway_s0005971.png,runway,freeway,freeway,0,1782911342.3436358,1782911347.08957,4.745934247970581,14.76340066689181,3.442
972,/home/htj/resisc45/imgs_full/church_s0005972.png,church,stadium,stadium,0,1782911347.0942395,1782911351.8383608,4.744121313095093,14.77416545647598,3.4438
973,/home/htj/resisc45/imgs_full/mountain_s0005973.png,mountain,forest,forest,0,1782911351.8424451,1782911356.3373003,4.494855165481567,13.955728732208662,3.444
974,/home/htj/resisc45/imgs_full/meadow_s0005974.png,meadow,circular farmland,circular_farmland,0,1782911356.3386,1782911361.548296,5.209696054458618,16.208738411193362,3.442
975,/home/htj/resisc45/imgs_full/church_s0005975.png,church,church,church,1,1782911361.55257,1782911366.0604448,4.5078747272491455,14.233814167258105,3.541
976,/home/htj/resisc45/imgs_full/medium_residential_s0005976.png,medium_residential,dense residential,dense_residential,0,1782911366.0650265,1782911370.819847,4.7548205852508545,14.864474829605648,3.343
977,/home/htj/resisc45/imgs_full/intersection_s0005977.png,intersection,intersection,intersection,1,1782911370.824343,1782911375.3444495,4.520106554031372,14.080131915807724,3.442
978,/home/htj/resisc45/imgs_full/palace_s0005978.png,palace,church,church,0,1782911375.3487074,1782911379.8719475,4.523240089416504,13.968223445747471,3.345
979,/home/htj/resisc45/imgs_full/railway_station_s0005979.png,railway_station,roundabout,roundabout,0,1782911379.8763173,1782911384.629645,4.7533278465271,14.750990988680297,3.345
980,/home/htj/resisc45/imgs_full/freeway_s0005980.png,freeway,freeway,freeway,1,1782911384.6338995,1782911389.3717644,4.737864971160889,14.816902080713986,3.4438
981,/home/htj/resisc45/imgs_full/roundabout_s0005981.png,roundabout,roundabout,roundabout,1,1782911389.3757002,1782911394.1167831,4.7410829067230225,14.920987608188607,3.444
982,/home/htj/resisc45/imgs_full/airplane_s0005982.png,airplane,airport,airport,0,1782911394.121064,1782911398.625468,4.504404067993164,14.015139659809162,3.442
983,/home/htj/resisc45/imgs_full/snowberg_s0005983.png,snowberg,sea ice,sea_ice,0,1782911398.6301816,1782911403.3795028,4.749321222305298,14.810443517702172,3.345
984,/home/htj/resisc45/imgs_full/desert_s0005984.png,desert,sparse residential,sparse_residential,0,1782911403.3836896,1782911408.1220977,4.738408088684082,14.801587994713381,3.442
985,/home/htj/resisc45/imgs_full/intersection_s0005985.png,intersection,intersection,intersection,1,1782911408.126605,1782911412.643837,4.5172319412231445,13.977459229167504,3.444
986,/home/htj/resisc45/imgs_full/island_s0005986.png,island,island,island,1,1782911412.645114,1782911417.3941965,4.749082565307617,14.918734048639026,3.4436999999999998
987,/home/htj/resisc45/imgs_full/wetland_s0005987.png,wetland,forest,forest,0,1782911417.395801,1782911421.8976781,4.501877069473267,14.046882200899004,3.442
988,/home/htj/resisc45/imgs_full/rectangular_farmland_s0005988.png,rectangular_farmland,rectangular farmland,rectangular_farmland,1,1782911421.9015062,1782911427.1207035,5.2191972732543945,16.407722381707075,3.442
989,/home/htj/resisc45/imgs_full/bridge_s0005989.png,bridge,freeway,freeway,0,1782911427.1249998,1782911431.8760872,4.751087427139282,15.063122340684915,3.541
990,/home/htj/resisc45/imgs_full/bridge_s0005990.png,bridge,bridge,bridge,1,1782911431.8801658,1782911436.390145,4.509979248046875,14.249650508446027,3.4518999999999997
991,/home/htj/resisc45/imgs_full/chaparral_s0005991.png,chaparral,circular farmland,circular_farmland,0,1782911436.394545,1782911441.6102107,5.215665578842163,16.69316754763205,3.743
992,/home/htj/resisc45/imgs_full/parking_lot_s0005992.png,parking_lot,parking lot,parking_lot,1,1782911441.614314,1782911446.6004183,4.986104249954224,15.79517590225154,3.741
993,/home/htj/resisc45/imgs_full/ground_track_field_s0005993.png,ground_track_field,track field,,0,1782911446.6049557,1782911451.3575628,4.752607107162476,14.829050339572403,3.541
994,/home/htj/resisc45/imgs_full/island_s0005994.png,island,island,island,1,1782911451.3617675,1782911456.0982165,4.7364490032196045,14.733209682545029,3.442
995,/home/htj/resisc45/imgs_full/stadium_s0005995.png,stadium,stadium,stadium,1,1782911456.102739,1782911460.8462734,4.743534326553345,14.786682365170446,3.442
996,/home/htj/resisc45/imgs_full/meadow_s0005996.png,meadow,parking lot,parking_lot,0,1782911460.8506908,1782911465.8341756,4.983484745025635,15.839836370538581,3.543
997,/home/htj/resisc45/imgs_full/medium_residential_s0005997.png,medium_residential,medium residential,medium_residential,1,1782911465.8388324,1782911470.5898395,4.751007080078125,15.096067412227034,3.543
998,/home/htj/resisc45/imgs_full/mobile_home_park_s0005998.png,mobile_home_park,medium residential,medium_residential,0,1782911470.5944052,1782911475.3397756,4.745370388031006,14.880966978630386,3.442
999,/home/htj/resisc45/imgs_full/sea_ice_s0005999.png,sea_ice,cloud,cloud,0,1782911475.3410306,1782911479.8514106,4.510380029678345,14.031107151312163,3.4421999999999997
1000,/home/htj/resisc45/imgs_full/harbor_s0006000.png,harbor,storage tank,storage_tank,0,1782911479.8560503,1782911484.6112404,4.755190134048462,14.88340546313354,3.442
1001,/home/htj/resisc45/imgs_full/snowberg_s0006001.png,snowberg,snowberg,snowberg,1,1782911484.6157384,1782911489.3686645,4.7529261112213135,14.922870913324584,3.442
1002,/home/htj/resisc45/imgs_full/industrial_area_s0006002.png,industrial_area,industrial area,industrial_area,1,1782911489.3728871,1782911494.3517218,4.978834629058838,15.773634840669303,3.543
1003,/home/htj/resisc45/imgs_full/beach_s0006003.png,beach,beach,beach,1,1782911494.3560119,1782911499.1043947,4.748382806777954,14.921020642975726,3.444
1004,/home/htj/resisc45/imgs_full/railway_station_s0006004.png,railway_station,dense residential,dense_residential,0,1782911499.1089365,1782911503.8605504,4.7516138553619385,14.980063786805394,3.444
1005,/home/htj/resisc45/imgs_full/medium_residential_s0006005.png,medium_residential,medium residential,medium_residential,1,1782911503.8651657,1782911508.613562,4.748396396636963,14.744342907509173,3.4418
1006,/home/htj/resisc45/imgs_full/river_s0006006.png,river,river,river,1,1782911508.6175146,1782911513.115941,4.49842643737793,14.031673958211005,3.3526999999999996
1007,/home/htj/resisc45/imgs_full/desert_s0006007.png,desert,sparse residential,sparse_residential,0,1782911513.1202302,1782911517.8703203,4.7500901222229,14.825718031475343,3.343
1008,/home/htj/resisc45/imgs_full/palace_s0006008.png,palace,palace,palace,1,1782911517.8747087,1782911522.6283882,4.753679513931274,14.927515727931544,3.442
1009,/home/htj/resisc45/imgs_full/beach_s0006009.png,beach,beach,beach,1,1782911522.6296678,1782911527.3675106,4.737842798233032,14.77196593801372,3.442
1010,/home/htj/resisc45/imgs_full/parking_lot_s0006010.png,parking_lot,parking lot,parking_lot,1,1782911527.3721182,1782911532.3593307,4.987212419509888,15.753858817582843,3.4434
1011,/home/htj/resisc45/imgs_full/bridge_s0006011.png,bridge,freeway,freeway,0,1782911532.3635154,1782911537.1116912,4.748175859451294,15.19284699066863,3.541
1012,/home/htj/resisc45/imgs_full/baseball_diamond_s0006012.png,baseball_diamond,baseball diamond,baseball_diamond,1,1782911537.115946,1782911542.0997117,4.983765602111816,15.749673141928925,3.541
1013,/home/htj/resisc45/imgs_full/golf_course_s0006013.png,golf_course,golf course,golf_course,1,1782911542.1014533,1782911547.0728881,4.971434831619263,15.821505637234655,3.541
1014,/home/htj/resisc45/imgs_full/river_s0006014.png,river,forest,forest,0,1782911547.0770826,1782911551.583593,4.506510257720947,14.10132695187798,3.541
1015,/home/htj/resisc45/imgs_full/ground_track_field_s0006015.png,ground_track_field,medium residential,medium_residential,0,1782911551.5878618,1782911556.344808,4.756946325302124,14.877915935516357,3.442
1016,/home/htj/resisc45/imgs_full/wetland_s0006016.png,wetland,forest,forest,0,1782911556.348973,1782911560.8556612,4.506688117980957,14.006957810739927,3.444
1017,/home/htj/resisc45/imgs_full/airplane_s0006017.png,airplane,airport,airport,0,1782911560.8598986,1782911565.3659525,4.506053924560547,13.934829165060309,3.343
1018,/home/htj/resisc45/imgs_full/island_s0006018.png,island,island,island,1,1782911565.3702211,1782911570.116522,4.746300935745239,14.77071724943368,3.442
1019,/home/htj/resisc45/imgs_full/overpass_s0006019.png,overpass,freeway,freeway,0,1782911570.1209836,1782911574.873021,4.752037286758423,14.753644438852746,3.442
1020,/home/htj/resisc45/imgs_full/basketball_court_s0006020.png,basketball_court,basketball court,basketball_court,1,1782911574.877244,1782911579.856426,4.979182004928589,15.65279419347102,3.5423
1021,/home/htj/resisc45/imgs_full/rectangular_farmland_s0006021.png,rectangular_farmland,rectangular farmland,rectangular_farmland,1,1782911579.860688,1782911585.069857,5.209168910980225,16.438248043778177,3.543
1022,/home/htj/resisc45/imgs_full/bridge_s0006022.png,bridge,bridge,bridge,1,1782911585.0737903,1782911589.571775,4.4979846477508545,13.918757278149641,3.3627999999999987
1023,/home/htj/resisc45/imgs_full/railway_s0006023.png,railway,railway station,railway_station,0,1782911589.5757613,1782911594.554603,4.978841781616211,15.563344356734177,3.442
1024,/home/htj/resisc45/imgs_full/ground_track_field_s0006024.png,ground_track_field,track field,,0,1782911594.5589464,1782911599.3067858,4.747839450836182,14.962959036522602,3.5328999999999993
1025,/home/htj/resisc45/imgs_full/mobile_home_park_s0006025.png,mobile_home_park,dense residential,dense_residential,0,1782911599.311352,1782911604.0648742,4.753522157669067,14.87207314486163,3.4436999999999998
1026,/home/htj/resisc45/imgs_full/cloud_s0006026.png,cloud,forest,forest,0,1782911604.066496,1782911608.578452,4.511956214904785,14.137158202062679,3.444
1027,/home/htj/resisc45/imgs_full/beach_s0006027.png,beach,beach,beach,1,1782911608.5827146,1782911613.3334622,4.7507476806640625,14.761431612681193,3.343
1028,/home/htj/resisc45/imgs_full/mountain_s0006028.png,mountain,mountain,mountain,1,1782911613.337606,1782911618.0782194,4.7406134605407715,14.865364379934517,3.533099999999999
1029,/home/htj/resisc45/imgs_full/river_s0006029.png,river,river,river,1,1782911618.0822284,1782911622.5810485,4.498820066452026,14.026523707945135,3.4421999999999997
1030,/home/htj/resisc45/imgs_full/sparse_residential_s0006030.png,sparse_residential,sparse residential,sparse_residential,1,1782911622.5852628,1782911627.3216434,4.736380577087402,14.704464422938335,3.343
1031,/home/htj/resisc45/imgs_full/church_s0006031.png,church,commercial area,commercial_area,0,1782911627.326055,1782911632.0773566,4.751301527023315,14.931700369145188,3.442
1032,/home/htj/resisc45/imgs_full/baseball_diamond_s0006032.png,baseball_diamond,baseball diamond,baseball_diamond,1,1782911632.0815613,1782911637.069115,4.987553596496582,15.679951256149115,3.4434
1033,/home/htj/resisc45/imgs_full/roundabout_s0006033.png,roundabout,roundabout,roundabout,1,1782911637.0735385,1782911641.8276446,4.754106044769287,15.020798522799847,3.541
1034,/home/htj/resisc45/imgs_full/stadium_s0006034.png,stadium,stadium,stadium,1,1782911641.8320496,1782911646.5853705,4.753320932388306,15.011779724637666,3.4457
1035,/home/htj/resisc45/imgs_full/lake_s0006035.png,lake,forest,forest,0,1782911646.589937,1782911651.1024313,4.512494325637817,14.183112386567682,3.444
1036,/home/htj/resisc45/imgs_full/meadow_s0006036.png,meadow,circular farmland,circular_farmland,0,1782911651.1036777,1782911656.3181472,5.2144694328308105,16.22078185898917,3.346
1037,/home/htj/resisc45/imgs_full/church_s0006037.png,church,church,church,1,1782911656.3222873,1782911660.8244727,4.502185344696045,14.231065936456755,3.545
1038,/home/htj/resisc45/imgs_full/meadow_s0006038.png,meadow,meadow,meadow,1,1782911660.8287277,1782911665.5791602,4.75043249130249,14.608654413342474,3.345
1039,/home/htj/resisc45/imgs_full/forest_s0006039.png,forest,chaparral,chaparral,0,1782911665.5834763,1782911670.568104,4.984627723693848,15.673044633010338,3.444
1040,/home/htj/resisc45/imgs_full/baseball_diamond_s0006040.png,baseball_diamond,baseball diamond,baseball_diamond,1,1782911670.572128,1782911675.557256,4.985127925872803,15.593422851809141,3.5133
1041,/home/htj/resisc45/imgs_full/harbor_s0006041.png,harbor,harbor,harbor,1,1782911675.5617874,1782911680.3135831,4.751795768737793,14.882223593826753,3.444
1042,/home/htj/resisc45/imgs_full/overpass_s0006042.png,overpass,freeway,freeway,0,1782911680.3153288,1782911685.0659223,4.750593423843384,14.692040086183203,3.442
1043,/home/htj/resisc45/imgs_full/ship_s0006043.png,ship,ship,ship,1,1782911685.0700839,1782911689.5673053,4.49722146987915,13.765141016489343,3.442
1044,/home/htj/resisc45/imgs_full/basketball_court_s0006044.png,basketball_court,basketball court,basketball_court,1,1782911689.571731,1782911694.5497768,4.978045701980591,15.254105284855283,3.343
1045,/home/htj/resisc45/imgs_full/basketball_court_s0006045.png,basketball_court,basketball court,basketball_court,1,1782911694.554038,1782911699.541516,4.987478017807007,15.487819521887737,3.506349999999999
1046,/home/htj/resisc45/imgs_full/mountain_s0006046.png,mountain,circular farmland,circular_farmland,0,1782911699.5458918,1782911704.7702994,5.22440767288208,16.353314593294165,3.4935
1047,/home/htj/resisc45/imgs_full/tennis_court_s0006047.png,tennis_court,residential area,,0,1782911704.7746623,1782911709.7641418,4.9894795417785645,16.055748275025323,3.543
1048,/home/htj/resisc45/imgs_full/island_s0006048.png,island,forest,forest,0,1782911709.768126,1782911714.2799237,4.511797666549683,14.21541799731496,3.541
1049,/home/htj/resisc45/imgs_full/sea_ice_s0006049.png,sea_ice,sea ice,sea_ice,1,1782911714.2842624,1782911719.0354075,4.751145124435425,14.763181726717088,3.345
1050,/home/htj/resisc45/imgs_full/rectangular_farmland_s0006050.png,rectangular_farmland,rectangular farmland,rectangular_farmland,1,1782911719.0398004,1782911724.2594054,5.219604969024658,16.359376669655678,3.4429000000000003
1051,/home/htj/resisc45/imgs_full/snowberg_s0006051.png,snowberg,mountain,mountain,0,1782911724.2636566,1782911729.006107,4.742450475692749,14.983686571014934,3.543
1052,/home/htj/resisc45/imgs_full/lake_s0006052.png,lake,forest,forest,0,1782911729.0073438,1782911733.507946,4.5006022453308105,14.063470502279982,3.444
1053,/home/htj/resisc45/imgs_full/railway_station_s0006053.png,railway_station,airport,airport,0,1782911733.5122988,1782911738.0282888,4.5159900188446045,14.023921105861666,3.4421999999999997
1054,/home/htj/resisc45/imgs_full/mobile_home_park_s0006054.png,mobile_home_park,medium residential,medium_residential,0,1782911738.032829,1782911742.7851017,4.752272605895996,14.951107668520457,3.535099999999999
1055,/home/htj/resisc45/imgs_full/stadium_s0006055.png,stadium,stadium,stadium,1,1782911742.789442,1782911747.5389142,4.749472141265869,15.128671001497523,3.545
1056,/home/htj/resisc45/imgs_full/snowberg_s0006056.png,snowberg,snowberg,snowberg,1,1782911747.540661,1782911752.288683,4.748021841049194,14.679510610545973,3.4418
1057,/home/htj/resisc45/imgs_full/forest_s0006057.png,forest,chaparral,chaparral,0,1782911752.2932272,1782911757.2692077,4.975980520248413,15.480618569563175,3.442
1058,/home/htj/resisc45/imgs_full/harbor_s0006058.png,harbor,harbor,harbor,1,1782911757.2735953,1782911762.0129719,4.739376544952393,14.77434971828346,3.543
1059,/home/htj/resisc45/imgs_full/parking_lot_s0006059.png,parking_lot,parking lot,parking_lot,1,1782911762.0169852,1782911766.9979727,4.980987548828125,15.527096640846947,3.442
1060,/home/htj/resisc45/imgs_full/industrial_area_s0006060.png,industrial_area,industrial area,industrial_area,1,1782911767.0024192,1782911771.992536,4.990116834640503,15.746399708205256,3.543
1061,/home/htj/resisc45/imgs_full/chaparral_s0006061.png,chaparral,chaparral,chaparral,1,1782911771.996792,1782911776.9857183,4.98892617225647,15.682802807173946,3.543
1062,/home/htj/resisc45/imgs_full/storage_tank_s0006062.png,storage_tank,storage tank,storage_tank,1,1782911776.989898,1782911781.7421827,4.75228476524353,14.939809147294744,3.543
1063,/home/htj/resisc45/imgs_full/railway_station_s0006063.png,railway_station,railway station,railway_station,1,1782911781.7465441,1782911786.737559,4.9910149574279785,15.655793032028457,3.444
1064,/home/htj/resisc45/imgs_full/medium_residential_s0006064.png,medium_residential,medium residential,medium_residential,1,1782911786.7421086,1782911791.486631,4.744522333145142,14.9622227365511,3.545
1065,/home/htj/resisc45/imgs_full/medium_residential_s0006065.png,medium_residential,medium residential,medium_residential,1,1782911791.491317,1782911796.2302492,4.738932132720947,14.904969277628933,3.444
1066,/home/htj/resisc45/imgs_full/harbor_s0006066.png,harbor,harbor,harbor,1,1782911796.2347047,1782911800.9750223,4.7403175830841064,14.94976229958649,3.533299999999999
1067,/home/htj/resisc45/imgs_full/baseball_diamond_s0006067.png,baseball_diamond,baseball diamond,baseball_diamond,1,1782911800.97948,1782911805.9663835,4.986903429031372,15.67128735637394,3.444
1068,/home/htj/resisc45/imgs_full/airplane_s0006068.png,airplane,airport,airport,0,1782911805.9708617,1782911810.4854784,4.5146167278289795,13.988339916512937,3.541
1069,/home/htj/resisc45/imgs_full/dense_residential_s0006069.png,dense_residential,dense residential,dense_residential,1,1782911810.4900718,1782911815.2443943,4.754322528839111,14.69314785388579,3.345
1070,/home/htj/resisc45/imgs_full/industrial_area_s0006070.png,industrial_area,commercial area,commercial_area,0,1782911815.2488656,1782911820.0030665,4.7542009353637695,14.775094347397486,3.4457
1071,/home/htj/resisc45/imgs_full/beach_s0006071.png,beach,beach,beach,1,1782911820.0073307,1782911824.7611501,4.753819465637207,14.759234842403826,3.444
1072,/home/htj/resisc45/imgs_full/chaparral_s0006072.png,chaparral,sparse residential,sparse_residential,0,1782911824.7652802,1782911829.5058408,4.740560531616211,14.683229422029244,3.444
1073,/home/htj/resisc45/imgs_full/lake_s0006073.png,lake,lake,lake,1,1782911829.510266,1782911834.0153544,4.5050883293151855,13.988413315392748,3.444
1074,/home/htj/resisc45/imgs_full/intersection_s0006074.png,intersection,intersection,intersection,1,1782911834.0193915,1782911838.5340345,4.514642953872681,14.013223139304149,3.3548999999999998
1075,/home/htj/resisc45/imgs_full/bridge_s0006075.png,bridge,bridge,bridge,1,1782911838.5383387,1782911843.0528862,4.51454758644104,13.99435461773148,3.345
1076,/home/htj/resisc45/imgs_full/meadow_s0006076.png,meadow,meadow,meadow,1,1782911843.0545113,1782911847.8067126,4.752201318740845,14.74166793368544,3.345
1077,/home/htj/resisc45/imgs_full/snowberg_s0006077.png,snowberg,mountain,mountain,0,1782911847.8111658,1782911852.5659988,4.754832983016968,14.781114417012915,3.442
1078,/home/htj/resisc45/imgs_full/airport_s0006078.png,airport,airport,airport,1,1782911852.5704,1782911857.0817194,4.511319398880005,14.006790153889716,3.444
1079,/home/htj/resisc45/imgs_full/freeway_s0006079.png,freeway,freeway,freeway,1,1782911857.086084,1782911861.8368244,4.7507405281066895,14.79233553721791,3.345
1080,/home/htj/resisc45/imgs_full/lake_s0006080.png,lake,lake,lake,1,1782911861.8412263,1782911866.3524652,4.5112388134002686,14.126344749130778,3.444
1081,/home/htj/resisc45/imgs_full/circular_farmland_s0006081.png,circular_farmland,circular farmland,circular_farmland,1,1782911866.356715,1782911871.5838816,5.227166652679443,16.401642686880553,3.444
1082,/home/htj/resisc45/imgs_full/forest_s0006082.png,forest,forest,forest,1,1782911871.5882642,1782911876.105282,4.517017841339111,14.215563311201334,3.543
1083,/home/htj/resisc45/imgs_full/commercial_area_s0006083.png,commercial_area,dense residential,dense_residential,0,1782911876.1096606,1782911880.8614476,4.751786947250366,14.9598848197374,3.4342999999999995
1084,/home/htj/resisc45/imgs_full/railway_station_s0006084.png,railway_station,railway station,railway_station,1,1782911880.8658679,1782911885.8541062,4.988238334655762,15.605388281570084,3.446
1085,/home/htj/resisc45/imgs_full/circular_farmland_s0006085.png,circular_farmland,circular farmland,circular_farmland,1,1782911885.85844,1782911891.0791197,5.220679759979248,16.521959817545753,3.543
1086,/home/htj/resisc45/imgs_full/river_s0006086.png,river,forest,forest,0,1782911891.0832667,1782911895.5979824,4.514715671539307,14.173978424947473,3.543
1087,/home/htj/resisc45/imgs_full/sea_ice_s0006087.png,sea_ice,sea ice,sea_ice,1,1782911895.6022067,1782911900.3420987,4.73989200592041,14.665454294848155,3.345
1088,/home/htj/resisc45/imgs_full/airport_s0006088.png,airport,airport,airport,1,1782911900.3464606,1782911904.861126,4.514665365219116,14.247380959558487,3.4421
1089,/home/htj/resisc45/imgs_full/golf_course_s0006089.png,golf_course,golf course,golf_course,1,1782911904.865375,1782911909.8536565,4.988281488418579,15.586888900518419,3.442
1090,/home/htj/resisc45/imgs_full/airport_s0006090.png,airport,airport,airport,1,1782911909.8581343,1782911914.3794656,4.521331310272217,14.153941818744322,3.364599999999999
1091,/home/htj/resisc45/imgs_full/rectangular_farmland_s0006091.png,rectangular_farmland,rectangular farmland,rectangular_farmland,1,1782911914.383806,1782911919.6051116,5.22130560874939,16.62361549846504,3.541
1092,/home/htj/resisc45/imgs_full/rectangular_farmland_s0006092.png,rectangular_farmland,rectangular farmland,rectangular_farmland,1,1782911919.6090891,1782911924.8287487,5.2196595668792725,16.70055889926376,3.541
1093,/home/htj/resisc45/imgs_full/commercial_area_s0006093.png,commercial_area,commercial area,commercial_area,1,1782911924.8333893,1782911929.5870101,4.753620862960815,14.99171747842754,3.5312999999999994
1094,/home/htj/resisc45/imgs_full/parking_lot_s0006094.png,parking_lot,parking lot,parking_lot,1,1782911929.5912325,1782911934.5613885,4.970155954360962,15.585266508288766,3.5133
1095,/home/htj/resisc45/imgs_full/commercial_area_s0006095.png,commercial_area,commercial area,commercial_area,1,1782911934.5656745,1782911939.3151662,4.7494916915893555,14.777957564193084,3.543
1096,/home/htj/resisc45/imgs_full/freeway_s0006096.png,freeway,freeway,freeway,1,1782911939.3193,1782911944.06967,4.750370025634766,14.75380101925986,3.444
1097,/home/htj/resisc45/imgs_full/harbor_s0006097.png,harbor,harbor,harbor,1,1782911944.0738678,1782911948.8190777,4.7452099323272705,14.885437701690627,3.444
1098,/home/htj/resisc45/imgs_full/chaparral_s0006098.png,chaparral,chaparral,chaparral,1,1782911948.8235471,1782911953.8139167,4.990369558334351,15.72333518520991,3.444
1099,/home/htj/resisc45/imgs_full/terrace_s0006099.png,terrace,circular farmland,circular_farmland,0,1782911953.81813,1782911959.0436244,5.225494384765625,16.644903581038765,3.543
1100,/home/htj/resisc45/imgs_full/circular_farmland_s0006100.png,circular_farmland,circular farmland,circular_farmland,1,1782911959.0477967,1782911964.272959,5.2251622676849365,16.567910441230172,3.543
1101,/home/htj/resisc45/imgs_full/railway_s0006101.png,railway,sparse residential,sparse_residential,0,1782911964.2773309,1782911969.0277748,4.750443935394287,14.947586631171674,3.543
1102,/home/htj/resisc45/imgs_full/ground_track_field_s0006102.png,ground_track_field,track field,,0,1782911969.032135,1782911973.783735,4.751600027084351,14.950938109317457,3.442
1103,/home/htj/resisc45/imgs_full/airplane_s0006103.png,airplane,airport,airport,0,1782911973.7879522,1782911978.2999668,4.512014627456665,13.947493925106677,3.446
1104,/home/htj/resisc45/imgs_full/mobile_home_park_s0006104.png,mobile_home_park,dense residential,dense_residential,0,1782911978.3045263,1782911983.0633914,4.758865118026733,14.670618055221581,3.345
1105,/home/htj/resisc45/imgs_full/wetland_s0006105.png,wetland,chaparral,chaparral,0,1782911983.067768,1782911988.0577564,4.989988327026367,15.777310678679369,3.444
1106,/home/htj/resisc45/imgs_full/lake_s0006106.png,lake,lake,lake,1,1782911988.0621462,1782911992.5803857,4.518239498138428,14.251543981015681,3.543
1107,/home/htj/resisc45/imgs_full/medium_residential_s0006107.png,medium_residential,dense residential,dense_residential,0,1782911992.5845854,1782911997.3371499,4.752564430236816,14.83470042039113,3.345
1108,/home/htj/resisc45/imgs_full/ground_track_field_s0006108.png,ground_track_field,medium residential,medium_residential,0,1782911997.3389778,1782912002.0860465,4.747068643569946,14.867990572455417,3.444
1109,/home/htj/resisc45/imgs_full/medium_residential_s0006109.png,medium_residential,roundabout,roundabout,0,1782912002.090373,1782912006.844837,4.7544639110565186,14.926299844196866,3.444
1110,/home/htj/resisc45/imgs_full/mountain_s0006110.png,mountain,forest,forest,0,1782912006.8491087,1782912011.3657582,4.516649484634399,14.034773613772815,3.444
1111,/home/htj/resisc45/imgs_full/airport_s0006111.png,airport,runway,runway,0,1782912011.3696995,1782912016.1137774,4.744077920913696,14.754253806737532,3.345
1112,/home/htj/resisc45/imgs_full/sparse_residential_s0006112.png,sparse_residential,sparse residential,sparse_residential,1,1782912016.1180446,1782912020.869319,4.751274347305298,14.79340752381589,3.4438
1113,/home/htj/resisc45/imgs_full/parking_lot_s0006113.png,parking_lot,parking lot,parking_lot,1,1782912020.8738322,1782912025.862124,4.9882917404174805,15.561372880166227,3.444
1114,/home/htj/resisc45/imgs_full/rectangular_farmland_s0006114.png,rectangular_farmland,rectangular farmland,rectangular_farmland,1,1782912025.866313,1782912031.0955336,5.229220628738403,16.46096130636723,3.543
1115,/home/htj/resisc45/imgs_full/freeway_s0006115.png,freeway,airport,airport,0,1782912031.0997975,1782912035.6165767,4.516779184341431,13.986635552463651,3.543
1116,/home/htj/resisc45/imgs_full/parking_lot_s0006116.png,parking_lot,parking lot,parking_lot,1,1782912035.621235,1782912040.6125793,4.991344451904297,15.688484073638916,3.444
1117,/home/htj/resisc45/imgs_full/beach_s0006117.png,beach,beach,beach,1,1782912040.616926,1782912045.361141,4.74421501159668,15.29094793767814,3.543
1118,/home/htj/resisc45/imgs_full/baseball_diamond_s0006118.png,baseball_diamond,baseball diamond,baseball_diamond,1,1782912045.3652968,1782912050.3450987,4.979801893234253,15.501779859024902,3.5133
1119,/home/htj/resisc45/imgs_full/thermal_power_station_s0006119.png,thermal_power_station,industrial area,industrial_area,0,1782912050.349413,1782912055.3390038,4.989590883255005,15.522502534567627,3.442
1120,/home/htj/resisc45/imgs_full/industrial_area_s0006120.png,industrial_area,industrial area,industrial_area,1,1782912055.3432405,1782912060.3329055,4.9896650314331055,15.5553374362317,3.541
1121,/home/htj/resisc45/imgs_full/bridge_s0006121.png,bridge,bridge,bridge,1,1782912060.3372543,1782912064.8552244,4.517970085144043,14.153942434335057,3.4520999999999993
1122,/home/htj/resisc45/imgs_full/rectangular_farmland_s0006122.png,rectangular_farmland,circular farmland,circular_farmland,0,1782912064.859405,1782912070.0846813,5.225276231765747,16.421055319612442,3.541
1123,/home/htj/resisc45/imgs_full/rectangular_farmland_s0006123.png,rectangular_farmland,rectangular farmland,rectangular_farmland,1,1782912070.08879,1782912075.310886,5.222095966339111,16.74221182509307,3.541
1124,/home/htj/resisc45/imgs_full/bridge_s0006124.png,bridge,bridge,bridge,1,1782912075.3150938,1782912079.825137,4.510043144226074,14.088632623563837,3.541
1125,/home/htj/resisc45/imgs_full/beach_s0006125.png,beach,beach,beach,1,1782912079.8292868,1782912084.5745034,4.745216608047485,14.816599914584843,3.4271499999999997
1126,/home/htj/resisc45/imgs_full/dense_residential_s0006126.png,dense_residential,dense residential,dense_residential,1,1782912084.5790658,1782912089.3314915,4.752425670623779,15.037304661400348,3.444
1127,/home/htj/resisc45/imgs_full/church_s0006127.png,church,church,church,1,1782912089.335962,1782912093.8528528,4.51689076423645,14.114025769924815,3.442
1128,/home/htj/resisc45/imgs_full/runway_s0006128.png,runway,runway,runway,1,1782912093.857152,1782912098.6085134,4.75136137008667,14.957172465381166,3.4436999999999998
1129,/home/htj/resisc45/imgs_full/church_s0006129.png,church,storage tank,storage_tank,0,1782912098.609689,1782912103.3546665,4.7449774742126465,14.776660212344435,3.444
1130,/home/htj/resisc45/imgs_full/sparse_residential_s0006130.png,sparse_residential,rectangular farmland,rectangular_farmland,0,1782912103.3590577,1782912108.586104,5.227046251296997,16.500808534176794,3.543
1131,/home/htj/resisc45/imgs_full/church_s0006131.png,church,church,church,1,1782912108.5905046,1782912113.100805,4.510300397872925,13.973709926351717,3.3548999999999998
1132,/home/htj/resisc45/imgs_full/forest_s0006132.png,forest,chaparral,chaparral,0,1782912113.1050875,1782912118.087337,4.98224949836731,15.557389028447798,3.541
1133,/home/htj/resisc45/imgs_full/circular_farmland_s0006133.png,circular_farmland,circular farmland,circular_farmland,1,1782912118.091221,1782912123.3139079,5.222686767578125,16.554137896191943,3.543
1134,/home/htj/resisc45/imgs_full/industrial_area_s0006134.png,industrial_area,storage tank,storage_tank,0,1782912123.3183122,1782912128.0680108,4.749698638916016,14.733965754911125,3.444
1135,/home/htj/resisc45/imgs_full/desert_s0006135.png,desert,desert,desert,1,1782912128.072189,1782912132.822949,4.750759840011597,14.738059023193566,3.442
1136,/home/htj/resisc45/imgs_full/sparse_residential_s0006136.png,sparse_residential,sparse residential,sparse_residential,1,1782912132.8276458,1782912137.5810983,4.75345253944397,14.725107827459473,3.444
1137,/home/htj/resisc45/imgs_full/rectangular_farmland_s0006137.png,rectangular_farmland,circular farmland,circular_farmland,0,1782912137.5853252,1782912142.8098402,5.224514961242676,16.368979496096518,3.542
1138,/home/htj/resisc45/imgs_full/lake_s0006138.png,lake,lake,lake,1,1782912142.8112745,1782912147.322348,4.511073589324951,13.921401505446132,3.343
1139,/home/htj/resisc45/imgs_full/river_s0006139.png,river,river,river,1,1782912147.324075,1782912151.8322015,4.508126497268677,13.87875247342677,3.343
1140,/home/htj/resisc45/imgs_full/church_s0006140.png,church,church,church,1,1782912151.8362386,1782912156.3509004,4.51466178894043,13.88252785337424,3.3546999999999993
1141,/home/htj/resisc45/imgs_full/stadium_s0006141.png,stadium,stadium,stadium,1,1782912156.3552039,1782912161.1069021,4.75169825553894,14.922651803683669,3.444
1142,/home/htj/resisc45/imgs_full/palace_s0006142.png,palace,church,church,0,1782912161.111277,1782912165.6272712,4.515994071960449,14.099505137479758,3.444
1143,/home/htj/resisc45/imgs_full/tennis_court_s0006143.png,tennis_court,tennis court,tennis_court,1,1782912165.631688,1782912170.6228614,4.991173267364502,15.72133524508312,3.444
1144,/home/htj/resisc45/imgs_full/wetland_s0006144.png,wetland,river,river,0,1782912170.626993,1782912175.1399355,4.512942552566528,14.068270082727262,3.345
1145,/home/htj/resisc45/imgs_full/industrial_area_s0006145.png,industrial_area,industrial area,industrial_area,1,1782912175.1442862,1782912180.1321867,4.987900495529175,15.703630725613955,3.444
1146,/home/htj/resisc45/imgs_full/mountain_s0006146.png,mountain,mountain,mountain,1,1782912180.1364908,1782912184.8828332,4.746342420578003,14.86354299155488,3.543
1147,/home/htj/resisc45/imgs_full/airplane_s0006147.png,airplane,airport,airport,0,1782912184.8870525,1782912189.3985465,4.511493921279907,14.044052146872387,3.3548999999999998
1148,/home/htj/resisc45/imgs_full/overpass_s0006148.png,overpass,freeway,freeway,0,1782912189.4030259,1782912194.1510642,4.748038291931152,14.880123185789728,3.442
1149,/home/htj/resisc45/imgs_full/medium_residential_s0006149.png,medium_residential,medium residential,medium_residential,1,1782912194.15534,1782912198.904146,4.748805999755859,15.028769484094825,3.4458
1150,/home/htj/resisc45/imgs_full/tennis_court_s0006150.png,tennis_court,tennis court,tennis_court,1,1782912198.908179,1782912203.8942175,4.986038446426392,15.766312053894174,3.5424
1151,/home/htj/resisc45/imgs_full/church_s0006151.png,church,church,church,1,1782912203.8960948,1782912208.4074194,4.511324644088745,14.012117952981592,3.34985
1152,/home/htj/resisc45/imgs_full/rectangular_farmland_s0006152.png,rectangular_farmland,rectangular farmland,rectangular_farmland,1,1782912208.4116797,1782912213.6418931,5.230213403701782,16.487759218753038,3.543
1153,/home/htj/resisc45/imgs_full/railway_s0006153.png,railway,railway station,railway_station,0,1782912213.6436913,1782912218.6297436,4.9860522747039795,15.666289566489786,3.545
1154,/home/htj/resisc45/imgs_full/golf_course_s0006154.png,golf_course,golf course,golf_course,1,1782912218.6313586,1782912223.6175427,4.986184120178223,15.718916782631272,3.543
1155,/home/htj/resisc45/imgs_full/desert_s0006155.png,desert,desert,desert,1,1782912223.6192188,1782912228.3692546,4.750035762786865,14.89319345542609,3.444
1156,/home/htj/resisc45/imgs_full/desert_s0006156.png,desert,cloud,cloud,0,1782912228.3704202,1782912232.876041,4.505620718002319,13.972956443650814,3.3548999999999998
1157,/home/htj/resisc45/imgs_full/airport_s0006157.png,airport,airport,airport,1,1782912232.8804455,1782912237.395894,4.515448570251465,13.888319492979894,3.345
1158,/home/htj/resisc45/imgs_full/roundabout_s0006158.png,roundabout,roundabout,roundabout,1,1782912237.4003534,1782912242.1545618,4.754208326339722,14.788337316599236,3.444
1159,/home/htj/resisc45/imgs_full/chaparral_s0006159.png,chaparral,chaparral,chaparral,1,1782912242.1590388,1782912247.1513238,4.9922850131988525,15.654486001905353,3.543
1160,/home/htj/resisc45/imgs_full/mountain_s0006160.png,mountain,forest,forest,0,1782912247.1554759,1782912251.664306,4.5088300704956055,13.887995650303514,3.345
1161,/home/htj/resisc45/imgs_full/cloud_s0006161.png,cloud,circular farmland,circular_farmland,0,1782912251.668361,1782912256.8964326,5.228071689605713,16.540239993818517,3.541
1162,/home/htj/resisc45/imgs_full/mountain_s0006162.png,mountain,mountain,mountain,1,1782912256.9005523,1782912261.6540697,4.753517389297485,14.883489303861346,3.442
1163,/home/htj/resisc45/imgs_full/airport_s0006163.png,airport,airport,airport,1,1782912261.658313,1782912266.1741052,4.51579213142395,14.040626651259917,3.3546999999999993
1164,/home/htj/resisc45/imgs_full/snowberg_s0006164.png,snowberg,snowberg,snowberg,1,1782912266.1785598,1782912270.933277,4.754717111587524,14.894924709650407,3.444
1165,/home/htj/resisc45/imgs_full/ship_s0006165.png,ship,harbor,harbor,0,1782912270.9374075,1782912275.685699,4.748291492462158,14.89642016181601,3.444
1166,/home/htj/resisc45/imgs_full/railway_station_s0006166.png,railway_station,railway station,railway_station,1,1782912275.6900718,1782912280.6794376,4.989365816116333,15.727972127240278,3.543
1167,/home/htj/resisc45/imgs_full/wetland_s0006167.png,wetland,wetland,wetland,1,1782912280.6835246,1782912285.6722538,4.988729238510132,15.689668138545134,3.543
1168,/home/htj/resisc45/imgs_full/wetland_s0006168.png,wetland,forest,forest,0,1782912285.6764872,1782912290.1833878,4.5069005489349365,14.065401024686983,3.442
1169,/home/htj/resisc45/imgs_full/basketball_court_s0006169.png,basketball_court,basketball court,basketball_court,1,1782912290.1874619,1782912295.1760983,4.988636493682861,15.803541686792485,3.543
1170,/home/htj/resisc45/imgs_full/palace_s0006170.png,palace,church,church,0,1782912295.180776,1782912299.6975951,4.51681923866272,13.984644112170498,3.343
1171,/home/htj/resisc45/imgs_full/beach_s0006171.png,beach,island,island,0,1782912299.701724,1782912304.4504528,4.7487287521362305,14.761451932815183,3.4438
1172,/home/htj/resisc45/imgs_full/wetland_s0006172.png,wetland,chaparral,chaparral,0,1782912304.4547873,1782912309.4359953,4.981208086013794,15.741762657110717,3.5424
1173,/home/htj/resisc45/imgs_full/forest_s0006173.png,forest,dense residential,dense_residential,0,1782912309.4399507,1782912314.1873765,4.74742579460144,14.92350438637906,3.4438
1174,/home/htj/resisc45/imgs_full/overpass_s0006174.png,overpass,freeway,freeway,0,1782912314.1915834,1782912318.9426918,4.751108407974243,14.88837096703196,3.4438
1175,/home/htj/resisc45/imgs_full/parking_lot_s0006175.png,parking_lot,parking lot,parking_lot,1,1782912318.9471147,1782912323.9300332,4.9829185009002686,15.684222818448625,3.543
1176,/home/htj/resisc45/imgs_full/baseball_diamond_s0006176.png,baseball_diamond,baseball diamond,baseball_diamond,1,1782912323.934421,1782912328.9233,4.988878965377808,15.722652761415505,3.543
1177,/home/htj/resisc45/imgs_full/bridge_s0006177.png,bridge,harbor,harbor,0,1782912328.9275103,1782912333.6782181,4.7507078647613525,14.86151499003172,3.4457
1178,/home/htj/resisc45/imgs_full/terrace_s0006178.png,terrace,circular farmland,circular_farmland,0,1782912333.6825452,1782912338.9037602,5.221215009689331,16.483318409600102,3.544
1179,/home/htj/resisc45/imgs_full/thermal_power_station_s0006179.png,thermal_power_station,industrial area,industrial_area,0,1782912338.908257,1782912343.8863137,4.9780566692352295,16.05904110847549,3.75
1180,/home/htj/resisc45/imgs_full/overpass_s0006180.png,overpass,freeway,freeway,0,1782912343.8907802,1782912348.6410935,4.7503132820129395,14.749493809889596,3.444
1181,/home/htj/resisc45/imgs_full/bridge_s0006181.png,bridge,freeway,freeway,0,1782912348.642244,1782912353.383471,4.7412269115448,14.654732521074363,3.4438
1182,/home/htj/resisc45/imgs_full/stadium_s0006182.png,stadium,stadium,stadium,1,1782912353.3878486,1782912358.1252477,4.737399101257324,14.67800349733054,3.444
1183,/home/htj/resisc45/imgs_full/ground_track_field_s0006183.png,ground_track_field,ground track field,ground_track_field,1,1782912358.12945,1782912363.1167972,4.98734712600708,15.573306693016796,3.543
1184,/home/htj/resisc45/imgs_full/terrace_s0006184.png,terrace,rectangular farmland,rectangular_farmland,0,1782912363.1211174,1782912368.3423178,5.221200466156006,16.511157148864246,3.543
1185,/home/htj/resisc45/imgs_full/circular_farmland_s0006185.png,circular_farmland,circular farmland,circular_farmland,1,1782912368.3465145,1782912373.5687566,5.222242116928101,16.414415189525357,3.543
1186,/home/htj/resisc45/imgs_full/wetland_s0006186.png,wetland,sparse residential,sparse_residential,0,1782912373.5730217,1782912378.3211894,4.7481677532196045,14.735452363973643,3.442
1187,/home/htj/resisc45/imgs_full/island_s0006187.png,island,island,island,1,1782912378.3224406,1782912383.0702498,4.747809171676636,14.890216410260603,3.444
1188,/home/htj/resisc45/imgs_full/island_s0006188.png,island,island,island,1,1782912383.0743048,1782912387.8217478,4.747442960739136,14.82157412153554,3.444
1189,/home/htj/resisc45/imgs_full/forest_s0006189.png,forest,chaparral,chaparral,0,1782912387.8262048,1782912392.8126473,4.986442565917969,15.89292573998191,3.543
1190,/home/htj/resisc45/imgs_full/terrace_s0006190.png,terrace,circular farmland,circular_farmland,0,1782912392.8142715,1782912398.0272715,5.213000059127808,16.676902760584277,3.543
1191,/home/htj/resisc45/imgs_full/river_s0006191.png,river,commercial area,commercial_area,0,1782912398.0314343,1782912402.7775972,4.7461628913879395,15.539623498629375,3.7357999999999993
1192,/home/htj/resisc45/imgs_full/stadium_s0006192.png,stadium,stadium,stadium,1,1782912402.7789466,1782912407.5311456,4.752198934555054,14.858485428245293,3.444
1193,/home/htj/resisc45/imgs_full/industrial_area_s0006193.png,industrial_area,industrial area,industrial_area,1,1782912407.5355282,1782912412.525213,4.989684820175171,15.800898008017704,3.5424
1194,/home/htj/resisc45/imgs_full/baseball_diamond_s0006194.png,baseball_diamond,baseball diamond,baseball_diamond,1,1782912412.5272455,1782912417.516916,4.989670515060425,15.760781534639271,3.543
1195,/home/htj/resisc45/imgs_full/cloud_s0006195.png,cloud,cloud,cloud,1,1782912417.521257,1782912422.0328584,4.511601448059082,14.058435656547545,3.3548999999999998
1196,/home/htj/resisc45/imgs_full/railway_s0006196.png,railway,railway station,railway_station,0,1782912422.0372279,1782912427.0279953,4.990767478942871,15.707264654532247,3.543
1197,/home/htj/resisc45/imgs_full/church_s0006197.png,church,church,church,1,1782912427.0321856,1782912431.5392413,4.507055759429932,14.10417490874061,3.3548999999999998
1198,/home/htj/resisc45/imgs_full/sea_ice_s0006198.png,sea_ice,sea ice,sea_ice,1,1782912431.543378,1782912436.2820559,4.738677740097046,14.817616923271892,3.444
1199,/home/htj/resisc45/imgs_full/lake_s0006199.png,lake,lake,lake,1,1782912436.2862053,1782912440.7992592,4.513053894042969,14.024286412106283,3.3548999999999998
1200,/home/htj/resisc45/imgs_full/medium_residential_s0006200.png,medium_residential,medium residential,medium_residential,1,1782912440.8036547,1782912445.555819,4.752164363861084,14.929296506519776,3.444
1201,/home/htj/resisc45/imgs_full/basketball_court_s0006201.png,basketball_court,basketball court,basketball_court,1,1782912445.5601587,1782912450.5489004,4.988741636276245,15.793675737500191,3.543
1202,/home/htj/resisc45/imgs_full/baseball_diamond_s0006202.png,baseball_diamond,baseball diamond,baseball_diamond,1,1782912450.5531266,1782912455.5415065,4.988379955291748,15.743785840505842,3.541
1203,/home/htj/resisc45/imgs_full/palace_s0006203.png,palace,palace,palace,1,1782912455.5458736,1782912460.2984307,4.752557039260864,14.939691682778207,3.444
1204,/home/htj/resisc45/imgs_full/industrial_area_s0006204.png,industrial_area,industrial area,industrial_area,1,1782912460.302662,1782912465.2819526,4.979290723800659,15.618790177881719,3.543
1205,/home/htj/resisc45/imgs_full/baseball_diamond_s0006205.png,baseball_diamond,baseball diamond,baseball_diamond,1,1782912465.2862654,1782912470.2620907,4.975825309753418,15.622947604738433,3.543
1206,/home/htj/resisc45/imgs_full/commercial_area_s0006206.png,commercial_area,dense residential,dense_residential,0,1782912470.2661655,1782912475.0155542,4.749388694763184,14.681047114119472,3.442
1207,/home/htj/resisc45/imgs_full/ship_s0006207.png,ship,harbor,harbor,0,1782912475.0173361,1782912479.7711136,4.753777503967285,14.769420778933025,3.4436999999999998
1208,/home/htj/resisc45/imgs_full/storage_tank_s0006208.png,storage_tank,storage tank,storage_tank,1,1782912479.7756538,1782912484.5329971,4.757343292236328,14.820499972653677,3.444
1209,/home/htj/resisc45/imgs_full/island_s0006209.png,island,island,island,1,1782912484.534233,1782912489.277459,4.743225812911987,14.754175348505916,3.444
1210,/home/htj/resisc45/imgs_full/beach_s0006210.png,beach,beach,beach,1,1782912489.2793193,1782912494.0337632,4.754443883895874,14.734078196715739,3.444
1211,/home/htj/resisc45/imgs_full/chaparral_s0006211.png,chaparral,chaparral,chaparral,1,1782912494.038074,1782912499.0117333,4.97365927696228,15.633983330912974,3.543
1212,/home/htj/resisc45/imgs_full/dense_residential_s0006212.png,dense_residential,dense residential,dense_residential,1,1782912499.0157804,1782912503.761571,4.745790481567383,14.919335819083523,3.533299999999999
1213,/home/htj/resisc45/imgs_full/desert_s0006213.png,desert,beach,beach,0,1782912503.7658465,1782912508.5135508,4.747704267501831,15.000972246362501,3.4458
1214,/home/htj/resisc45/imgs_full/railway_s0006214.png,railway,railway,railway,1,1782912508.5180655,1782912513.2728827,4.754817247390747,14.922314671329088,3.444
1215,/home/htj/resisc45/imgs_full/ship_s0006215.png,ship,harbor,harbor,0,1782912513.2770703,1782912518.0160997,4.739029407501221,14.781889173094049,3.444
1216,/home/htj/resisc45/imgs_full/cloud_s0006216.png,cloud,cloud,cloud,1,1782912518.0203893,1782912522.5342283,4.51383900642395,14.003699851208097,3.3548999999999998
1217,/home/htj/resisc45/imgs_full/runway_s0006217.png,runway,runway,runway,1,1782912522.5385134,1782912527.2916715,4.753158092498779,14.848350478281457,3.444
1218,/home/htj/resisc45/imgs_full/commercial_area_s0006218.png,commercial_area,commercial area,commercial_area,1,1782912527.2958252,1782912532.037758,4.7419328689575195,14.796087449016342,3.4438
1219,/home/htj/resisc45/imgs_full/industrial_area_s0006219.png,industrial_area,industrial area,industrial_area,1,1782912532.0419564,1782912537.0206866,4.978730201721191,15.70474631331433,3.5133
1220,/home/htj/resisc45/imgs_full/snowberg_s0006220.png,snowberg,snowberg,snowberg,1,1782912537.0252404,1782912541.7793238,4.7540833950042725,14.928337363332151,3.444
1221,/home/htj/resisc45/imgs_full/lake_s0006221.png,lake,lake,lake,1,1782912541.7834973,1782912546.299502,4.51600456237793,14.009903774020039,3.345
1222,/home/htj/resisc45/imgs_full/industrial_area_s0006222.png,industrial_area,storage tank,storage_tank,0,1782912546.3038442,1782912551.0569296,4.753085374832153,14.938551242649554,3.444
1223,/home/htj/resisc45/imgs_full/mountain_s0006223.png,mountain,chaparral,chaparral,0,1782912551.0615504,1782912556.0528274,4.991276979446411,15.737381574195007,3.543
1224,/home/htj/resisc45/imgs_full/mobile_home_park_s0006224.png,mobile_home_park,medium residential,medium_residential,0,1782912556.0571778,1782912560.8035116,4.746333837509155,14.913432949247815,3.444
1225,/home/htj/resisc45/imgs_full/cloud_s0006225.png,cloud,cloud,cloud,1,1782912560.8074353,1782912565.3181207,4.510685443878174,14.104171118313753,3.345
1226,/home/htj/resisc45/imgs_full/roundabout_s0006226.png,roundabout,roundabout,roundabout,1,1782912565.3224685,1782912570.0658715,4.74340295791626,14.81793364506457,3.444
1227,/home/htj/resisc45/imgs_full/rectangular_farmland_s0006227.png,rectangular_farmland,rectangular farmland,rectangular_farmland,1,1782912570.0702658,1782912575.2970076,5.226741790771484,16.631151503770248,3.5439000000000003
1228,/home/htj/resisc45/imgs_full/church_s0006228.png,church,dense residential,dense_residential,0,1782912575.301388,1782912580.0547354,4.753347396850586,14.82947030099616,3.446
1229,/home/htj/resisc45/imgs_full/harbor_s0006229.png,harbor,harbor,harbor,1,1782912580.0591397,1782912584.8109214,4.751781702041626,14.74019859087898,3.446
1230,/home/htj/resisc45/imgs_full/forest_s0006230.png,forest,forest,forest,1,1782912584.8152938,1782912589.3286684,4.51337456703186,13.914219608246528,3.3548999999999998
1231,/home/htj/resisc45/imgs_full/baseball_diamond_s0006231.png,baseball_diamond,baseball diamond,baseball_diamond,1,1782912589.3328302,1782912594.3050377,4.972207546234131,15.769977758824826,3.543
1232,/home/htj/resisc45/imgs_full/circular_farmland_s0006232.png,circular_farmland,circular farmland,circular_farmland,1,1782912594.3092418,1782912599.5308886,5.221646785736084,16.555087682341483,3.543
1233,/home/htj/resisc45/imgs_full/beach_s0006233.png,beach,snowberg,snowberg,0,1782912599.5352118,1782912604.269293,4.734081268310547,14.795715077181898,3.4458
1234,/home/htj/resisc45/imgs_full/ground_track_field_s0006234.png,ground_track_field,track field,,0,1782912604.273542,1782912609.025022,4.7514801025390625,14.71109148461478,3.442
1235,/home/htj/resisc45/imgs_full/palace_s0006235.png,palace,church,church,0,1782912609.029286,1782912613.547001,4.517714977264404,13.828439614078668,3.345
1236,/home/htj/resisc45/imgs_full/roundabout_s0006236.png,roundabout,roundabout,roundabout,1,1782912613.5514135,1782912618.3062468,4.754833221435547,14.710193669882164,3.4438
1237,/home/htj/resisc45/imgs_full/church_s0006237.png,church,church,church,1,1782912618.3080826,1782912622.8197513,4.511668682098389,14.034087978103493,3.444
1238,/home/htj/resisc45/imgs_full/stadium_s0006238.png,stadium,stadium,stadium,1,1782912622.8240287,1782912627.5601876,4.736158847808838,14.743548368919328,3.442
1239,/home/htj/resisc45/imgs_full/sea_ice_s0006239.png,sea_ice,storage tank,storage_tank,0,1782912627.5619218,1782912632.3122356,4.750313758850098,14.681919147457394,3.444
1240,/home/htj/resisc45/imgs_full/industrial_area_s0006240.png,industrial_area,commercial area,commercial_area,0,1782912632.316593,1782912637.0662737,4.749680757522583,14.83216572942504,3.5312999999999994
1241,/home/htj/resisc45/imgs_full/desert_s0006241.png,desert,river,river,0,1782912637.0710669,1782912641.5840423,4.512975454330444,13.852435341388365,3.3528999999999995
1242,/home/htj/resisc45/imgs_full/terrace_s0006242.png,terrace,rectangular farmland,rectangular_farmland,0,1782912641.588255,1782912646.8123007,5.224045753479004,16.828979479302532,3.543
1243,/home/htj/resisc45/imgs_full/railway_station_s0006243.png,railway_station,airport,airport,0,1782912646.8163962,1782912651.3314788,4.515082597732544,13.949547720999657,3.3548999999999998
1244,/home/htj/resisc45/imgs_full/sparse_residential_s0006244.png,sparse_residential,sparse residential,sparse_residential,1,1782912651.3356173,1782912656.0838864,4.748269081115723,14.765801056861877,3.444
1245,/home/htj/resisc45/imgs_full/chaparral_s0006245.png,chaparral,chaparral,chaparral,1,1782912656.0883305,1782912661.0732112,4.984880685806274,15.594349529973485,3.543
1246,/home/htj/resisc45/imgs_full/forest_s0006246.png,forest,chaparral,chaparral,0,1782912661.0771668,1782912666.064062,4.986895322799683,15.606804176199025,3.541
1247,/home/htj/resisc45/imgs_full/mountain_s0006247.png,mountain,circular farmland,circular_farmland,0,1782912666.0681493,1782912671.2931867,5.225037336349487,16.501690198105315,3.543
1248,/home/htj/resisc45/imgs_full/circular_farmland_s0006248.png,circular_farmland,circular farmland,circular_farmland,1,1782912671.2973838,1782912676.5246036,5.227219820022583,16.463329870077278,3.542
1249,/home/htj/resisc45/imgs_full/mobile_home_park_s0006249.png,mobile_home_park,sparse residential,sparse_residential,0,1782912676.5286956,1782912681.2767675,4.748071908950806,14.788378682417527,3.5281499999999997
1250,/home/htj/resisc45/imgs_full/mobile_home_park_s0006250.png,mobile_home_park,medium residential,medium_residential,0,1782912681.2809727,1782912686.0301256,4.749152898788452,14.739768473969885,3.4438
1251,/home/htj/resisc45/imgs_full/mountain_s0006251.png,mountain,mountain,mountain,1,1782912686.0343957,1782912690.7862954,4.751899719238281,14.7731409608772,3.444
1252,/home/htj/resisc45/imgs_full/harbor_s0006252.png,harbor,harbor,harbor,1,1782912690.7905407,1782912695.5402572,4.749716520309448,14.751545171439647,3.5261499999999995
1253,/home/htj/resisc45/imgs_full/golf_course_s0006253.png,golf_course,golf course,golf_course,1,1782912695.5447466,1782912700.5172932,4.972546577453613,15.500799418909798,3.543
1254,/home/htj/resisc45/imgs_full/forest_s0006254.png,forest,forest,forest,1,1782912700.519372,1782912705.0389185,4.5195465087890625,13.888909678205657,3.343
1255,/home/htj/resisc45/imgs_full/beach_s0006255.png,beach,beach,beach,1,1782912705.0433114,1782912709.790247,4.746935606002808,14.699143467966332,3.444
1256,/home/htj/resisc45/imgs_full/overpass_s0006256.png,overpass,freeway,freeway,0,1782912709.7946827,1782912714.5443277,4.749644994735718,14.67996526747942,3.444
1257,/home/htj/resisc45/imgs_full/meadow_s0006257.png,meadow,chaparral,chaparral,0,1782912714.5460963,1782912719.5353186,4.989222288131714,15.586617165036586,3.543
1258,/home/htj/resisc45/imgs_full/ground_track_field_s0006258.png,ground_track_field,track field,,0,1782912719.5395598,1782912724.291494,4.751934051513672,14.83811445861265,3.444
1259,/home/htj/resisc45/imgs_full/forest_s0006259.png,forest,forest,forest,1,1782912724.2958424,1782912728.811171,4.515328645706177,13.914210988175869,3.4440999999999997
1260,/home/htj/resisc45/imgs_full/terrace_s0006260.png,terrace,rectangular farmland,rectangular_farmland,0,1782912728.815362,1782912734.0286765,5.213314533233643,16.306216654882327,3.543
1261,/home/htj/resisc45/imgs_full/meadow_s0006261.png,meadow,circular farmland,circular_farmland,0,1782912734.0328107,1782912739.2572858,5.224475145339966,16.52870608997604,3.543
1262,/home/htj/resisc45/imgs_full/church_s0006262.png,church,church,church,1,1782912739.2616646,1782912743.7741802,4.512515544891357,14.019471870778482,3.4538999999999995
1263,/home/htj/resisc45/imgs_full/chaparral_s0006263.png,chaparral,chaparral,chaparral,1,1782912743.7783601,1782912748.7579403,4.9795801639556885,15.690256440749115,3.541
1264,/home/htj/resisc45/imgs_full/thermal_power_station_s0006264.png,thermal_power_station,industrial area,industrial_area,0,1782912748.7620687,1782912753.7529857,4.990916967391968,15.784739063791253,3.543
1265,/home/htj/resisc45/imgs_full/palace_s0006265.png,palace,palace,palace,1,1782912753.7573996,1782912758.5067587,4.749359130859375,14.767588616060925,3.442
1266,/home/htj/resisc45/imgs_full/lake_s0006266.png,lake,lake,lake,1,1782912758.511353,1782912763.0251224,4.5137693881988525,14.095473345560363,3.3526999999999996
1267,/home/htj/resisc45/imgs_full/snowberg_s0006267.png,snowberg,snowberg,snowberg,1,1782912763.0294456,1782912767.770121,4.740675449371338,14.879038272139537,3.444
1268,/home/htj/resisc45/imgs_full/harbor_s0006268.png,harbor,harbor,harbor,1,1782912767.774454,1782912772.5263724,4.751918315887451,14.977084833922842,3.444
1269,/home/htj/resisc45/imgs_full/mobile_home_park_s0006269.png,mobile_home_park,cemetery,,0,1782912772.5305827,1782912777.2690432,4.738460540771484,14.898519198590014,3.442
1270,/home/htj/resisc45/imgs_full/freeway_s0006270.png,freeway,freeway,freeway,1,1782912777.273419,1782912782.0144637,4.741044759750366,14.93800385959177,3.444
1271,/home/htj/resisc45/imgs_full/roundabout_s0006271.png,roundabout,roundabout,roundabout,1,1782912782.0188687,1782912786.7727787,4.753910064697266,15.024475017363766,3.444
1272,/home/htj/resisc45/imgs_full/airplane_s0006272.png,airplane,airport,airport,0,1782912786.776778,1782912791.280504,4.503726005554199,14.08469046749646,3.343
1273,/home/htj/resisc45/imgs_full/dense_residential_s0006273.png,dense_residential,dense residential,dense_residential,1,1782912791.284846,1782912796.029685,4.7448389530181885,14.870096611821507,3.444
1274,/home/htj/resisc45/imgs_full/meadow_s0006274.png,meadow,forest,forest,0,1782912796.0336626,1782912800.5348787,4.501216173171997,14.04140140866026,3.4421999999999997
1275,/home/htj/resisc45/imgs_full/industrial_area_s0006275.png,industrial_area,industrial area,industrial_area,1,1782912800.5394287,1782912805.529348,4.989919185638428,15.706394376695156,3.508349999999999
1276,/home/htj/resisc45/imgs_full/beach_s0006276.png,beach,beach,beach,1,1782912805.5337324,1782912810.274831,4.741098642349243,14.937088320238045,3.4438
1277,/home/htj/resisc45/imgs_full/wetland_s0006277.png,wetland,chaparral,chaparral,0,1782912810.2787476,1782912815.2510421,4.972294569015503,15.629865025994421,3.4434
1278,/home/htj/resisc45/imgs_full/freeway_s0006278.png,freeway,freeway,freeway,1,1782912815.2551653,1782912819.9939895,4.738824129104614,14.882876667252505,3.541
1279,/home/htj/resisc45/imgs_full/bridge_s0006279.png,bridge,freeway,freeway,0,1782912819.998234,1782912824.7360191,4.73778510093689,14.927333809347038,3.444
1280,/home/htj/resisc45/imgs_full/parking_lot_s0006280.png,parking_lot,parking lot,parking_lot,1,1782912824.7403762,1782912829.7177022,4.977325916290283,15.808383033790372,3.507649999999999
1281,/home/htj/resisc45/imgs_full/cloud_s0006281.png,cloud,cloud,cloud,1,1782912829.7221174,1782912834.2287815,4.506664037704468,14.031755190103867,3.541
1282,/home/htj/resisc45/imgs_full/harbor_s0006282.png,harbor,harbor,harbor,1,1782912834.2300596,1782912838.9764235,4.746363878250122,14.868184996492891,3.4438
1283,/home/htj/resisc45/imgs_full/lake_s0006283.png,lake,lake,lake,1,1782912838.9808245,1782912843.4863393,4.505514860153198,14.097698965585684,3.4520999999999993
1284,/home/htj/resisc45/imgs_full/baseball_diamond_s0006284.png,baseball_diamond,baseball diamond,baseball_diamond,1,1782912843.490649,1782912848.462987,4.972337961196899,15.672466333833235,3.5424
1285,/home/htj/resisc45/imgs_full/commercial_area_s0006285.png,commercial_area,industrial area,industrial_area,0,1782912848.4673688,1782912853.44477,4.977401256561279,15.62795292693719,3.543
1286,/home/htj/resisc45/imgs_full/stadium_s0006286.png,stadium,stadium,stadium,1,1782912853.4489858,1782912858.18741,4.738424301147461,14.853190411165535,3.444
1287,/home/htj/resisc45/imgs_full/desert_s0006287.png,desert,sparse residential,sparse_residential,0,1782912858.188312,1782912862.9252393,4.736927270889282,14.84296185338641,3.444
1288,/home/htj/resisc45/imgs_full/forest_s0006288.png,forest,forest,forest,1,1782912862.9298134,1782912867.4347208,4.5049073696136475,14.033299673641784,3.4421999999999997
1289,/home/htj/resisc45/imgs_full/forest_s0006289.png,forest,forest,forest,1,1782912867.439144,1782912871.9523032,4.513159275054932,14.074201506361177,3.3546999999999993
1290,/home/htj/resisc45/imgs_full/river_s0006290.png,river,island,island,0,1782912871.9563336,1782912876.6966436,4.740309953689575,14.784741184717202,3.4438
1291,/home/htj/resisc45/imgs_full/river_s0006291.png,river,river,river,1,1782912876.7008238,1782912881.2058837,4.5050599575042725,13.960211365023744,3.442
1292,/home/htj/resisc45/imgs_full/tennis_court_s0006292.png,tennis_court,medium residential,medium_residential,0,1782912881.2102847,1782912885.9478192,4.737534523010254,14.707533229862353,3.432099999999999
1293,/home/htj/resisc45/imgs_full/medium_residential_s0006293.png,medium_residential,sparse residential,sparse_residential,0,1782912885.9521182,1782912890.6909916,4.738873481750488,14.7162575758394,3.442
1294,/home/htj/resisc45/imgs_full/stadium_s0006294.png,stadium,track field,,0,1782912890.695485,1782912895.435759,4.740273952484131,14.675716821687766,3.442
1295,/home/htj/resisc45/imgs_full/sparse_residential_s0006295.png,sparse_residential,sparse residential,sparse_residential,1,1782912895.4401956,1782912900.178167,4.737971544265747,14.67783625617372,3.442
1296,/home/htj/resisc45/imgs_full/airplane_s0006296.png,airplane,airport,airport,0,1782912900.1824565,1782912904.6822143,4.499757766723633,14.034516638574722,3.442
1297,/home/htj/resisc45/imgs_full/terrace_s0006297.png,terrace,sparse residential,sparse_residential,0,1782912904.6865375,1782912909.424749,4.738211393356323,14.83465482998756,3.442
1298,/home/htj/resisc45/imgs_full/river_s0006298.png,river,commercial area,commercial_area,0,1782912909.4269893,1782912914.1704183,4.743428945541382,14.828749455253282,3.444
1299,/home/htj/resisc45/imgs_full/island_s0006299.png,island,river,river,0,1782912914.174665,1782912918.6762242,4.501559257507324,14.072682211142322,3.444
