1783134941.7156 c2s 9
1783134941.7166 s2c 11
1783134941.7169 c2s 9
1783134941.7171 s2c 12
1783134941.8081 c2s 9
1783134941.8083 s2c 11
1783134941.8085 c2s 9
1783134941.8086 c2s 4
1783134941.8088 s2c 24
1783134942.4104 c2s 9
1783134942.4109 s2c 11
1783134942.4112 c2s 13
1783134942.4114 s2c 16
1783134942.4116 c2s 13
1783134942.4118 s2c 16
1783134943.6439 c2s 9
1783134943.6443 s2c 11
1783134943.6445 c2s 13
1783134943.6448 s2c 24
1783134943.6460 c2s 9
1783134943.6461 s2c 11
1783134943.6463 c2s 21
1783134944.3067 s2c 24
1783134944.3076 c2s 17
1783134944.3078 s2c 16
1783134944.9962 c2s 14649
1783134944.9995 c2s 32777
1783134945.0000 c2s 65536
1783134945.0008 c2s 65536
1783134945.0010 c2s 65536
1783134945.0015 c2s 65536
1783134945.0016 c2s 65536
1783134945.0024 c2s 65536
1783134945.0026 c2s 65536
1783134945.0030 c2s 65536
1783134945.0031 c2s 65536
1783134945.0038 c2s 65536
1783134945.0040 c2s 65536
1783134945.0043 c2s 65536
1783134945.0044 c2s 65536
1783134945.0051 c2s 65536
1783134945.0052 c2s 65536
1783134945.0055 c2s 65536
1783134945.0056 c2s 65536
1783134945.0063 c2s 65536
1783134945.0065 c2s 65536
1783134945.0068 c2s 65536
1783134945.0070 c2s 65536
1783134945.0078 c2s 65536
1783134945.0079 c2s 65536
1783134945.0082 c2s 65536
1783134945.0083 c2s 65536
1783134945.0089 c2s 65536
1783134945.0091 c2s 65536
1783134945.0093 c2s 65536
1783134945.0094 c2s 65536
1783134945.0099 c2s 65536
1783134945.0100 c2s 65536
1783134945.0102 c2s 65536
1783134945.0103 c2s 65536
1783134945.0108 c2s 65536
1783134945.0109 c2s 65536
1783134945.0111 c2s 65536
1783134945.0112 c2s 65536
1783134945.0117 c2s 65536
1783134945.0118 c2s 65536
1783134945.0120 c2s 65536
1783134945.0121 c2s 65536
1783134945.0126 c2s 65536
1783134945.0129 c2s 65536
1783134945.0131 c2s 65536
1783134945.0132 c2s 65536
1783134945.0137 c2s 65536
1783134945.0138 c2s 65536
1783134945.0140 c2s 65536
1783134945.0141 c2s 65536
1783134945.0146 c2s 65536
1783134945.0147 c2s 65536
1783134945.0149 c2s 65536
1783134945.0150 c2s 65536
1783134945.0156 c2s 65536
1783134945.0157 c2s 65536
1783134945.0159 c2s 65536
1783134945.0160 c2s 65536
1783134945.0165 c2s 65536
1783134945.0166 c2s 65536
1783134945.0168 c2s 65536
1783134945.0169 c2s 65536
1783134945.0174 c2s 65536
1783134945.0175 c2s 65536
1783134945.0177 c2s 65536
1783134945.0178 c2s 65536
1783134945.0183 c2s 65536
1783134945.0184 c2s 65536
1783134945.0186 c2s 65536
1783134945.0188 c2s 65536
1783134945.0193 c2s 65536
1783134945.0194 c2s 65536
1783134945.0196 c2s 65536
1783134945.0197 c2s 65536
1783134945.0202 c2s 65536
1783134945.0203 c2s 65536
1783134945.0205 c2s 65536
1783134945.0206 c2s 65536
1783134945.0211 c2s 65536
1783134945.0212 c2s 65536
1783134945.0214 c2s 65536
1783134945.0215 c2s 65536
1783134945.0220 c2s 65536
1783134945.0221 c2s 65536
1783134945.0223 c2s 65536
1783134945.0224 c2s 65536
1783134945.0229 c2s 65536
1783134945.0230 c2s 65536
1783134945.0232 c2s 65536
1783134945.0233 c2s 65536
1783134945.0238 c2s 65536
1783134945.0240 c2s 65536
1783134945.0242 c2s 65536
1783134945.0243 c2s 65536
1783134945.0248 c2s 65536
1783134945.0250 c2s 65536
1783134945.0252 c2s 65536
1783134945.0253 c2s 65536
1783134945.0257 c2s 65536
1783134945.0259 c2s 65536
1783134945.0261 c2s 65536
1783134945.0262 c2s 65536
1783134945.0266 c2s 65536
1783134945.0268 c2s 65536
1783134945.0270 c2s 65536
1783134945.0271 c2s 65536
1783134945.0276 c2s 65536
1783134945.0277 c2s 65536
1783134945.0279 c2s 65536
1783134945.0280 c2s 65536
1783134945.0285 c2s 65536
1783134945.0286 c2s 65536
1783134945.0288 c2s 65536
1783134945.0288 c2s 65536
1783134945.0294 c2s 65536
1783134945.0295 c2s 65536
1783134945.0298 c2s 65536
1783134945.0299 c2s 65536
1783134945.0304 c2s 65536
1783134945.0306 c2s 65536
1783134945.0308 c2s 65536
1783134945.0309 c2s 65536
1783134945.0314 c2s 65536
1783134945.0315 c2s 65536
1783134945.0317 c2s 65536
1783134945.0318 c2s 65536
1783134945.0323 c2s 65536
1783134945.0325 c2s 65536
1783134945.0327 c2s 65536
1783134945.0328 c2s 65536
1783134945.0334 c2s 65536
1783134945.0335 c2s 65536
1783134945.0337 c2s 65536
1783134945.0338 c2s 65536
1783134945.0343 c2s 65536
1783134945.0344 c2s 65536
1783134945.0346 c2s 65536
1783134945.0347 c2s 65536
1783134945.0352 c2s 65536
1783134945.0353 c2s 65536
1783134945.0355 c2s 65536
1783134945.0356 c2s 65536
1783134945.0361 c2s 65536
1783134945.0362 c2s 65536
1783134945.0364 c2s 65536
1783134945.0365 c2s 65536
1783134945.0369 c2s 65536
1783134945.0370 c2s 65536
1783134945.0372 c2s 65536
1783134945.0373 c2s 65536
1783134945.0380 c2s 65536
1783134945.0381 c2s 65536
1783134945.0383 c2s 65536
1783134945.0384 c2s 65536
1783134945.0389 c2s 65536
1783134945.0391 c2s 65536
1783134945.0393 c2s 65536
1783134945.0395 c2s 65536
1783134945.0401 c2s 65536
1783134945.0402 c2s 65536
1783134945.0404 c2s 65536
1783134945.0405 c2s 65536
1783134945.0410 c2s 65536
1783134945.0411 c2s 65536
1783134945.0413 c2s 65536
1783134945.0414 c2s 65536
1783134945.0419 c2s 65536
1783134945.0420 c2s 65536
1783134945.0422 c2s 65536
1783134945.0423 c2s 65536
1783134945.0427 c2s 65536
1783134945.0428 c2s 65536
1783134945.0430 c2s 65536
1783134945.0431 c2s 65536
1783134945.0436 c2s 65536
1783134945.0437 c2s 65536
1783134945.0439 c2s 65536
1783134945.0440 c2s 65536
1783134945.0444 c2s 65536
1783134945.0445 c2s 65536
1783134945.0448 c2s 65536
1783134945.0449 c2s 65536
1783134945.0453 c2s 65536
1783134945.0454 c2s 65536
1783134945.0456 c2s 65536
1783134945.0457 c2s 65536
1783134945.0461 c2s 65536
1783134945.0463 c2s 65536
1783134945.0464 c2s 65536
1783134945.0465 c2s 65536
1783134945.0470 c2s 65536
1783134945.0471 c2s 65536
1783134945.0473 c2s 65536
1783134945.0474 c2s 65536
1783134945.0479 c2s 65536
1783134945.0480 c2s 65536
1783134945.0482 c2s 65536
1783134945.0483 c2s 65536
1783134945.0487 c2s 65536
1783134945.0488 c2s 65536
1783134945.0490 c2s 65536
1783134945.0491 c2s 65536
1783134945.0495 c2s 65536
1783134945.0496 c2s 65536
1783134945.0498 c2s 65536
1783134945.0499 c2s 65536
1783134945.0503 c2s 65536
1783134945.0504 c2s 65536
1783134945.0506 c2s 65536
1783134945.0507 c2s 65536
1783134945.0512 c2s 65536
1783134945.0513 c2s 65536
1783134945.0515 c2s 65536
1783134945.0516 c2s 65536
1783134945.0520 c2s 65536
1783134945.0521 c2s 65536
1783134945.0523 c2s 65536
1783134945.0524 c2s 65536
1783134945.0528 c2s 65536
1783134945.0529 c2s 65536
1783134945.0531 c2s 65536
1783134945.0532 c2s 65536
1783134945.0536 c2s 65536
1783134945.0537 c2s 65536
1783134945.0539 c2s 65536
1783134945.0540 c2s 65536
1783134945.0545 c2s 65536
1783134945.0546 c2s 65536
1783134945.0547 c2s 65536
1783134945.0548 c2s 65536
1783134945.0552 c2s 65536
1783134945.0554 c2s 65536
1783134945.0558 c2s 65536
1783134945.0564 c2s 65536
1783134945.0571 c2s 65536
1783134945.0572 c2s 65536
1783134945.0574 c2s 65536
1783134945.0575 c2s 65536
1783134945.0580 c2s 65536
1783134945.0581 c2s 65536
1783134945.0583 c2s 65536
1783134945.0584 c2s 65536
1783134945.0588 c2s 65536
1783134945.0590 c2s 65536
1783134945.0592 c2s 65536
1783134945.0592 c2s 65536
1783134945.0597 c2s 65536
1783134945.0599 c2s 65536
1783134945.0601 c2s 65536
1783134945.0602 c2s 65536
1783134945.0606 c2s 65536
1783134945.0607 c2s 65536
1783134945.0609 c2s 65536
1783134945.0610 c2s 65536
1783134945.0615 c2s 65536
1783134945.0616 c2s 65536
1783134945.0618 c2s 65536
1783134945.0619 c2s 65536
1783134945.0622 c2s 65536
1783134945.0623 c2s 65536
1783134945.0624 c2s 16831
1783134945.1151 c2s 321
1783134945.1157 s2c 9
1783134945.1283 c2s 65536
1783134945.1285 c2s 65439
1783134945.1291 c2s 65536
1783134945.1293 c2s 65536
1783134945.1297 c2s 65536
1783134945.1299 c2s 65536
1783134945.1308 c2s 65536
1783134945.1311 c2s 65536
1783134945.1316 c2s 65536
1783134945.1317 c2s 65536
1783134945.1327 c2s 65536
1783134945.1329 c2s 65536
1783134945.1332 c2s 65536
1783134945.1333 c2s 65536
1783134945.1342 c2s 65536
1783134945.1344 c2s 65536
1783134945.1348 c2s 65536
1783134945.1350 c2s 65536
1783134945.1358 c2s 65536
1783134945.1359 c2s 65536
1783134945.1361 c2s 65536
1783134945.1362 c2s 65536
1783134945.1366 c2s 65536
1783134945.1367 c2s 65536
1783134945.1369 c2s 65536
1783134945.1369 c2s 65536
1783134945.1373 c2s 65536
1783134945.1374 c2s 65536
1783134945.1375 c2s 65536
1783134945.1376 c2s 65536
1783134945.1381 c2s 65536
1783134945.1382 c2s 65536
1783134945.1384 c2s 65536
1783134945.1384 c2s 65536
1783134945.1388 c2s 65536
1783134945.1389 c2s 65536
1783134945.1391 c2s 65536
1783134945.1391 c2s 65536
1783134945.1395 c2s 65536
1783134945.1396 c2s 65536
1783134945.1398 c2s 65536
1783134945.1399 c2s 65536
1783134945.1402 c2s 65536
1783134945.1403 c2s 65536
1783134945.1405 c2s 65536
1783134945.1405 c2s 65536
1783134945.1409 c2s 65536
1783134945.1410 c2s 65536
1783134945.1411 c2s 65536
1783134945.1412 c2s 65536
1783134945.1416 c2s 65536
1783134945.1417 c2s 65536
1783134945.1418 c2s 65536
1783134945.1419 c2s 65536
1783134945.1423 c2s 65536
1783134945.1424 c2s 65536
1783134945.1426 c2s 65536
1783134945.1426 c2s 65536
1783134945.1431 c2s 65536
1783134945.1431 c2s 65536
1783134945.1433 c2s 65536
1783134945.1435 c2s 65536
1783134945.1440 c2s 65536
1783134945.1441 c2s 65536
1783134945.1442 c2s 65536
1783134945.1443 c2s 65536
1783134945.1447 c2s 65536
1783134945.1448 c2s 65536
1783134945.1449 c2s 65536
1783134945.1450 c2s 65536
1783134945.1454 c2s 65536
1783134945.1455 c2s 65536
1783134945.1456 c2s 65536
1783134945.1457 c2s 65536
1783134945.1461 c2s 65536
1783134945.1462 c2s 65536
1783134945.1463 c2s 65536
1783134945.1464 c2s 65536
1783134945.1471 c2s 65536
1783134945.1473 c2s 65536
1783134945.1475 c2s 65536
1783134945.1475 c2s 65536
1783134945.1480 c2s 65536
1783134945.1480 c2s 65536
1783134945.1482 c2s 65536
1783134945.1483 c2s 65536
1783134945.1486 c2s 65536
1783134945.1489 c2s 65536
1783134945.1491 c2s 65536
1783134945.1492 c2s 65536
1783134945.1496 c2s 65536
1783134945.1497 c2s 65536
1783134945.1499 c2s 65536
1783134945.1499 c2s 65536
1783134945.1504 c2s 65536
1783134945.1504 c2s 65536
1783134945.1506 c2s 65536
1783134945.1507 c2s 65536
1783134945.1511 c2s 65536
1783134945.1512 c2s 65536
1783134945.1514 c2s 65536
1783134945.1514 c2s 65536
1783134945.1521 c2s 65536
1783134945.1522 c2s 65536
1783134945.1524 c2s 65536
1783134945.1525 c2s 65536
1783134945.1529 c2s 65536
1783134945.1530 c2s 65536
1783134945.1531 c2s 65536
1783134945.1532 c2s 65536
1783134945.1536 c2s 65536
1783134945.1537 c2s 65536
1783134945.1538 c2s 65536
1783134945.1539 c2s 65536
1783134945.1542 c2s 65536
1783134945.1545 c2s 65536
1783134945.1547 c2s 65536
1783134945.1548 c2s 65536
1783134945.1552 c2s 65536
1783134945.1553 c2s 65536
1783134945.1555 c2s 65536
1783134945.1556 c2s 65536
1783134945.1560 c2s 65536
1783134945.1561 c2s 65536
1783134945.1563 c2s 65536
1783134945.1564 c2s 65536
1783134945.1568 c2s 65536
1783134945.1569 c2s 65536
1783134945.1571 c2s 65536
1783134945.1572 c2s 65536
1783134945.1578 c2s 65536
1783134945.1580 c2s 65536
1783134945.1582 c2s 65536
1783134945.1583 c2s 65536
1783134945.1587 c2s 65536
1783134945.1588 c2s 65536
1783134945.1589 c2s 65536
1783134945.1590 c2s 65536
1783134945.1594 c2s 65536
1783134945.1596 c2s 65536
1783134945.1598 c2s 65536
1783134945.1599 c2s 65536
1783134945.1604 c2s 65536
1783134945.1605 c2s 65536
1783134945.1607 c2s 65536
1783134945.1608 c2s 65536
1783134945.1613 c2s 65536
1783134945.1614 c2s 65536
1783134945.1616 c2s 65536
1783134945.1618 c2s 65536
1783134945.1624 c2s 65536
1783134945.1625 c2s 65536
1783134945.1627 c2s 65536
1783134945.1628 c2s 65536
1783134945.1633 c2s 65536
1783134945.1635 c2s 65536
1783134945.1637 c2s 65536
1783134945.1638 c2s 65536
1783134945.1644 c2s 65536
1783134945.1645 c2s 65536
1783134945.1647 c2s 65536
1783134945.1647 c2s 65536
1783134945.1652 c2s 65536
1783134945.1653 c2s 65536
1783134945.1655 c2s 65536
1783134945.1656 c2s 65536
1783134945.1661 c2s 65536
1783134945.1662 c2s 65536
1783134945.1664 c2s 65536
1783134945.1665 c2s 65536
1783134945.1670 c2s 65536
1783134945.1671 c2s 65536
1783134945.1673 c2s 65536
1783134945.1674 c2s 65536
1783134945.1679 c2s 65536
1783134945.1680 c2s 65536
1783134945.1682 c2s 65536
1783134945.1683 c2s 65536
1783134945.1690 c2s 65536
1783134945.1692 c2s 65536
1783134945.1694 c2s 65536
1783134945.1695 c2s 65536
1783134945.1700 c2s 65536
1783134945.1701 c2s 65536
1783134945.1702 c2s 65536
1783134945.1703 c2s 65536
1783134945.1707 c2s 65536
1783134945.1708 c2s 65536
1783134945.1710 c2s 65536
1783134945.1711 c2s 65536
1783134945.1717 c2s 65536
1783134945.1719 c2s 65536
1783134945.1721 c2s 65536
1783134945.1722 c2s 65536
1783134945.1727 c2s 65536
1783134945.1728 c2s 65536
1783134945.1730 c2s 65536
1783134945.1730 c2s 65536
1783134945.1735 c2s 65536
1783134945.1736 c2s 65536
1783134945.1738 c2s 65536
1783134945.1739 c2s 65536
1783134945.1746 c2s 65536
1783134945.1748 c2s 65536
1783134945.1750 c2s 65536
1783134945.1751 c2s 65536
1783134945.1756 c2s 65536
1783134945.1757 c2s 65536
1783134945.1759 c2s 65536
1783134945.1760 c2s 65536
1783134945.1764 c2s 65536
1783134945.1765 c2s 65536
1783134945.1767 c2s 65536
1783134945.1768 c2s 65536
1783134945.1772 c2s 65536
1783134945.1773 c2s 65536
1783134945.1775 c2s 65536
1783134945.1776 c2s 65536
1783134945.1780 c2s 65536
1783134945.1781 c2s 65536
1783134945.1783 c2s 65536
1783134945.1784 c2s 65536
1783134945.1788 c2s 65536
1783134945.1789 c2s 65536
1783134945.1791 c2s 65536
1783134945.1792 c2s 65536
1783134945.1799 c2s 65536
1783134945.1801 c2s 65536
1783134945.1803 c2s 65536
1783134945.1804 c2s 65536
1783134945.1809 c2s 65536
1783134945.1810 c2s 65536
1783134945.1811 c2s 65536
1783134945.1812 c2s 65536
1783134945.1816 c2s 65536
1783134945.1817 c2s 65536
1783134945.1819 c2s 65536
1783134945.1820 c2s 65536
1783134945.1824 c2s 65536
1783134945.1825 c2s 65536
1783134945.1827 c2s 65536
1783134945.1828 c2s 65536
1783134945.1832 c2s 65536
1783134945.1833 c2s 65536
1783134945.1834 c2s 65536
1783134945.1835 c2s 65536
1783134945.1840 c2s 65536
1783134945.1841 c2s 65536
1783134945.1842 c2s 65536
1783134945.1843 c2s 65536
1783134945.1848 c2s 65536
1783134945.1849 c2s 65536
1783134945.1851 c2s 65536
1783134945.1852 c2s 65536
1783134945.1857 c2s 65536
1783134945.1858 c2s 65536
1783134945.1859 c2s 65536
1783134945.1860 c2s 65536
1783134945.1865 c2s 65536
1783134945.1866 c2s 65536
1783134945.1867 c2s 65536
1783134945.1868 c2s 65536
1783134945.1872 c2s 65536
1783134945.1873 c2s 65536
1783134945.1877 c2s 65536
1783134945.1878 c2s 65536
1783134945.1882 c2s 65536
1783134945.1883 c2s 65536
1783134945.1885 c2s 65536
1783134945.1886 c2s 65536
1783134945.1890 c2s 65536
1783134945.1891 c2s 65536
1783134945.1892 c2s 65536
1783134945.1893 c2s 65536
1783134945.1897 c2s 65536
1783134945.1899 c2s 65536
1783134945.1901 c2s 65536
1783134945.1901 c2s 65536
1783134945.1906 c2s 65536
1783134945.1907 c2s 65536
1783134945.1909 c2s 65536
1783134945.1909 c2s 65536
1783134945.1914 c2s 65536
1783134945.1917 c2s 65536
1783134945.1919 c2s 65536
1783134945.1919 c2s 65536
1783134945.1924 c2s 65536
1783134945.1925 c2s 65536
1783134945.1926 c2s 65536
1783134945.1927 c2s 65536
1783134945.1931 c2s 65536
1783134945.1932 c2s 65536
1783134945.1933 c2s 65536
1783134945.1934 c2s 65536
1783134945.1938 c2s 65536
1783134945.1939 c2s 65536
1783134945.1941 c2s 65536
1783134945.1941 c2s 65536
1783134945.1945 c2s 65536
1783134945.1946 c2s 65536
1783134945.1948 c2s 65536
1783134945.1949 c2s 65536
1783134945.1954 c2s 65536
1783134945.1955 c2s 65536
1783134945.1960 c2s 65536
1783134945.1961 c2s 65536
1783134945.1970 c2s 65536
1783134945.1971 c2s 65536
1783134945.1973 c2s 65536
1783134945.1974 c2s 65536
1783134945.1979 c2s 65536
1783134945.1980 c2s 65536
1783134945.1982 c2s 65536
1783134945.1983 c2s 65536
1783134945.1988 c2s 65536
1783134945.1989 c2s 65536
1783134945.1991 c2s 65536
1783134945.1992 c2s 65536
1783134945.1997 c2s 65536
1783134945.1999 c2s 65536
1783134945.2000 c2s 65536
1783134945.2001 c2s 65536
1783134945.2006 c2s 65536
1783134945.2007 c2s 65536
1783134945.2009 c2s 65536
1783134945.2010 c2s 65536
1783134945.2015 c2s 65536
1783134945.2016 c2s 65536
1783134945.2018 c2s 65536
1783134945.2019 c2s 65536
1783134945.2023 c2s 65536
1783134945.2024 c2s 65536
1783134945.2026 c2s 65536
1783134945.2027 c2s 65536
1783134945.2032 c2s 65536
1783134945.2033 c2s 65536
1783134945.2035 c2s 65536
1783134945.2036 c2s 65536
1783134945.2041 c2s 65536
1783134945.2042 c2s 65536
1783134945.2044 c2s 65536
1783134945.2045 c2s 65536
1783134945.2050 c2s 65536
1783134945.2051 c2s 65536
1783134945.2053 c2s 65536
1783134945.2054 c2s 65536
1783134945.2059 c2s 65536
1783134945.2060 c2s 65536
1783134945.2062 c2s 65536
1783134945.2063 c2s 65536
1783134945.2067 c2s 65536
1783134945.2069 c2s 65536
1783134945.2070 c2s 65536
1783134945.2071 c2s 65536
1783134945.2076 c2s 65536
1783134945.2077 c2s 65536
1783134945.2079 c2s 65536
1783134945.2080 c2s 65536
1783134945.2085 c2s 65536
1783134945.2086 c2s 65536
1783134945.2088 c2s 65536
1783134945.2089 c2s 65536
1783134945.2094 c2s 65536
1783134945.2095 c2s 65536
1783134945.2097 c2s 65536
1783134945.2097 c2s 65536
1783134945.2103 c2s 65536
1783134945.2104 c2s 65536
1783134945.2105 c2s 65536
1783134945.2106 c2s 65536
1783134945.2111 c2s 65536
1783134945.2112 c2s 65536
1783134945.2114 c2s 65536
1783134945.2115 c2s 65536
1783134945.2120 c2s 65536
1783134945.2121 c2s 65536
1783134945.2123 c2s 65536
1783134945.2124 c2s 65536
1783134945.2129 c2s 65536
1783134945.2130 c2s 65536
1783134945.2132 c2s 65536
1783134945.2132 c2s 65536
1783134945.2137 c2s 65536
1783134945.2138 c2s 65536
1783134945.2140 c2s 65536
1783134945.2141 c2s 65536
1783134945.2146 c2s 65536
1783134945.2147 c2s 65536
1783134945.2148 c2s 65536
1783134945.2149 c2s 65536
1783134945.2154 c2s 65536
1783134945.2158 c2s 65536
1783134945.2160 c2s 65536
1783134945.2161 c2s 65536
1783134945.2166 c2s 65536
1783134945.2167 c2s 65536
1783134945.2169 c2s 65536
1783134945.2170 c2s 65536
1783134945.2175 c2s 65536
1783134945.2176 c2s 65536
1783134945.2177 c2s 65536
1783134945.2178 c2s 65536
1783134945.2183 c2s 65536
1783134945.2184 c2s 65536
1783134945.2186 c2s 65536
1783134945.2187 c2s 65536
1783134945.2192 c2s 65536
1783134945.2193 c2s 65536
1783134945.2195 c2s 65536
1783134945.2196 c2s 65536
1783134945.2201 c2s 65536
1783134945.2202 c2s 65536
1783134945.2204 c2s 65536
1783134945.2205 c2s 65536
1783134945.2209 c2s 65536
1783134945.2210 c2s 65536
1783134945.2212 c2s 65536
1783134945.2213 c2s 65536
1783134945.2218 c2s 65536
1783134945.2219 c2s 65536
1783134945.2221 c2s 65536
1783134945.2222 c2s 65536
1783134945.2226 c2s 65536
1783134945.2227 c2s 65536
1783134945.2229 c2s 65536
1783134945.2230 c2s 65536
1783134945.2235 c2s 65536
1783134945.2236 c2s 65536
1783134945.2238 c2s 65536
1783134945.2238 c2s 65536
1783134945.2243 c2s 65536
1783134945.2244 c2s 65536
1783134945.2246 c2s 65536
1783134945.2247 c2s 65536
1783134945.2252 c2s 65536
1783134945.2253 c2s 65536
1783134945.2254 c2s 65536
1783134945.2255 c2s 65536
1783134945.2260 c2s 65536
1783134945.2261 c2s 65536
1783134945.2263 c2s 65536
1783134945.2264 c2s 65536
1783134945.2269 c2s 65536
1783134945.2270 c2s 65536
1783134945.2272 c2s 65536
1783134945.2273 c2s 65536
1783134945.2278 c2s 65536
1783134945.2279 c2s 65536
1783134945.2281 c2s 65536
1783134945.2282 c2s 65536
1783134945.2287 c2s 65536
1783134945.2288 c2s 65536
1783134945.2290 c2s 65536
1783134945.2291 c2s 65536
1783134945.2296 c2s 65536
1783134945.2297 c2s 65536
1783134945.2299 c2s 65536
1783134945.2299 c2s 65536
1783134945.2304 c2s 65536
1783134945.2305 c2s 65536
1783134945.2307 c2s 65536
1783134945.2308 c2s 65536
1783134945.2312 c2s 65536
1783134945.2313 c2s 65536
1783134945.2315 c2s 65536
1783134945.2316 c2s 65536
1783134945.2321 c2s 65536
1783134945.2322 c2s 65536
1783134945.2324 c2s 65536
1783134945.2325 c2s 65536
1783134945.2330 c2s 65536
1783134945.2331 c2s 65536
1783134945.2332 c2s 65536
1783134945.2333 c2s 65536
1783134945.2339 c2s 65536
1783134945.2340 c2s 65536
1783134945.2342 c2s 65536
1783134945.2342 c2s 65536
1783134945.2347 c2s 65536
1783134945.2348 c2s 65536
1783134945.2350 c2s 65536
1783134945.2351 c2s 65536
1783134945.2356 c2s 65536
1783134945.2357 c2s 65536
1783134945.2359 c2s 65536
1783134945.2360 c2s 65536
1783134945.2364 c2s 65536
1783134945.2365 c2s 65536
1783134945.2367 c2s 65536
1783134945.2369 c2s 65536
1783134945.2374 c2s 65536
1783134945.2375 c2s 65536
1783134945.2377 c2s 65536
1783134945.2377 c2s 65536
1783134945.2382 c2s 65536
1783134945.2383 c2s 65536
1783134945.2385 c2s 65536
1783134945.2386 c2s 65536
1783134945.2390 c2s 65536
1783134945.2391 c2s 65536
1783134945.2393 c2s 65536
1783134945.2394 c2s 65536
1783134945.2399 c2s 65536
1783134945.2400 c2s 65536
1783134945.2402 c2s 65536
1783134945.2403 c2s 65536
1783134945.2407 c2s 65536
1783134945.2408 c2s 65536
1783134945.2410 c2s 65536
1783134945.2411 c2s 65536
1783134945.2415 c2s 65536
1783134945.2416 c2s 65536
1783134945.2418 c2s 65536
1783134945.2419 c2s 65536
1783134945.2423 c2s 65536
1783134945.2425 c2s 65536
1783134945.2426 c2s 65536
1783134945.2427 c2s 65536
1783134945.2431 c2s 65536
1783134945.2433 c2s 65536
1783134945.2434 c2s 65536
1783134945.2436 c2s 65536
1783134945.2440 c2s 65536
1783134945.2441 c2s 65536
1783134945.2443 c2s 65536
1783134945.2444 c2s 65536
1783134945.2448 c2s 65536
1783134945.2449 c2s 65536
1783134945.2451 c2s 65536
1783134945.2452 c2s 65536
1783134945.2456 c2s 65536
1783134945.2457 c2s 65536
1783134945.2459 c2s 65536
1783134945.2460 c2s 65536
1783134945.2464 c2s 65536
1783134945.2465 c2s 65536
1783134945.2467 c2s 65536
1783134945.2468 c2s 65536
1783134945.2472 c2s 65536
1783134945.2473 c2s 65536
1783134945.2475 c2s 65536
1783134945.2476 c2s 65536
1783134945.2480 c2s 65536
1783134945.2481 c2s 65536
1783134945.2483 c2s 65536
1783134945.2484 c2s 65536
1783134945.2488 c2s 65536
1783134945.2489 c2s 65536
1783134945.2491 c2s 65536
1783134945.2492 c2s 65536
1783134945.2496 c2s 65536
1783134945.2497 c2s 65536
1783134945.2499 c2s 65536
1783134945.2500 c2s 65536
1783134945.2504 c2s 65536
1783134945.2505 c2s 65536
1783134945.2507 c2s 65536
1783134945.2508 c2s 65536
1783134945.2512 c2s 65536
1783134945.2513 c2s 65536
1783134945.2515 c2s 65536
1783134945.2517 c2s 65536
1783134945.2521 c2s 65536
1783134945.2522 c2s 65536
1783134945.2524 c2s 65536
1783134945.2525 c2s 65536
1783134945.2529 c2s 65536
1783134945.2530 c2s 65536
1783134945.2532 c2s 65536
1783134945.2533 c2s 65536
1783134945.2537 c2s 65536
1783134945.2538 c2s 65536
1783134945.2540 c2s 65536
1783134945.2540 c2s 65536
1783134945.2545 c2s 65536
1783134945.2546 c2s 65536
1783134945.2547 c2s 65536
1783134945.2548 c2s 65536
1783134945.2553 c2s 65536
1783134945.2554 c2s 65536
1783134945.2556 c2s 65536
1783134945.2557 c2s 65536
1783134945.2558 c2s 49562
1783134945.3567 c2s 321
1783134945.3572 s2c 9
1783134945.3746 c2s 65536
1783134945.3748 c2s 65536
1783134945.3749 c2s 65386
1783134945.3754 c2s 65536
1783134945.3755 c2s 65536
1783134945.3758 c2s 65536
1783134945.3759 c2s 65536
1783134945.3764 c2s 65536
1783134945.3765 c2s 65536
1783134945.3767 c2s 65536
1783134945.3768 c2s 65536
1783134945.3773 c2s 65536
1783134945.3774 c2s 65536
1783134945.3776 c2s 65536
1783134945.3777 c2s 65536
1783134945.3782 c2s 65536
1783134945.3783 c2s 65536
1783134945.3785 c2s 65536
1783134945.3786 c2s 65536
1783134945.3791 c2s 65536
1783134945.3792 c2s 65536
1783134945.3794 c2s 65536
1783134945.3795 c2s 65536
1783134945.3800 c2s 65536
1783134945.3801 c2s 65536
1783134945.3803 c2s 65536
1783134945.3804 c2s 65536
1783134945.3809 c2s 65536
1783134945.3810 c2s 65536
1783134945.3811 c2s 65536
1783134945.3812 c2s 65536
1783134945.3817 c2s 65536
1783134945.3818 c2s 65536
1783134945.3820 c2s 65536
1783134945.3820 c2s 65536
1783134945.3825 c2s 65536
1783134945.3826 c2s 65536
1783134945.3828 c2s 65536
1783134945.3828 c2s 65536
1783134945.3833 c2s 65536
1783134945.3834 c2s 65536
1783134945.3836 c2s 65536
1783134945.3836 c2s 65536
1783134945.3841 c2s 65536
1783134945.3842 c2s 65536
1783134945.3844 c2s 65536
1783134945.3845 c2s 65536
1783134945.3850 c2s 65536
1783134945.3850 c2s 65536
1783134945.3853 c2s 65536
1783134945.3854 c2s 65536
1783134945.3859 c2s 65536
1783134945.3861 c2s 65536
1783134945.3862 c2s 65536
1783134945.3864 c2s 65536
1783134945.3868 c2s 65536
1783134945.3870 c2s 65536
1783134945.3871 c2s 65536
1783134945.3872 c2s 65536
1783134945.3877 c2s 65536
1783134945.3879 c2s 65536
1783134945.3880 c2s 65536
1783134945.3881 c2s 65536
1783134945.3886 c2s 65536
1783134945.3887 c2s 65536
1783134945.3889 c2s 65536
1783134945.3890 c2s 65536
1783134945.3895 c2s 65536
1783134945.3896 c2s 65536
1783134945.3898 c2s 65536
1783134945.3899 c2s 65536
1783134945.3904 c2s 65536
1783134945.3905 c2s 65536
1783134945.3907 c2s 65536
1783134945.3911 c2s 65536
1783134945.3917 c2s 65536
1783134945.3918 c2s 65536
1783134945.3920 c2s 65536
1783134945.3921 c2s 65536
1783134945.3925 c2s 65536
1783134945.3927 c2s 65536
1783134945.3928 c2s 65536
1783134945.3929 c2s 65536
1783134945.3934 c2s 65536
1783134945.3935 c2s 65536
1783134945.3939 c2s 65536
1783134945.3941 c2s 65536
1783134945.3946 c2s 65536
1783134945.3948 c2s 65536
1783134945.3950 c2s 65536
1783134945.3951 c2s 65536
1783134945.3956 c2s 65536
1783134945.3958 c2s 65536
1783134945.3960 c2s 65536
1783134945.3963 c2s 65536
1783134945.3969 c2s 65536
1783134945.3970 c2s 65536
1783134945.3972 c2s 65536
1783134945.3973 c2s 65536
1783134945.3978 c2s 65536
1783134945.3979 c2s 65536
1783134945.3981 c2s 65536
1783134945.3982 c2s 65536
1783134945.3987 c2s 65536
1783134945.3988 c2s 65536
1783134945.3989 c2s 65536
1783134945.3990 c2s 65536
1783134945.3998 c2s 65536
1783134945.3999 c2s 65536
1783134945.4001 c2s 65536
1783134945.4002 c2s 65536
1783134945.4007 c2s 65536
1783134945.4008 c2s 65536
1783134945.4010 c2s 65536
1783134945.4011 c2s 65536
1783134945.4016 c2s 65536
1783134945.4017 c2s 65536
1783134945.4019 c2s 65536
1783134945.4020 c2s 65536
1783134945.4025 c2s 65536
1783134945.4026 c2s 65536
1783134945.4028 c2s 65536
1783134945.4029 c2s 65536
1783134945.4034 c2s 65536
1783134945.4036 c2s 65536
1783134945.4038 c2s 65536
1783134945.4039 c2s 65536
1783134945.4044 c2s 65536
1783134945.4045 c2s 65536
1783134945.4047 c2s 65536
1783134945.4048 c2s 65536
1783134945.4052 c2s 65536
1783134945.4053 c2s 65536
1783134945.4055 c2s 65536
1783134945.4056 c2s 65536
1783134945.4061 c2s 65536
1783134945.4062 c2s 65536
1783134945.4064 c2s 65536
1783134945.4065 c2s 65536
1783134945.4070 c2s 65536
1783134945.4071 c2s 65536
1783134945.4073 c2s 65536
1783134945.4074 c2s 65536
1783134945.4079 c2s 65536
1783134945.4080 c2s 65536
1783134945.4082 c2s 65536
1783134945.4083 c2s 65536
1783134945.4088 c2s 65536
1783134945.4089 c2s 65536
1783134945.4091 c2s 65536
1783134945.4092 c2s 65536
1783134945.4097 c2s 65536
1783134945.4098 c2s 65536
1783134945.4100 c2s 65536
1783134945.4101 c2s 65536
1783134945.4106 c2s 65536
1783134945.4107 c2s 65536
1783134945.4109 c2s 65536
1783134945.4110 c2s 65536
1783134945.4115 c2s 65536
1783134945.4116 c2s 65536
1783134945.4118 c2s 65536
1783134945.4119 c2s 65536
1783134945.4124 c2s 65536
1783134945.4126 c2s 65536
1783134945.4128 c2s 65536
1783134945.4129 c2s 65536
1783134945.4133 c2s 65536
1783134945.4135 c2s 65536
1783134945.4136 c2s 65536
1783134945.4137 c2s 65536
1783134945.4145 c2s 65536
1783134945.4146 c2s 65536
1783134945.4148 c2s 65536
1783134945.4149 c2s 65536
1783134945.4153 c2s 65536
1783134945.4155 c2s 65536
1783134945.4157 c2s 65536
1783134945.4158 c2s 65536
1783134945.4162 c2s 65536
1783134945.4163 c2s 65536
1783134945.4165 c2s 65536
1783134945.4166 c2s 65536
1783134945.4171 c2s 65536
1783134945.4172 c2s 65536
1783134945.4174 c2s 65536
1783134945.4175 c2s 65536
1783134945.4179 c2s 65536
1783134945.4180 c2s 65536
1783134945.4182 c2s 65536
1783134945.4183 c2s 65536
1783134945.4188 c2s 65536
1783134945.4189 c2s 65536
1783134945.4191 c2s 65536
1783134945.4192 c2s 65536
1783134945.4200 c2s 65536
1783134945.4202 c2s 65536
1783134945.4204 c2s 65536
1783134945.4205 c2s 65536
1783134945.4210 c2s 65536
1783134945.4211 c2s 65536
1783134945.4213 c2s 65536
1783134945.4214 c2s 65536
1783134945.4219 c2s 65536
1783134945.4220 c2s 65536
1783134945.4222 c2s 65536
1783134945.4223 c2s 65536
1783134945.4228 c2s 65536
1783134945.4229 c2s 65536
1783134945.4231 c2s 65536
1783134945.4232 c2s 65536
1783134945.4238 c2s 65536
1783134945.4239 c2s 65536
1783134945.4241 c2s 65536
1783134945.4242 c2s 65536
1783134945.4247 c2s 65536
1783134945.4248 c2s 65536
1783134945.4250 c2s 65536
1783134945.4251 c2s 65536
1783134945.4255 c2s 65536
1783134945.4256 c2s 65536
1783134945.4258 c2s 65536
1783134945.4259 c2s 65536
1783134945.4264 c2s 65536
1783134945.4265 c2s 65536
1783134945.4267 c2s 65536
1783134945.4268 c2s 65536
1783134945.4273 c2s 65536
1783134945.4274 c2s 65536
1783134945.4277 c2s 65536
1783134945.4278 c2s 65536
1783134945.4283 c2s 65536
1783134945.4284 c2s 65536
1783134945.4286 c2s 65536
1783134945.4287 c2s 65536
1783134945.4293 c2s 65536
1783134945.4294 c2s 65536
1783134945.4296 c2s 65536
1783134945.4297 c2s 65536
1783134945.4302 c2s 65536
1783134945.4303 c2s 65536
1783134945.4305 c2s 65536
1783134945.4306 c2s 65536
1783134945.4311 c2s 65536
1783134945.4312 c2s 65536
1783134945.4314 c2s 65536
1783134945.4318 c2s 65536
1783134945.4323 c2s 65536
1783134945.4324 c2s 65536
1783134945.4326 c2s 65536
1783134945.4327 c2s 65536
1783134945.4332 c2s 65536
1783134945.4333 c2s 65536
1783134945.4335 c2s 65536
1783134945.4336 c2s 65536
1783134945.4340 c2s 65536
1783134945.4341 c2s 65536
1783134945.4343 c2s 65536
1783134945.4344 c2s 65536
1783134945.4349 c2s 65536
1783134945.4350 c2s 65536
1783134945.4352 c2s 65536
1783134945.4353 c2s 65536
1783134945.4358 c2s 65536
1783134945.4359 c2s 65536
1783134945.4361 c2s 65536
1783134945.4361 c2s 65536
1783134945.4366 c2s 65536
1783134945.4367 c2s 65536
1783134945.4369 c2s 65536
1783134945.4370 c2s 65536
1783134945.4375 c2s 65536
1783134945.4376 c2s 65536
1783134945.4377 c2s 65536
1783134945.4378 c2s 65536
1783134945.4383 c2s 65536
1783134945.4384 c2s 65536
1783134945.4386 c2s 65536
1783134945.4387 c2s 65536
1783134945.4392 c2s 65536
1783134945.4393 c2s 65536
1783134945.4395 c2s 65536
1783134945.4396 c2s 65536
1783134945.4401 c2s 65536
1783134945.4402 c2s 65536
1783134945.4403 c2s 65536
1783134945.4404 c2s 65536
1783134945.4409 c2s 65536
1783134945.4410 c2s 65536
1783134945.4412 c2s 65536
1783134945.4413 c2s 65536
1783134945.4417 c2s 65536
1783134945.4418 c2s 65536
1783134945.4420 c2s 65536
1783134945.4421 c2s 65536
1783134945.4426 c2s 65536
1783134945.4427 c2s 65536
1783134945.4429 c2s 65536
1783134945.4430 c2s 65536
1783134945.4435 c2s 65536
1783134945.4436 c2s 65536
1783134945.4438 c2s 65536
1783134945.4439 c2s 65536
1783134945.4444 c2s 65536
1783134945.4445 c2s 65536
1783134945.4446 c2s 65536
1783134945.4447 c2s 65536
1783134945.4452 c2s 65536
1783134945.4453 c2s 65536
1783134945.4455 c2s 65536
1783134945.4456 c2s 65536
1783134945.4461 c2s 65536
1783134945.4462 c2s 65536
1783134945.4463 c2s 65536
1783134945.4464 c2s 65536
1783134945.4469 c2s 65536
1783134945.4470 c2s 65536
1783134945.4472 c2s 65536
1783134945.4473 c2s 65536
1783134945.4478 c2s 65536
1783134945.4479 c2s 65536
1783134945.4481 c2s 65536
1783134945.4482 c2s 65536
1783134945.4486 c2s 65536
1783134945.4487 c2s 65536
1783134945.4489 c2s 65536
1783134945.4490 c2s 65536
1783134945.4495 c2s 65536
1783134945.4496 c2s 65536
1783134945.4497 c2s 65536
1783134945.4498 c2s 65536
1783134945.4503 c2s 65536
1783134945.4504 c2s 65536
1783134945.4506 c2s 65536
1783134945.4507 c2s 65536
1783134945.4511 c2s 65536
1783134945.4512 c2s 65536
1783134945.4514 c2s 65536
1783134945.4515 c2s 65536
1783134945.4520 c2s 65536
1783134945.4521 c2s 65536
1783134945.4523 c2s 65536
1783134945.4524 c2s 65536
1783134945.4528 c2s 65536
1783134945.4529 c2s 65536
1783134945.4531 c2s 65536
1783134945.4532 c2s 65536
1783134945.4537 c2s 65536
1783134945.4538 c2s 65536
1783134945.4540 c2s 65536
1783134945.4541 c2s 65536
1783134945.4546 c2s 65536
1783134945.4547 c2s 65536
1783134945.4549 c2s 65536
1783134945.4550 c2s 65536
1783134945.4555 c2s 65536
1783134945.4556 c2s 65536
1783134945.4558 c2s 65536
1783134945.4559 c2s 65536
1783134945.4564 c2s 65536
1783134945.4565 c2s 65536
1783134945.4567 c2s 65536
1783134945.4568 c2s 65536
1783134945.4574 c2s 65536
1783134945.4575 c2s 65536
1783134945.4577 c2s 65536
1783134945.4578 c2s 65536
1783134945.4583 c2s 65536
1783134945.4584 c2s 65536
1783134945.4586 c2s 65536
1783134945.4587 c2s 65536
1783134945.4593 c2s 65536
1783134945.4595 c2s 65536
1783134945.4597 c2s 65536
1783134945.4598 c2s 65536
1783134945.4603 c2s 65536
1783134945.4604 c2s 65536
1783134945.4606 c2s 65536
1783134945.4607 c2s 65536
1783134945.4612 c2s 65536
1783134945.4613 c2s 65536
1783134945.4615 c2s 65536
1783134945.4616 c2s 65536
1783134945.4621 c2s 65536
1783134945.4622 c2s 65536
1783134945.4624 c2s 65536
1783134945.4625 c2s 65536
1783134945.4629 c2s 65536
1783134945.4630 c2s 65536
1783134945.4632 c2s 65536
1783134945.4634 c2s 65536
1783134945.4639 c2s 65536
1783134945.4640 c2s 65536
1783134945.4642 c2s 65536
1783134945.4643 c2s 65536
1783134945.4647 c2s 65536
1783134945.4648 c2s 65536
1783134945.4650 c2s 65536
1783134945.4651 c2s 65536
1783134945.4655 c2s 65536
1783134945.4657 c2s 65536
1783134945.4659 c2s 65536
1783134945.4659 c2s 65536
1783134945.4664 c2s 65536
1783134945.4665 c2s 65536
1783134945.4667 c2s 65536
1783134945.4668 c2s 65536
1783134945.4673 c2s 65536
1783134945.4674 c2s 65536
1783134945.4676 c2s 65536
1783134945.4677 c2s 65536
1783134945.4682 c2s 65536
1783134945.4683 c2s 65536
1783134945.4685 c2s 65536
1783134945.4686 c2s 65536
1783134945.4690 c2s 65536
1783134945.4691 c2s 65536
1783134945.4693 c2s 65536
1783134945.4694 c2s 65536
1783134945.4699 c2s 65536
1783134945.4700 c2s 65536
1783134945.4702 c2s 65536
1783134945.4703 c2s 65536
1783134945.4707 c2s 65536
1783134945.4708 c2s 65536
1783134945.4710 c2s 65536
1783134945.4711 c2s 65536
1783134945.4716 c2s 65536
1783134945.4717 c2s 65536
1783134945.4719 c2s 65536
1783134945.4720 c2s 65536
1783134945.4724 c2s 65536
1783134945.4725 c2s 65536
1783134945.4727 c2s 65536
1783134945.4728 c2s 65536
1783134945.4733 c2s 65536
1783134945.4734 c2s 65536
1783134945.4736 c2s 65536
1783134945.4737 c2s 65536
1783134945.4741 c2s 65536
1783134945.4742 c2s 65536
1783134945.4744 c2s 65536
1783134945.4745 c2s 65536
1783134945.4750 c2s 65536
1783134945.4751 c2s 65536
1783134945.4753 c2s 65536
1783134945.4754 c2s 65536
1783134945.4759 c2s 65536
1783134945.4760 c2s 65536
1783134945.4762 c2s 65536
1783134945.4763 c2s 65536
1783134945.4767 c2s 65536
1783134945.4768 c2s 65536
1783134945.4770 c2s 65536
1783134945.4771 c2s 65536
1783134945.4776 c2s 65536
1783134945.4777 c2s 65536
1783134945.4779 c2s 65536
1783134945.4780 c2s 65536
1783134945.4784 c2s 65536
1783134945.4785 c2s 65536
1783134945.4787 c2s 65536
1783134945.4788 c2s 65536
1783134945.4793 c2s 65536
1783134945.4794 c2s 65536
1783134945.4796 c2s 65536
1783134945.4797 c2s 65536
1783134945.4801 c2s 65536
1783134945.4803 c2s 65536
1783134945.4804 c2s 65536
1783134945.4805 c2s 65536
1783134945.4810 c2s 65536
1783134945.4811 c2s 65536
1783134945.4813 c2s 65536
1783134945.4814 c2s 65536
1783134945.4818 c2s 65536
1783134945.4819 c2s 65536
1783134945.4821 c2s 65536
1783134945.4822 c2s 65536
1783134945.4827 c2s 65536
1783134945.4828 c2s 65536
1783134945.4830 c2s 65536
1783134945.4830 c2s 65536
1783134945.4835 c2s 65536
1783134945.4837 c2s 65536
1783134945.4838 c2s 65536
1783134945.4839 c2s 65536
1783134945.4844 c2s 65536
1783134945.4845 c2s 65536
1783134945.4847 c2s 65536
1783134945.4848 c2s 65536
1783134945.4853 c2s 65536
1783134945.4854 c2s 65536
1783134945.4855 c2s 65536
1783134945.4856 c2s 65536
1783134945.4861 c2s 65536
1783134945.4862 c2s 65536
1783134945.4864 c2s 65536
1783134945.4865 c2s 65536
1783134945.4870 c2s 65536
1783134945.4871 c2s 65536
1783134945.4873 c2s 65536
1783134945.4873 c2s 65536
1783134945.4878 c2s 65536
1783134945.4879 c2s 65536
1783134945.4881 c2s 65536
1783134945.4882 c2s 65536
1783134945.4887 c2s 65536
1783134945.4888 c2s 65536
1783134945.4890 c2s 65536
1783134945.4891 c2s 65536
1783134945.4895 c2s 65536
1783134945.4896 c2s 65536
1783134945.4898 c2s 65536
1783134945.4899 c2s 65536
1783134945.4904 c2s 65536
1783134945.4905 c2s 65536
1783134945.4907 c2s 65536
1783134945.4908 c2s 65536
1783134945.4913 c2s 65536
1783134945.4914 c2s 65536
1783134945.4916 c2s 65536
1783134945.4917 c2s 65536
1783134945.4922 c2s 65536
1783134945.4923 c2s 65536
1783134945.4924 c2s 65536
1783134945.4925 c2s 65536
1783134945.4930 c2s 65536
1783134945.4931 c2s 65536
1783134945.4933 c2s 65536
1783134945.4934 c2s 65536
1783134945.4939 c2s 65536
1783134945.4940 c2s 65536
1783134945.4942 c2s 65536
1783134945.4943 c2s 65536
1783134945.4947 c2s 65536
1783134945.4948 c2s 65536
1783134945.4950 c2s 65536
1783134945.4951 c2s 65536
1783134945.4956 c2s 65536
1783134945.4957 c2s 65536
1783134945.4959 c2s 65536
1783134945.4960 c2s 65536
1783134945.4965 c2s 65536
1783134945.4966 c2s 65536
1783134945.4968 c2s 65536
1783134945.4969 c2s 65536
1783134945.4973 c2s 65536
1783134945.4974 c2s 65536
1783134945.4976 c2s 65536
1783134945.4977 c2s 65536
1783134945.4982 c2s 65536
1783134945.4983 c2s 65536
1783134945.4985 c2s 65536
1783134945.4986 c2s 65536
1783134945.4990 c2s 65536
1783134945.4992 c2s 65536
1783134945.4993 c2s 65536
1783134945.4994 c2s 65536
1783134945.4999 c2s 65536
1783134945.5000 c2s 65536
1783134945.5002 c2s 65536
1783134945.5003 c2s 65536
1783134945.5008 c2s 65536
1783134945.5009 c2s 65536
1783134945.5011 c2s 65536
1783134945.5012 c2s 65536
1783134945.5016 c2s 65536
1783134945.5018 c2s 65536
1783134945.5019 c2s 65536
1783134945.5020 c2s 65536
1783134945.5025 c2s 65536
1783134945.5026 c2s 65536
1783134945.5028 c2s 65536
1783134945.5029 c2s 65536
1783134945.5034 c2s 65536
1783134945.5035 c2s 65536
1783134945.5037 c2s 65536
1783134945.5038 c2s 65536
1783134945.5042 c2s 65536
1783134945.5043 c2s 65536
1783134945.5045 c2s 65536
1783134945.5046 c2s 65536
1783134945.5051 c2s 65536
1783134945.5052 c2s 65536
1783134945.5054 c2s 65536
1783134945.5055 c2s 65536
1783134945.5059 c2s 65536
1783134945.5060 c2s 65536
1783134945.5062 c2s 65536
1783134945.5063 c2s 65536
1783134945.5067 c2s 65536
1783134945.5069 c2s 65536
1783134945.5070 c2s 65536
1783134945.5071 c2s 65536
1783134945.5076 c2s 65536
1783134945.5077 c2s 65536
1783134945.5079 c2s 65536
1783134945.5080 c2s 65536
1783134945.5085 c2s 65536
1783134945.5086 c2s 65536
1783134945.5088 c2s 65536
1783134945.5089 c2s 65536
1783134945.5093 c2s 65536
1783134945.5094 c2s 65536
1783134945.5096 c2s 65536
1783134945.5097 c2s 65536
1783134945.5101 c2s 65536
1783134945.5102 c2s 65536
1783134945.5104 c2s 65536
1783134945.5105 c2s 65536
1783134945.5110 c2s 65536
1783134945.5111 c2s 65536
1783134945.5113 c2s 65536
1783134945.5114 c2s 65536
1783134945.5119 c2s 65536
1783134945.5120 c2s 65536
1783134945.5122 c2s 65536
1783134945.5123 c2s 65536
1783134945.5128 c2s 65536
1783134945.5129 c2s 65536
1783134945.5131 c2s 65536
1783134945.5131 c2s 65536
1783134945.5136 c2s 65536
1783134945.5137 c2s 65536
1783134945.5139 c2s 65536
1783134945.5140 c2s 65536
1783134945.5144 c2s 65536
1783134945.5145 c2s 65536
1783134945.5147 c2s 65536
1783134945.5148 c2s 65536
1783134945.5153 c2s 65536
1783134945.5154 c2s 65536
1783134945.5156 c2s 65536
1783134945.5157 c2s 65536
1783134945.5162 c2s 65536
1783134945.5163 c2s 65536
1783134945.5164 c2s 65536
1783134945.5165 c2s 65536
1783134945.5170 c2s 65536
1783134945.5171 c2s 65536
1783134945.5173 c2s 65536
1783134945.5174 c2s 65536
1783134945.5179 c2s 65536
1783134945.5180 c2s 65536
1783134945.5181 c2s 65536
1783134945.5182 c2s 65536
1783134945.5187 c2s 65536
1783134945.5188 c2s 65536
1783134945.5190 c2s 65536
1783134945.5191 c2s 65536
1783134945.5196 c2s 65536
1783134945.5197 c2s 65536
1783134945.5199 c2s 65536
1783134945.5200 c2s 65536
1783134945.5204 c2s 65536
1783134945.5205 c2s 65536
1783134945.5207 c2s 65536
1783134945.5208 c2s 65536
1783134945.5212 c2s 65536
1783134945.5214 c2s 65536
1783134945.5215 c2s 65536
1783134945.5216 c2s 65536
1783134945.5221 c2s 65536
1783134945.5222 c2s 65536
1783134945.5224 c2s 65536
1783134945.5225 c2s 65536
1783134945.5230 c2s 65536
1783134945.5231 c2s 65536
1783134945.5233 c2s 65536
1783134945.5233 c2s 65536
1783134945.5238 c2s 65536
1783134945.5239 c2s 65536
1783134945.5241 c2s 65536
1783134945.5242 c2s 65536
1783134945.5247 c2s 65536
1783134945.5249 c2s 65536
1783134945.5251 c2s 65536
1783134945.5251 c2s 65536
1783134945.5256 c2s 65536
1783134945.5257 c2s 65536
1783134945.5259 c2s 65536
1783134945.5260 c2s 65536
1783134945.5265 c2s 65536
1783134945.5266 c2s 65536
1783134945.5268 c2s 65536
1783134945.5269 c2s 65536
1783134945.5273 c2s 65536
1783134945.5275 c2s 65536
1783134945.5277 c2s 65536
1783134945.5278 c2s 65536
1783134945.5282 c2s 65536
1783134945.5283 c2s 65536
1783134945.5285 c2s 65536
1783134945.5286 c2s 65536
1783134945.5291 c2s 65536
1783134945.5292 c2s 65536
1783134945.5294 c2s 65536
1783134945.5294 c2s 65536
1783134945.5299 c2s 65536
1783134945.5300 c2s 65536
1783134945.5302 c2s 65536
1783134945.5303 c2s 65536
1783134945.5308 c2s 65536
1783134945.5309 c2s 65536
1783134945.5311 c2s 65536
1783134945.5312 c2s 65536
1783134945.5317 c2s 65536
1783134945.5318 c2s 65536
1783134945.5320 c2s 65536
1783134945.5321 c2s 65536
1783134945.5325 c2s 65536
1783134945.5327 c2s 65536
1783134945.5329 c2s 65536
1783134945.5329 c2s 65536
1783134945.5334 c2s 65536
1783134945.5335 c2s 65536
1783134945.5337 c2s 65536
1783134945.5338 c2s 65536
1783134945.5343 c2s 65536
1783134945.5344 c2s 65536
1783134945.5346 c2s 65536
1783134945.5347 c2s 65536
1783134945.5352 c2s 65536
1783134945.5353 c2s 65536
1783134945.5355 c2s 65536
1783134945.5356 c2s 65536
1783134945.5361 c2s 65536
1783134945.5362 c2s 65536
1783134945.5364 c2s 65536
1783134945.5365 c2s 65536
1783134945.5369 c2s 65536
1783134945.5370 c2s 65536
1783134945.5372 c2s 65536
1783134945.5373 c2s 65536
1783134945.5378 c2s 65536
1783134945.5379 c2s 65536
1783134945.5380 c2s 65536
1783134945.5381 c2s 65536
1783134945.5386 c2s 65536
1783134945.5387 c2s 65536
1783134945.5389 c2s 65536
1783134945.5390 c2s 65536
1783134945.5395 c2s 65536
1783134945.5396 c2s 65536
1783134945.5398 c2s 65536
1783134945.5399 c2s 65536
1783134945.5403 c2s 65536
1783134945.5405 c2s 65536
1783134945.5406 c2s 65536
1783134945.5407 c2s 65536
1783134945.5412 c2s 65536
1783134945.5413 c2s 65536
1783134945.5415 c2s 65536
1783134945.5416 c2s 65536
1783134945.5420 c2s 65536
1783134945.5422 c2s 65536
1783134945.5423 c2s 65536
1783134945.5424 c2s 65536
1783134945.5429 c2s 65536
1783134945.5430 c2s 65536
1783134945.5432 c2s 65536
1783134945.5433 c2s 65536
1783134945.5437 c2s 65536
1783134945.5439 c2s 65536
1783134945.5440 c2s 65536
1783134945.5441 c2s 65536
1783134945.5445 c2s 65536
1783134945.5447 c2s 65536
1783134945.5448 c2s 65536
1783134945.5449 c2s 65536
1783134945.5454 c2s 65536
1783134945.5455 c2s 65536
1783134945.5456 c2s 65536
1783134945.5457 c2s 65536
1783134945.5461 c2s 65536
1783134945.5463 c2s 65536
1783134945.5464 c2s 65536
1783134945.5465 c2s 65536
1783134945.5470 c2s 65536
1783134945.5471 c2s 65536
1783134945.5473 c2s 65536
1783134945.5474 c2s 65536
1783134945.5478 c2s 65536
1783134945.5479 c2s 65536
1783134945.5481 c2s 65536
1783134945.5482 c2s 65536
1783134945.5486 c2s 65536
1783134945.5488 c2s 65536
1783134945.5489 c2s 65536
1783134945.5490 c2s 65536
1783134945.5495 c2s 65536
1783134945.5496 c2s 65536
1783134945.5497 c2s 65536
1783134945.5498 c2s 65536
1783134945.5502 c2s 65536
1783134945.5504 c2s 65536
1783134945.5505 c2s 65536
1783134945.5506 c2s 65536
1783134945.5510 c2s 65536
1783134945.5512 c2s 65536
1783134945.5513 c2s 65536
1783134945.5514 c2s 65536
1783134945.5519 c2s 65536
1783134945.5520 c2s 65536
1783134945.5522 c2s 65536
1783134945.5523 c2s 65536
1783134945.5527 c2s 65536
1783134945.5528 c2s 65536
1783134945.5530 c2s 65536
1783134945.5531 c2s 65536
1783134945.5535 c2s 65536
1783134945.5536 c2s 65536
1783134945.5538 c2s 65536
1783134945.5539 c2s 65536
1783134945.5543 c2s 65536
1783134945.5544 c2s 65536
1783134945.5546 c2s 65536
1783134945.5547 c2s 65536
1783134945.5551 c2s 65536
1783134945.5552 c2s 65536
1783134945.5554 c2s 65536
1783134945.5555 c2s 65536
1783134945.5559 c2s 65536
1783134945.5560 c2s 65536
1783134945.5562 c2s 65536
1783134945.5563 c2s 65536
1783134945.5567 c2s 65536
1783134945.5571 c2s 65536
1783134945.5574 c2s 65536
1783134945.5575 c2s 65536
1783134945.5579 c2s 65536
1783134945.5580 c2s 65536
1783134945.5582 c2s 65536
1783134945.5583 c2s 65536
1783134945.5588 c2s 65536
1783134945.5589 c2s 65536
1783134945.5591 c2s 65536
1783134945.5591 c2s 65536
1783134945.5596 c2s 65536
1783134945.5597 c2s 65536
1783134945.5599 c2s 65536
1783134945.5600 c2s 65536
1783134945.5604 c2s 65536
1783134945.5605 c2s 65536
1783134945.5607 c2s 65536
1783134945.5608 c2s 65536
1783134945.5612 c2s 65536
1783134945.5613 c2s 65536
1783134945.5614 c2s 55759
1783134945.6438 c2s 321
1783134945.6440 s2c 9
1783134945.6560 c2s 65492
1783134945.6565 c2s 65536
1783134945.6567 c2s 65536
1783134945.6572 c2s 65536
1783134945.6577 c2s 65536
1783134945.6592 c2s 65536
1783134945.6595 c2s 65536
1783134945.6600 c2s 65536
1783134945.6602 c2s 65536
1783134945.6611 c2s 65536
1783134945.6614 c2s 65536
1783134945.6618 c2s 65536
1783134945.6620 c2s 65536
1783134945.6628 c2s 65536
1783134945.6630 c2s 65536
1783134945.6633 c2s 65536
1783134945.6635 c2s 65536
1783134945.6641 c2s 65536
1783134945.6642 c2s 65536
1783134945.6645 c2s 65536
1783134945.6645 c2s 65536
1783134945.6650 c2s 65536
1783134945.6651 c2s 65536
1783134945.6653 c2s 65536
1783134945.6653 c2s 65536
1783134945.6658 c2s 65536
1783134945.6659 c2s 65536
1783134945.6660 c2s 65536
1783134945.6661 c2s 65536
1783134945.6665 c2s 65536
1783134945.6666 c2s 65536
1783134945.6668 c2s 65536
1783134945.6668 c2s 65536
1783134945.6672 c2s 65536
1783134945.6673 c2s 65536
1783134945.6675 c2s 65536
1783134945.6676 c2s 65536
1783134945.6680 c2s 65536
1783134945.6682 c2s 65536
1783134945.6684 c2s 65536
1783134945.6684 c2s 65536
1783134945.6689 c2s 65536
1783134945.6690 c2s 65536
1783134945.6691 c2s 65536
1783134945.6692 c2s 65536
1783134945.6696 c2s 65536
1783134945.6697 c2s 65536
1783134945.6699 c2s 65536
1783134945.6699 c2s 65536
1783134945.6704 c2s 65536
1783134945.6704 c2s 65536
1783134945.6706 c2s 65536
1783134945.6707 c2s 65536
1783134945.6711 c2s 65536
1783134945.6712 c2s 65536
1783134945.6713 c2s 65536
1783134945.6714 c2s 65536
1783134945.6718 c2s 65536
1783134945.6719 c2s 65536
1783134945.6721 c2s 65536
1783134945.6722 c2s 65536
1783134945.6726 c2s 65536
1783134945.6727 c2s 65536
1783134945.6729 c2s 65536
1783134945.6730 c2s 65536
1783134945.6734 c2s 65536
1783134945.6735 c2s 65536
1783134945.6737 c2s 65536
1783134945.6738 c2s 65536
1783134945.6742 c2s 65536
1783134945.6743 c2s 65536
1783134945.6744 c2s 65536
1783134945.6745 c2s 65536
1783134945.6749 c2s 65536
1783134945.6750 c2s 65536
1783134945.6751 c2s 65536
1783134945.6752 c2s 65536
1783134945.6757 c2s 65536
1783134945.6758 c2s 65536
1783134945.6759 c2s 65536
1783134945.6760 c2s 65536
1783134945.6764 c2s 65536
1783134945.6765 c2s 65536
1783134945.6767 c2s 65536
1783134945.6767 c2s 65536
1783134945.6772 c2s 65536
1783134945.6773 c2s 65536
1783134945.6775 c2s 65536
1783134945.6776 c2s 65536
1783134945.6780 c2s 65536
1783134945.6781 c2s 65536
1783134945.6782 c2s 65536
1783134945.6783 c2s 65536
1783134945.6787 c2s 65536
1783134945.6788 c2s 65536
1783134945.6790 c2s 65536
1783134945.6791 c2s 65536
1783134945.6795 c2s 65536
1783134945.6796 c2s 65536
1783134945.6797 c2s 65536
1783134945.6798 c2s 65536
1783134945.6802 c2s 65536
1783134945.6803 c2s 65536
1783134945.6804 c2s 65536
1783134945.6805 c2s 65536
1783134945.6809 c2s 65536
1783134945.6810 c2s 65536
1783134945.6812 c2s 65536
1783134945.6812 c2s 65536
1783134945.6816 c2s 65536
1783134945.6817 c2s 65536
1783134945.6819 c2s 65536
1783134945.6820 c2s 65536
1783134945.6824 c2s 65536
1783134945.6825 c2s 65536
1783134945.6827 c2s 65536
1783134945.6828 c2s 65536
1783134945.6832 c2s 65536
1783134945.6833 c2s 65536
1783134945.6835 c2s 65536
1783134945.6836 c2s 65536
1783134945.6840 c2s 65536
1783134945.6841 c2s 65536
1783134945.6842 c2s 65536
1783134945.6843 c2s 65536
1783134945.6847 c2s 65536
1783134945.6848 c2s 65536
1783134945.6849 c2s 65536
1783134945.6850 c2s 65536
1783134945.6854 c2s 65536
1783134945.6855 c2s 65536
1783134945.6857 c2s 65536
1783134945.6857 c2s 65536
1783134945.6861 c2s 65536
1783134945.6862 c2s 65536
1783134945.6864 c2s 65536
1783134945.6864 c2s 65536
1783134945.6869 c2s 65536
1783134945.6870 c2s 65536
1783134945.6872 c2s 65536
1783134945.6873 c2s 65536
1783134945.6877 c2s 65536
1783134945.6878 c2s 65536
1783134945.6880 c2s 65536
1783134945.6881 c2s 65536
1783134945.6885 c2s 65536
1783134945.6886 c2s 65536
1783134945.6887 c2s 65536
1783134945.6888 c2s 65536
1783134945.6892 c2s 65536
1783134945.6893 c2s 65536
1783134945.6894 c2s 65536
1783134945.6895 c2s 65536
1783134945.6899 c2s 65536
1783134945.6900 c2s 65536
1783134945.6901 c2s 65536
1783134945.6902 c2s 65536
1783134945.6906 c2s 65536
1783134945.6907 c2s 65536
1783134945.6909 c2s 65536
1783134945.6909 c2s 65536
1783134945.6914 c2s 65536
1783134945.6915 c2s 65536
1783134945.6918 c2s 65536
1783134945.6918 c2s 65536
1783134945.6923 c2s 65536
1783134945.6923 c2s 65536
1783134945.6925 c2s 65536
1783134945.6926 c2s 65536
1783134945.6930 c2s 65536
1783134945.6931 c2s 65536
1783134945.6933 c2s 65536
1783134945.6933 c2s 65536
1783134945.6937 c2s 65536
1783134945.6938 c2s 65536
1783134945.6940 c2s 65536
1783134945.6940 c2s 65536
1783134945.6945 c2s 65536
1783134945.6945 c2s 65536
1783134945.6947 c2s 65536
1783134945.6948 c2s 65536
1783134945.6952 c2s 65536
1783134945.6953 c2s 65536
1783134945.6954 c2s 65536
1783134945.6955 c2s 65536
1783134945.6959 c2s 65536
1783134945.6960 c2s 65536
1783134945.6962 c2s 65536
1783134945.6963 c2s 65536
1783134945.6967 c2s 65536
1783134945.6968 c2s 65536
1783134945.6970 c2s 65536
1783134945.6971 c2s 65536
1783134945.6975 c2s 65536
1783134945.6976 c2s 65536
1783134945.6977 c2s 65536
1783134945.6978 c2s 65536
1783134945.6982 c2s 65536
1783134945.6983 c2s 65536
1783134945.6985 c2s 65536
1783134945.6985 c2s 65536
1783134945.6990 c2s 65536
1783134945.6990 c2s 65536
1783134945.6992 c2s 65536
1783134945.6993 c2s 65536
1783134945.6997 c2s 65536
1783134945.6998 c2s 65536
1783134945.7000 c2s 65536
1783134945.7001 c2s 65536
1783134945.7005 c2s 65536
1783134945.7006 c2s 65536
1783134945.7008 c2s 65536
1783134945.7008 c2s 65536
1783134945.7012 c2s 65536
1783134945.7013 c2s 65536
1783134945.7015 c2s 65536
1783134945.7015 c2s 65536
1783134945.7020 c2s 65536
1783134945.7021 c2s 65536
1783134945.7022 c2s 65536
1783134945.7023 c2s 65536
1783134945.7027 c2s 65536
1783134945.7028 c2s 65536
1783134945.7029 c2s 65536
1783134945.7030 c2s 65536
1783134945.7034 c2s 65536
1783134945.7035 c2s 65536
1783134945.7037 c2s 65536
1783134945.7038 c2s 65536
1783134945.7042 c2s 65536
1783134945.7042 c2s 65536
1783134945.7044 c2s 65536
1783134945.7045 c2s 65536
1783134945.7050 c2s 65536
1783134945.7051 c2s 65536
1783134945.7053 c2s 65536
1783134945.7053 c2s 65536
1783134945.7057 c2s 65536
1783134945.7058 c2s 65536
1783134945.7060 c2s 65536
1783134945.7060 c2s 65536
1783134945.7065 c2s 65536
1783134945.7066 c2s 65536
1783134945.7067 c2s 65536
1783134945.7068 c2s 65536
1783134945.7072 c2s 65536
1783134945.7073 c2s 65536
1783134945.7074 c2s 65536
1783134945.7075 c2s 65536
1783134945.7079 c2s 65536
1783134945.7080 c2s 65536
1783134945.7082 c2s 65536
1783134945.7082 c2s 65536
1783134945.7087 c2s 65536
1783134945.7088 c2s 65536
1783134945.7090 c2s 65536
1783134945.7091 c2s 65536
1783134945.7095 c2s 65536
1783134945.7096 c2s 65536
1783134945.7098 c2s 65536
1783134945.7098 c2s 65536
1783134945.7102 c2s 65536
1783134945.7103 c2s 65536
1783134945.7105 c2s 65536
1783134945.7105 c2s 65536
1783134945.7110 c2s 65536
1783134945.7110 c2s 65536
1783134945.7112 c2s 65536
1783134945.7113 c2s 65536
1783134945.7117 c2s 65536
1783134945.7118 c2s 65536
1783134945.7119 c2s 65536
1783134945.7120 c2s 65536
1783134945.7124 c2s 65536
1783134945.7125 c2s 65536
1783134945.7127 c2s 65536
1783134945.7127 c2s 65536
1783134945.7131 c2s 65536
1783134945.7133 c2s 65536
1783134945.7135 c2s 65536
1783134945.7135 c2s 65536
1783134945.7140 c2s 65536
1783134945.7141 c2s 65536
1783134945.7142 c2s 65536
1783134945.7143 c2s 65536
1783134945.7147 c2s 65536
1783134945.7148 c2s 65536
1783134945.7150 c2s 65536
1783134945.7150 c2s 65536
1783134945.7154 c2s 65536
1783134945.7155 c2s 65536
1783134945.7157 c2s 65536
1783134945.7157 c2s 65536
1783134945.7162 c2s 65536
1783134945.7162 c2s 65536
1783134945.7164 c2s 65536
1783134945.7165 c2s 65536
1783134945.7169 c2s 65536
1783134945.7170 c2s 65536
1783134945.7172 c2s 65536
1783134945.7173 c2s 65536
1783134945.7177 c2s 65536
1783134945.7178 c2s 65536
1783134945.7180 c2s 65536
1783134945.7181 c2s 65536
1783134945.7185 c2s 65536
1783134945.7186 c2s 65536
1783134945.7188 c2s 65536
1783134945.7188 c2s 65536
1783134945.7192 c2s 65536
1783134945.7193 c2s 65536
1783134945.7195 c2s 65536
1783134945.7196 c2s 65536
1783134945.7200 c2s 65536
1783134945.7201 c2s 65536
1783134945.7202 c2s 65536
1783134945.7203 c2s 65536
1783134945.7207 c2s 65536
1783134945.7208 c2s 65536
1783134945.7209 c2s 65536
1783134945.7210 c2s 65536
1783134945.7214 c2s 65536
1783134945.7215 c2s 65536
1783134945.7217 c2s 65536
1783134945.7217 c2s 65536
1783134945.7221 c2s 65536
1783134945.7223 c2s 65536
1783134945.7225 c2s 65536
1783134945.7226 c2s 65536
1783134945.7230 c2s 65536
1783134945.7231 c2s 65536
1783134945.7233 c2s 65536
1783134945.7233 c2s 65536
1783134945.7238 c2s 65536
1783134945.7239 c2s 65536
1783134945.7240 c2s 65536
1783134945.7241 c2s 65536
1783134945.7245 c2s 65536
1783134945.7246 c2s 65536
1783134945.7247 c2s 65536
1783134945.7248 c2s 65536
1783134945.7252 c2s 65536
1783134945.7253 c2s 65536
1783134945.7254 c2s 65536
1783134945.7255 c2s 65536
1783134945.7259 c2s 65536
1783134945.7260 c2s 65536
1783134945.7262 c2s 65536
1783134945.7263 c2s 65536
1783134945.7267 c2s 65536
1783134945.7268 c2s 65536
1783134945.7270 c2s 65536
1783134945.7271 c2s 65536
1783134945.7277 c2s 65536
1783134945.7278 c2s 65536
1783134945.7280 c2s 65536
1783134945.7281 c2s 65536
1783134945.7285 c2s 65536
1783134945.7286 c2s 65536
1783134945.7287 c2s 65536
1783134945.7288 c2s 65536
1783134945.7292 c2s 65536
1783134945.7293 c2s 65536
1783134945.7295 c2s 65536
1783134945.7295 c2s 65536
1783134945.7299 c2s 65536
1783134945.7300 c2s 65536
1783134945.7301 c2s 65536
1783134945.7302 c2s 65536
1783134945.7306 c2s 65536
1783134945.7307 c2s 65536
1783134945.7309 c2s 65536
1783134945.7309 c2s 65536
1783134945.7313 c2s 65536
1783134945.7314 c2s 65536
1783134945.7316 c2s 65536
1783134945.7317 c2s 65536
1783134945.7321 c2s 65536
1783134945.7322 c2s 65536
1783134945.7324 c2s 65536
1783134945.7324 c2s 65536
1783134945.7329 c2s 65536
1783134945.7329 c2s 65536
1783134945.7331 c2s 65536
1783134945.7332 c2s 65536
1783134945.7336 c2s 65536
1783134945.7336 c2s 65536
1783134945.7338 c2s 65536
1783134945.7339 c2s 65536
1783134945.7343 c2s 65536
1783134945.7343 c2s 65536
1783134945.7345 c2s 65536
1783134945.7346 c2s 65536
1783134945.7349 c2s 65536
1783134945.7350 c2s 65536
1783134945.7351 c2s 65536
1783134945.7352 c2s 65536
1783134945.7358 c2s 65536
1783134945.7359 c2s 65536
1783134945.7361 c2s 65536
1783134945.7362 c2s 65536
1783134945.7366 c2s 65536
1783134945.7367 c2s 65536
1783134945.7369 c2s 65536
1783134945.7370 c2s 65536
1783134945.7374 c2s 65536
1783134945.7375 c2s 65536
1783134945.7376 c2s 65536
1783134945.7377 c2s 65536
1783134945.7381 c2s 65536
1783134945.7381 c2s 65536
1783134945.7383 c2s 65536
1783134945.7384 c2s 65536
1783134945.7387 c2s 65536
1783134945.7388 c2s 65536
1783134945.7389 c2s 65536
1783134945.7390 c2s 65536
1783134945.7394 c2s 65536
1783134945.7395 c2s 65536
1783134945.7397 c2s 65536
1783134945.7397 c2s 65536
1783134945.7401 c2s 65536
1783134945.7402 c2s 65536
1783134945.7403 c2s 65536
1783134945.7404 c2s 65536
1783134945.7408 c2s 65536
1783134945.7409 c2s 65536
1783134945.7411 c2s 65536
1783134945.7412 c2s 65536
1783134945.7416 c2s 65536
1783134945.7417 c2s 65536
1783134945.7418 c2s 65536
1783134945.7419 c2s 65536
1783134945.7423 c2s 65536
1783134945.7423 c2s 65536
1783134945.7425 c2s 65536
1783134945.7426 c2s 65536
1783134945.7429 c2s 65536
1783134945.7430 c2s 65536
1783134945.7432 c2s 65536
1783134945.7432 c2s 65536
1783134945.7438 c2s 65536
1783134945.7439 c2s 65536
1783134945.7441 c2s 65536
1783134945.7442 c2s 65536
1783134945.7446 c2s 65536
1783134945.7447 c2s 65536
1783134945.7448 c2s 65536
1783134945.7449 c2s 65536
1783134945.7456 c2s 65536
1783134945.7456 c2s 65536
1783134945.7458 c2s 65536
1783134945.7459 c2s 65536
1783134945.7463 c2s 65536
1783134945.7464 c2s 65536
1783134945.7466 c2s 65536
1783134945.7467 c2s 65536
1783134945.7471 c2s 65536
1783134945.7472 c2s 65536
1783134945.7474 c2s 65536
1783134945.7474 c2s 65536
1783134945.7478 c2s 65536
1783134945.7479 c2s 65536
1783134945.7480 c2s 65536
1783134945.7481 c2s 65536
1783134945.7485 c2s 65536
1783134945.7486 c2s 65536
1783134945.7487 c2s 65536
1783134945.7488 c2s 65536
1783134945.7492 c2s 65536
1783134945.7492 c2s 65536
1783134945.7494 c2s 65536
1783134945.7495 c2s 65536
1783134945.7498 c2s 65536
1783134945.7499 c2s 65536
1783134945.7500 c2s 65536
1783134945.7501 c2s 65536
1783134945.7505 c2s 65536
1783134945.7506 c2s 65536
1783134945.7508 c2s 65536
1783134945.7508 c2s 65536
1783134945.7513 c2s 65536
1783134945.7513 c2s 65536
1783134945.7515 c2s 65536
1783134945.7516 c2s 65536
1783134945.7520 c2s 65536
1783134945.7521 c2s 65536
1783134945.7522 c2s 65536
1783134945.7523 c2s 65536
1783134945.7527 c2s 65536
1783134945.7528 c2s 65536
1783134945.7529 c2s 65536
1783134945.7530 c2s 65536
1783134945.7534 c2s 65536
1783134945.7534 c2s 65536
1783134945.7536 c2s 65536
1783134945.7536 c2s 65536
1783134945.7540 c2s 65536
1783134945.7541 c2s 65536
1783134945.7542 c2s 65536
1783134945.7543 c2s 65536
1783134945.7547 c2s 65536
1783134945.7547 c2s 65536
1783134945.7549 c2s 65536
1783134945.7549 c2s 65536
1783134945.7553 c2s 65536
1783134945.7555 c2s 65536
1783134945.7557 c2s 65536
1783134945.7557 c2s 65536
1783134945.7561 c2s 65536
1783134945.7562 c2s 65536
1783134945.7564 c2s 65536
1783134945.7564 c2s 65536
1783134945.7568 c2s 65536
1783134945.7569 c2s 65536
1783134945.7570 c2s 65536
1783134945.7571 c2s 65536
1783134945.7575 c2s 65536
1783134945.7578 c2s 65536
1783134945.7579 c2s 65536
1783134945.7580 c2s 65536
1783134945.7584 c2s 65536
1783134945.7585 c2s 65536
1783134945.7586 c2s 65536
1783134945.7587 c2s 65536
1783134945.7591 c2s 65536
1783134945.7591 c2s 65536
1783134945.7593 c2s 65536
1783134945.7594 c2s 65536
1783134945.7598 c2s 65536
1783134945.7599 c2s 65536
1783134945.7601 c2s 65536
1783134945.7602 c2s 65536
1783134945.7606 c2s 65536
1783134945.7606 c2s 65536
1783134945.7608 c2s 65536
1783134945.7609 c2s 65536
1783134945.7612 c2s 65536
1783134945.7613 c2s 65536
1783134945.7615 c2s 65536
1783134945.7615 c2s 65536
1783134945.7619 c2s 65536
1783134945.7620 c2s 65536
1783134945.7621 c2s 65536
1783134945.7622 c2s 65536
1783134945.7626 c2s 65536
1783134945.7626 c2s 65536
1783134945.7628 c2s 65536
1783134945.7629 c2s 65536
1783134945.7632 c2s 65536
1783134945.7633 c2s 65536
1783134945.7636 c2s 65536
1783134945.7637 c2s 65536
1783134945.7641 c2s 65536
1783134945.7642 c2s 65536
1783134945.7643 c2s 65536
1783134945.7644 c2s 65536
1783134945.7648 c2s 65536
1783134945.7648 c2s 65536
1783134945.7650 c2s 65536
1783134945.7651 c2s 65536
1783134945.7654 c2s 65536
1783134945.7655 c2s 65536
1783134945.7656 c2s 65536
1783134945.7657 c2s 65536
1783134945.7661 c2s 65536
1783134945.7662 c2s 65536
1783134945.7663 c2s 65536
1783134945.7664 c2s 65536
1783134945.7668 c2s 65536
1783134945.7668 c2s 65536
1783134945.7670 c2s 65536
1783134945.7670 c2s 65536
1783134945.7674 c2s 65536
1783134945.7676 c2s 65536
1783134945.7678 c2s 65536
1783134945.7679 c2s 65536
1783134945.7683 c2s 65536
1783134945.7684 c2s 65536
1783134945.7686 c2s 65536
1783134945.7686 c2s 65536
1783134945.7690 c2s 65536
1783134945.7691 c2s 65536
1783134945.7692 c2s 65536
1783134945.7693 c2s 65536
1783134945.7697 c2s 65536
1783134945.7698 c2s 65536
1783134945.7700 c2s 65536
1783134945.7701 c2s 65536
1783134945.7705 c2s 65536
1783134945.7706 c2s 65536
1783134945.7707 c2s 65536
1783134945.7708 c2s 65536
1783134945.7713 c2s 65536
1783134945.7713 c2s 65536
1783134945.7715 c2s 65536
1783134945.7716 c2s 65536
1783134945.7721 c2s 65536
1783134945.7723 c2s 65536
1783134945.7727 c2s 65536
1783134945.7728 c2s 65536
1783134945.7736 c2s 65536
1783134945.7737 c2s 65536
1783134945.7739 c2s 65536
1783134945.7741 c2s 65536
1783134945.7747 c2s 65536
1783134945.7748 c2s 65536
1783134945.7750 c2s 65536
1783134945.7750 c2s 65536
1783134945.7756 c2s 65536
1783134945.7757 c2s 65536
1783134945.7759 c2s 65536
1783134945.7759 c2s 65536
1783134945.7764 c2s 65536
1783134945.7764 c2s 65536
1783134945.7766 c2s 65536
1783134945.7766 c2s 65536
1783134945.7770 c2s 65536
1783134945.7771 c2s 65536
1783134945.7772 c2s 65536
1783134945.7773 c2s 65536
1783134945.7776 c2s 65536
1783134945.7778 c2s 65536
1783134945.7780 c2s 65536
1783134945.7781 c2s 65536
1783134945.7786 c2s 65536
1783134945.7787 c2s 65536
1783134945.7789 c2s 65536
1783134945.7790 c2s 65536
1783134945.7794 c2s 65536
1783134945.7796 c2s 65536
1783134945.7798 c2s 65536
1783134945.7799 c2s 65536
1783134945.7803 c2s 65536
1783134945.7804 c2s 65536
1783134945.7805 c2s 65536
1783134945.7806 c2s 65536
1783134945.7810 c2s 65536
1783134945.7810 c2s 65536
1783134945.7812 c2s 65536
1783134945.7812 c2s 65536
1783134945.7817 c2s 65536
1783134945.7817 c2s 65536
1783134945.7819 c2s 65536
1783134945.7820 c2s 65536
1783134945.7823 c2s 65536
1783134945.7824 c2s 65536
1783134945.7825 c2s 65536
1783134945.7826 c2s 65536
1783134945.7830 c2s 65536
1783134945.7831 c2s 65536
1783134945.7832 c2s 65536
1783134945.7833 c2s 65536
1783134945.7837 c2s 65536
1783134945.7838 c2s 65536
1783134945.7840 c2s 65536
1783134945.7841 c2s 65536
1783134945.7845 c2s 65536
1783134945.7845 c2s 65536
1783134945.7847 c2s 65536
1783134945.7848 c2s 65536
1783134945.7851 c2s 65536
1783134945.7852 c2s 65536
1783134945.7854 c2s 65536
1783134945.7854 c2s 65536
1783134945.7858 c2s 65536
1783134945.7859 c2s 65536
1783134945.7860 c2s 65536
1783134945.7861 c2s 65536
1783134945.7865 c2s 65536
1783134945.7866 c2s 65536
1783134945.7868 c2s 65536
1783134945.7868 c2s 65536
1783134945.7872 c2s 65536
1783134945.7873 c2s 65536
1783134945.7874 c2s 65536
1783134945.7875 c2s 65536
1783134945.7879 c2s 65536
1783134945.7880 c2s 65536
1783134945.7882 c2s 65536
1783134945.7883 c2s 65536
1783134945.7887 c2s 65536
1783134945.7888 c2s 65536
1783134945.7889 c2s 65536
1783134945.7890 c2s 65536
1783134945.7893 c2s 65536
1783134945.7894 c2s 65536
1783134945.7895 c2s 65536
1783134945.7896 c2s 65536
1783134945.7900 c2s 65536
1783134945.7901 c2s 65536
1783134945.7902 c2s 65536
1783134945.7903 c2s 65536
1783134945.7907 c2s 65536
1783134945.7907 c2s 65536
1783134945.7909 c2s 65536
1783134945.7910 c2s 65536
1783134945.7914 c2s 65536
1783134945.7916 c2s 65536
1783134945.7917 c2s 65536
1783134945.7918 c2s 65536
1783134945.7923 c2s 65536
1783134945.7924 c2s 65536
1783134945.7926 c2s 65536
1783134945.7927 c2s 65536
1783134945.7931 c2s 65536
1783134945.7931 c2s 65536
1783134945.7933 c2s 65536
1783134945.7934 c2s 65536
1783134945.7938 c2s 65536
1783134945.7939 c2s 65536
1783134945.7941 c2s 65536
1783134945.7941 c2s 65536
1783134945.7945 c2s 65536
1783134945.7946 c2s 65536
1783134945.7948 c2s 65536
1783134945.7948 c2s 65536
1783134945.7952 c2s 65536
1783134945.7953 c2s 65536
1783134945.7954 c2s 65536
1783134945.7955 c2s 65536
1783134945.7959 c2s 65536
1783134945.7960 c2s 65536
1783134945.7961 c2s 65536
1783134945.7962 c2s 65536
1783134945.7966 c2s 65536
1783134945.7966 c2s 65536
1783134945.7968 c2s 65536
1783134945.7968 c2s 65536
1783134945.7972 c2s 65536
1783134945.7973 c2s 65536
1783134945.7975 c2s 65536
1783134945.7975 c2s 65536
1783134945.7980 c2s 65536
1783134945.7982 c2s 65536
1783134945.7984 c2s 65536
1783134945.7985 c2s 65536
1783134945.7989 c2s 65536
1783134945.7990 c2s 65536
1783134945.7991 c2s 65536
1783134945.7992 c2s 65536
1783134945.7996 c2s 65536
1783134945.7997 c2s 65536
1783134945.7998 c2s 65536
1783134945.7999 c2s 65536
1783134945.8002 c2s 65536
1783134945.8003 c2s 65536
1783134945.8005 c2s 65536
1783134945.8005 c2s 65536
1783134945.8009 c2s 65536
1783134945.8010 c2s 65536
1783134945.8011 c2s 65536
1783134945.8012 c2s 65536
1783134945.8016 c2s 65536
1783134945.8017 c2s 65536
1783134945.8018 c2s 65536
1783134945.8019 c2s 65536
1783134945.8022 c2s 65536
1783134945.8023 c2s 65536
1783134945.8024 c2s 65536
1783134945.8025 c2s 65536
1783134945.8028 c2s 65536
1783134945.8029 c2s 65536
1783134945.8031 c2s 65536
1783134945.8031 c2s 65536
1783134945.8035 c2s 65536
1783134945.8036 c2s 65536
1783134945.8037 c2s 65536
1783134945.8038 c2s 65536
1783134945.8041 c2s 65536
1783134945.8042 c2s 65536
1783134945.8043 c2s 65536
1783134945.8044 c2s 65536
1783134945.8048 c2s 65536
1783134945.8048 c2s 65536
1783134945.8050 c2s 65536
1783134945.8050 c2s 65536
1783134945.8054 c2s 65536
1783134945.8055 c2s 65536
1783134945.8056 c2s 65536
1783134945.8057 c2s 65536
1783134945.8060 c2s 65536
1783134945.8061 c2s 65536
1783134945.8062 c2s 65536
1783134945.8063 c2s 65536
1783134945.8066 c2s 65536
1783134945.8067 c2s 65536
1783134945.8068 c2s 65536
1783134945.8069 c2s 65536
1783134945.8073 c2s 65536
1783134945.8074 c2s 65536
1783134945.8075 c2s 65536
1783134945.8076 c2s 65536
1783134945.8080 c2s 65536
1783134945.8080 c2s 65536
1783134945.8082 c2s 65536
1783134945.8082 c2s 65536
1783134945.8086 c2s 65536
1783134945.8087 c2s 65536
1783134945.8088 c2s 65536
1783134945.8089 c2s 65536
1783134945.8093 c2s 65536
1783134945.8093 c2s 65536
1783134945.8095 c2s 65536
1783134945.8095 c2s 65536
1783134945.8099 c2s 65536
1783134945.8100 c2s 65536
1783134945.8101 c2s 65536
1783134945.8102 c2s 65536
1783134945.8105 c2s 65536
1783134945.8106 c2s 65536
1783134945.8107 c2s 65536
1783134945.8108 c2s 65536
1783134945.8111 c2s 65536
1783134945.8112 c2s 65536
1783134945.8113 c2s 65536
1783134945.8114 c2s 65536
1783134945.8118 c2s 65536
1783134945.8119 c2s 65536
1783134945.8121 c2s 65536
1783134945.8121 c2s 65536
1783134945.8125 c2s 65536
1783134945.8125 c2s 65536
1783134945.8127 c2s 65536
1783134945.8127 c2s 65536
1783134945.8131 c2s 65536
1783134945.8132 c2s 65536
1783134945.8133 c2s 65536
1783134945.8134 c2s 65536
1783134945.8137 c2s 65536
1783134945.8138 c2s 65536
1783134945.8139 c2s 65536
1783134945.8140 c2s 65536
1783134945.8143 c2s 65536
1783134945.8144 c2s 65536
1783134945.8145 c2s 65536
1783134945.8146 c2s 65536
1783134945.8150 c2s 65536
1783134945.8150 c2s 65536
1783134945.8152 c2s 65536
1783134945.8152 c2s 65536
1783134945.8154 c2s 65536
1783134945.8155 c2s 48230
1783134945.8566 c2s 321
1783134945.8567 s2c 9
1783134945.8690 c2s 65536
1783134945.8695 c2s 65536
1783134945.8698 c2s 65536
1783134945.8699 c2s 65536
1783134945.8708 c2s 65536
1783134945.8710 c2s 65536
1783134945.8714 c2s 65536
1783134945.8716 c2s 65536
1783134945.8725 c2s 65536
1783134945.8728 c2s 65536
1783134945.8731 c2s 65536
1783134945.8733 c2s 65536
1783134945.8740 c2s 65536
1783134945.8742 c2s 65536
1783134945.8745 c2s 65536
1783134945.8747 c2s 65536
1783134945.8755 c2s 65536
1783134945.8757 c2s 65536
1783134945.8760 c2s 65536
1783134945.8762 c2s 65536
1783134945.8769 c2s 65536
1783134945.8770 c2s 65536
1783134945.8772 c2s 65536
1783134945.8772 c2s 65536
1783134945.8776 c2s 65536
1783134945.8777 c2s 65536
1783134945.8779 c2s 65536
1783134945.8779 c2s 65536
1783134945.8783 c2s 65536
1783134945.8784 c2s 65536
1783134945.8786 c2s 65536
1783134945.8786 c2s 65536
1783134945.8790 c2s 65536
1783134945.8791 c2s 65536
1783134945.8792 c2s 65536
1783134945.8793 c2s 65536
1783134945.8797 c2s 65536
1783134945.8798 c2s 65536
1783134945.8800 c2s 65536
1783134945.8801 c2s 65536
1783134945.8805 c2s 65536
1783134945.8806 c2s 65536
1783134945.8808 c2s 65536
1783134945.8808 c2s 65536
1783134945.8812 c2s 65536
1783134945.8813 c2s 65536
1783134945.8814 c2s 65536
1783134945.8815 c2s 65536
1783134945.8819 c2s 65536
1783134945.8820 c2s 65536
1783134945.8821 c2s 65536
1783134945.8822 c2s 65536
1783134945.8826 c2s 65536
1783134945.8826 c2s 65536
1783134945.8828 c2s 65536
1783134945.8829 c2s 65536
1783134945.8832 c2s 65536
1783134945.8833 c2s 65536
1783134945.8835 c2s 65536
1783134945.8836 c2s 65536
1783134945.8840 c2s 65536
1783134945.8841 c2s 65536
1783134945.8843 c2s 65536
1783134945.8843 c2s 65536
1783134945.8847 c2s 65536
1783134945.8848 c2s 65536
1783134945.8850 c2s 65536
1783134945.8850 c2s 65536
1783134945.8854 c2s 65536
1783134945.8855 c2s 65536
1783134945.8856 c2s 65536
1783134945.8857 c2s 65536
1783134945.8861 c2s 65536
1783134945.8862 c2s 65536
1783134945.8863 c2s 65536
1783134945.8864 c2s 65536
1783134945.8867 c2s 65536
1783134945.8868 c2s 65536
1783134945.8870 c2s 65536
1783134945.8870 c2s 65536
1783134945.8874 c2s 65536
1783134945.8875 c2s 65536
1783134945.8877 c2s 65536
1783134945.8877 c2s 65536
1783134945.8881 c2s 65536
1783134945.8882 c2s 65536
1783134945.8884 c2s 65536
1783134945.8885 c2s 65536
1783134945.8889 c2s 65536
1783134945.8890 c2s 65536
1783134945.8891 c2s 65536
1783134945.8892 c2s 65536
1783134945.8896 c2s 65536
1783134945.8897 c2s 65536
1783134945.8898 c2s 65536
1783134945.8899 c2s 65536
1783134945.8902 c2s 65536
1783134945.8903 c2s 65536
1783134945.8905 c2s 65536
1783134945.8905 c2s 65536
1783134945.8909 c2s 65536
1783134945.8910 c2s 65536
1783134945.8911 c2s 65536
1783134945.8912 c2s 65536
1783134945.8916 c2s 65536
1783134945.8917 c2s 65536
1783134945.8919 c2s 65536
1783134945.8920 c2s 65536
1783134945.8924 c2s 65536
1783134945.8925 c2s 65536
1783134945.8926 c2s 65536
1783134945.8927 c2s 65536
1783134945.8931 c2s 65536
1783134945.8932 c2s 65536
1783134945.8933 c2s 65536
1783134945.8934 c2s 65536
1783134945.8937 c2s 65536
1783134945.8938 c2s 65536
1783134945.8940 c2s 65536
1783134945.8940 c2s 65536
1783134945.8944 c2s 65536
1783134945.8945 c2s 65536
1783134945.8946 c2s 65536
1783134945.8947 c2s 65536
1783134945.8951 c2s 65536
1783134945.8952 c2s 65536
1783134945.8953 c2s 65536
1783134945.8954 c2s 65536
1783134945.8958 c2s 65536
1783134945.8959 c2s 65536
1783134945.8960 c2s 65536
1783134945.8961 c2s 65536
1783134945.8965 c2s 65536
1783134945.8966 c2s 65536
1783134945.8968 c2s 65536
1783134945.8968 c2s 65536
1783134945.8972 c2s 65536
1783134945.8973 c2s 65536
1783134945.8975 c2s 65536
1783134945.8975 c2s 65536
1783134945.8979 c2s 65536
1783134945.8980 c2s 65536
1783134945.8982 c2s 65536
1783134945.8982 c2s 65536
1783134945.8986 c2s 65536
1783134945.8987 c2s 65536
1783134945.8988 c2s 65536
1783134945.8989 c2s 65536
1783134945.8993 c2s 65536
1783134945.8994 c2s 65536
1783134945.8995 c2s 65536
1783134945.8996 c2s 65536
1783134945.9000 c2s 65536
1783134945.9000 c2s 65536
1783134945.9002 c2s 65536
1783134945.9003 c2s 65536
1783134945.9007 c2s 65536
1783134945.9008 c2s 65536
1783134945.9009 c2s 65536
1783134945.9010 c2s 65536
1783134945.9014 c2s 65536
1783134945.9015 c2s 65536
1783134945.9016 c2s 65536
1783134945.9017 c2s 65536
1783134945.9021 c2s 65536
1783134945.9022 c2s 65536
1783134945.9023 c2s 65536
1783134945.9024 c2s 65536
1783134945.9028 c2s 65536
1783134945.9028 c2s 65536
1783134945.9030 c2s 65536
1783134945.9030 c2s 65536
1783134945.9034 c2s 65536
1783134945.9035 c2s 65536
1783134945.9037 c2s 65536
1783134945.9038 c2s 65536
1783134945.9041 c2s 65536
1783134945.9042 c2s 65536
1783134945.9044 c2s 65536
1783134945.9045 c2s 65536
1783134945.9049 c2s 65536
1783134945.9050 c2s 65536
1783134945.9051 c2s 65536
1783134945.9052 c2s 65536
1783134945.9056 c2s 65536
1783134945.9056 c2s 65536
1783134945.9058 c2s 65536
1783134945.9059 c2s 65536
1783134945.9062 c2s 65536
1783134945.9063 c2s 65536
1783134945.9065 c2s 65536
1783134945.9065 c2s 65536
1783134945.9069 c2s 65536
1783134945.9070 c2s 65536
1783134945.9071 c2s 65536
1783134945.9072 c2s 65536
1783134945.9076 c2s 65536
1783134945.9077 c2s 65536
1783134945.9078 c2s 65536
1783134945.9079 c2s 65536
1783134945.9083 c2s 65536
1783134945.9084 c2s 65536
1783134945.9086 c2s 65536
1783134945.9086 c2s 65536
1783134945.9090 c2s 65536
1783134945.9091 c2s 65536
1783134945.9093 c2s 65536
1783134945.9093 c2s 65536
1783134945.9097 c2s 65536
1783134945.9098 c2s 65536
1783134945.9099 c2s 65536
1783134945.9100 c2s 65536
1783134945.9104 c2s 65536
1783134945.9105 c2s 65536
1783134945.9106 c2s 65536
1783134945.9107 c2s 65536
1783134945.9110 c2s 65536
1783134945.9111 c2s 65536
1783134945.9113 c2s 65536
1783134945.9113 c2s 65536
1783134945.9117 c2s 65536
1783134945.9118 c2s 65536
1783134945.9119 c2s 65536
1783134945.9120 c2s 65536
1783134945.9124 c2s 65536
1783134945.9125 c2s 65536
1783134945.9126 c2s 65536
1783134945.9127 c2s 65536
1783134945.9130 c2s 65536
1783134945.9132 c2s 65536
1783134945.9133 c2s 65536
1783134945.9134 c2s 65536
1783134945.9138 c2s 65536
1783134945.9139 c2s 65536
1783134945.9141 c2s 65536
1783134945.9141 c2s 65536
1783134945.9145 c2s 65536
1783134945.9146 c2s 65536
1783134945.9147 c2s 65536
1783134945.9148 c2s 65536
1783134945.9152 c2s 65536
1783134945.9153 c2s 65536
1783134945.9155 c2s 65536
1783134945.9155 c2s 65536
1783134945.9159 c2s 65536
1783134945.9160 c2s 65536
1783134945.9162 c2s 65536
1783134945.9162 c2s 65536
1783134945.9166 c2s 65536
1783134945.9167 c2s 65536
1783134945.9168 c2s 65536
1783134945.9169 c2s 65536
1783134945.9173 c2s 65536
1783134945.9174 c2s 65536
1783134945.9176 c2s 65536
1783134945.9176 c2s 65536
1783134945.9180 c2s 65536
1783134945.9181 c2s 65536
1783134945.9183 c2s 65536
1783134945.9183 c2s 65536
1783134945.9187 c2s 65536
1783134945.9188 c2s 65536
1783134945.9190 c2s 65536
1783134945.9190 c2s 65536
1783134945.9194 c2s 65536
1783134945.9195 c2s 65536
1783134945.9197 c2s 65536
1783134945.9197 c2s 65536
1783134945.9201 c2s 65536
1783134945.9202 c2s 65536
1783134945.9204 c2s 65536
1783134945.9204 c2s 65536
1783134945.9208 c2s 65536
1783134945.9209 c2s 65536
1783134945.9210 c2s 65536
1783134945.9211 c2s 65536
1783134945.9215 c2s 65536
1783134945.9216 c2s 65536
1783134945.9218 c2s 65536
1783134945.9219 c2s 65536
1783134945.9223 c2s 65536
1783134945.9224 c2s 65536
1783134945.9225 c2s 65536
1783134945.9226 c2s 65536
1783134945.9230 c2s 65536
1783134945.9230 c2s 65536
1783134945.9232 c2s 65536
1783134945.9233 c2s 65536
1783134945.9237 c2s 65536
1783134945.9237 c2s 65536
1783134945.9239 c2s 65536
1783134945.9240 c2s 65536
1783134945.9243 c2s 65536
1783134945.9244 c2s 65536
1783134945.9246 c2s 65536
1783134945.9246 c2s 65536
1783134945.9250 c2s 65536
1783134945.9251 c2s 65536
1783134945.9252 c2s 65536
1783134945.9253 c2s 65536
1783134945.9257 c2s 65536
1783134945.9258 c2s 65536
1783134945.9259 c2s 65536
1783134945.9260 c2s 65536
1783134945.9264 c2s 65536
1783134945.9265 c2s 65536
1783134945.9267 c2s 65536
1783134945.9267 c2s 65536
1783134945.9271 c2s 65536
1783134945.9272 c2s 65536
1783134945.9273 c2s 65536
1783134945.9274 c2s 65536
1783134945.9278 c2s 65536
1783134945.9279 c2s 65536
1783134945.9280 c2s 65536
1783134945.9281 c2s 65536
1783134945.9285 c2s 65536
1783134945.9285 c2s 65536
1783134945.9287 c2s 65536
1783134945.9288 c2s 65536
1783134945.9291 c2s 65536
1783134945.9292 c2s 65536
1783134945.9294 c2s 65536
1783134945.9294 c2s 65536
1783134945.9298 c2s 65536
1783134945.9299 c2s 65536
1783134945.9301 c2s 65536
1783134945.9302 c2s 65536
1783134945.9306 c2s 65536
1783134945.9306 c2s 65536
1783134945.9308 c2s 65536
1783134945.9309 c2s 65536
1783134945.9312 c2s 65536
1783134945.9313 c2s 65536
1783134945.9315 c2s 65536
1783134945.9316 c2s 65536
1783134945.9319 c2s 65536
1783134945.9320 c2s 65536
1783134945.9322 c2s 65536
1783134945.9322 c2s 65536
1783134945.9326 c2s 65536
1783134945.9327 c2s 65536
1783134945.9328 c2s 65536
1783134945.9329 c2s 65536
1783134945.9333 c2s 65536
1783134945.9333 c2s 65536
1783134945.9335 c2s 65536
1783134945.9336 c2s 65536
1783134945.9340 c2s 65536
1783134945.9341 c2s 65536
1783134945.9343 c2s 65536
1783134945.9343 c2s 65536
1783134945.9347 c2s 65536
1783134945.9348 c2s 65536
1783134945.9349 c2s 65536
1783134945.9350 c2s 65536
1783134945.9354 c2s 65536
1783134945.9355 c2s 65536
1783134945.9356 c2s 65536
1783134945.9357 c2s 65536
1783134945.9361 c2s 65536
1783134945.9362 c2s 65536
1783134945.9363 c2s 65536
1783134945.9364 c2s 65536
1783134945.9367 c2s 65536
1783134945.9368 c2s 65536
1783134945.9370 c2s 65536
1783134945.9370 c2s 65536
1783134945.9374 c2s 65536
1783134945.9375 c2s 65536
1783134945.9376 c2s 65536
1783134945.9377 c2s 65536
1783134945.9381 c2s 65536
1783134945.9382 c2s 65536
1783134945.9384 c2s 65536
1783134945.9385 c2s 65536
1783134945.9389 c2s 65536
1783134945.9390 c2s 65536
1783134945.9391 c2s 65536
1783134945.9392 c2s 65536
1783134945.9396 c2s 65536
1783134945.9397 c2s 65536
1783134945.9398 c2s 65536
1783134945.9399 c2s 65536
1783134945.9403 c2s 65536
1783134945.9403 c2s 65536
1783134945.9405 c2s 65536
1783134945.9405 c2s 65536
1783134945.9409 c2s 65536
1783134945.9410 c2s 65536
1783134945.9411 c2s 65536
1783134945.9412 c2s 65536
1783134945.9415 c2s 65536
1783134945.9416 c2s 65536
1783134945.9418 c2s 65536
1783134945.9418 c2s 65536
1783134945.9422 c2s 65536
1783134945.9423 c2s 65536
1783134945.9425 c2s 65536
1783134945.9426 c2s 65536
1783134945.9430 c2s 65536
1783134945.9431 c2s 65536
1783134945.9432 c2s 65536
1783134945.9433 c2s 65536
1783134945.9437 c2s 65536
1783134945.9438 c2s 65536
1783134945.9439 c2s 65536
1783134945.9440 c2s 65536
1783134945.9443 c2s 65536
1783134945.9444 c2s 65536
1783134945.9446 c2s 65536
1783134945.9446 c2s 65536
1783134945.9450 c2s 65536
1783134945.9451 c2s 65536
1783134945.9452 c2s 65536
1783134945.9453 c2s 65536
1783134945.9457 c2s 65536
1783134945.9458 c2s 65536
1783134945.9459 c2s 65536
1783134945.9460 c2s 65536
1783134945.9464 c2s 65536
1783134945.9465 c2s 65536
1783134945.9467 c2s 65536
1783134945.9467 c2s 65536
1783134945.9471 c2s 65536
1783134945.9472 c2s 65536
1783134945.9474 c2s 65536
1783134945.9475 c2s 65536
1783134945.9479 c2s 65536
1783134945.9480 c2s 65536
1783134945.9481 c2s 65536
1783134945.9482 c2s 65536
1783134945.9485 c2s 65536
1783134945.9486 c2s 65536
1783134945.9488 c2s 65536
1783134945.9488 c2s 65536
1783134945.9492 c2s 65536
1783134945.9493 c2s 65536
1783134945.9494 c2s 65536
1783134945.9495 c2s 65536
1783134945.9499 c2s 65536
1783134945.9499 c2s 65536
1783134945.9501 c2s 65536
1783134945.9501 c2s 65536
1783134945.9505 c2s 65536
1783134945.9506 c2s 65536
1783134945.9508 c2s 65536
1783134945.9509 c2s 65536
1783134945.9513 c2s 65536
1783134945.9513 c2s 65536
1783134945.9515 c2s 65536
1783134945.9516 c2s 65536
1783134945.9520 c2s 65536
1783134945.9521 c2s 65536
1783134945.9522 c2s 65536
1783134945.9523 c2s 65536
1783134945.9526 c2s 65536
1783134945.9527 c2s 65536
1783134945.9529 c2s 65536
1783134945.9529 c2s 65536
1783134945.9533 c2s 65536
1783134945.9533 c2s 65536
1783134945.9535 c2s 65536
1783134945.9535 c2s 65536
1783134945.9539 c2s 65536
1783134945.9540 c2s 65536
1783134945.9541 c2s 65536
1783134945.9542 c2s 65536
1783134945.9546 c2s 65536
1783134945.9547 c2s 65536
1783134945.9548 c2s 65536
1783134945.9549 c2s 65536
1783134945.9552 c2s 65536
1783134945.9553 c2s 65536
1783134945.9555 c2s 65536
1783134945.9556 c2s 65536
1783134945.9559 c2s 65536
1783134945.9560 c2s 65536
1783134945.9561 c2s 65536
1783134945.9562 c2s 65536
1783134945.9566 c2s 65536
1783134945.9567 c2s 65536
1783134945.9568 c2s 65536
1783134945.9569 c2s 65536
1783134945.9572 c2s 65536
1783134945.9573 c2s 65536
1783134945.9575 c2s 65536
1783134945.9575 c2s 65536
1783134945.9579 c2s 65536
1783134945.9580 c2s 65536
1783134945.9581 c2s 65536
1783134945.9582 c2s 65536
1783134945.9585 c2s 65536
1783134945.9586 c2s 65536
1783134945.9588 c2s 65536
1783134945.9588 c2s 65536
1783134945.9592 c2s 65536
1783134945.9592 c2s 65536
1783134945.9594 c2s 65536
1783134945.9595 c2s 65536
1783134945.9598 c2s 65536
1783134945.9599 c2s 65536
1783134945.9600 c2s 65536
1783134945.9601 c2s 65536
1783134945.9604 c2s 65536
1783134945.9605 c2s 65536
1783134945.9607 c2s 65536
1783134945.9607 c2s 65536
1783134945.9611 c2s 65536
1783134945.9611 c2s 65536
1783134945.9613 c2s 65536
1783134945.9614 c2s 65536
1783134945.9617 c2s 65536
1783134945.9618 c2s 65536
1783134945.9619 c2s 65536
1783134945.9620 c2s 65536
1783134945.9623 c2s 65536
1783134945.9624 c2s 65536
1783134945.9626 c2s 65536
1783134945.9626 c2s 65536
1783134945.9630 c2s 65536
1783134945.9631 c2s 65536
1783134945.9632 c2s 65536
1783134945.9633 c2s 65536
1783134945.9636 c2s 65536
1783134945.9637 c2s 65536
1783134945.9639 c2s 65536
1783134945.9639 c2s 65536
1783134945.9643 c2s 65536
1783134945.9643 c2s 65536
1783134945.9645 c2s 65536
1783134945.9646 c2s 65536
1783134945.9649 c2s 65536
1783134945.9650 c2s 65536
1783134945.9651 c2s 65536
1783134945.9652 c2s 65536
1783134945.9655 c2s 65536
1783134945.9656 c2s 65536
1783134945.9657 c2s 65536
1783134945.9658 c2s 65536
1783134945.9661 c2s 65536
1783134945.9662 c2s 65536
1783134945.9663 c2s 65536
1783134945.9664 c2s 65536
1783134945.9667 c2s 65536
1783134945.9668 c2s 65536
1783134945.9669 c2s 65536
1783134945.9670 c2s 65536
1783134945.9674 c2s 65536
1783134945.9674 c2s 65536
1783134945.9676 c2s 65536
1783134945.9677 c2s 65536
1783134945.9680 c2s 65536
1783134945.9681 c2s 65536
1783134945.9682 c2s 65536
1783134945.9683 c2s 65536
1783134945.9686 c2s 65536
1783134945.9687 c2s 65536
1783134945.9688 c2s 65536
1783134945.9689 c2s 65536
1783134945.9692 c2s 65536
1783134945.9696 c2s 65536
1783134945.9697 c2s 65536
1783134945.9698 c2s 65536
1783134945.9701 c2s 65536
1783134945.9702 c2s 65536
1783134945.9704 c2s 65536
1783134945.9704 c2s 65536
1783134945.9708 c2s 65536
1783134945.9709 c2s 65536
1783134945.9710 c2s 65536
1783134945.9711 c2s 65536
1783134945.9715 c2s 65536
1783134945.9716 c2s 65536
1783134945.9717 c2s 65536
1783134945.9718 c2s 65536
1783134945.9721 c2s 65536
1783134945.9722 c2s 65536
1783134945.9724 c2s 65536
1783134945.9724 c2s 65536
1783134945.9727 c2s 65536
1783134945.9728 c2s 65536
1783134945.9729 c2s 49465
1783134946.0627 c2s 321
1783134946.0631 s2c 9
1783134946.0834 c2s 65536
1783134946.0840 c2s 65536
1783134946.0842 c2s 65386
1783134946.0848 c2s 65536
1783134946.0849 c2s 65536
1783134946.0853 c2s 65536
1783134946.0854 c2s 65536
1783134946.0863 c2s 65536
1783134946.0865 c2s 65536
1783134946.0868 c2s 65536
1783134946.0869 c2s 65536
1783134946.0876 c2s 65536
1783134946.0877 c2s 65536
1783134946.0879 c2s 65536
1783134946.0880 c2s 65536
1783134946.0886 c2s 65536
1783134946.0888 c2s 65536
1783134946.0890 c2s 65536
1783134946.0891 c2s 65536
1783134946.0897 c2s 65536
1783134946.0898 c2s 65536
1783134946.0900 c2s 65536
1783134946.0901 c2s 65536
1783134946.0906 c2s 65536
1783134946.0907 c2s 65536
1783134946.0908 c2s 65536
1783134946.0909 c2s 65536
1783134946.0914 c2s 65536
1783134946.0915 c2s 65536
1783134946.0917 c2s 65536
1783134946.0917 c2s 65536
1783134946.0922 c2s 65536
1783134946.0923 c2s 65536
1783134946.0924 c2s 65536
1783134946.0925 c2s 65536
1783134946.0930 c2s 65536
1783134946.0931 c2s 65536
1783134946.0933 c2s 65536
1783134946.0934 c2s 65536
1783134946.0940 c2s 65536
1783134946.0941 c2s 65536
1783134946.0943 c2s 65536
1783134946.0943 c2s 65536
1783134946.0948 c2s 65536
1783134946.0949 c2s 65536
1783134946.0951 c2s 65536
1783134946.0951 c2s 65536
1783134946.0957 c2s 65536
1783134946.0957 c2s 65536
1783134946.0959 c2s 65536
1783134946.0960 c2s 65536
1783134946.0965 c2s 65536
1783134946.0965 c2s 65536
1783134946.0967 c2s 65536
1783134946.0968 c2s 65536
1783134946.0972 c2s 65536
1783134946.0973 c2s 65536
1783134946.0976 c2s 65536
1783134946.0997 c2s 65536
1783134946.0998 c2s 65536
1783134946.1000 c2s 65536
1783134946.1002 c2s 65536
1783134946.1003 c2s 65536
1783134946.1007 c2s 65536
1783134946.1009 c2s 65536
1783134946.1011 c2s 65536
1783134946.1012 c2s 65536
1783134946.1015 c2s 65536
1783134946.1016 c2s 65536
1783134946.1017 c2s 65536
1783134946.1018 c2s 65536
1783134946.1021 c2s 65536
1783134946.1023 c2s 65536
1783134946.1024 c2s 65536
1783134946.1025 c2s 65536
1783134946.1028 c2s 65536
1783134946.1029 c2s 65536
1783134946.1030 c2s 65536
1783134946.1031 c2s 65536
1783134946.1034 c2s 65536
1783134946.1035 c2s 65536
1783134946.1037 c2s 65536
1783134946.1038 c2s 65536
1783134946.1041 c2s 65536
1783134946.1042 c2s 65536
1783134946.1043 c2s 65536
1783134946.1044 c2s 65536
1783134946.1048 c2s 65536
1783134946.1049 c2s 65536
1783134946.1050 c2s 65536
1783134946.1051 c2s 65536
1783134946.1055 c2s 65536
1783134946.1056 c2s 65536
1783134946.1057 c2s 65536
1783134946.1058 c2s 65536
1783134946.1061 c2s 65536
1783134946.1062 c2s 65536
1783134946.1063 c2s 65536
1783134946.1064 c2s 65536
1783134946.1067 c2s 65536
1783134946.1068 c2s 65536
1783134946.1069 c2s 65536
1783134946.1070 c2s 65536
1783134946.1073 c2s 65536
1783134946.1074 c2s 65536
1783134946.1076 c2s 65536
1783134946.1077 c2s 65536
1783134946.1080 c2s 65536
1783134946.1082 c2s 65536
1783134946.1083 c2s 65536
1783134946.1084 c2s 65536
1783134946.1087 c2s 65536
1783134946.1088 c2s 65536
1783134946.1089 c2s 65536
1783134946.1090 c2s 65536
1783134946.1093 c2s 65536
1783134946.1094 c2s 65536
1783134946.1095 c2s 65536
1783134946.1096 c2s 65536
1783134946.1100 c2s 65536
1783134946.1101 c2s 65536
1783134946.1102 c2s 65536
1783134946.1103 c2s 65536
1783134946.1106 c2s 65536
1783134946.1107 c2s 65536
1783134946.1108 c2s 65536
1783134946.1109 c2s 65536
1783134946.1112 c2s 65536
1783134946.1113 c2s 65536
1783134946.1114 c2s 65536
1783134946.1115 c2s 65536
1783134946.1119 c2s 65536
1783134946.1120 c2s 65536
1783134946.1121 c2s 65536
1783134946.1122 c2s 65536
1783134946.1126 c2s 65536
1783134946.1127 c2s 65536
1783134946.1128 c2s 65536
1783134946.1129 c2s 65536
1783134946.1132 c2s 65536
1783134946.1133 c2s 65536
1783134946.1134 c2s 65536
1783134946.1135 c2s 65536
1783134946.1138 c2s 65536
1783134946.1139 c2s 65536
1783134946.1141 c2s 65536
1783134946.1142 c2s 65536
1783134946.1145 c2s 65536
1783134946.1146 c2s 65536
1783134946.1147 c2s 65536
1783134946.1148 c2s 65536
1783134946.1151 c2s 65536
1783134946.1152 c2s 65536
1783134946.1153 c2s 65536
1783134946.1154 c2s 65536
1783134946.1157 c2s 65536
1783134946.1159 c2s 65536
1783134946.1160 c2s 65536
1783134946.1161 c2s 65536
1783134946.1164 c2s 65536
1783134946.1166 c2s 65536
1783134946.1167 c2s 65536
1783134946.1168 c2s 65536
1783134946.1172 c2s 65536
1783134946.1173 c2s 65536
1783134946.1174 c2s 65536
1783134946.1175 c2s 65536
1783134946.1178 c2s 65536
1783134946.1179 c2s 65536
1783134946.1181 c2s 65536
1783134946.1182 c2s 65536
1783134946.1185 c2s 65536
1783134946.1186 c2s 65536
1783134946.1187 c2s 65536
1783134946.1188 c2s 65536
1783134946.1191 c2s 65536
1783134946.1192 c2s 65536
1783134946.1193 c2s 65536
1783134946.1194 c2s 65536
1783134946.1198 c2s 65536
1783134946.1199 c2s 65536
1783134946.1200 c2s 65536
1783134946.1201 c2s 65536
1783134946.1204 c2s 65536
1783134946.1205 c2s 65536
1783134946.1207 c2s 65536
1783134946.1208 c2s 65536
1783134946.1211 c2s 65536
1783134946.1213 c2s 65536
1783134946.1214 c2s 65536
1783134946.1215 c2s 65536
1783134946.1218 c2s 65536
1783134946.1219 c2s 65536
1783134946.1220 c2s 65536
1783134946.1221 c2s 65536
1783134946.1224 c2s 65536
1783134946.1226 c2s 65536
1783134946.1227 c2s 65536
1783134946.1228 c2s 65536
1783134946.1231 c2s 65536
1783134946.1232 c2s 65536
1783134946.1233 c2s 65536
1783134946.1234 c2s 65536
1783134946.1238 c2s 65536
1783134946.1239 c2s 65536
1783134946.1240 c2s 65536
1783134946.1241 c2s 65536
1783134946.1244 c2s 65536
1783134946.1246 c2s 65536
1783134946.1247 c2s 65536
1783134946.1248 c2s 65536
1783134946.1252 c2s 65536
1783134946.1253 c2s 65536
1783134946.1254 c2s 65536
1783134946.1255 c2s 65536
1783134946.1258 c2s 65536
1783134946.1259 c2s 65536
1783134946.1260 c2s 65536
1783134946.1261 c2s 65536
1783134946.1264 c2s 65536
1783134946.1265 c2s 65536
1783134946.1266 c2s 65536
1783134946.1267 c2s 65536
1783134946.1271 c2s 65536
1783134946.1272 c2s 65536
1783134946.1273 c2s 65536
1783134946.1274 c2s 65536
1783134946.1277 c2s 65536
1783134946.1278 c2s 65536
1783134946.1279 c2s 65536
1783134946.1280 c2s 65536
1783134946.1283 c2s 65536
1783134946.1285 c2s 65536
1783134946.1286 c2s 65536
1783134946.1287 c2s 65536
1783134946.1291 c2s 65536
1783134946.1292 c2s 65536
1783134946.1293 c2s 65536
1783134946.1294 c2s 65536
1783134946.1297 c2s 65536
1783134946.1298 c2s 65536
1783134946.1299 c2s 65536
1783134946.1300 c2s 65536
1783134946.1304 c2s 65536
1783134946.1305 c2s 65536
1783134946.1306 c2s 65536
1783134946.1307 c2s 65536
1783134946.1310 c2s 65536
1783134946.1311 c2s 65536
1783134946.1312 c2s 65536
1783134946.1313 c2s 65536
1783134946.1317 c2s 65536
1783134946.1318 c2s 65536
1783134946.1319 c2s 65536
1783134946.1320 c2s 65536
1783134946.1323 c2s 65536
1783134946.1324 c2s 65536
1783134946.1326 c2s 65536
1783134946.1327 c2s 65536
1783134946.1331 c2s 65536
1783134946.1332 c2s 65536
1783134946.1334 c2s 65536
1783134946.1334 c2s 65536
1783134946.1338 c2s 65536
1783134946.1339 c2s 65536
1783134946.1340 c2s 65536
1783134946.1341 c2s 65536
1783134946.1344 c2s 65536
1783134946.1345 c2s 65536
1783134946.1346 c2s 65536
1783134946.1347 c2s 65536
1783134946.1350 c2s 65536
1783134946.1351 c2s 65536
1783134946.1352 c2s 65536
1783134946.1353 c2s 65536
1783134946.1357 c2s 65536
1783134946.1358 c2s 65536
1783134946.1359 c2s 65536
1783134946.1360 c2s 65536
1783134946.1363 c2s 65536
1783134946.1364 c2s 65536
1783134946.1366 c2s 65536
1783134946.1367 c2s 65536
1783134946.1370 c2s 65536
1783134946.1371 c2s 65536
1783134946.1373 c2s 65536
1783134946.1374 c2s 65536
1783134946.1377 c2s 65536
1783134946.1378 c2s 65536
1783134946.1379 c2s 65536
1783134946.1380 c2s 65536
1783134946.1383 c2s 65536
1783134946.1384 c2s 65536
1783134946.1385 c2s 65536
1783134946.1386 c2s 65536
1783134946.1389 c2s 65536
1783134946.1390 c2s 65536
1783134946.1392 c2s 65536
1783134946.1393 c2s 65536
1783134946.1396 c2s 65536
1783134946.1397 c2s 65536
1783134946.1398 c2s 65536
1783134946.1399 c2s 65536
1783134946.1403 c2s 65536
1783134946.1404 c2s 65536
1783134946.1405 c2s 65536
1783134946.1406 c2s 65536
1783134946.1410 c2s 65536
1783134946.1411 c2s 65536
1783134946.1412 c2s 65536
1783134946.1413 c2s 65536
1783134946.1417 c2s 65536
1783134946.1418 c2s 65536
1783134946.1419 c2s 65536
1783134946.1420 c2s 65536
1783134946.1423 c2s 65536
1783134946.1424 c2s 65536
1783134946.1426 c2s 65536
1783134946.1426 c2s 65536
1783134946.1430 c2s 65536
1783134946.1431 c2s 65536
1783134946.1432 c2s 65536
1783134946.1433 c2s 65536
1783134946.1436 c2s 65536
1783134946.1437 c2s 65536
1783134946.1439 c2s 65536
1783134946.1440 c2s 65536
1783134946.1443 c2s 65536
1783134946.1444 c2s 65536
1783134946.1446 c2s 65536
1783134946.1446 c2s 65536
1783134946.1450 c2s 65536
1783134946.1451 c2s 65536
1783134946.1452 c2s 65536
1783134946.1453 c2s 65536
1783134946.1456 c2s 65536
1783134946.1457 c2s 65536
1783134946.1458 c2s 65536
1783134946.1459 c2s 65536
1783134946.1462 c2s 65536
1783134946.1463 c2s 65536
1783134946.1464 c2s 65536
1783134946.1465 c2s 65536
1783134946.1468 c2s 65536
1783134946.1469 c2s 65536
1783134946.1470 c2s 65536
1783134946.1471 c2s 65536
1783134946.1475 c2s 65536
1783134946.1476 c2s 65536
1783134946.1478 c2s 65536
1783134946.1479 c2s 65536
1783134946.1482 c2s 65536
1783134946.1483 c2s 65536
1783134946.1485 c2s 65536
1783134946.1485 c2s 65536
1783134946.1489 c2s 65536
1783134946.1490 c2s 65536
1783134946.1491 c2s 65536
1783134946.1492 c2s 65536
1783134946.1495 c2s 65536
1783134946.1496 c2s 65536
1783134946.1497 c2s 65536
1783134946.1498 c2s 65536
1783134946.1501 c2s 65536
1783134946.1502 c2s 65536
1783134946.1503 c2s 65536
1783134946.1504 c2s 65536
1783134946.1508 c2s 65536
1783134946.1509 c2s 65536
1783134946.1511 c2s 65536
1783134946.1512 c2s 65536
1783134946.1515 c2s 65536
1783134946.1516 c2s 65536
1783134946.1518 c2s 65536
1783134946.1519 c2s 65536
1783134946.1522 c2s 65536
1783134946.1524 c2s 65536
1783134946.1525 c2s 65536
1783134946.1526 c2s 65536
1783134946.1529 c2s 65536
1783134946.1530 c2s 65536
1783134946.1531 c2s 65536
1783134946.1532 c2s 65536
1783134946.1535 c2s 65536
1783134946.1536 c2s 65536
1783134946.1537 c2s 65536
1783134946.1538 c2s 65536
1783134946.1541 c2s 65536
1783134946.1542 c2s 65536
1783134946.1543 c2s 65536
1783134946.1544 c2s 65536
1783134946.1547 c2s 65536
1783134946.1548 c2s 65536
1783134946.1549 c2s 65536
1783134946.1550 c2s 65536
1783134946.1554 c2s 65536
1783134946.1555 c2s 65536
1783134946.1557 c2s 65536
1783134946.1558 c2s 65536
1783134946.1561 c2s 65536
1783134946.1562 c2s 65536
1783134946.1563 c2s 65536
1783134946.1564 c2s 65536
1783134946.1568 c2s 65536
1783134946.1569 c2s 65536
1783134946.1570 c2s 65536
1783134946.1571 c2s 65536
1783134946.1574 c2s 65536
1783134946.1575 c2s 65536
1783134946.1576 c2s 65536
1783134946.1577 c2s 65536
1783134946.1580 c2s 65536
1783134946.1581 c2s 65536
1783134946.1582 c2s 65536
1783134946.1583 c2s 65536
1783134946.1586 c2s 65536
1783134946.1587 c2s 65536
1783134946.1589 c2s 65536
1783134946.1589 c2s 65536
1783134946.1593 c2s 65536
1783134946.1594 c2s 65536
1783134946.1596 c2s 65536
1783134946.1597 c2s 65536
1783134946.1600 c2s 65536
1783134946.1601 c2s 65536
1783134946.1603 c2s 65536
1783134946.1604 c2s 65536
1783134946.1607 c2s 65536
1783134946.1608 c2s 65536
1783134946.1609 c2s 65536
1783134946.1610 c2s 65536
1783134946.1613 c2s 65536
1783134946.1614 c2s 65536
1783134946.1615 c2s 65536
1783134946.1616 c2s 65536
1783134946.1619 c2s 65536
1783134946.1620 c2s 65536
1783134946.1622 c2s 65536
1783134946.1623 c2s 65536
1783134946.1626 c2s 65536
1783134946.1627 c2s 65536
1783134946.1628 c2s 65536
1783134946.1629 c2s 65536
1783134946.1632 c2s 65536
1783134946.1633 c2s 65536
1783134946.1635 c2s 65536
1783134946.1636 c2s 65536
1783134946.1640 c2s 65536
1783134946.1641 c2s 65536
1783134946.1642 c2s 65536
1783134946.1643 c2s 65536
1783134946.1646 c2s 65536
1783134946.1647 c2s 65536
1783134946.1649 c2s 65536
1783134946.1650 c2s 65536
1783134946.1654 c2s 65536
1783134946.1655 c2s 65536
1783134946.1656 c2s 65536
1783134946.1657 c2s 65536
1783134946.1660 c2s 65536
1783134946.1661 c2s 65536
1783134946.1662 c2s 65536
1783134946.1663 c2s 65536
1783134946.1666 c2s 65536
1783134946.1667 c2s 65536
1783134946.1668 c2s 65536
1783134946.1669 c2s 65536
1783134946.1672 c2s 65536
1783134946.1674 c2s 65536
1783134946.1676 c2s 65536
1783134946.1677 c2s 65536
1783134946.1680 c2s 65536
1783134946.1682 c2s 65536
1783134946.1683 c2s 65536
1783134946.1684 c2s 65536
1783134946.1687 c2s 65536
1783134946.1688 c2s 65536
1783134946.1689 c2s 65536
1783134946.1690 c2s 65536
1783134946.1693 c2s 65536
1783134946.1694 c2s 65536
1783134946.1696 c2s 65536
1783134946.1697 c2s 65536
1783134946.1700 c2s 65536
1783134946.1701 c2s 65536
1783134946.1702 c2s 65536
1783134946.1703 c2s 65536
1783134946.1706 c2s 65536
1783134946.1707 c2s 65536
1783134946.1709 c2s 65536
1783134946.1710 c2s 65536
1783134946.1713 c2s 65536
1783134946.1714 c2s 65536
1783134946.1716 c2s 65536
1783134946.1717 c2s 65536
1783134946.1720 c2s 65536
1783134946.1721 c2s 65536
1783134946.1722 c2s 65536
1783134946.1723 c2s 65536
1783134946.1727 c2s 65536
1783134946.1728 c2s 65536
1783134946.1729 c2s 65536
1783134946.1730 c2s 65536
1783134946.1733 c2s 65536
1783134946.1734 c2s 65536
1783134946.1735 c2s 65536
1783134946.1736 c2s 65536
1783134946.1739 c2s 65536
1783134946.1740 c2s 65536
1783134946.1741 c2s 65536
1783134946.1742 c2s 65536
1783134946.1745 c2s 65536
1783134946.1746 c2s 65536
1783134946.1748 c2s 65536
1783134946.1749 c2s 65536
1783134946.1752 c2s 65536
1783134946.1753 c2s 65536
1783134946.1755 c2s 65536
1783134946.1756 c2s 65536
1783134946.1759 c2s 65536
1783134946.1760 c2s 65536
1783134946.1762 c2s 65536
1783134946.1763 c2s 65536
1783134946.1766 c2s 65536
1783134946.1767 c2s 65536
1783134946.1768 c2s 65536
1783134946.1769 c2s 65536
1783134946.1772 c2s 65536
1783134946.1773 c2s 65536
1783134946.1774 c2s 65536
1783134946.1775 c2s 65536
1783134946.1778 c2s 65536
1783134946.1779 c2s 65536
1783134946.1781 c2s 65536
1783134946.1782 c2s 65536
1783134946.1784 c2s 65536
1783134946.1786 c2s 65536
1783134946.1787 c2s 65536
1783134946.1788 c2s 65536
1783134946.1792 c2s 65536
1783134946.1793 c2s 65536
1783134946.1794 c2s 65536
1783134946.1796 c2s 65536
1783134946.1799 c2s 65536
1783134946.1800 c2s 65536
1783134946.1801 c2s 65536
1783134946.1802 c2s 65536
1783134946.1805 c2s 65536
1783134946.1806 c2s 65536
1783134946.1807 c2s 65536
1783134946.1808 c2s 65536
1783134946.1811 c2s 65536
1783134946.1812 c2s 65536
1783134946.1814 c2s 65536
1783134946.1814 c2s 65536
1783134946.1818 c2s 65536
1783134946.1819 c2s 65536
1783134946.1820 c2s 65536
1783134946.1821 c2s 65536
1783134946.1824 c2s 65536
1783134946.1825 c2s 65536
1783134946.1827 c2s 65536
1783134946.1828 c2s 65536
1783134946.1831 c2s 65536
1783134946.1832 c2s 65536
1783134946.1833 c2s 65536
1783134946.1834 c2s 65536
1783134946.1838 c2s 65536
1783134946.1841 c2s 65536
1783134946.1843 c2s 65536
1783134946.1844 c2s 65536
1783134946.1848 c2s 65536
1783134946.1849 c2s 65536
1783134946.1850 c2s 65536
1783134946.1851 c2s 65536
1783134946.1854 c2s 65536
1783134946.1856 c2s 65536
1783134946.1857 c2s 65536
1783134946.1858 c2s 65536
1783134946.1861 c2s 65536
1783134946.1862 c2s 65536
1783134946.1863 c2s 65536
1783134946.1864 c2s 65536
1783134946.1867 c2s 65536
1783134946.1868 c2s 65536
1783134946.1870 c2s 65536
1783134946.1871 c2s 65536
1783134946.1875 c2s 65536
1783134946.1876 c2s 65536
1783134946.1877 c2s 65536
1783134946.1878 c2s 65536
1783134946.1881 c2s 65536
1783134946.1882 c2s 65536
1783134946.1883 c2s 65536
1783134946.1884 c2s 65536
1783134946.1888 c2s 65536
1783134946.1889 c2s 65536
1783134946.1890 c2s 65536
1783134946.1891 c2s 65536
1783134946.1894 c2s 65536
1783134946.1895 c2s 65536
1783134946.1896 c2s 65536
1783134946.1897 c2s 65536
1783134946.1900 c2s 65536
1783134946.1901 c2s 65536
1783134946.1902 c2s 65536
1783134946.1903 c2s 65536
1783134946.1906 c2s 65536
1783134946.1908 c2s 65536
1783134946.1909 c2s 65536
1783134946.1910 c2s 65536
1783134946.1914 c2s 65536
1783134946.1915 c2s 65536
1783134946.1917 c2s 65536
1783134946.1917 c2s 65536
1783134946.1921 c2s 65536
1783134946.1922 c2s 65536
1783134946.1923 c2s 65536
1783134946.1924 c2s 65536
1783134946.1927 c2s 65536
1783134946.1928 c2s 65536
1783134946.1929 c2s 65536
1783134946.1930 c2s 65536
1783134946.1933 c2s 65536
1783134946.1934 c2s 65536
1783134946.1936 c2s 65536
1783134946.1937 c2s 65536
1783134946.1940 c2s 65536
1783134946.1941 c2s 65536
1783134946.1942 c2s 65536
1783134946.1943 c2s 65536
1783134946.1947 c2s 65536
1783134946.1948 c2s 65536
1783134946.1949 c2s 65536
1783134946.1950 c2s 65536
1783134946.1954 c2s 65536
1783134946.1955 c2s 65536
1783134946.1956 c2s 65536
1783134946.1957 c2s 65536
1783134946.1961 c2s 65536
1783134946.1962 c2s 65536
1783134946.1963 c2s 65536
1783134946.1964 c2s 65536
1783134946.1967 c2s 65536
1783134946.1969 c2s 65536
1783134946.1970 c2s 65536
1783134946.1971 c2s 65536
1783134946.1974 c2s 65536
1783134946.1975 c2s 65536
1783134946.1976 c2s 65536
1783134946.1977 c2s 65536
1783134946.1980 c2s 65536
1783134946.1981 c2s 65536
1783134946.1983 c2s 65536
1783134946.1984 c2s 65536
1783134946.1987 c2s 65536
1783134946.1988 c2s 65536
1783134946.1990 c2s 65536
1783134946.1991 c2s 65536
1783134946.1995 c2s 65536
1783134946.1996 c2s 65536
1783134946.1997 c2s 65536
1783134946.1998 c2s 65536
1783134946.2001 c2s 65536
1783134946.2002 c2s 65536
1783134946.2004 c2s 65536
1783134946.2005 c2s 65536
1783134946.2008 c2s 65536
1783134946.2009 c2s 65536
1783134946.2010 c2s 65536
1783134946.2011 c2s 65536
1783134946.2014 c2s 65536
1783134946.2015 c2s 65536
1783134946.2016 c2s 65536
1783134946.2017 c2s 65536
1783134946.2020 c2s 65536
1783134946.2021 c2s 65536
1783134946.2023 c2s 65536
1783134946.2024 c2s 65536
1783134946.2027 c2s 65536
1783134946.2028 c2s 65536
1783134946.2030 c2s 65536
1783134946.2031 c2s 65536
1783134946.2034 c2s 65536
1783134946.2035 c2s 65536
1783134946.2037 c2s 65536
1783134946.2038 c2s 65536
1783134946.2041 c2s 65536
1783134946.2042 c2s 65536
1783134946.2043 c2s 65536
1783134946.2044 c2s 65536
1783134946.2047 c2s 65536
1783134946.2048 c2s 65536
1783134946.2050 c2s 65536
1783134946.2051 c2s 65536
1783134946.2054 c2s 65536
1783134946.2055 c2s 65536
1783134946.2056 c2s 65536
1783134946.2057 c2s 65536
1783134946.2060 c2s 65536
1783134946.2061 c2s 65536
1783134946.2062 c2s 65536
1783134946.2063 c2s 65536
1783134946.2067 c2s 65536
1783134946.2068 c2s 65536
1783134946.2070 c2s 65536
1783134946.2071 c2s 65536
1783134946.2074 c2s 65536
1783134946.2076 c2s 65536
1783134946.2077 c2s 65536
1783134946.2078 c2s 65536
1783134946.2081 c2s 65536
1783134946.2082 c2s 65536
1783134946.2084 c2s 65536
1783134946.2085 c2s 65536
1783134946.2088 c2s 65536
1783134946.2089 c2s 65536
1783134946.2090 c2s 65536
1783134946.2091 c2s 65536
1783134946.2094 c2s 65536
1783134946.2095 c2s 65536
1783134946.2097 c2s 65536
1783134946.2097 c2s 65536
1783134946.2100 c2s 65536
1783134946.2101 c2s 65536
1783134946.2103 c2s 65536
1783134946.2104 c2s 65536
1783134946.2107 c2s 65536
1783134946.2108 c2s 65536
1783134946.2109 c2s 65536
1783134946.2110 c2s 65536
1783134946.2113 c2s 65536
1783134946.2114 c2s 65536
1783134946.2116 c2s 65536
1783134946.2117 c2s 65536
1783134946.2120 c2s 65536
1783134946.2121 c2s 65536
1783134946.2122 c2s 65536
1783134946.2123 c2s 65536
1783134946.2126 c2s 65536
1783134946.2127 c2s 65536
1783134946.2128 c2s 65536
1783134946.2129 c2s 65536
1783134946.2132 c2s 65536
1783134946.2133 c2s 65536
1783134946.2134 c2s 65536
1783134946.2135 c2s 65536
1783134946.2138 c2s 65536
1783134946.2139 c2s 65536
1783134946.2141 c2s 65536
1783134946.2142 c2s 65536
1783134946.2144 c2s 65536
1783134946.2145 c2s 65536
1783134946.2147 c2s 65536
1783134946.2148 c2s 65536
1783134946.2151 c2s 65536
1783134946.2152 c2s 65536
1783134946.2153 c2s 65536
1783134946.2154 c2s 65536
1783134946.2157 c2s 65536
1783134946.2158 c2s 65536
1783134946.2159 c2s 65536
1783134946.2160 c2s 65536
1783134946.2163 c2s 65536
1783134946.2164 c2s 65536
1783134946.2165 c2s 65536
1783134946.2166 c2s 65536
1783134946.2169 c2s 65536
1783134946.2170 c2s 65536
1783134946.2171 c2s 65536
1783134946.2172 c2s 65536
1783134946.2175 c2s 65536
1783134946.2176 c2s 65536
1783134946.2177 c2s 65536
1783134946.2178 c2s 65536
1783134946.2181 c2s 65536
1783134946.2182 c2s 65536
1783134946.2183 c2s 65536
1783134946.2184 c2s 65536
1783134946.2186 c2s 65536
1783134946.2187 c2s 65536
1783134946.2189 c2s 65536
1783134946.2189 c2s 65536
1783134946.2192 c2s 65536
1783134946.2193 c2s 65536
1783134946.2194 c2s 65536
1783134946.2196 c2s 65536
1783134946.2199 c2s 65536
1783134946.2200 c2s 65536
1783134946.2201 c2s 65536
1783134946.2202 c2s 65536
1783134946.2205 c2s 65536
1783134946.2206 c2s 65536
1783134946.2207 c2s 65536
1783134946.2208 c2s 65536
1783134946.2210 c2s 65536
1783134946.2211 c2s 65536
1783134946.2213 c2s 65536
1783134946.2214 c2s 65536
1783134946.2216 c2s 65536
1783134946.2217 c2s 65536
1783134946.2218 c2s 65536
1783134946.2219 c2s 65536
1783134946.2222 c2s 65536
1783134946.2223 c2s 65536
1783134946.2224 c2s 65536
1783134946.2225 c2s 65536
1783134946.2228 c2s 65536
1783134946.2229 c2s 65536
1783134946.2230 c2s 65536
1783134946.2231 c2s 65536
1783134946.2233 c2s 65536
1783134946.2234 c2s 65536
1783134946.2236 c2s 65536
1783134946.2237 c2s 65536
1783134946.2240 c2s 65536
1783134946.2241 c2s 65536
1783134946.2242 c2s 65536
1783134946.2243 c2s 65536
1783134946.2245 c2s 65536
1783134946.2246 c2s 65536
1783134946.2248 c2s 65536
1783134946.2249 c2s 65536
1783134946.2251 c2s 65536
1783134946.2252 c2s 65536
1783134946.2253 c2s 65536
1783134946.2254 c2s 65536
1783134946.2257 c2s 65536
1783134946.2258 c2s 65536
1783134946.2259 c2s 65536
1783134946.2260 c2s 65536
1783134946.2263 c2s 65536
1783134946.2264 c2s 65536
1783134946.2265 c2s 65536
1783134946.2266 c2s 65536
1783134946.2268 c2s 65536
1783134946.2269 c2s 65536
1783134946.2271 c2s 65536
1783134946.2272 c2s 65536
1783134946.2274 c2s 65536
1783134946.2275 c2s 65536
1783134946.2277 c2s 65536
1783134946.2278 c2s 65536
1783134946.2280 c2s 65536
1783134946.2281 c2s 65536
1783134946.2282 c2s 65536
1783134946.2283 c2s 65536
1783134946.2286 c2s 65536
1783134946.2287 c2s 65536
1783134946.2289 c2s 55759
1783134946.2952 c2s 321
1783134946.2958 s2c 9
1783134946.3090 c2s 65492
1783134946.3095 c2s 65536
1783134946.3096 c2s 65536
1783134946.3099 c2s 65536
1783134946.3100 c2s 65536
1783134946.3105 c2s 65536
1783134946.3106 c2s 65536
1783134946.3109 c2s 65536
1783134946.3110 c2s 65536
1783134946.3115 c2s 65536
1783134946.3116 c2s 65536
1783134946.3118 c2s 65536
1783134946.3120 c2s 65536
1783134946.3124 c2s 65536
1783134946.3126 c2s 65536
1783134946.3127 c2s 65536
1783134946.3128 c2s 65536
1783134946.3132 c2s 65536
1783134946.3134 c2s 65536
1783134946.3135 c2s 65536
1783134946.3136 c2s 65536
1783134946.3140 c2s 65536
1783134946.3141 c2s 65536
1783134946.3143 c2s 65536
1783134946.3143 c2s 65536
1783134946.3147 c2s 65536
1783134946.3147 c2s 65536
1783134946.3148 c2s 65536
1783134946.3149 c2s 65536
1783134946.3152 c2s 65536
1783134946.3153 c2s 65536
1783134946.3154 c2s 65536
1783134946.3155 c2s 65536
1783134946.3158 c2s 65536
1783134946.3159 c2s 65536
1783134946.3160 c2s 65536
1783134946.3161 c2s 65536
1783134946.3164 c2s 65536
1783134946.3165 c2s 65536
1783134946.3166 c2s 65536
1783134946.3167 c2s 65536
1783134946.3171 c2s 65536
1783134946.3172 c2s 65536
1783134946.3173 c2s 65536
1783134946.3174 c2s 65536
1783134946.3177 c2s 65536
1783134946.3178 c2s 65536
1783134946.3179 c2s 65536
1783134946.3180 c2s 65536
1783134946.3183 c2s 65536
1783134946.3184 c2s 65536
1783134946.3185 c2s 65536
1783134946.3185 c2s 65536
1783134946.3188 c2s 65536
1783134946.3189 c2s 65536
1783134946.3190 c2s 65536
1783134946.3191 c2s 65536
1783134946.3194 c2s 65536
1783134946.3195 c2s 65536
1783134946.3200 c2s 65536
1783134946.3201 c2s 65536
1783134946.3204 c2s 65536
1783134946.3207 c2s 65536
1783134946.3209 c2s 65536
1783134946.3210 c2s 65536
1783134946.3214 c2s 65536
1783134946.3215 c2s 65536
1783134946.3216 c2s 65536
1783134946.3217 c2s 65536
1783134946.3220 c2s 65536
1783134946.3221 c2s 65536
1783134946.3223 c2s 65536
1783134946.3224 c2s 65536
1783134946.3227 c2s 65536
1783134946.3228 c2s 65536
1783134946.3229 c2s 65536
1783134946.3230 c2s 65536
1783134946.3233 c2s 65536
1783134946.3234 c2s 65536
1783134946.3235 c2s 65536
1783134946.3236 c2s 65536
1783134946.3239 c2s 65536
1783134946.3240 c2s 65536
1783134946.3242 c2s 65536
1783134946.3243 c2s 65536
1783134946.3246 c2s 65536
1783134946.3247 c2s 65536
1783134946.3250 c2s 65536
1783134946.3251 c2s 65536
1783134946.3255 c2s 65536
1783134946.3256 c2s 65536
1783134946.3257 c2s 65536
1783134946.3258 c2s 65536
1783134946.3262 c2s 65536
1783134946.3263 c2s 65536
1783134946.3264 c2s 65536
1783134946.3265 c2s 65536
1783134946.3268 c2s 65536
1783134946.3269 c2s 65536
1783134946.3270 c2s 65536
1783134946.3271 c2s 65536
1783134946.3274 c2s 65536
1783134946.3275 c2s 65536
1783134946.3277 c2s 65536
1783134946.3278 c2s 65536
1783134946.3281 c2s 65536
1783134946.3282 c2s 65536
1783134946.3284 c2s 65536
1783134946.3285 c2s 65536
1783134946.3288 c2s 65536
1783134946.3289 c2s 65536
1783134946.3290 c2s 65536
1783134946.3291 c2s 65536
1783134946.3295 c2s 65536
1783134946.3296 c2s 65536
1783134946.3297 c2s 65536
1783134946.3298 c2s 65536
1783134946.3301 c2s 65536
1783134946.3302 c2s 65536
1783134946.3303 c2s 65536
1783134946.3304 c2s 65536
1783134946.3307 c2s 65536
1783134946.3308 c2s 65536
1783134946.3309 c2s 65536
1783134946.3310 c2s 65536
1783134946.3313 c2s 65536
1783134946.3314 c2s 65536
1783134946.3316 c2s 65536
1783134946.3317 c2s 65536
1783134946.3320 c2s 65536
1783134946.3321 c2s 65536
1783134946.3322 c2s 65536
1783134946.3323 c2s 65536
1783134946.3326 c2s 65536
1783134946.3328 c2s 65536
1783134946.3329 c2s 65536
1783134946.3330 c2s 65536
1783134946.3334 c2s 65536
1783134946.3335 c2s 65536
1783134946.3336 c2s 65536
1783134946.3337 c2s 65536
1783134946.3340 c2s 65536
1783134946.3341 c2s 65536
1783134946.3342 c2s 65536
1783134946.3343 c2s 65536
1783134946.3347 c2s 65536
1783134946.3348 c2s 65536
1783134946.3349 c2s 65536
1783134946.3350 c2s 65536
1783134946.3353 c2s 65536
1783134946.3354 c2s 65536
1783134946.3356 c2s 65536
1783134946.3357 c2s 65536
1783134946.3360 c2s 65536
1783134946.3361 c2s 65536
1783134946.3363 c2s 65536
1783134946.3364 c2s 65536
1783134946.3367 c2s 65536
1783134946.3368 c2s 65536
1783134946.3370 c2s 65536
1783134946.3371 c2s 65536
1783134946.3374 c2s 65536
1783134946.3375 c2s 65536
1783134946.3376 c2s 65536
1783134946.3377 c2s 65536
1783134946.3380 c2s 65536
1783134946.3381 c2s 65536
1783134946.3383 c2s 65536
1783134946.3383 c2s 65536
1783134946.3387 c2s 65536
1783134946.3388 c2s 65536
1783134946.3389 c2s 65536
1783134946.3390 c2s 65536
1783134946.3393 c2s 65536
1783134946.3394 c2s 65536
1783134946.3396 c2s 65536
1783134946.3396 c2s 65536
1783134946.3399 c2s 65536
1783134946.3400 c2s 65536
1783134946.3401 c2s 65536
1783134946.3402 c2s 65536
1783134946.3405 c2s 65536
1783134946.3406 c2s 65536
1783134946.3408 c2s 65536
1783134946.3409 c2s 65536
1783134946.3412 c2s 65536
1783134946.3413 c2s 65536
1783134946.3415 c2s 65536
1783134946.3416 c2s 65536
1783134946.3419 c2s 65536
1783134946.3420 c2s 65536
1783134946.3422 c2s 65536
1783134946.3422 c2s 65536
1783134946.3426 c2s 65536
1783134946.3427 c2s 65536
1783134946.3428 c2s 65536
1783134946.3429 c2s 65536
1783134946.3432 c2s 65536
1783134946.3433 c2s 65536
1783134946.3434 c2s 65536
1783134946.3435 c2s 65536
1783134946.3438 c2s 65536
1783134946.3439 c2s 65536
1783134946.3441 c2s 65536
1783134946.3441 c2s 65536
1783134946.3445 c2s 65536
1783134946.3446 c2s 65536
1783134946.3447 c2s 65536
1783134946.3448 c2s 65536
1783134946.3451 c2s 65536
1783134946.3452 c2s 65536
1783134946.3454 c2s 65536
1783134946.3455 c2s 65536
1783134946.3458 c2s 65536
1783134946.3459 c2s 65536
1783134946.3461 c2s 65536
1783134946.3461 c2s 65536
1783134946.3465 c2s 65536
1783134946.3466 c2s 65536
1783134946.3468 c2s 65536
1783134946.3469 c2s 65536
1783134946.3471 c2s 65536
1783134946.3472 c2s 65536
1783134946.3474 c2s 65536
1783134946.3475 c2s 65536
1783134946.3478 c2s 65536
1783134946.3479 c2s 65536
1783134946.3480 c2s 65536
1783134946.3481 c2s 65536
1783134946.3484 c2s 65536
1783134946.3485 c2s 65536
1783134946.3487 c2s 65536
1783134946.3488 c2s 65536
1783134946.3491 c2s 65536
1783134946.3492 c2s 65536
1783134946.3493 c2s 65536
1783134946.3494 c2s 65536
1783134946.3498 c2s 65536
1783134946.3499 c2s 65536
1783134946.3500 c2s 65536
1783134946.3501 c2s 65536
1783134946.3505 c2s 65536
1783134946.3506 c2s 65536
1783134946.3507 c2s 65536
1783134946.3508 c2s 65536
1783134946.3511 c2s 65536
1783134946.3512 c2s 65536
1783134946.3513 c2s 65536
1783134946.3514 c2s 65536
1783134946.3518 c2s 65536
1783134946.3519 c2s 65536
1783134946.3520 c2s 65536
1783134946.3521 c2s 65536
1783134946.3524 c2s 65536
1783134946.3525 c2s 65536
1783134946.3527 c2s 65536
1783134946.3528 c2s 65536
1783134946.3531 c2s 65536
1783134946.3532 c2s 65536
1783134946.3534 c2s 65536
1783134946.3535 c2s 65536
1783134946.3538 c2s 65536
1783134946.3539 c2s 65536
1783134946.3540 c2s 65536
1783134946.3541 c2s 65536
1783134946.3544 c2s 65536
1783134946.3545 c2s 65536
1783134946.3546 c2s 65536
1783134946.3547 c2s 65536
1783134946.3550 c2s 65536
1783134946.3551 c2s 65536
1783134946.3553 c2s 65536
1783134946.3554 c2s 65536
1783134946.3557 c2s 65536
1783134946.3558 c2s 65536
1783134946.3559 c2s 65536
1783134946.3560 c2s 65536
1783134946.3563 c2s 65536
1783134946.3564 c2s 65536
1783134946.3566 c2s 65536
1783134946.3567 c2s 65536
1783134946.3571 c2s 65536
1783134946.3572 c2s 65536
1783134946.3573 c2s 65536
1783134946.3574 c2s 65536
1783134946.3578 c2s 65536
1783134946.3579 c2s 65536
1783134946.3580 c2s 65536
1783134946.3581 c2s 65536
1783134946.3584 c2s 65536
1783134946.3585 c2s 65536
1783134946.3586 c2s 65536
1783134946.3587 c2s 65536
1783134946.3590 c2s 65536
1783134946.3591 c2s 65536
1783134946.3593 c2s 65536
1783134946.3594 c2s 65536
1783134946.3597 c2s 65536
1783134946.3598 c2s 65536
1783134946.3599 c2s 65536
1783134946.3600 c2s 65536
1783134946.3603 c2s 65536
1783134946.3604 c2s 65536
1783134946.3606 c2s 65536
1783134946.3607 c2s 65536
1783134946.3610 c2s 65536
1783134946.3611 c2s 65536
1783134946.3613 c2s 65536
1783134946.3614 c2s 65536
1783134946.3617 c2s 65536
1783134946.3618 c2s 65536
1783134946.3619 c2s 65536
1783134946.3620 c2s 65536
1783134946.3623 c2s 65536
1783134946.3624 c2s 65536
1783134946.3626 c2s 65536
1783134946.3627 c2s 65536
1783134946.3630 c2s 65536
1783134946.3631 c2s 65536
1783134946.3632 c2s 65536
1783134946.3633 c2s 65536
1783134946.3636 c2s 65536
1783134946.3637 c2s 65536
1783134946.3639 c2s 65536
1783134946.3639 c2s 65536
1783134946.3642 c2s 65536
1783134946.3643 c2s 65536
1783134946.3644 c2s 65536
1783134946.3645 c2s 65536
1783134946.3649 c2s 65536
1783134946.3650 c2s 65536
1783134946.3652 c2s 65536
1783134946.3653 c2s 65536
1783134946.3656 c2s 65536
1783134946.3657 c2s 65536
1783134946.3658 c2s 65536
1783134946.3659 c2s 65536
1783134946.3663 c2s 65536
1783134946.3664 c2s 65536
1783134946.3665 c2s 65536
1783134946.3666 c2s 65536
1783134946.3669 c2s 65536
1783134946.3670 c2s 65536
1783134946.3672 c2s 65536
1783134946.3673 c2s 65536
1783134946.3676 c2s 65536
1783134946.3677 c2s 65536
1783134946.3679 c2s 65536
1783134946.3680 c2s 65536
1783134946.3682 c2s 65536
1783134946.3683 c2s 65536
1783134946.3685 c2s 65536
1783134946.3686 c2s 65536
1783134946.3690 c2s 65536
1783134946.3691 c2s 65536
1783134946.3692 c2s 65536
1783134946.3693 c2s 65536
1783134946.3696 c2s 65536
1783134946.3697 c2s 65536
1783134946.3699 c2s 65536
1783134946.3699 c2s 65536
1783134946.3702 c2s 65536
1783134946.3703 c2s 65536
1783134946.3705 c2s 65536
1783134946.3705 c2s 65536
1783134946.3708 c2s 65536
1783134946.3709 c2s 65536
1783134946.3711 c2s 65536
1783134946.3711 c2s 65536
1783134946.3715 c2s 65536
1783134946.3716 c2s 65536
1783134946.3718 c2s 65536
1783134946.3719 c2s 65536
1783134946.3722 c2s 65536
1783134946.3723 c2s 65536
1783134946.3724 c2s 65536
1783134946.3725 c2s 65536
1783134946.3729 c2s 65536
1783134946.3730 c2s 65536
1783134946.3731 c2s 65536
1783134946.3732 c2s 65536
1783134946.3735 c2s 65536
1783134946.3736 c2s 65536
1783134946.3738 c2s 65536
1783134946.3739 c2s 65536
1783134946.3742 c2s 65536
1783134946.3743 c2s 65536
1783134946.3744 c2s 65536
1783134946.3745 c2s 65536
1783134946.3747 c2s 65536
1783134946.3748 c2s 65536
1783134946.3750 c2s 65536
1783134946.3751 c2s 65536
1783134946.3754 c2s 65536
1783134946.3755 c2s 65536
1783134946.3756 c2s 65536
1783134946.3757 c2s 65536
1783134946.3760 c2s 65536
1783134946.3761 c2s 65536
1783134946.3763 c2s 65536
1783134946.3764 c2s 65536
1783134946.3767 c2s 65536
1783134946.3768 c2s 65536
1783134946.3770 c2s 65536
1783134946.3771 c2s 65536
1783134946.3774 c2s 65536
1783134946.3775 c2s 65536
1783134946.3776 c2s 65536
1783134946.3777 c2s 65536
1783134946.3780 c2s 65536
1783134946.3781 c2s 65536
1783134946.3782 c2s 65536
1783134946.3783 c2s 65536
1783134946.3787 c2s 65536
1783134946.3788 c2s 65536
1783134946.3789 c2s 65536
1783134946.3790 c2s 65536
1783134946.3793 c2s 65536
1783134946.3794 c2s 65536
1783134946.3795 c2s 65536
1783134946.3796 c2s 65536
1783134946.3799 c2s 65536
1783134946.3801 c2s 65536
1783134946.3802 c2s 65536
1783134946.3803 c2s 65536
1783134946.3807 c2s 65536
1783134946.3808 c2s 65536
1783134946.3809 c2s 65536
1783134946.3810 c2s 65536
1783134946.3813 c2s 65536
1783134946.3814 c2s 65536
1783134946.3815 c2s 65536
1783134946.3816 c2s 65536
1783134946.3819 c2s 65536
1783134946.3820 c2s 65536
1783134946.3822 c2s 65536
1783134946.3823 c2s 65536
1783134946.3825 c2s 65536
1783134946.3826 c2s 65536
1783134946.3828 c2s 65536
1783134946.3829 c2s 65536
1783134946.3832 c2s 65536
1783134946.3833 c2s 65536
1783134946.3834 c2s 65536
1783134946.3836 c2s 65536
1783134946.3839 c2s 65536
1783134946.3840 c2s 65536
1783134946.3841 c2s 65536
1783134946.3842 c2s 65536
1783134946.3847 c2s 65536
1783134946.3849 c2s 65536
1783134946.3850 c2s 65536
1783134946.3851 c2s 65536
1783134946.3855 c2s 65536
1783134946.3856 c2s 65536
1783134946.3857 c2s 65536
1783134946.3858 c2s 65536
1783134946.3862 c2s 65536
1783134946.3863 c2s 65536
1783134946.3864 c2s 65536
1783134946.3866 c2s 65536
1783134946.3869 c2s 65536
1783134946.3870 c2s 65536
1783134946.3871 c2s 65536
1783134946.3872 c2s 65536
1783134946.3875 c2s 65536
1783134946.3877 c2s 65536
1783134946.3878 c2s 65536
1783134946.3879 c2s 65536
1783134946.3882 c2s 65536
1783134946.3883 c2s 65536
1783134946.3884 c2s 65536
1783134946.3885 c2s 65536
1783134946.3889 c2s 65536
1783134946.3890 c2s 65536
1783134946.3891 c2s 65536
1783134946.3892 c2s 65536
1783134946.3895 c2s 65536
1783134946.3896 c2s 65536
1783134946.3897 c2s 65536
1783134946.3898 c2s 65536
1783134946.3901 c2s 65536
1783134946.3903 c2s 65536
1783134946.3904 c2s 65536
1783134946.3905 c2s 65536
1783134946.3909 c2s 65536
1783134946.3910 c2s 65536
1783134946.3911 c2s 65536
1783134946.3912 c2s 65536
1783134946.3915 c2s 65536
1783134946.3916 c2s 65536
1783134946.3918 c2s 65536
1783134946.3919 c2s 65536
1783134946.3922 c2s 65536
1783134946.3923 c2s 65536
1783134946.3924 c2s 65536
1783134946.3925 c2s 65536
1783134946.3928 c2s 65536
1783134946.3929 c2s 65536
1783134946.3930 c2s 65536
1783134946.3931 c2s 65536
1783134946.3935 c2s 65536
1783134946.3936 c2s 65536
1783134946.3937 c2s 65536
1783134946.3938 c2s 65536
1783134946.3941 c2s 65536
1783134946.3942 c2s 65536
1783134946.3944 c2s 65536
1783134946.3945 c2s 65536
1783134946.3949 c2s 65536
1783134946.3950 c2s 65536
1783134946.3951 c2s 65536
1783134946.3952 c2s 65536
1783134946.3955 c2s 65536
1783134946.3959 c2s 65536
1783134946.3960 c2s 65536
1783134946.3961 c2s 65536
1783134946.3965 c2s 65536
1783134946.3966 c2s 65536
1783134946.3967 c2s 65536
1783134946.3968 c2s 65536
1783134946.3971 c2s 65536
1783134946.3972 c2s 65536
1783134946.3973 c2s 65536
1783134946.3974 c2s 65536
1783134946.3977 c2s 65536
1783134946.3978 c2s 65536
1783134946.3979 c2s 65536
1783134946.3980 c2s 65536
1783134946.3984 c2s 65536
1783134946.3985 c2s 65536
1783134946.3987 c2s 65536
1783134946.3988 c2s 65536
1783134946.3991 c2s 65536
1783134946.3992 c2s 65536
1783134946.3993 c2s 65536
1783134946.3994 c2s 65536
1783134946.3998 c2s 65536
1783134946.3999 c2s 65536
1783134946.4000 c2s 65536
1783134946.4001 c2s 65536
1783134946.4004 c2s 65536
1783134946.4005 c2s 65536
1783134946.4006 c2s 65536
1783134946.4007 c2s 65536
1783134946.4011 c2s 65536
1783134946.4012 c2s 65536
1783134946.4013 c2s 65536
1783134946.4014 c2s 65536
1783134946.4017 c2s 65536
1783134946.4018 c2s 65536
1783134946.4019 c2s 65536
1783134946.4020 c2s 65536
1783134946.4023 c2s 65536
1783134946.4024 c2s 65536
1783134946.4025 c2s 65536
1783134946.4026 c2s 65536
1783134946.4029 c2s 65536
1783134946.4030 c2s 65536
1783134946.4032 c2s 65536
1783134946.4033 c2s 65536
1783134946.4037 c2s 65536
1783134946.4039 c2s 65536
1783134946.4041 c2s 65536
1783134946.4042 c2s 65536
1783134946.4045 c2s 65536
1783134946.4051 c2s 65536
1783134946.4052 c2s 65536
1783134946.4053 c2s 65536
1783134946.4057 c2s 65536
1783134946.4058 c2s 65536
1783134946.4059 c2s 65536
1783134946.4060 c2s 65536
1783134946.4063 c2s 65536
1783134946.4064 c2s 65536
1783134946.4065 c2s 65536
1783134946.4066 c2s 65536
1783134946.4069 c2s 65536
1783134946.4070 c2s 65536
1783134946.4071 c2s 65536
1783134946.4072 c2s 65536
1783134946.4076 c2s 65536
1783134946.4077 c2s 65536
1783134946.4078 c2s 65536
1783134946.4079 c2s 65536
1783134946.4082 c2s 65536
1783134946.4083 c2s 65536
1783134946.4085 c2s 65536
1783134946.4086 c2s 65536
1783134946.4091 c2s 65536
1783134946.4093 c2s 65536
1783134946.4094 c2s 65536
1783134946.4095 c2s 65536
1783134946.4098 c2s 65536
1783134946.4099 c2s 65536
1783134946.4101 c2s 65536
1783134946.4102 c2s 65536
1783134946.4105 c2s 65536
1783134946.4106 c2s 65536
1783134946.4108 c2s 65536
1783134946.4109 c2s 65536
1783134946.4112 c2s 65536
1783134946.4113 c2s 65536
1783134946.4114 c2s 65536
1783134946.4115 c2s 65536
1783134946.4119 c2s 65536
1783134946.4119 c2s 65536
1783134946.4120 c2s 65536
1783134946.4121 c2s 65536
1783134946.4124 c2s 65536
1783134946.4124 c2s 65536
1783134946.4126 c2s 65536
1783134946.4126 c2s 65536
1783134946.4129 c2s 65536
1783134946.4130 c2s 65536
1783134946.4131 c2s 65536
1783134946.4132 c2s 65536
1783134946.4135 c2s 65536
1783134946.4135 c2s 65536
1783134946.4137 c2s 65536
1783134946.4137 c2s 65536
1783134946.4141 c2s 65536
1783134946.4142 c2s 65536
1783134946.4143 c2s 65536
1783134946.4144 c2s 65536
1783134946.4147 c2s 65536
1783134946.4148 c2s 65536
1783134946.4149 c2s 65536
1783134946.4149 c2s 65536
1783134946.4153 c2s 65536
1783134946.4153 c2s 65536
1783134946.4154 c2s 65536
1783134946.4155 c2s 65536
1783134946.4158 c2s 65536
1783134946.4161 c2s 65536
1783134946.4162 c2s 65536
1783134946.4163 c2s 65536
1783134946.4167 c2s 65536
1783134946.4168 c2s 65536
1783134946.4169 c2s 65536
1783134946.4170 c2s 65536
1783134946.4173 c2s 65536
1783134946.4175 c2s 65536
1783134946.4176 c2s 65536
1783134946.4178 c2s 65536
1783134946.4181 c2s 65536
1783134946.4182 c2s 65536
1783134946.4183 c2s 65536
1783134946.4184 c2s 65536
1783134946.4188 c2s 65536
1783134946.4189 c2s 65536
1783134946.4190 c2s 65536
1783134946.4191 c2s 65536
1783134946.4194 c2s 65536
1783134946.4195 c2s 65536
1783134946.4197 c2s 65536
1783134946.4198 c2s 65536
1783134946.4201 c2s 65536
1783134946.4202 c2s 65536
1783134946.4203 c2s 65536
1783134946.4204 c2s 65536
1783134946.4207 c2s 65536
1783134946.4209 c2s 65536
1783134946.4210 c2s 65536
1783134946.4211 c2s 65536
1783134946.4214 c2s 65536
1783134946.4216 c2s 65536
1783134946.4217 c2s 65536
1783134946.4218 c2s 65536
1783134946.4222 c2s 65536
1783134946.4223 c2s 65536
1783134946.4224 c2s 65536
1783134946.4225 c2s 65536
1783134946.4228 c2s 65536
1783134946.4229 c2s 65536
1783134946.4230 c2s 65536
1783134946.4231 c2s 65536
1783134946.4234 c2s 65536
1783134946.4235 c2s 65536
1783134946.4237 c2s 65536
1783134946.4238 c2s 65536
1783134946.4241 c2s 65536
1783134946.4242 c2s 65536
1783134946.4243 c2s 65536
1783134946.4244 c2s 65536
1783134946.4247 c2s 65536
1783134946.4248 c2s 65536
1783134946.4250 c2s 65536
1783134946.4251 c2s 65536
1783134946.4254 c2s 65536
1783134946.4255 c2s 65536
1783134946.4256 c2s 65536
1783134946.4257 c2s 65536
1783134946.4260 c2s 65536
1783134946.4261 c2s 65536
1783134946.4263 c2s 65536
1783134946.4263 c2s 65536
1783134946.4266 c2s 65536
1783134946.4267 c2s 65536
1783134946.4268 c2s 65536
1783134946.4269 c2s 65536
1783134946.4272 c2s 65536
1783134946.4273 c2s 65536
1783134946.4275 c2s 65536
1783134946.4276 c2s 65536
1783134946.4279 c2s 65536
1783134946.4280 c2s 65536
1783134946.4281 c2s 65536
1783134946.4282 c2s 65536
1783134946.4285 c2s 65536
1783134946.4286 c2s 65536
1783134946.4288 c2s 65536
1783134946.4289 c2s 65536
1783134946.4292 c2s 65536
1783134946.4293 c2s 65536
1783134946.4294 c2s 65536
1783134946.4295 c2s 65536
1783134946.4298 c2s 65536
1783134946.4299 c2s 65536
1783134946.4301 c2s 65536
1783134946.4302 c2s 65536
1783134946.4304 c2s 65536
1783134946.4305 c2s 65536
1783134946.4307 c2s 65536
1783134946.4308 c2s 65536
1783134946.4311 c2s 65536
1783134946.4312 c2s 65536
1783134946.4313 c2s 65536
1783134946.4314 c2s 65536
1783134946.4318 c2s 65536
1783134946.4319 c2s 65536
1783134946.4320 c2s 65536
1783134946.4321 c2s 65536
1783134946.4324 c2s 65536
1783134946.4325 c2s 65536
1783134946.4326 c2s 65536
1783134946.4327 c2s 65536
1783134946.4330 c2s 65536
1783134946.4331 c2s 65536
1783134946.4332 c2s 65536
1783134946.4333 c2s 65536
1783134946.4336 c2s 65536
1783134946.4337 c2s 65536
1783134946.4338 c2s 65536
1783134946.4339 c2s 65536
1783134946.4342 c2s 65536
1783134946.4343 c2s 65536
1783134946.4344 c2s 65536
1783134946.4345 c2s 65536
1783134946.4348 c2s 65536
1783134946.4349 c2s 65536
1783134946.4351 c2s 65536
1783134946.4352 c2s 65536
1783134946.4355 c2s 65536
1783134946.4356 c2s 65536
1783134946.4357 c2s 65536
1783134946.4358 c2s 65536
1783134946.4361 c2s 65536
1783134946.4362 c2s 65536
1783134946.4363 c2s 65536
1783134946.4364 c2s 65536
1783134946.4366 c2s 65536
1783134946.4367 c2s 65536
1783134946.4369 c2s 65536
1783134946.4370 c2s 65536
1783134946.4372 c2s 65536
1783134946.4373 c2s 65536
1783134946.4374 c2s 65536
1783134946.4375 c2s 65536
1783134946.4378 c2s 65536
1783134946.4379 c2s 65536
1783134946.4380 c2s 65536
1783134946.4381 c2s 65536
1783134946.4383 c2s 65536
1783134946.4384 c2s 65536
1783134946.4386 c2s 65536
1783134946.4387 c2s 65536
1783134946.4389 c2s 65536
1783134946.4390 c2s 65536
1783134946.4392 c2s 65536
1783134946.4393 c2s 65536
1783134946.4395 c2s 65536
1783134946.4396 c2s 65536
1783134946.4398 c2s 65536
1783134946.4399 c2s 65536
1783134946.4401 c2s 65536
1783134946.4402 c2s 65536
1783134946.4404 c2s 65536
1783134946.4404 c2s 65536
1783134946.4407 c2s 65536
1783134946.4408 c2s 65536
1783134946.4410 c2s 65536
1783134946.4410 c2s 65536
1783134946.4413 c2s 65536
1783134946.4414 c2s 65536
1783134946.4415 c2s 65536
1783134946.4416 c2s 65536
1783134946.4419 c2s 65536
1783134946.4420 c2s 65536
1783134946.4421 c2s 65536
1783134946.4422 c2s 65536
1783134946.4425 c2s 65536
1783134946.4426 c2s 65536
1783134946.4427 c2s 65536
1783134946.4428 c2s 65536
1783134946.4430 c2s 65536
1783134946.4431 c2s 65536
1783134946.4433 c2s 65536
1783134946.4434 c2s 65536
1783134946.4436 c2s 65536
1783134946.4437 c2s 65536
1783134946.4439 c2s 65536
1783134946.4440 c2s 65536
1783134946.4443 c2s 65536
1783134946.4444 c2s 65536
1783134946.4445 c2s 65536
1783134946.4446 c2s 65536
1783134946.4448 c2s 65536
1783134946.4449 c2s 65536
1783134946.4450 c2s 65536
1783134946.4451 c2s 65536
1783134946.4454 c2s 65536
1783134946.4455 c2s 65536
1783134946.4456 c2s 65536
1783134946.4457 c2s 65536
1783134946.4460 c2s 65536
1783134946.4461 c2s 65536
1783134946.4462 c2s 65536
1783134946.4463 c2s 65536
1783134946.4465 c2s 65536
1783134946.4466 c2s 65536
1783134946.4467 c2s 65536
1783134946.4468 c2s 65536
1783134946.4471 c2s 65536
1783134946.4472 c2s 65536
1783134946.4473 c2s 65536
1783134946.4474 c2s 65536
1783134946.4477 c2s 65536
1783134946.4478 c2s 65536
1783134946.4479 c2s 65536
1783134946.4480 c2s 65536
1783134946.4482 c2s 65536
1783134946.4483 c2s 48230
1783134946.5181 c2s 321
1783134946.5189 s2c 9
1783134946.5311 c2s 9
1783134946.5314 c2s 65536
1783134946.5315 c2s 65536
1783134946.5317 c2s 65536
1783134946.5318 c2s 65324
1783134946.5322 c2s 65536
1783134946.5323 c2s 65536
1783134946.5325 c2s 65536
1783134946.5326 c2s 65536
1783134946.5329 c2s 65536
1783134946.5330 c2s 65536
1783134946.5331 c2s 65536
1783134946.5332 c2s 65536
1783134946.5335 c2s 65536
1783134946.5336 c2s 65536
1783134946.5337 c2s 65536
1783134946.5338 c2s 65536
1783134946.5341 c2s 65536
1783134946.5342 c2s 65536
1783134946.5343 c2s 65536
1783134946.5344 c2s 65536
1783134946.5347 c2s 65536
1783134946.5348 c2s 65536
1783134946.5349 c2s 65536
1783134946.5350 c2s 65536
1783134946.5352 c2s 65536
1783134946.5353 c2s 65536
1783134946.5354 c2s 65536
1783134946.5355 c2s 65536
1783134946.5358 c2s 65536
1783134946.5359 c2s 65536
1783134946.5360 c2s 65536
1783134946.5360 c2s 65536
1783134946.5362 c2s 65536
1783134946.5363 c2s 65536
1783134946.5364 c2s 65536
1783134946.5365 c2s 65536
1783134946.5368 c2s 65536
1783134946.5368 c2s 65536
1783134946.5369 c2s 65536
1783134946.5370 c2s 65536
1783134946.5373 c2s 65536
1783134946.5374 c2s 65536
1783134946.5375 c2s 65536
1783134946.5375 c2s 65536
1783134946.5378 c2s 65536
1783134946.5379 c2s 65536
1783134946.5380 c2s 65536
1783134946.5381 c2s 65536
1783134946.5384 c2s 65536
1783134946.5385 c2s 65536
1783134946.5386 c2s 65536
1783134946.5386 c2s 65536
1783134946.5389 c2s 65536
1783134946.5390 c2s 65536
1783134946.5392 c2s 65536
1783134946.5392 c2s 65536
1783134946.5395 c2s 65536
1783134946.5396 c2s 65536
1783134946.5397 c2s 65536
1783134946.5398 c2s 65536
1783134946.5401 c2s 65536
1783134946.5402 c2s 65536
1783134946.5403 c2s 65536
1783134946.5404 c2s 65536
1783134946.5406 c2s 65536
1783134946.5407 c2s 65536
1783134946.5409 c2s 65536
1783134946.5409 c2s 65536
1783134946.5412 c2s 65536
1783134946.5413 c2s 65536
1783134946.5414 c2s 65536
1783134946.5415 c2s 65536
1783134946.5418 c2s 65536
1783134946.5419 c2s 65536
1783134946.5420 c2s 65536
1783134946.5421 c2s 65536
1783134946.5423 c2s 65536
1783134946.5424 c2s 65536
1783134946.5426 c2s 65536
1783134946.5426 c2s 65536
1783134946.5429 c2s 65536
1783134946.5430 c2s 65536
1783134946.5431 c2s 65536
1783134946.5432 c2s 65536
1783134946.5435 c2s 65536
1783134946.5436 c2s 65536
1783134946.5437 c2s 65536
1783134946.5438 c2s 65536
1783134946.5441 c2s 65536
1783134946.5442 c2s 65536
1783134946.5443 c2s 65536
1783134946.5443 c2s 65536
1783134946.5446 c2s 65536
1783134946.5447 c2s 65536
1783134946.5448 c2s 65536
1783134946.5449 c2s 65536
1783134946.5452 c2s 65536
1783134946.5453 c2s 65536
1783134946.5454 c2s 65536
1783134946.5455 c2s 65536
1783134946.5457 c2s 65536
1783134946.5458 c2s 65536
1783134946.5459 c2s 65536
1783134946.5460 c2s 65536
1783134946.5463 c2s 65536
1783134946.5464 c2s 65536
1783134946.5465 c2s 65536
1783134946.5466 c2s 65536
1783134946.5469 c2s 65536
1783134946.5470 c2s 65536
1783134946.5471 c2s 65536
1783134946.5472 c2s 65536
1783134946.5475 c2s 65536
1783134946.5476 c2s 65536
1783134946.5477 c2s 65536
1783134946.5478 c2s 65536
1783134946.5481 c2s 65536
1783134946.5482 c2s 65536
1783134946.5483 c2s 65536
1783134946.5484 c2s 65536
1783134946.5486 c2s 65536
1783134946.5487 c2s 65536
1783134946.5488 c2s 65536
1783134946.5489 c2s 65536
1783134946.5492 c2s 65536
1783134946.5492 c2s 65536
1783134946.5494 c2s 65536
1783134946.5494 c2s 65536
1783134946.5497 c2s 65536
1783134946.5498 c2s 65536
1783134946.5499 c2s 65536
1783134946.5500 c2s 65536
1783134946.5502 c2s 65536
1783134946.5503 c2s 65536
1783134946.5505 c2s 65536
1783134946.5505 c2s 65536
1783134946.5508 c2s 65536
1783134946.5509 c2s 65536
1783134946.5510 c2s 65536
1783134946.5511 c2s 65536
1783134946.5514 c2s 65536
1783134946.5515 c2s 65536
1783134946.5516 c2s 65536
1783134946.5517 c2s 65536
1783134946.5520 c2s 65536
1783134946.5521 c2s 65536
1783134946.5522 c2s 65536
1783134946.5523 c2s 65536
1783134946.5526 c2s 65536
1783134946.5527 c2s 65536
1783134946.5528 c2s 65536
1783134946.5529 c2s 65536
1783134946.5532 c2s 65536
1783134946.5532 c2s 65536
1783134946.5534 c2s 65536
1783134946.5534 c2s 65536
1783134946.5537 c2s 65536
1783134946.5538 c2s 65536
1783134946.5539 c2s 65536
1783134946.5540 c2s 65536
1783134946.5543 c2s 65536
1783134946.5544 c2s 65536
1783134946.5545 c2s 65536
1783134946.5546 c2s 65536
1783134946.5549 c2s 65536
1783134946.5550 c2s 65536
1783134946.5551 c2s 65536
1783134946.5552 c2s 65536
1783134946.5555 c2s 65536
1783134946.5556 c2s 65536
1783134946.5557 c2s 65536
1783134946.5558 c2s 65536
1783134946.5561 c2s 65536
1783134946.5562 c2s 65536
1783134946.5563 c2s 65536
1783134946.5564 c2s 65536
1783134946.5567 c2s 65536
1783134946.5568 c2s 65536
1783134946.5569 c2s 65536
1783134946.5570 c2s 65536
1783134946.5573 c2s 65536
1783134946.5574 c2s 65536
1783134946.5575 c2s 65536
1783134946.5576 c2s 65536
1783134946.5579 c2s 65536
1783134946.5580 c2s 65536
1783134946.5581 c2s 65536
1783134946.5582 c2s 65536
1783134946.5585 c2s 65536
1783134946.5586 c2s 65536
1783134946.5587 c2s 65536
1783134946.5588 c2s 65536
1783134946.5591 c2s 65536
1783134946.5592 c2s 65536
1783134946.5593 c2s 65536
1783134946.5594 c2s 65536
1783134946.5597 c2s 65536
1783134946.5598 c2s 65536
1783134946.5600 c2s 65536
1783134946.5600 c2s 65536
1783134946.5604 c2s 65536
1783134946.5604 c2s 65536
1783134946.5606 c2s 65536
1783134946.5607 c2s 65536
1783134946.5609 c2s 65536
1783134946.5610 c2s 65536
1783134946.5612 c2s 65536
1783134946.5613 c2s 65536
1783134946.5616 c2s 65536
1783134946.5617 c2s 65536
1783134946.5618 c2s 65536
1783134946.5619 c2s 65536
1783134946.5622 c2s 65536
1783134946.5623 c2s 65536
1783134946.5624 c2s 65536
1783134946.5625 c2s 65536
1783134946.5628 c2s 65536
1783134946.5629 c2s 65536
1783134946.5630 c2s 65536
1783134946.5631 c2s 65536
1783134946.5634 c2s 65536
1783134946.5635 c2s 65536
1783134946.5637 c2s 65536
1783134946.5638 c2s 65536
1783134946.5641 c2s 65536
1783134946.5642 c2s 65536
1783134946.5643 c2s 65536
1783134946.5644 c2s 65536
1783134946.5647 c2s 65536
1783134946.5647 c2s 65536
1783134946.5649 c2s 65536
1783134946.5649 c2s 65536
1783134946.5652 c2s 65536
1783134946.5653 c2s 65536
1783134946.5654 c2s 65536
1783134946.5655 c2s 65536
1783134946.5658 c2s 65536
1783134946.5659 c2s 65536
1783134946.5660 c2s 65536
1783134946.5661 c2s 65536
1783134946.5664 c2s 65536
1783134946.5665 c2s 65536
1783134946.5666 c2s 65536
1783134946.5667 c2s 65536
1783134946.5670 c2s 65536
1783134946.5671 c2s 65536
1783134946.5672 c2s 65536
1783134946.5673 c2s 65536
1783134946.5676 c2s 65536
1783134946.5677 c2s 65536
1783134946.5678 c2s 65536
1783134946.5679 c2s 65536
1783134946.5682 c2s 65536
1783134946.5683 c2s 65536
1783134946.5685 c2s 65536
1783134946.5685 c2s 65536
1783134946.5688 c2s 65536
1783134946.5689 c2s 65536
1783134946.5690 c2s 65536
1783134946.5691 c2s 65536
1783134946.5694 c2s 65536
1783134946.5695 c2s 65536
1783134946.5697 c2s 65536
1783134946.5697 c2s 65536
1783134946.5700 c2s 65536
1783134946.5701 c2s 65536
1783134946.5702 c2s 65536
1783134946.5703 c2s 65536
1783134946.5706 c2s 65536
1783134946.5707 c2s 65536
1783134946.5709 c2s 65536
1783134946.5709 c2s 65536
1783134946.5712 c2s 65536
1783134946.5713 c2s 65536
1783134946.5714 c2s 65536
1783134946.5716 c2s 65536
1783134946.5719 c2s 65536
1783134946.5720 c2s 65536
1783134946.5721 c2s 65536
1783134946.5722 c2s 65536
1783134946.5725 c2s 65536
1783134946.5726 c2s 65536
1783134946.5727 c2s 65536
1783134946.5728 c2s 65536
1783134946.5731 c2s 65536
1783134946.5732 c2s 65536
1783134946.5733 c2s 65536
1783134946.5734 c2s 65536
1783134946.5737 c2s 65536
1783134946.5738 c2s 65536
1783134946.5739 c2s 65536
1783134946.5740 c2s 65536
1783134946.5743 c2s 65536
1783134946.5744 c2s 65536
1783134946.5745 c2s 65536
1783134946.5746 c2s 65536
1783134946.5749 c2s 65536
1783134946.5750 c2s 65536
1783134946.5751 c2s 65536
1783134946.5752 c2s 65536
1783134946.5756 c2s 65536
1783134946.5757 c2s 65536
1783134946.5758 c2s 65536
1783134946.5759 c2s 65536
1783134946.5762 c2s 65536
1783134946.5763 c2s 65536
1783134946.5764 c2s 65536
1783134946.5765 c2s 65536
1783134946.5768 c2s 65536
1783134946.5769 c2s 65536
1783134946.5770 c2s 65536
1783134946.5771 c2s 65536
1783134946.5774 c2s 65536
1783134946.5775 c2s 65536
1783134946.5776 c2s 65536
1783134946.5777 c2s 65536
1783134946.5780 c2s 65536
1783134946.5781 c2s 65536
1783134946.5782 c2s 65536
1783134946.5783 c2s 65536
1783134946.5786 c2s 65536
1783134946.5787 c2s 65536
1783134946.5788 c2s 65536
1783134946.5789 c2s 65536
1783134946.5792 c2s 65536
1783134946.5793 c2s 65536
1783134946.5794 c2s 65536
1783134946.5795 c2s 65536
1783134946.5798 c2s 65536
1783134946.5799 c2s 65536
1783134946.5801 c2s 65536
1783134946.5801 c2s 65536
1783134946.5805 c2s 65536
1783134946.5805 c2s 65536
1783134946.5807 c2s 65536
1783134946.5808 c2s 65536
1783134946.5810 c2s 65536
1783134946.5811 c2s 65536
1783134946.5813 c2s 65536
1783134946.5813 c2s 65536
1783134946.5816 c2s 65536
1783134946.5817 c2s 65536
1783134946.5818 c2s 65536
1783134946.5819 c2s 65536
1783134946.5822 c2s 65536
1783134946.5823 c2s 65536
1783134946.5824 c2s 65536
1783134946.5825 c2s 65536
1783134946.5828 c2s 65536
1783134946.5829 c2s 65536
1783134946.5831 c2s 65536
1783134946.5832 c2s 65536
1783134946.5835 c2s 65536
1783134946.5836 c2s 65536
1783134946.5837 c2s 65536
1783134946.5838 c2s 65536
1783134946.5841 c2s 65536
1783134946.5842 c2s 65536
1783134946.5843 c2s 65536
1783134946.5844 c2s 65536
1783134946.5847 c2s 65536
1783134946.5848 c2s 65536
1783134946.5849 c2s 65536
1783134946.5850 c2s 65536
1783134946.5853 c2s 65536
1783134946.5854 c2s 65536
1783134946.5855 c2s 65536
1783134946.5856 c2s 65536
1783134946.5859 c2s 65536
1783134946.5860 c2s 65536
1783134946.5861 c2s 65536
1783134946.5862 c2s 65536
1783134946.5865 c2s 65536
1783134946.5866 c2s 65536
1783134946.5868 c2s 65536
1783134946.5868 c2s 65536
1783134946.5871 c2s 65536
1783134946.5872 c2s 65536
1783134946.5873 c2s 65536
1783134946.5874 c2s 65536
1783134946.5877 c2s 65536
1783134946.5878 c2s 65536
1783134946.5880 c2s 65536
1783134946.5881 c2s 65536
1783134946.5884 c2s 65536
1783134946.5885 c2s 65536
1783134946.5886 c2s 65536
1783134946.5887 c2s 65536
1783134946.5890 c2s 65536
1783134946.5891 c2s 65536
1783134946.5892 c2s 65536
1783134946.5893 c2s 65536
1783134946.5896 c2s 65536
1783134946.5896 c2s 65536
1783134946.5898 c2s 65536
1783134946.5899 c2s 65536
1783134946.5902 c2s 65536
1783134946.5903 c2s 65536
1783134946.5904 c2s 65536
1783134946.5905 c2s 65536
1783134946.5908 c2s 65536
1783134946.5909 c2s 65536
1783134946.5910 c2s 65536
1783134946.5911 c2s 65536
1783134946.5914 c2s 65536
1783134946.5915 c2s 65536
1783134946.5916 c2s 65536
1783134946.5917 c2s 65536
1783134946.5920 c2s 65536
1783134946.5921 c2s 65536
1783134946.5922 c2s 65536
1783134946.5923 c2s 65536
1783134946.5926 c2s 65536
1783134946.5927 c2s 65536
1783134946.5928 c2s 65536
1783134946.5929 c2s 65536
1783134946.5932 c2s 65536
1783134946.5933 c2s 65536
1783134946.5935 c2s 65536
1783134946.5935 c2s 65536
1783134946.5938 c2s 65536
1783134946.5939 c2s 65536
1783134946.5940 c2s 65536
1783134946.5941 c2s 65536
1783134946.5945 c2s 65536
1783134946.5945 c2s 65536
1783134946.5947 c2s 65536
1783134946.5948 c2s 65536
1783134946.5951 c2s 65536
1783134946.5952 c2s 65536
1783134946.5953 c2s 65536
1783134946.5954 c2s 65536
1783134946.5958 c2s 65536
1783134946.5959 c2s 65536
1783134946.5960 c2s 65536
1783134946.5961 c2s 65536
1783134946.5964 c2s 65536
1783134946.5965 c2s 65536
1783134946.5966 c2s 65536
1783134946.5967 c2s 65536
1783134946.5970 c2s 65536
1783134946.5971 c2s 65536
1783134946.5973 c2s 65536
1783134946.5973 c2s 65536
1783134946.5977 c2s 65536
1783134946.5977 c2s 65536
1783134946.5979 c2s 65536
1783134946.5980 c2s 65536
1783134946.5982 c2s 65536
1783134946.5983 c2s 65536
1783134946.5985 c2s 65536
1783134946.5986 c2s 65536
1783134946.5989 c2s 65536
1783134946.5990 c2s 65536
1783134946.5991 c2s 65536
1783134946.5992 c2s 65536
1783134946.5995 c2s 65536
1783134946.5996 c2s 65536
1783134946.5997 c2s 65536
1783134946.5998 c2s 65536
1783134946.6001 c2s 65536
1783134946.6002 c2s 65536
1783134946.6004 c2s 65536
1783134946.6005 c2s 65536
1783134946.6007 c2s 65536
1783134946.6008 c2s 65536
1783134946.6010 c2s 65536
1783134946.6010 c2s 65536
1783134946.6013 c2s 65536
1783134946.6014 c2s 65536
1783134946.6016 c2s 65536
1783134946.6017 c2s 65536
1783134946.6020 c2s 65536
1783134946.6021 c2s 65536
1783134946.6022 c2s 65536
1783134946.6023 c2s 65536
1783134946.6025 c2s 65536
1783134946.6026 c2s 65536
1783134946.6028 c2s 65536
1783134946.6028 c2s 65536
1783134946.6031 c2s 65536
1783134946.6032 c2s 65536
1783134946.6034 c2s 65536
1783134946.6035 c2s 65536
1783134946.6038 c2s 65536
1783134946.6039 c2s 65536
1783134946.6040 c2s 65536
1783134946.6041 c2s 65536
1783134946.6044 c2s 65536
1783134946.6045 c2s 65536
1783134946.6046 c2s 65536
1783134946.6047 c2s 65536
1783134946.6050 c2s 65536
1783134946.6051 c2s 65536
1783134946.6052 c2s 65536
1783134946.6053 c2s 65536
1783134946.6056 c2s 65536
1783134946.6057 c2s 65536
1783134946.6058 c2s 65536
1783134946.6059 c2s 65536
1783134946.6061 c2s 65536
1783134946.6062 c2s 65536
1783134946.6064 c2s 65536
1783134946.6064 c2s 65536
1783134946.6067 c2s 65536
1783134946.6068 c2s 65536
1783134946.6069 c2s 65536
1783134946.6070 c2s 65536
1783134946.6073 c2s 65536
1783134946.6074 c2s 65536
1783134946.6076 c2s 65536
1783134946.6077 c2s 65536
1783134946.6080 c2s 65536
1783134946.6081 c2s 65536
1783134946.6082 c2s 65536
1783134946.6083 c2s 65536
1783134946.6085 c2s 65536
1783134946.6086 c2s 65536
1783134946.6087 c2s 65536
1783134946.6088 c2s 65536
1783134946.6091 c2s 65536
1783134946.6092 c2s 65536
1783134946.6093 c2s 65536
1783134946.6094 c2s 65536
1783134946.6096 c2s 65536
1783134946.6097 c2s 65536
1783134946.6099 c2s 65536
1783134946.6099 c2s 65536
1783134946.6102 c2s 65536
1783134946.6103 c2s 65536
1783134946.6104 c2s 65536
1783134946.6105 c2s 65536
1783134946.6108 c2s 65536
1783134946.6109 c2s 65536
1783134946.6110 c2s 65536
1783134946.6111 c2s 65536
1783134946.6113 c2s 65536
1783134946.6114 c2s 65536
1783134946.6116 c2s 65536
1783134946.6117 c2s 65536
1783134946.6119 c2s 65536
1783134946.6120 c2s 65536
1783134946.6122 c2s 65536
1783134946.6122 c2s 65536
1783134946.6125 c2s 65536
1783134946.6126 c2s 65536
1783134946.6127 c2s 65536
1783134946.6128 c2s 65536
1783134946.6130 c2s 65536
1783134946.6131 c2s 65536
1783134946.6133 c2s 65536
1783134946.6134 c2s 65536
1783134946.6136 c2s 65536
1783134946.6137 c2s 65536
1783134946.6138 c2s 65536
1783134946.6139 c2s 65536
1783134946.6142 c2s 65536
1783134946.6143 c2s 65536
1783134946.6144 c2s 65536
1783134946.6145 c2s 65536
1783134946.6147 c2s 65536
1783134946.6148 c2s 65536
1783134946.6149 c2s 65536
1783134946.6150 c2s 65536
1783134946.6153 c2s 65536
1783134946.6154 c2s 65536
1783134946.6155 c2s 65536
1783134946.6156 c2s 65536
1783134946.6159 c2s 65536
1783134946.6160 c2s 65536
1783134946.6161 c2s 65536
1783134946.6162 c2s 65536
1783134946.6164 c2s 65536
1783134946.6165 c2s 65536
1783134946.6166 c2s 65536
1783134946.6167 c2s 65536
1783134946.6170 c2s 65536
1783134946.6171 c2s 65536
1783134946.6172 c2s 65536
1783134946.6173 c2s 65536
1783134946.6175 c2s 65536
1783134946.6177 c2s 65536
1783134946.6177 c2s 49668
1783134946.7139 c2s 321
1783134946.7144 s2c 9
1783134946.7315 c2s 9
1783134946.7318 c2s 65536
1783134946.7320 c2s 65536
1783134946.7322 c2s 65536
1783134946.7323 c2s 65536
1783134946.7326 c2s 65536
1783134946.7327 c2s 65536
1783134946.7329 c2s 65536
1783134946.7330 c2s 65536
1783134946.7333 c2s 65536
1783134946.7334 c2s 65536
1783134946.7336 c2s 65536
1783134946.7337 c2s 65536
1783134946.7340 c2s 65536
1783134946.7342 c2s 65536
1783134946.7343 c2s 65536
1783134946.7344 c2s 65536
1783134946.7347 c2s 65536
1783134946.7348 c2s 65536
1783134946.7350 c2s 65536
1783134946.7351 c2s 65536
1783134946.7354 c2s 65536
1783134946.7355 c2s 65536
1783134946.7357 c2s 65536
1783134946.7358 c2s 65536
1783134946.7361 c2s 65536
1783134946.7362 c2s 65536
1783134946.7363 c2s 65536
1783134946.7364 c2s 65536
1783134946.7367 c2s 65536
1783134946.7368 c2s 65536
1783134946.7369 c2s 65536
1783134946.7369 c2s 65536
1783134946.7373 c2s 65536
1783134946.7374 c2s 65536
1783134946.7375 c2s 65536
1783134946.7376 c2s 65536
1783134946.7379 c2s 65536
1783134946.7380 c2s 65536
1783134946.7381 c2s 65536
1783134946.7382 c2s 65536
1783134946.7386 c2s 65536
1783134946.7386 c2s 65536
1783134946.7388 c2s 65536
1783134946.7388 c2s 65536
1783134946.7392 c2s 65536
1783134946.7392 c2s 65536
1783134946.7394 c2s 65536
1783134946.7395 c2s 65536
1783134946.7398 c2s 65536
1783134946.7399 c2s 65536
1783134946.7401 c2s 65536
1783134946.7401 c2s 65536
1783134946.7405 c2s 65536
1783134946.7406 c2s 65536
1783134946.7407 c2s 65536
1783134946.7407 c2s 65536
1783134946.7410 c2s 65536
1783134946.7411 c2s 65536
1783134946.7412 c2s 65536
1783134946.7413 c2s 65536
1783134946.7417 c2s 65536
1783134946.7418 c2s 65536
1783134946.7421 c2s 65536
1783134946.7422 c2s 65536
1783134946.7425 c2s 65536
1783134946.7428 c2s 65536
1783134946.7429 c2s 65536
1783134946.7430 c2s 65536
1783134946.7433 c2s 65536
1783134946.7434 c2s 65536
1783134946.7436 c2s 65536
1783134946.7437 c2s 65536
1783134946.7440 c2s 65536
1783134946.7441 c2s 65536
1783134946.7442 c2s 65536
1783134946.7443 c2s 65536
1783134946.7446 c2s 65536
1783134946.7447 c2s 65536
1783134946.7448 c2s 65536
1783134946.7449 c2s 65536
1783134946.7452 c2s 65536
1783134946.7453 c2s 65536
1783134946.7454 c2s 65536
1783134946.7455 c2s 65536
1783134946.7457 c2s 65536
1783134946.7458 c2s 65536
1783134946.7459 c2s 65536
1783134946.7460 c2s 65536
1783134946.7463 c2s 65536
1783134946.7464 c2s 65536
1783134946.7465 c2s 65536
1783134946.7466 c2s 65536
1783134946.7469 c2s 65536
1783134946.7470 c2s 65536
1783134946.7471 c2s 65536
1783134946.7472 c2s 65536
1783134946.7474 c2s 65536
1783134946.7476 c2s 65536
1783134946.7477 c2s 65536
1783134946.7478 c2s 65536
1783134946.7481 c2s 65536
1783134946.7482 c2s 65536
1783134946.7484 c2s 65536
1783134946.7485 c2s 65536
1783134946.7488 c2s 65536
1783134946.7489 c2s 65536
1783134946.7491 c2s 65536
1783134946.7492 c2s 65536
1783134946.7495 c2s 65536
1783134946.7496 c2s 65536
1783134946.7498 c2s 65536
1783134946.7499 c2s 65536
1783134946.7502 c2s 65536
1783134946.7503 c2s 65536
1783134946.7504 c2s 65536
1783134946.7505 c2s 65536
1783134946.7509 c2s 65536
1783134946.7510 c2s 65536
1783134946.7511 c2s 65536
1783134946.7512 c2s 65536
1783134946.7515 c2s 65536
1783134946.7516 c2s 65536
1783134946.7518 c2s 65536
1783134946.7519 c2s 65536
1783134946.7522 c2s 65536
1783134946.7523 c2s 65536
1783134946.7525 c2s 65536
1783134946.7526 c2s 65536
1783134946.7529 c2s 65536
1783134946.7530 c2s 65536
1783134946.7531 c2s 65536
1783134946.7532 c2s 65536
1783134946.7536 c2s 65536
1783134946.7537 c2s 65536
1783134946.7538 c2s 65536
1783134946.7539 c2s 65536
1783134946.7543 c2s 65536
1783134946.7544 c2s 65536
1783134946.7545 c2s 65536
1783134946.7546 c2s 65536
1783134946.7549 c2s 65536
1783134946.7550 c2s 65536
1783134946.7552 c2s 65536
1783134946.7553 c2s 65536
1783134946.7556 c2s 65536
1783134946.7557 c2s 65536
1783134946.7559 c2s 65536
1783134946.7560 c2s 65536
1783134946.7563 c2s 65536
1783134946.7564 c2s 65536
1783134946.7566 c2s 65536
1783134946.7567 c2s 65536
1783134946.7570 c2s 65536
1783134946.7571 c2s 65536
1783134946.7573 c2s 65536
1783134946.7574 c2s 65536
1783134946.7577 c2s 65536
1783134946.7578 c2s 65536
1783134946.7580 c2s 65536
1783134946.7581 c2s 65536
1783134946.7584 c2s 65536
1783134946.7585 c2s 65536
1783134946.7587 c2s 65536
1783134946.7588 c2s 65536
1783134946.7592 c2s 65536
1783134946.7593 c2s 65536
1783134946.7594 c2s 65536
1783134946.7596 c2s 65536
1783134946.7599 c2s 65536
1783134946.7600 c2s 65536
1783134946.7601 c2s 65536
1783134946.7602 c2s 65536
1783134946.7606 c2s 65536
1783134946.7607 c2s 65536
1783134946.7608 c2s 65536
1783134946.7609 c2s 65536
1783134946.7612 c2s 65536
1783134946.7613 c2s 65536
1783134946.7614 c2s 65536
1783134946.7615 c2s 65536
1783134946.7618 c2s 65536
1783134946.7619 c2s 65536
1783134946.7620 c2s 65536
1783134946.7621 c2s 65536
1783134946.7624 c2s 65536
1783134946.7625 c2s 65536
1783134946.7626 c2s 65536
1783134946.7627 c2s 65536
1783134946.7630 c2s 65536
1783134946.7631 c2s 65536
1783134946.7632 c2s 65536
1783134946.7633 c2s 65536
1783134946.7636 c2s 65536
1783134946.7638 c2s 65536
1783134946.7639 c2s 65536
1783134946.7640 c2s 65536
1783134946.7644 c2s 65536
1783134946.7645 c2s 65536
1783134946.7646 c2s 65536
1783134946.7647 c2s 65536
1783134946.7651 c2s 65536
1783134946.7652 c2s 65536
1783134946.7654 c2s 65536
1783134946.7655 c2s 65536
1783134946.7658 c2s 65536
1783134946.7659 c2s 65536
1783134946.7661 c2s 65536
1783134946.7662 c2s 65536
1783134946.7665 c2s 65536
1783134946.7666 c2s 65536
1783134946.7667 c2s 65536
1783134946.7668 c2s 65536
1783134946.7671 c2s 65536
1783134946.7672 c2s 65536
1783134946.7673 c2s 65536
1783134946.7674 c2s 65536
1783134946.7677 c2s 65536
1783134946.7678 c2s 65536
1783134946.7679 c2s 65536
1783134946.7680 c2s 65536
1783134946.7683 c2s 65536
1783134946.7684 c2s 65536
1783134946.7685 c2s 65536
1783134946.7686 c2s 65536
1783134946.7689 c2s 65536
1783134946.7690 c2s 65536
1783134946.7691 c2s 65536
1783134946.7692 c2s 65536
1783134946.7695 c2s 65536
1783134946.7696 c2s 65536
1783134946.7698 c2s 65536
1783134946.7699 c2s 65536
1783134946.7702 c2s 65536
1783134946.7703 c2s 65536
1783134946.7705 c2s 65536
1783134946.7706 c2s 65536
1783134946.7709 c2s 65536
1783134946.7711 c2s 65536
1783134946.7713 c2s 65536
1783134946.7714 c2s 65536
1783134946.7718 c2s 65536
1783134946.7719 c2s 65536
1783134946.7721 c2s 65536
1783134946.7722 c2s 65536
1783134946.7725 c2s 65536
1783134946.7726 c2s 65536
1783134946.7728 c2s 65536
1783134946.7729 c2s 65536
1783134946.7732 c2s 65536
1783134946.7733 c2s 65536
1783134946.7734 c2s 65536
1783134946.7735 c2s 65536
1783134946.7739 c2s 65536
1783134946.7740 c2s 65536
1783134946.7741 c2s 65536
1783134946.7742 c2s 65536
1783134946.7745 c2s 65536
1783134946.7747 c2s 65536
1783134946.7748 c2s 65536
1783134946.7749 c2s 65536
1783134946.7753 c2s 65536
1783134946.7754 c2s 65536
1783134946.7756 c2s 65536
1783134946.7757 c2s 65536
1783134946.7760 c2s 65536
1783134946.7761 c2s 65536
1783134946.7763 c2s 65536
1783134946.7764 c2s 65536
1783134946.7767 c2s 65536
1783134946.7768 c2s 65536
1783134946.7770 c2s 65536
1783134946.7771 c2s 65536
1783134946.7774 c2s 65536
1783134946.7775 c2s 65536
1783134946.7777 c2s 65536
1783134946.7778 c2s 65536
1783134946.7781 c2s 65536
1783134946.7782 c2s 65536
1783134946.7784 c2s 65536
1783134946.7785 c2s 65536
1783134946.7788 c2s 65536
1783134946.7789 c2s 65536
1783134946.7791 c2s 65536
1783134946.7792 c2s 65536
1783134946.7796 c2s 65536
1783134946.7797 c2s 65536
1783134946.7798 c2s 65536
1783134946.7799 c2s 65536
1783134946.7803 c2s 65536
1783134946.7804 c2s 65536
1783134946.7806 c2s 65536
1783134946.7807 c2s 65536
1783134946.7810 c2s 65536
1783134946.7811 c2s 65536
1783134946.7813 c2s 65536
1783134946.7814 c2s 65536
1783134946.7817 c2s 65536
1783134946.7818 c2s 65536
1783134946.7820 c2s 65536
1783134946.7821 c2s 65536
1783134946.7824 c2s 65536
1783134946.7826 c2s 65536
1783134946.7827 c2s 65536
1783134946.7828 c2s 65536
1783134946.7831 c2s 65536
1783134946.7832 c2s 65536
1783134946.7834 c2s 65536
1783134946.7835 c2s 65536
1783134946.7839 c2s 65536
1783134946.7840 c2s 65536
1783134946.7841 c2s 65536
1783134946.7842 c2s 65536
1783134946.7846 c2s 65536
1783134946.7847 c2s 65536
1783134946.7848 c2s 65536
1783134946.7849 c2s 65536
1783134946.7853 c2s 65536
1783134946.7854 c2s 65536
1783134946.7855 c2s 65536
1783134946.7856 c2s 65536
1783134946.7860 c2s 65536
1783134946.7861 c2s 65536
1783134946.7862 c2s 65536
1783134946.7863 c2s 65536
1783134946.7866 c2s 65536
1783134946.7867 c2s 65536
1783134946.7869 c2s 65536
1783134946.7870 c2s 65536
1783134946.7873 c2s 65536
1783134946.7874 c2s 65536
1783134946.7876 c2s 65536
1783134946.7877 c2s 65536
1783134946.7881 c2s 65536
1783134946.7882 c2s 65536
1783134946.7883 c2s 65536
1783134946.7884 c2s 65536
1783134946.7887 c2s 65536
1783134946.7888 c2s 65536
1783134946.7889 c2s 65536
1783134946.7890 c2s 65536
1783134946.7893 c2s 65536
1783134946.7895 c2s 65536
1783134946.7896 c2s 65536
1783134946.7897 c2s 65536
1783134946.7900 c2s 65536
1783134946.7901 c2s 65536
1783134946.7902 c2s 65536
1783134946.7903 c2s 65536
1783134946.7906 c2s 65536
1783134946.7907 c2s 65536
1783134946.7909 c2s 65536
1783134946.7909 c2s 65536
1783134946.7912 c2s 65536
1783134946.7913 c2s 65536
1783134946.7915 c2s 65536
1783134946.7916 c2s 65536
1783134946.7919 c2s 65536
1783134946.7920 c2s 65536
1783134946.7922 c2s 65536
1783134946.7923 c2s 65536
1783134946.7925 c2s 65536
1783134946.7926 c2s 65536
1783134946.7928 c2s 65536
1783134946.7929 c2s 65536
1783134946.7932 c2s 65536
1783134946.7933 c2s 65536
1783134946.7934 c2s 65536
1783134946.7935 c2s 65536
1783134946.7938 c2s 65536
1783134946.7939 c2s 65536
1783134946.7940 c2s 65536
1783134946.7941 c2s 65536
1783134946.7944 c2s 65536
1783134946.7945 c2s 65536
1783134946.7946 c2s 65536
1783134946.7947 c2s 65536
1783134946.7950 c2s 65536
1783134946.7951 c2s 65536
1783134946.7952 c2s 65536
1783134946.7953 c2s 65536
1783134946.7956 c2s 65536
1783134946.7957 c2s 65536
1783134946.7958 c2s 65536
1783134946.7959 c2s 65536
1783134946.7962 c2s 65536
1783134946.7963 c2s 65536
1783134946.7964 c2s 65536
1783134946.7965 c2s 65536
1783134946.7968 c2s 65536
1783134946.7969 c2s 65536
1783134946.7971 c2s 65536
1783134946.7971 c2s 65536
1783134946.7974 c2s 65536
1783134946.7975 c2s 65536
1783134946.7976 c2s 65536
1783134946.7978 c2s 65536
1783134946.7981 c2s 65536
1783134946.7982 c2s 65536
1783134946.7983 c2s 65536
1783134946.7984 c2s 65536
1783134946.7987 c2s 65536
1783134946.7988 c2s 65536
1783134946.7989 c2s 65536
1783134946.7990 c2s 65536
1783134946.7993 c2s 65536
1783134946.7994 c2s 65536
1783134946.7996 c2s 65536
1783134946.7997 c2s 65536
1783134946.8000 c2s 65536
1783134946.8001 c2s 65536
1783134946.8003 c2s 65536
1783134946.8004 c2s 65536
1783134946.8006 c2s 65536
1783134946.8007 c2s 65536
1783134946.8009 c2s 65536
1783134946.8010 c2s 65536
1783134946.8013 c2s 65536
1783134946.8014 c2s 65536
1783134946.8015 c2s 65536
1783134946.8016 c2s 65536
1783134946.8019 c2s 65536
1783134946.8020 c2s 65536
1783134946.8021 c2s 65536
1783134946.8022 c2s 65536
1783134946.8025 c2s 65536
1783134946.8026 c2s 65536
1783134946.8027 c2s 65536
1783134946.8028 c2s 65536
1783134946.8031 c2s 65536
1783134946.8032 c2s 65536
1783134946.8033 c2s 65536
1783134946.8034 c2s 65536
1783134946.8037 c2s 65536
1783134946.8038 c2s 65536
1783134946.8039 c2s 65536
1783134946.8040 c2s 65536
1783134946.8043 c2s 65536
1783134946.8044 c2s 65536
1783134946.8046 c2s 65536
1783134946.8047 c2s 65536
1783134946.8049 c2s 65536
1783134946.8050 c2s 65536
1783134946.8052 c2s 65536
1783134946.8053 c2s 65536
1783134946.8057 c2s 65536
1783134946.8057 c2s 65536
1783134946.8059 c2s 65536
1783134946.8060 c2s 65536
1783134946.8062 c2s 65536
1783134946.8063 c2s 65536
1783134946.8065 c2s 65536
1783134946.8066 c2s 65536
1783134946.8069 c2s 65536
1783134946.8070 c2s 65536
1783134946.8071 c2s 65536
1783134946.8072 c2s 65536
1783134946.8075 c2s 65536
1783134946.8076 c2s 65536
1783134946.8077 c2s 65536
1783134946.8078 c2s 65536
1783134946.8081 c2s 65536
1783134946.8082 c2s 65536
1783134946.8084 c2s 65536
1783134946.8084 c2s 65536
1783134946.8087 c2s 65536
1783134946.8088 c2s 65536
1783134946.8089 c2s 65536
1783134946.8090 c2s 65536
1783134946.8093 c2s 65536
1783134946.8094 c2s 65536
1783134946.8096 c2s 65536
1783134946.8096 c2s 65536
1783134946.8099 c2s 65536
1783134946.8100 c2s 65536
1783134946.8102 c2s 65536
1783134946.8103 c2s 65536
1783134946.8105 c2s 65536
1783134946.8106 c2s 65536
1783134946.8107 c2s 65536
1783134946.8108 c2s 65536
1783134946.8111 c2s 65536
1783134946.8112 c2s 65536
1783134946.8113 c2s 65536
1783134946.8114 c2s 65536
1783134946.8118 c2s 65536
1783134946.8119 c2s 65536
1783134946.8120 c2s 65536
1783134946.8121 c2s 65536
1783134946.8124 c2s 65536
1783134946.8125 c2s 65536
1783134946.8126 c2s 65536
1783134946.8127 c2s 65536
1783134946.8130 c2s 65536
1783134946.8131 c2s 65536
1783134946.8132 c2s 65536
1783134946.8133 c2s 65536
1783134946.8136 c2s 65536
1783134946.8137 c2s 65536
1783134946.8138 c2s 65536
1783134946.8139 c2s 65536
1783134946.8142 c2s 65536
1783134946.8146 c2s 65536
1783134946.8147 c2s 65536
1783134946.8148 c2s 65536
1783134946.8151 c2s 65536
1783134946.8153 c2s 65536
1783134946.8154 c2s 65536
1783134946.8155 c2s 65536
1783134946.8158 c2s 65536
1783134946.8159 c2s 65536
1783134946.8160 c2s 65536
1783134946.8161 c2s 65536
1783134946.8164 c2s 65536
1783134946.8165 c2s 65536
1783134946.8166 c2s 65536
1783134946.8167 c2s 65536
1783134946.8170 c2s 65536
1783134946.8171 c2s 65536
1783134946.8172 c2s 65536
1783134946.8173 c2s 65536
1783134946.8176 c2s 65536
1783134946.8177 c2s 65536
1783134946.8178 c2s 65536
1783134946.8179 c2s 65536
1783134946.8182 c2s 65536
1783134946.8183 c2s 65536
1783134946.8184 c2s 65536
1783134946.8185 c2s 65536
1783134946.8188 c2s 65536
1783134946.8189 c2s 65536
1783134946.8191 c2s 65536
1783134946.8191 c2s 65536
1783134946.8194 c2s 65536
1783134946.8196 c2s 65536
1783134946.8197 c2s 65536
1783134946.8198 c2s 65536
1783134946.8201 c2s 65536
1783134946.8202 c2s 65536
1783134946.8203 c2s 65536
1783134946.8204 c2s 65536
1783134946.8207 c2s 65536
1783134946.8208 c2s 65536
1783134946.8209 c2s 65536
1783134946.8210 c2s 65536
1783134946.8213 c2s 65536
1783134946.8214 c2s 65536
1783134946.8215 c2s 65536
1783134946.8216 c2s 65536
1783134946.8219 c2s 65536
1783134946.8220 c2s 65536
1783134946.8221 c2s 65536
1783134946.8222 c2s 65536
1783134946.8225 c2s 65536
1783134946.8226 c2s 65536
1783134946.8228 c2s 65536
1783134946.8228 c2s 65536
1783134946.8232 c2s 65536
1783134946.8233 c2s 65536
1783134946.8234 c2s 65536
1783134946.8235 c2s 65536
1783134946.8238 c2s 65536
1783134946.8239 c2s 65536
1783134946.8241 c2s 65536
1783134946.8241 c2s 65536
1783134946.8244 c2s 65536
1783134946.8245 c2s 65536
1783134946.8247 c2s 65536
1783134946.8248 c2s 65536
1783134946.8251 c2s 65536
1783134946.8252 c2s 65536
1783134946.8253 c2s 65536
1783134946.8254 c2s 65536
1783134946.8257 c2s 65536
1783134946.8258 c2s 65536
1783134946.8259 c2s 65536
1783134946.8260 c2s 65536
1783134946.8263 c2s 65536
1783134946.8264 c2s 65536
1783134946.8265 c2s 65536
1783134946.8266 c2s 65536
1783134946.8269 c2s 65536
1783134946.8270 c2s 65536
1783134946.8271 c2s 65536
1783134946.8272 c2s 65536
1783134946.8275 c2s 65536
1783134946.8276 c2s 65536
1783134946.8278 c2s 65536
1783134946.8278 c2s 65536
1783134946.8281 c2s 65536
1783134946.8282 c2s 65536
1783134946.8284 c2s 65536
1783134946.8284 c2s 65536
1783134946.8288 c2s 65536
1783134946.8289 c2s 65536
1783134946.8290 c2s 65536
1783134946.8291 c2s 65536
1783134946.8294 c2s 65536
1783134946.8295 c2s 65536
1783134946.8296 c2s 65536
1783134946.8297 c2s 65536
1783134946.8300 c2s 65536
1783134946.8301 c2s 65536
1783134946.8302 c2s 65536
1783134946.8303 c2s 65536
1783134946.8306 c2s 65536
1783134946.8307 c2s 65536
1783134946.8308 c2s 65536
1783134946.8309 c2s 65536
1783134946.8312 c2s 65536
1783134946.8313 c2s 65536
1783134946.8314 c2s 65536
1783134946.8316 c2s 65536
1783134946.8318 c2s 65536
1783134946.8319 c2s 65536
1783134946.8321 c2s 65536
1783134946.8322 c2s 65536
1783134946.8325 c2s 65536
1783134946.8326 c2s 65536
1783134946.8327 c2s 65536
1783134946.8328 c2s 65536
1783134946.8331 c2s 65536
1783134946.8332 c2s 65536
1783134946.8333 c2s 65536
1783134946.8334 c2s 65536
1783134946.8337 c2s 65536
1783134946.8338 c2s 65536
1783134946.8339 c2s 65536
1783134946.8340 c2s 65536
1783134946.8343 c2s 65536
1783134946.8344 c2s 65536
1783134946.8345 c2s 65536
1783134946.8346 c2s 65536
1783134946.8349 c2s 65536
1783134946.8350 c2s 65536
1783134946.8351 c2s 65536
1783134946.8352 c2s 65536
1783134946.8355 c2s 65536
1783134946.8357 c2s 65536
1783134946.8358 c2s 65536
1783134946.8359 c2s 65536
1783134946.8361 c2s 65536
1783134946.8362 c2s 65536
1783134946.8364 c2s 65536
1783134946.8365 c2s 65536
1783134946.8368 c2s 65536
1783134946.8369 c2s 65536
1783134946.8370 c2s 65536
1783134946.8371 c2s 65536
1783134946.8374 c2s 65536
1783134946.8375 c2s 65536
1783134946.8376 c2s 65536
1783134946.8377 c2s 65536
1783134946.8380 c2s 65536
1783134946.8381 c2s 65536
1783134946.8382 c2s 65536
1783134946.8383 c2s 65536
1783134946.8386 c2s 65536
1783134946.8387 c2s 65536
1783134946.8388 c2s 65536
1783134946.8389 c2s 65536
1783134946.8392 c2s 65536
1783134946.8393 c2s 65536
1783134946.8395 c2s 65536
1783134946.8396 c2s 65536
1783134946.8399 c2s 65536
1783134946.8400 c2s 65536
1783134946.8401 c2s 65536
1783134946.8402 c2s 65536
1783134946.8405 c2s 65536
1783134946.8406 c2s 65536
1783134946.8407 c2s 65536
1783134946.8408 c2s 65536
1783134946.8411 c2s 65536
1783134946.8412 c2s 65536
1783134946.8413 c2s 65536
1783134946.8414 c2s 65536
1783134946.8417 c2s 65536
1783134946.8418 c2s 65536
1783134946.8419 c2s 65536
1783134946.8420 c2s 65536
1783134946.8423 c2s 65536
1783134946.8424 c2s 65536
1783134946.8426 c2s 65536
1783134946.8427 c2s 65536
1783134946.8429 c2s 65536
1783134946.8430 c2s 65536
1783134946.8432 c2s 65536
1783134946.8432 c2s 65536
1783134946.8436 c2s 65536
1783134946.8437 c2s 65536
1783134946.8438 c2s 65536
1783134946.8439 c2s 65536
1783134946.8442 c2s 65536
1783134946.8443 c2s 65536
1783134946.8444 c2s 65536
1783134946.8445 c2s 65536
1783134946.8448 c2s 65536
1783134946.8449 c2s 65536
1783134946.8451 c2s 65536
1783134946.8452 c2s 65536
1783134946.8454 c2s 65536
1783134946.8455 c2s 65536
1783134946.8457 c2s 65536
1783134946.8457 c2s 65536
1783134946.8461 c2s 65536
1783134946.8462 c2s 65536
1783134946.8463 c2s 65536
1783134946.8464 c2s 65536
1783134946.8467 c2s 65536
1783134946.8468 c2s 65536
1783134946.8469 c2s 65536
1783134946.8470 c2s 65536
1783134946.8473 c2s 65536
1783134946.8474 c2s 65536
1783134946.8476 c2s 65536
1783134946.8477 c2s 65536
1783134946.8480 c2s 65536
1783134946.8481 c2s 65536
1783134946.8482 c2s 65536
1783134946.8483 c2s 65536
1783134946.8486 c2s 65536
1783134946.8487 c2s 65536
1783134946.8488 c2s 65536
1783134946.8489 c2s 65536
1783134946.8492 c2s 65536
1783134946.8494 c2s 65536
1783134946.8495 c2s 65536
1783134946.8496 c2s 65536
1783134946.8499 c2s 65536
1783134946.8500 c2s 65536
1783134946.8501 c2s 65536
1783134946.8502 c2s 65536
1783134946.8505 c2s 65536
1783134946.8506 c2s 65536
1783134946.8507 c2s 65536
1783134946.8508 c2s 65536
1783134946.8511 c2s 65536
1783134946.8512 c2s 65536
1783134946.8513 c2s 65536
1783134946.8514 c2s 65536
1783134946.8518 c2s 65536
1783134946.8519 c2s 65536
1783134946.8520 c2s 65536
1783134946.8521 c2s 65536
1783134946.8524 c2s 65536
1783134946.8525 c2s 65536
1783134946.8526 c2s 65536
1783134946.8527 c2s 65536
1783134946.8530 c2s 65536
1783134946.8531 c2s 65536
1783134946.8532 c2s 65536
1783134946.8533 c2s 65536
1783134946.8536 c2s 65536
1783134946.8537 c2s 65536
1783134946.8538 c2s 65536
1783134946.8539 c2s 65536
1783134946.8542 c2s 65536
1783134946.8543 c2s 65536
1783134946.8544 c2s 65536
1783134946.8545 c2s 65536
1783134946.8548 c2s 65536
1783134946.8549 c2s 65536
1783134946.8550 c2s 65536
1783134946.8551 c2s 65536
1783134946.8554 c2s 65536
1783134946.8555 c2s 65536
1783134946.8557 c2s 65536
1783134946.8557 c2s 65536
1783134946.8560 c2s 65536
1783134946.8561 c2s 65536
1783134946.8562 c2s 65536
1783134946.8563 c2s 65536
1783134946.8566 c2s 65536
1783134946.8567 c2s 65536
1783134946.8568 c2s 65536
1783134946.8569 c2s 65536
1783134946.8571 c2s 65536
1783134946.8572 c2s 65536
1783134946.8574 c2s 65536
1783134946.8574 c2s 65536
1783134946.8577 c2s 65536
1783134946.8578 c2s 65536
1783134946.8580 c2s 65536
1783134946.8580 c2s 65536
1783134946.8583 c2s 65536
1783134946.8584 c2s 65536
1783134946.8585 c2s 65536
1783134946.8586 c2s 65536
1783134946.8588 c2s 65536
1783134946.8589 c2s 65536
1783134946.8591 c2s 65536
1783134946.8592 c2s 65536
1783134946.8594 c2s 65536
1783134946.8596 c2s 65536
1783134946.8597 c2s 65536
1783134946.8598 c2s 65536
1783134946.8600 c2s 65536
1783134946.8601 c2s 65536
1783134946.8603 c2s 65536
1783134946.8603 c2s 65536
1783134946.8606 c2s 65536
1783134946.8607 c2s 65536
1783134946.8608 c2s 65536
1783134946.8609 c2s 65536
1783134946.8612 c2s 65536
1783134946.8613 c2s 65536
1783134946.8614 c2s 65536
1783134946.8615 c2s 65536
1783134946.8617 c2s 65536
1783134946.8618 c2s 65536
1783134946.8620 c2s 65536
1783134946.8621 c2s 65536
1783134946.8623 c2s 65536
1783134946.8624 c2s 65536
1783134946.8625 c2s 65536
1783134946.8626 c2s 65536
1783134946.8629 c2s 65536
1783134946.8630 c2s 65536
1783134946.8631 c2s 65536
1783134946.8632 c2s 65536
1783134946.8635 c2s 65536
1783134946.8636 c2s 65536
1783134946.8637 c2s 65536
1783134946.8638 c2s 65536
1783134946.8640 c2s 65536
1783134946.8641 c2s 65536
1783134946.8643 c2s 65536
1783134946.8644 c2s 65536
1783134946.8646 c2s 65536
1783134946.8647 c2s 65536
1783134946.8648 c2s 65536
1783134946.8649 c2s 65536
1783134946.8652 c2s 65536
1783134946.8653 c2s 65536
1783134946.8654 c2s 65536
1783134946.8655 c2s 65536
1783134946.8657 c2s 65536
1783134946.8658 c2s 65536
1783134946.8660 c2s 65536
1783134946.8660 c2s 65536
1783134946.8663 c2s 65536
1783134946.8664 c2s 65536
1783134946.8665 c2s 65536
1783134946.8666 c2s 65536
1783134946.8669 c2s 65536
1783134946.8670 c2s 65536
1783134946.8672 c2s 65536
1783134946.8673 c2s 65536
1783134946.8675 c2s 65536
1783134946.8676 c2s 55600
1783134946.9569 c2s 321
1783134946.9574 s2c 9
1783134946.9694 c2s 65492
1783134946.9697 c2s 65536
1783134946.9698 c2s 65536
1783134946.9700 c2s 65536
1783134946.9701 c2s 65536
1783134946.9704 c2s 65536
1783134946.9705 c2s 65536
1783134946.9706 c2s 65536
1783134946.9707 c2s 65536
1783134946.9710 c2s 65536
1783134946.9711 c2s 65536
1783134946.9712 c2s 65536
1783134946.9713 c2s 65536
1783134946.9717 c2s 65536
1783134946.9718 c2s 65536
1783134946.9719 c2s 65536
1783134946.9720 c2s 65536
1783134946.9723 c2s 65536
1783134946.9724 c2s 65536
1783134946.9726 c2s 65536
1783134946.9726 c2s 65536
1783134946.9729 c2s 65536
1783134946.9730 c2s 65536
1783134946.9731 c2s 65536
1783134946.9732 c2s 65536
1783134946.9735 c2s 65536
1783134946.9736 c2s 65536
1783134946.9737 c2s 65536
1783134946.9738 c2s 65536
1783134946.9740 c2s 65536
1783134946.9741 c2s 65536
1783134946.9742 c2s 65536
1783134946.9743 c2s 65536
1783134946.9745 c2s 65536
1783134946.9746 c2s 65536
1783134946.9747 c2s 65536
1783134946.9748 c2s 65536
1783134946.9751 c2s 65536
1783134946.9752 c2s 65536
1783134946.9753 c2s 65536
1783134946.9753 c2s 65536
1783134946.9757 c2s 65536
1783134946.9758 c2s 65536
1783134946.9759 c2s 65536
1783134946.9760 c2s 65536
1783134946.9763 c2s 65536
1783134946.9764 c2s 65536
1783134946.9765 c2s 65536
1783134946.9765 c2s 65536
1783134946.9769 c2s 65536
1783134946.9769 c2s 65536
1783134946.9770 c2s 65536
1783134946.9771 c2s 65536
1783134946.9776 c2s 65536
1783134946.9777 c2s 65536
1783134946.9779 c2s 65536
1783134946.9780 c2s 65536
1783134946.9782 c2s 65536
1783134946.9783 c2s 65536
1783134946.9784 c2s 65536
1783134946.9785 c2s 65536
1783134946.9788 c2s 65536
1783134946.9789 c2s 65536
1783134946.9790 c2s 65536
1783134946.9791 c2s 65536
1783134946.9794 c2s 65536
1783134946.9795 c2s 65536
1783134946.9797 c2s 65536
1783134946.9797 c2s 65536
1783134946.9800 c2s 65536
1783134946.9801 c2s 65536
1783134946.9803 c2s 65536
1783134946.9803 c2s 65536
1783134946.9806 c2s 65536
1783134946.9807 c2s 65536
1783134946.9809 c2s 65536
1783134946.9810 c2s 65536
1783134946.9813 c2s 65536
1783134946.9814 c2s 65536
1783134946.9815 c2s 65536
1783134946.9816 c2s 65536
1783134946.9819 c2s 65536
1783134946.9820 c2s 65536
1783134946.9821 c2s 65536
1783134946.9822 c2s 65536
1783134946.9825 c2s 65536
1783134946.9826 c2s 65536
1783134946.9827 c2s 65536
1783134946.9828 c2s 65536
1783134946.9831 c2s 65536
1783134946.9832 c2s 65536
1783134946.9833 c2s 65536
1783134946.9834 c2s 65536
1783134946.9837 c2s 65536
1783134946.9838 c2s 65536
1783134946.9839 c2s 65536
1783134946.9840 c2s 65536
1783134946.9843 c2s 65536
1783134946.9844 c2s 65536
1783134946.9845 c2s 65536
1783134946.9846 c2s 65536
1783134946.9849 c2s 65536
1783134946.9850 c2s 65536
1783134946.9851 c2s 65536
1783134946.9852 c2s 65536
1783134946.9855 c2s 65536
1783134946.9856 c2s 65536
1783134946.9857 c2s 65536
1783134946.9858 c2s 65536
1783134946.9861 c2s 65536
1783134946.9862 c2s 65536
1783134946.9863 c2s 65536
1783134946.9864 c2s 65536
1783134946.9867 c2s 65536
1783134946.9868 c2s 65536
1783134946.9869 c2s 65536
1783134946.9870 c2s 65536
1783134946.9873 c2s 65536
1783134946.9874 c2s 65536
1783134946.9876 c2s 65536
1783134946.9877 c2s 65536
1783134946.9880 c2s 65536
1783134946.9881 c2s 65536
1783134946.9882 c2s 65536
1783134946.9883 c2s 65536
1783134946.9886 c2s 65536
1783134946.9887 c2s 65536
1783134946.9888 c2s 65536
1783134946.9889 c2s 65536
1783134946.9892 c2s 65536
1783134946.9893 c2s 65536
1783134946.9894 c2s 65536
1783134946.9895 c2s 65536
1783134946.9898 c2s 65536
1783134946.9899 c2s 65536
1783134946.9900 c2s 65536
1783134946.9901 c2s 65536
1783134946.9904 c2s 65536
1783134946.9905 c2s 65536
1783134946.9906 c2s 65536
1783134946.9907 c2s 65536
1783134946.9910 c2s 65536
1783134946.9911 c2s 65536
1783134946.9912 c2s 65536
1783134946.9913 c2s 65536
1783134946.9917 c2s 65536
1783134946.9918 c2s 65536
1783134946.9919 c2s 65536
1783134946.9920 c2s 65536
1783134946.9923 c2s 65536
1783134946.9924 c2s 65536
1783134946.9925 c2s 65536
1783134946.9926 c2s 65536
1783134946.9929 c2s 65536
1783134946.9930 c2s 65536
1783134946.9931 c2s 65536
1783134946.9932 c2s 65536
1783134946.9935 c2s 65536
1783134946.9936 c2s 65536
1783134946.9937 c2s 65536
1783134946.9938 c2s 65536
1783134946.9941 c2s 65536
1783134946.9942 c2s 65536
1783134946.9943 c2s 65536
1783134946.9944 c2s 65536
1783134946.9947 c2s 65536
1783134946.9948 c2s 65536
1783134946.9949 c2s 65536
1783134946.9950 c2s 65536
1783134946.9954 c2s 65536
1783134946.9955 c2s 65536
1783134946.9956 c2s 65536
1783134946.9957 c2s 65536
1783134946.9960 c2s 65536
1783134946.9961 c2s 65536
1783134946.9962 c2s 65536
1783134946.9963 c2s 65536
1783134946.9967 c2s 65536
1783134946.9967 c2s 65536
1783134946.9969 c2s 65536
1783134946.9970 c2s 65536
1783134946.9973 c2s 65536
1783134946.9974 c2s 65536
1783134946.9975 c2s 65536
1783134946.9976 c2s 65536
1783134946.9979 c2s 65536
1783134946.9980 c2s 65536
1783134946.9981 c2s 65536
1783134946.9982 c2s 65536
1783134946.9985 c2s 65536
1783134946.9986 c2s 65536
1783134946.9987 c2s 65536
1783134946.9988 c2s 65536
1783134946.9991 c2s 65536
1783134946.9992 c2s 65536
1783134946.9993 c2s 65536
1783134946.9994 c2s 65536
1783134946.9997 c2s 65536
1783134946.9998 c2s 65536
1783134947.0000 c2s 65536
1783134947.0000 c2s 65536
1783134947.0004 c2s 65536
1783134947.0005 c2s 65536
1783134947.0006 c2s 65536
1783134947.0007 c2s 65536
1783134947.0010 c2s 65536
1783134947.0011 c2s 65536
1783134947.0012 c2s 65536
1783134947.0013 c2s 65536
1783134947.0016 c2s 65536
1783134947.0017 c2s 65536
1783134947.0018 c2s 65536
1783134947.0019 c2s 65536
1783134947.0022 c2s 65536
1783134947.0023 c2s 65536
1783134947.0025 c2s 65536
1783134947.0025 c2s 65536
1783134947.0028 c2s 65536
1783134947.0029 c2s 65536
1783134947.0031 c2s 65536
1783134947.0031 c2s 65536
1783134947.0034 c2s 65536
1783134947.0036 c2s 65536
1783134947.0037 c2s 65536
1783134947.0038 c2s 65536
1783134947.0041 c2s 65536
1783134947.0042 c2s 65536
1783134947.0043 c2s 65536
1783134947.0044 c2s 65536
1783134947.0047 c2s 65536
1783134947.0048 c2s 65536
1783134947.0049 c2s 65536
1783134947.0050 c2s 65536
1783134947.0053 c2s 65536
1783134947.0054 c2s 65536
1783134947.0055 c2s 65536
1783134947.0056 c2s 65536
1783134947.0059 c2s 65536
1783134947.0060 c2s 65536
1783134947.0061 c2s 65536
1783134947.0062 c2s 65536
1783134947.0065 c2s 65536
1783134947.0066 c2s 65536
1783134947.0067 c2s 65536
1783134947.0068 c2s 65536
1783134947.0071 c2s 65536
1783134947.0072 c2s 65536
1783134947.0073 c2s 65536
1783134947.0074 c2s 65536
1783134947.0078 c2s 65536
1783134947.0079 c2s 65536
1783134947.0080 c2s 65536
1783134947.0081 c2s 65536
1783134947.0084 c2s 65536
1783134947.0085 c2s 65536
1783134947.0086 c2s 65536
1783134947.0087 c2s 65536
1783134947.0090 c2s 65536
1783134947.0091 c2s 65536
1783134947.0092 c2s 65536
1783134947.0093 c2s 65536
1783134947.0095 c2s 65536
1783134947.0096 c2s 65536
1783134947.0098 c2s 65536
1783134947.0099 c2s 65536
1783134947.0102 c2s 65536
1783134947.0103 c2s 65536
1783134947.0104 c2s 65536
1783134947.0105 c2s 65536
1783134947.0108 c2s 65536
1783134947.0109 c2s 65536
1783134947.0110 c2s 65536
1783134947.0111 c2s 65536
1783134947.0114 c2s 65536
1783134947.0115 c2s 65536
1783134947.0116 c2s 65536
1783134947.0117 c2s 65536
1783134947.0120 c2s 65536
1783134947.0121 c2s 65536
1783134947.0122 c2s 65536
1783134947.0123 c2s 65536
1783134947.0126 c2s 65536
1783134947.0127 c2s 65536
1783134947.0128 c2s 65536
1783134947.0129 c2s 65536
1783134947.0132 c2s 65536
1783134947.0133 c2s 65536
1783134947.0134 c2s 65536
1783134947.0135 c2s 65536
1783134947.0138 c2s 65536
1783134947.0139 c2s 65536
1783134947.0141 c2s 65536
1783134947.0141 c2s 65536
1783134947.0144 c2s 65536
1783134947.0145 c2s 65536
1783134947.0147 c2s 65536
1783134947.0147 c2s 65536
1783134947.0151 c2s 65536
1783134947.0152 c2s 65536
1783134947.0153 c2s 65536
1783134947.0154 c2s 65536
1783134947.0157 c2s 65536
1783134947.0158 c2s 65536
1783134947.0159 c2s 65536
1783134947.0160 c2s 65536
1783134947.0163 c2s 65536
1783134947.0164 c2s 65536
1783134947.0165 c2s 65536
1783134947.0166 c2s 65536
1783134947.0169 c2s 65536
1783134947.0170 c2s 65536
1783134947.0171 c2s 65536
1783134947.0172 c2s 65536
1783134947.0175 c2s 65536
1783134947.0176 c2s 65536
1783134947.0177 c2s 65536
1783134947.0178 c2s 65536
1783134947.0181 c2s 65536
1783134947.0182 c2s 65536
1783134947.0183 c2s 65536
1783134947.0184 c2s 65536
1783134947.0187 c2s 65536
1783134947.0188 c2s 65536
1783134947.0189 c2s 65536
1783134947.0190 c2s 65536
1783134947.0193 c2s 65536
1783134947.0194 c2s 65536
1783134947.0196 c2s 65536
1783134947.0197 c2s 65536
1783134947.0200 c2s 65536
1783134947.0201 c2s 65536
1783134947.0203 c2s 65536
1783134947.0203 c2s 65536
1783134947.0207 c2s 65536
1783134947.0208 c2s 65536
1783134947.0209 c2s 65536
1783134947.0210 c2s 65536
1783134947.0213 c2s 65536
1783134947.0214 c2s 65536
1783134947.0215 c2s 65536
1783134947.0216 c2s 65536
1783134947.0219 c2s 65536
1783134947.0220 c2s 65536
1783134947.0221 c2s 65536
1783134947.0222 c2s 65536
1783134947.0225 c2s 65536
1783134947.0226 c2s 65536
1783134947.0227 c2s 65536
1783134947.0228 c2s 65536
1783134947.0231 c2s 65536
1783134947.0232 c2s 65536
1783134947.0233 c2s 65536
1783134947.0234 c2s 65536
1783134947.0237 c2s 65536
1783134947.0238 c2s 65536
1783134947.0240 c2s 65536
1783134947.0240 c2s 65536
1783134947.0243 c2s 65536
1783134947.0244 c2s 65536
1783134947.0246 c2s 65536
1783134947.0247 c2s 65536
1783134947.0250 c2s 65536
1783134947.0251 c2s 65536
1783134947.0253 c2s 65536
1783134947.0253 c2s 65536
1783134947.0256 c2s 65536
1783134947.0257 c2s 65536
1783134947.0259 c2s 65536
1783134947.0259 c2s 65536
1783134947.0262 c2s 65536
1783134947.0263 c2s 65536
1783134947.0265 c2s 65536
1783134947.0265 c2s 65536
1783134947.0269 c2s 65536
1783134947.0269 c2s 65536
1783134947.0271 c2s 65536
1783134947.0272 c2s 65536
1783134947.0275 c2s 65536
1783134947.0276 c2s 65536
1783134947.0277 c2s 65536
1783134947.0278 c2s 65536
1783134947.0281 c2s 65536
1783134947.0282 c2s 65536
1783134947.0283 c2s 65536
1783134947.0284 c2s 65536
1783134947.0287 c2s 65536
1783134947.0288 c2s 65536
1783134947.0289 c2s 65536
1783134947.0290 c2s 65536
1783134947.0293 c2s 65536
1783134947.0294 c2s 65536
1783134947.0295 c2s 65536
1783134947.0296 c2s 65536
1783134947.0299 c2s 65536
1783134947.0300 c2s 65536
1783134947.0301 c2s 65536
1783134947.0302 c2s 65536
1783134947.0305 c2s 65536
1783134947.0306 c2s 65536
1783134947.0307 c2s 65536
1783134947.0308 c2s 65536
1783134947.0311 c2s 65536
1783134947.0312 c2s 65536
1783134947.0314 c2s 65536
1783134947.0315 c2s 65536
1783134947.0318 c2s 65536
1783134947.0319 c2s 65536
1783134947.0320 c2s 65536
1783134947.0321 c2s 65536
1783134947.0324 c2s 65536
1783134947.0325 c2s 65536
1783134947.0326 c2s 65536
1783134947.0327 c2s 65536
1783134947.0330 c2s 65536
1783134947.0331 c2s 65536
1783134947.0332 c2s 65536
1783134947.0333 c2s 65536
1783134947.0336 c2s 65536
1783134947.0337 c2s 65536
1783134947.0338 c2s 65536
1783134947.0339 c2s 65536
1783134947.0342 c2s 65536
1783134947.0343 c2s 65536
1783134947.0344 c2s 65536
1783134947.0345 c2s 65536
1783134947.0348 c2s 65536
1783134947.0349 c2s 65536
1783134947.0350 c2s 65536
1783134947.0351 c2s 65536
1783134947.0354 c2s 65536
1783134947.0355 c2s 65536
1783134947.0357 c2s 65536
1783134947.0357 c2s 65536
1783134947.0360 c2s 65536
1783134947.0361 c2s 65536
1783134947.0363 c2s 65536
1783134947.0364 c2s 65536
1783134947.0367 c2s 65536
1783134947.0368 c2s 65536
1783134947.0369 c2s 65536
1783134947.0370 c2s 65536
1783134947.0373 c2s 65536
1783134947.0374 c2s 65536
1783134947.0375 c2s 65536
1783134947.0376 c2s 65536
1783134947.0378 c2s 65536
1783134947.0379 c2s 65536
1783134947.0381 c2s 65536
1783134947.0382 c2s 65536
1783134947.0385 c2s 65536
1783134947.0386 c2s 65536
1783134947.0387 c2s 65536
1783134947.0388 c2s 65536
1783134947.0391 c2s 65536
1783134947.0392 c2s 65536
1783134947.0393 c2s 65536
1783134947.0394 c2s 65536
1783134947.0398 c2s 65536
1783134947.0399 c2s 65536
1783134947.0400 c2s 65536
1783134947.0401 c2s 65536
1783134947.0404 c2s 65536
1783134947.0405 c2s 65536
1783134947.0406 c2s 65536
1783134947.0407 c2s 65536
1783134947.0410 c2s 65536
1783134947.0411 c2s 65536
1783134947.0412 c2s 65536
1783134947.0413 c2s 65536
1783134947.0416 c2s 65536
1783134947.0417 c2s 65536
1783134947.0418 c2s 65536
1783134947.0419 c2s 65536
1783134947.0422 c2s 65536
1783134947.0423 c2s 65536
1783134947.0424 c2s 65536
1783134947.0425 c2s 65536
1783134947.0428 c2s 65536
1783134947.0429 c2s 65536
1783134947.0431 c2s 65536
1783134947.0431 c2s 65536
1783134947.0434 c2s 65536
1783134947.0436 c2s 65536
1783134947.0437 c2s 65536
1783134947.0438 c2s 65536
1783134947.0441 c2s 65536
1783134947.0442 c2s 65536
1783134947.0443 c2s 65536
1783134947.0444 c2s 65536
1783134947.0447 c2s 65536
1783134947.0448 c2s 65536
1783134947.0450 c2s 65536
1783134947.0450 c2s 65536
1783134947.0453 c2s 65536
1783134947.0454 c2s 65536
1783134947.0456 c2s 65536
1783134947.0457 c2s 65536
1783134947.0460 c2s 65536
1783134947.0461 c2s 65536
1783134947.0462 c2s 65536
1783134947.0463 c2s 65536
1783134947.0466 c2s 65536
1783134947.0467 c2s 65536
1783134947.0468 c2s 65536
1783134947.0469 c2s 65536
1783134947.0472 c2s 65536
1783134947.0473 c2s 65536
1783134947.0474 c2s 65536
1783134947.0475 c2s 65536
1783134947.0478 c2s 65536
1783134947.0479 c2s 65536
1783134947.0481 c2s 65536
1783134947.0481 c2s 65536
1783134947.0485 c2s 65536
1783134947.0486 c2s 65536
1783134947.0487 c2s 65536
1783134947.0488 c2s 65536
1783134947.0491 c2s 65536
1783134947.0492 c2s 65536
1783134947.0493 c2s 65536
1783134947.0494 c2s 65536
1783134947.0497 c2s 65536
1783134947.0498 c2s 65536
1783134947.0499 c2s 65536
1783134947.0500 c2s 65536
1783134947.0503 c2s 65536
1783134947.0504 c2s 65536
1783134947.0505 c2s 65536
1783134947.0506 c2s 65536
1783134947.0509 c2s 65536
1783134947.0510 c2s 65536
1783134947.0511 c2s 65536
1783134947.0512 c2s 65536
1783134947.0515 c2s 65536
1783134947.0517 c2s 65536
1783134947.0518 c2s 65536
1783134947.0519 c2s 65536
1783134947.0522 c2s 65536
1783134947.0523 c2s 65536
1783134947.0524 c2s 65536
1783134947.0525 c2s 65536
1783134947.0528 c2s 65536
1783134947.0529 c2s 65536
1783134947.0530 c2s 65536
1783134947.0531 c2s 65536
1783134947.0534 c2s 65536
1783134947.0535 c2s 65536
1783134947.0536 c2s 65536
1783134947.0537 c2s 65536
1783134947.0540 c2s 65536
1783134947.0541 c2s 65536
1783134947.0542 c2s 65536
1783134947.0543 c2s 65536
1783134947.0546 c2s 65536
1783134947.0547 c2s 65536
1783134947.0548 c2s 65536
1783134947.0549 c2s 65536
1783134947.0552 c2s 65536
1783134947.0553 c2s 65536
1783134947.0555 c2s 65536
1783134947.0556 c2s 65536
1783134947.0559 c2s 65536
1783134947.0560 c2s 65536
1783134947.0562 c2s 65536
1783134947.0563 c2s 65536
1783134947.0566 c2s 65536
1783134947.0567 c2s 65536
1783134947.0569 c2s 65536
1783134947.0569 c2s 65536
1783134947.0572 c2s 65536
1783134947.0576 c2s 65536
1783134947.0578 c2s 65536
1783134947.0579 c2s 65536
1783134947.0582 c2s 65536
1783134947.0584 c2s 65536
1783134947.0585 c2s 65536
1783134947.0586 c2s 65536
1783134947.0589 c2s 65536
1783134947.0590 c2s 65536
1783134947.0592 c2s 65536
1783134947.0592 c2s 65536
1783134947.0596 c2s 65536
1783134947.0597 c2s 65536
1783134947.0598 c2s 65536
1783134947.0599 c2s 65536
1783134947.0602 c2s 65536
1783134947.0604 c2s 65536
1783134947.0605 c2s 65536
1783134947.0606 c2s 65536
1783134947.0609 c2s 65536
1783134947.0610 c2s 65536
1783134947.0611 c2s 65536
1783134947.0612 c2s 65536
1783134947.0615 c2s 65536
1783134947.0616 c2s 65536
1783134947.0617 c2s 65536
1783134947.0618 c2s 65536
1783134947.0621 c2s 65536
1783134947.0622 c2s 65536
1783134947.0623 c2s 65536
1783134947.0624 c2s 65536
1783134947.0627 c2s 65536
1783134947.0628 c2s 65536
1783134947.0629 c2s 65536
1783134947.0630 c2s 65536
1783134947.0633 c2s 65536
1783134947.0634 c2s 65536
1783134947.0635 c2s 65536
1783134947.0636 c2s 65536
1783134947.0639 c2s 65536
1783134947.0640 c2s 65536
1783134947.0641 c2s 65536
1783134947.0642 c2s 65536
1783134947.0645 c2s 65536
1783134947.0646 c2s 65536
1783134947.0647 c2s 65536
1783134947.0647 c2s 65536
1783134947.0650 c2s 65536
1783134947.0651 c2s 65536
1783134947.0652 c2s 65536
1783134947.0652 c2s 65536
1783134947.0656 c2s 65536
1783134947.0656 c2s 65536
1783134947.0657 c2s 65536
1783134947.0658 c2s 65536
1783134947.0661 c2s 65536
1783134947.0662 c2s 65536
1783134947.0663 c2s 65536
1783134947.0663 c2s 65536
1783134947.0666 c2s 65536
1783134947.0667 c2s 65536
1783134947.0668 c2s 65536
1783134947.0669 c2s 65536
1783134947.0672 c2s 65536
1783134947.0672 c2s 65536
1783134947.0673 c2s 65536
1783134947.0674 c2s 65536
1783134947.0677 c2s 65536
1783134947.0678 c2s 65536
1783134947.0679 c2s 65536
1783134947.0680 c2s 65536
1783134947.0683 c2s 65536
1783134947.0684 c2s 65536
1783134947.0685 c2s 65536
1783134947.0686 c2s 65536
1783134947.0690 c2s 65536
1783134947.0691 c2s 65536
1783134947.0692 c2s 65536
1783134947.0693 c2s 65536
1783134947.0696 c2s 65536
1783134947.0697 c2s 65536
1783134947.0699 c2s 65536
1783134947.0699 c2s 65536
1783134947.0703 c2s 65536
1783134947.0704 c2s 65536
1783134947.0705 c2s 65536
1783134947.0706 c2s 65536
1783134947.0709 c2s 65536
1783134947.0710 c2s 65536
1783134947.0711 c2s 65536
1783134947.0712 c2s 65536
1783134947.0715 c2s 65536
1783134947.0717 c2s 65536
1783134947.0718 c2s 65536
1783134947.0719 c2s 65536
1783134947.0722 c2s 65536
1783134947.0723 c2s 65536
1783134947.0724 c2s 65536
1783134947.0725 c2s 65536
1783134947.0728 c2s 65536
1783134947.0729 c2s 65536
1783134947.0730 c2s 65536
1783134947.0731 c2s 65536
1783134947.0734 c2s 65536
1783134947.0735 c2s 65536
1783134947.0736 c2s 65536
1783134947.0737 c2s 65536
1783134947.0740 c2s 65536
1783134947.0741 c2s 65536
1783134947.0743 c2s 65536
1783134947.0743 c2s 65536
1783134947.0746 c2s 65536
1783134947.0748 c2s 65536
1783134947.0749 c2s 65536
1783134947.0750 c2s 65536
1783134947.0753 c2s 65536
1783134947.0754 c2s 65536
1783134947.0755 c2s 65536
1783134947.0756 c2s 65536
1783134947.0759 c2s 65536
1783134947.0760 c2s 65536
1783134947.0761 c2s 65536
1783134947.0762 c2s 65536
1783134947.0765 c2s 65536
1783134947.0766 c2s 65536
1783134947.0767 c2s 65536
1783134947.0768 c2s 65536
1783134947.0771 c2s 65536
1783134947.0772 c2s 65536
1783134947.0773 c2s 65536
1783134947.0774 c2s 65536
1783134947.0778 c2s 65536
1783134947.0779 c2s 65536
1783134947.0780 c2s 65536
1783134947.0781 c2s 65536
1783134947.0784 c2s 65536
1783134947.0785 c2s 65536
1783134947.0786 c2s 65536
1783134947.0787 c2s 65536
1783134947.0790 c2s 65536
1783134947.0791 c2s 65536
1783134947.0792 c2s 65536
1783134947.0793 c2s 65536
1783134947.0796 c2s 65536
1783134947.0797 c2s 65536
1783134947.0798 c2s 65536
1783134947.0799 c2s 65536
1783134947.0802 c2s 65536
1783134947.0803 c2s 65536
1783134947.0804 c2s 65536
1783134947.0805 c2s 65536
1783134947.0808 c2s 65536
1783134947.0809 c2s 65536
1783134947.0810 c2s 65536
1783134947.0811 c2s 65536
1783134947.0814 c2s 65536
1783134947.0815 c2s 65536
1783134947.0816 c2s 65536
1783134947.0817 c2s 65536
1783134947.0820 c2s 65536
1783134947.0821 c2s 65536
1783134947.0822 c2s 65536
1783134947.0823 c2s 65536
1783134947.0826 c2s 65536
1783134947.0827 c2s 65536
1783134947.0828 c2s 65536
1783134947.0829 c2s 65536
1783134947.0832 c2s 65536
1783134947.0833 c2s 65536
1783134947.0835 c2s 65536
1783134947.0836 c2s 65536
1783134947.0839 c2s 65536
1783134947.0840 c2s 65536
1783134947.0842 c2s 65536
1783134947.0843 c2s 65536
1783134947.0845 c2s 65536
1783134947.0846 c2s 65536
1783134947.0848 c2s 65536
1783134947.0849 c2s 65536
1783134947.0852 c2s 65536
1783134947.0853 c2s 65536
1783134947.0854 c2s 65536
1783134947.0855 c2s 65536
1783134947.0857 c2s 65536
1783134947.0858 c2s 65536
1783134947.0860 c2s 65536
1783134947.0861 c2s 65536
1783134947.0863 c2s 65536
1783134947.0864 c2s 65536
1783134947.0865 c2s 65536
1783134947.0866 c2s 65536
1783134947.0869 c2s 65536
1783134947.0870 c2s 65536
1783134947.0871 c2s 65536
1783134947.0872 c2s 65536
1783134947.0875 c2s 65536
1783134947.0876 c2s 65536
1783134947.0877 c2s 65536
1783134947.0878 c2s 65536
1783134947.0881 c2s 65536
1783134947.0882 c2s 65536
1783134947.0883 c2s 65536
1783134947.0884 c2s 65536
1783134947.0886 c2s 65536
1783134947.0887 c2s 65536
1783134947.0889 c2s 65536
1783134947.0889 c2s 65536
1783134947.0892 c2s 65536
1783134947.0893 c2s 65536
1783134947.0894 c2s 65536
1783134947.0895 c2s 65536
1783134947.0898 c2s 65536
1783134947.0899 c2s 65536
1783134947.0900 c2s 65536
1783134947.0901 c2s 65536
1783134947.0903 c2s 65536
1783134947.0904 c2s 65536
1783134947.0906 c2s 65536
1783134947.0906 c2s 65536
1783134947.0909 c2s 65536
1783134947.0910 c2s 65536
1783134947.0911 c2s 65536
1783134947.0912 c2s 65536
1783134947.0915 c2s 65536
1783134947.0916 c2s 65536
1783134947.0917 c2s 65536
1783134947.0918 c2s 65536
1783134947.0921 c2s 65536
1783134947.0922 c2s 65536
1783134947.0923 c2s 65536
1783134947.0924 c2s 65536
1783134947.0926 c2s 65536
1783134947.0927 c2s 65536
1783134947.0929 c2s 65536
1783134947.0930 c2s 65536
1783134947.0933 c2s 65536
1783134947.0934 c2s 65536
1783134947.0935 c2s 65536
1783134947.0936 c2s 65536
1783134947.0938 c2s 65536
1783134947.0939 c2s 65536
1783134947.0941 c2s 65536
1783134947.0941 c2s 65536
1783134947.0944 c2s 65536
1783134947.0945 c2s 65536
1783134947.0946 c2s 65536
1783134947.0947 c2s 65536
1783134947.0949 c2s 65536
1783134947.0950 c2s 65536
1783134947.0952 c2s 65536
1783134947.0952 c2s 65536
1783134947.0955 c2s 65536
1783134947.0956 c2s 65536
1783134947.0958 c2s 65536
1783134947.0958 c2s 65536
1783134947.0961 c2s 65536
1783134947.0962 c2s 65536
1783134947.0963 c2s 65536
1783134947.0964 c2s 65536
1783134947.0966 c2s 65536
1783134947.0967 c2s 65536
1783134947.0969 c2s 65536
1783134947.0970 c2s 65536
1783134947.0972 c2s 65536
1783134947.0973 c2s 65536
1783134947.0974 c2s 33894
1783134947.1859 c2s 321
1783134947.1864 s2c 9
1783134947.1984 c2s 65492
1783134947.1987 c2s 65536
1783134947.1988 c2s 65536
1783134947.1990 c2s 65536
1783134947.1991 c2s 65536
1783134947.1994 c2s 65536
1783134947.1995 c2s 65536
1783134947.1997 c2s 65536
1783134947.1998 c2s 65536
1783134947.2000 c2s 65536
1783134947.2002 c2s 65536
1783134947.2003 c2s 65536
1783134947.2004 c2s 65536
1783134947.2007 c2s 65536
1783134947.2008 c2s 65536
1783134947.2009 c2s 65536
1783134947.2010 c2s 65536
1783134947.2013 c2s 65536
1783134947.2014 c2s 65536
1783134947.2015 c2s 65536
1783134947.2016 c2s 65536
1783134947.2019 c2s 65536
1783134947.2020 c2s 65536
1783134947.2021 c2s 65536
1783134947.2022 c2s 65536
1783134947.2025 c2s 65536
1783134947.2026 c2s 65536
1783134947.2027 c2s 65536
1783134947.2028 c2s 65536
1783134947.2031 c2s 65536
1783134947.2032 c2s 65536
1783134947.2033 c2s 65536
1783134947.2033 c2s 65536
1783134947.2036 c2s 65536
1783134947.2037 c2s 65536
1783134947.2038 c2s 65536
1783134947.2039 c2s 65536
1783134947.2042 c2s 65536
1783134947.2043 c2s 65536
1783134947.2044 c2s 65536
1783134947.2044 c2s 65536
1783134947.2047 c2s 65536
1783134947.2048 c2s 65536
1783134947.2049 c2s 65536
1783134947.2050 c2s 65536
1783134947.2053 c2s 65536
1783134947.2053 c2s 65536
1783134947.2054 c2s 65536
1783134947.2055 c2s 65536
1783134947.2058 c2s 65536
1783134947.2059 c2s 65536
1783134947.2060 c2s 65536
1783134947.2061 c2s 65536
1783134947.2065 c2s 65536
1783134947.2066 c2s 65536
1783134947.2068 c2s 65536
1783134947.2069 c2s 65536
1783134947.2071 c2s 65536
1783134947.2072 c2s 65536
1783134947.2074 c2s 65536
1783134947.2075 c2s 65536
1783134947.2078 c2s 65536
1783134947.2079 c2s 65536
1783134947.2080 c2s 65536
1783134947.2081 c2s 65536
1783134947.2084 c2s 65536
1783134947.2085 c2s 65536
1783134947.2086 c2s 65536
1783134947.2087 c2s 65536
1783134947.2090 c2s 65536
1783134947.2091 c2s 65536
1783134947.2092 c2s 65536
1783134947.2093 c2s 65536
1783134947.2096 c2s 65536
1783134947.2097 c2s 65536
1783134947.2098 c2s 65536
1783134947.2099 c2s 65536
1783134947.2102 c2s 65536
1783134947.2103 c2s 65536
1783134947.2105 c2s 65536
1783134947.2105 c2s 65536
1783134947.2108 c2s 65536
1783134947.2109 c2s 65536
1783134947.2111 c2s 65536
1783134947.2111 c2s 65536
1783134947.2114 c2s 65536
1783134947.2116 c2s 65536
1783134947.2117 c2s 65536
1783134947.2118 c2s 65536
1783134947.2121 c2s 65536
1783134947.2122 c2s 65536
1783134947.2123 c2s 65536
1783134947.2124 c2s 65536
1783134947.2127 c2s 65536
1783134947.2128 c2s 65536
1783134947.2129 c2s 65536
1783134947.2130 c2s 65536
1783134947.2132 c2s 65536
1783134947.2133 c2s 65536
1783134947.2135 c2s 65536
1783134947.2136 c2s 65536
1783134947.2138 c2s 65536
1783134947.2139 c2s 65536
1783134947.2141 c2s 65536
1783134947.2141 c2s 65536
1783134947.2145 c2s 65536
1783134947.2146 c2s 65536
1783134947.2147 c2s 65536
1783134947.2148 c2s 65536
1783134947.2150 c2s 65536
1783134947.2151 c2s 65536
1783134947.2152 c2s 65536
1783134947.2153 c2s 65536
1783134947.2157 c2s 65536
1783134947.2158 c2s 65536
1783134947.2159 c2s 65536
1783134947.2160 c2s 65536
1783134947.2163 c2s 65536
1783134947.2164 c2s 65536
1783134947.2165 c2s 65536
1783134947.2166 c2s 65536
1783134947.2169 c2s 65536
1783134947.2170 c2s 65536
1783134947.2171 c2s 65536
1783134947.2172 c2s 65536
1783134947.2175 c2s 65536
1783134947.2176 c2s 65536
1783134947.2178 c2s 65536
1783134947.2178 c2s 65536
1783134947.2182 c2s 65536
1783134947.2183 c2s 65536
1783134947.2184 c2s 65536
1783134947.2185 c2s 65536
1783134947.2187 c2s 65536
1783134947.2188 c2s 65536
1783134947.2190 c2s 65536
1783134947.2191 c2s 65536
1783134947.2194 c2s 65536
1783134947.2195 c2s 65536
1783134947.2197 c2s 65536
1783134947.2198 c2s 65536
1783134947.2200 c2s 65536
1783134947.2201 c2s 65536
1783134947.2203 c2s 65536
1783134947.2204 c2s 65536
1783134947.2207 c2s 65536
1783134947.2208 c2s 65536
1783134947.2209 c2s 65536
1783134947.2210 c2s 65536
1783134947.2213 c2s 65536
1783134947.2214 c2s 65536
1783134947.2215 c2s 65536
1783134947.2216 c2s 65536
1783134947.2219 c2s 65536
1783134947.2220 c2s 65536
1783134947.2221 c2s 65536
1783134947.2222 c2s 65536
1783134947.2225 c2s 65536
1783134947.2226 c2s 65536
1783134947.2227 c2s 65536
1783134947.2228 c2s 65536
1783134947.2231 c2s 65536
1783134947.2232 c2s 65536
1783134947.2233 c2s 65536
1783134947.2234 c2s 65536
1783134947.2237 c2s 65536
1783134947.2238 c2s 65536
1783134947.2240 c2s 65536
1783134947.2240 c2s 65536
1783134947.2243 c2s 65536
1783134947.2244 c2s 65536
1783134947.2246 c2s 65536
1783134947.2247 c2s 65536
1783134947.2250 c2s 65536
1783134947.2251 c2s 65536
1783134947.2252 c2s 65536
1783134947.2253 c2s 65536
1783134947.2256 c2s 65536
1783134947.2257 c2s 65536
1783134947.2258 c2s 65536
1783134947.2259 c2s 65536
1783134947.2262 c2s 65536
1783134947.2263 c2s 65536
1783134947.2264 c2s 65536
1783134947.2265 c2s 65536
1783134947.2268 c2s 65536
1783134947.2269 c2s 65536
1783134947.2270 c2s 65536
1783134947.2271 c2s 65536
1783134947.2274 c2s 65536
1783134947.2275 c2s 65536
1783134947.2277 c2s 65536
1783134947.2277 c2s 65536
1783134947.2280 c2s 65536
1783134947.2281 c2s 65536
1783134947.2282 c2s 65536
1783134947.2283 c2s 65536
1783134947.2286 c2s 65536
1783134947.2287 c2s 65536
1783134947.2289 c2s 65536
1783134947.2289 c2s 65536
1783134947.2293 c2s 65536
1783134947.2294 c2s 65536
1783134947.2295 c2s 65536
1783134947.2296 c2s 65536
1783134947.2299 c2s 65536
1783134947.2300 c2s 65536
1783134947.2301 c2s 65536
1783134947.2302 c2s 65536
1783134947.2305 c2s 65536
1783134947.2306 c2s 65536
1783134947.2307 c2s 65536
1783134947.2308 c2s 65536
1783134947.2311 c2s 65536
1783134947.2312 c2s 65536
1783134947.2313 c2s 65536
1783134947.2314 c2s 65536
1783134947.2317 c2s 65536
1783134947.2318 c2s 65536
1783134947.2320 c2s 65536
1783134947.2321 c2s 65536
1783134947.2324 c2s 65536
1783134947.2325 c2s 65536
1783134947.2326 c2s 65536
1783134947.2327 c2s 65536
1783134947.2330 c2s 65536
1783134947.2331 c2s 65536
1783134947.2332 c2s 65536
1783134947.2333 c2s 65536
1783134947.2336 c2s 65536
1783134947.2337 c2s 65536
1783134947.2338 c2s 65536
1783134947.2339 c2s 65536
1783134947.2342 c2s 65536
1783134947.2343 c2s 65536
1783134947.2344 c2s 65536
1783134947.2345 c2s 65536
1783134947.2348 c2s 65536
1783134947.2349 c2s 65536
1783134947.2350 c2s 65536
1783134947.2351 c2s 65536
1783134947.2354 c2s 65536
1783134947.2355 c2s 65536
1783134947.2357 c2s 65536
1783134947.2357 c2s 65536
1783134947.2360 c2s 65536
1783134947.2361 c2s 65536
1783134947.2362 c2s 65536
1783134947.2363 c2s 65536
1783134947.2366 c2s 65536
1783134947.2367 c2s 65536
1783134947.2369 c2s 65536
1783134947.2370 c2s 65536
1783134947.2372 c2s 65536
1783134947.2373 c2s 65536
1783134947.2375 c2s 65536
1783134947.2376 c2s 65536
1783134947.2379 c2s 65536
1783134947.2380 c2s 65536
1783134947.2381 c2s 65536
1783134947.2382 c2s 65536
1783134947.2386 c2s 65536
1783134947.2387 c2s 65536
1783134947.2388 c2s 65536
1783134947.2389 c2s 65536
1783134947.2392 c2s 65536
1783134947.2393 c2s 65536
1783134947.2394 c2s 65536
1783134947.2395 c2s 65536
1783134947.2398 c2s 65536
1783134947.2399 c2s 65536
1783134947.2400 c2s 65536
1783134947.2401 c2s 65536
1783134947.2404 c2s 65536
1783134947.2405 c2s 65536
1783134947.2406 c2s 65536
1783134947.2407 c2s 65536
1783134947.2410 c2s 65536
1783134947.2411 c2s 65536
1783134947.2413 c2s 65536
1783134947.2413 c2s 65536
1783134947.2417 c2s 65536
1783134947.2418 c2s 65536
1783134947.2419 c2s 65536
1783134947.2420 c2s 65536
1783134947.2423 c2s 65536
1783134947.2424 c2s 65536
1783134947.2425 c2s 65536
1783134947.2426 c2s 65536
1783134947.2429 c2s 65536
1783134947.2430 c2s 65536
1783134947.2431 c2s 65536
1783134947.2432 c2s 65536
1783134947.2435 c2s 65536
1783134947.2437 c2s 65536
1783134947.2438 c2s 65536
1783134947.2439 c2s 65536
1783134947.2442 c2s 65536
1783134947.2443 c2s 65536
1783134947.2444 c2s 65536
1783134947.2445 c2s 65536
1783134947.2448 c2s 65536
1783134947.2449 c2s 65536
1783134947.2450 c2s 65536
1783134947.2451 c2s 65536
1783134947.2454 c2s 65536
1783134947.2455 c2s 65536
1783134947.2456 c2s 65536
1783134947.2457 c2s 65536
1783134947.2460 c2s 65536
1783134947.2461 c2s 65536
1783134947.2462 c2s 65536
1783134947.2463 c2s 65536
1783134947.2466 c2s 65536
1783134947.2467 c2s 65536
1783134947.2468 c2s 65536
1783134947.2469 c2s 65536
1783134947.2472 c2s 65536
1783134947.2473 c2s 65536
1783134947.2474 c2s 65536
1783134947.2475 c2s 65536
1783134947.2479 c2s 65536
1783134947.2480 c2s 65536
1783134947.2481 c2s 65536
1783134947.2482 c2s 65536
1783134947.2485 c2s 65536
1783134947.2486 c2s 65536
1783134947.2487 c2s 65536
1783134947.2488 c2s 65536
1783134947.2491 c2s 65536
1783134947.2492 c2s 65536
1783134947.2493 c2s 65536
1783134947.2494 c2s 65536
1783134947.2497 c2s 65536
1783134947.2498 c2s 65536
1783134947.2499 c2s 65536
1783134947.2500 c2s 65536
1783134947.2503 c2s 65536
1783134947.2504 c2s 65536
1783134947.2505 c2s 65536
1783134947.2506 c2s 65536
1783134947.2509 c2s 65536
1783134947.2510 c2s 65536
1783134947.2511 c2s 65536
1783134947.2512 c2s 65536
1783134947.2515 c2s 65536
1783134947.2516 c2s 65536
1783134947.2517 c2s 65536
1783134947.2518 c2s 65536
1783134947.2521 c2s 65536
1783134947.2522 c2s 65536
1783134947.2523 c2s 65536
1783134947.2524 c2s 65536
1783134947.2527 c2s 65536
1783134947.2528 c2s 65536
1783134947.2530 c2s 65536
1783134947.2531 c2s 65536
1783134947.2533 c2s 65536
1783134947.2534 c2s 65536
1783134947.2536 c2s 65536
1783134947.2536 c2s 65536
1783134947.2540 c2s 65536
1783134947.2541 c2s 65536
1783134947.2542 c2s 65536
1783134947.2543 c2s 65536
1783134947.2546 c2s 65536
1783134947.2546 c2s 65536
1783134947.2548 c2s 65536
1783134947.2549 c2s 65536
1783134947.2552 c2s 65536
1783134947.2553 c2s 65536
1783134947.2554 c2s 65536
1783134947.2555 c2s 65536
1783134947.2558 c2s 65536
1783134947.2559 c2s 65536
1783134947.2561 c2s 65536
1783134947.2561 c2s 65536
1783134947.2565 c2s 65536
1783134947.2565 c2s 65536
1783134947.2567 c2s 65536
1783134947.2568 c2s 65536
1783134947.2570 c2s 65536
1783134947.2571 c2s 65536
1783134947.2573 c2s 65536
1783134947.2573 c2s 65536
1783134947.2576 c2s 65536
1783134947.2577 c2s 65536
1783134947.2579 c2s 65536
1783134947.2580 c2s 65536
1783134947.2582 c2s 65536
1783134947.2583 c2s 65536
1783134947.2585 c2s 65536
1783134947.2585 c2s 65536
1783134947.2588 c2s 65536
1783134947.2589 c2s 65536
1783134947.2591 c2s 65536
1783134947.2592 c2s 65536
1783134947.2595 c2s 65536
1783134947.2596 c2s 65536
1783134947.2597 c2s 65536
1783134947.2598 c2s 65536
1783134947.2602 c2s 65536
1783134947.2603 c2s 65536
1783134947.2604 c2s 65536
1783134947.2605 c2s 65536
1783134947.2608 c2s 65536
1783134947.2608 c2s 65536
1783134947.2610 c2s 65536
1783134947.2611 c2s 65536
1783134947.2614 c2s 65536
1783134947.2615 c2s 65536
1783134947.2616 c2s 65536
1783134947.2617 c2s 65536
1783134947.2620 c2s 65536
1783134947.2621 c2s 65536
1783134947.2622 c2s 65536
1783134947.2623 c2s 65536
1783134947.2626 c2s 65536
1783134947.2627 c2s 65536
1783134947.2628 c2s 65536
1783134947.2629 c2s 65536
1783134947.2632 c2s 65536
1783134947.2633 c2s 65536
1783134947.2634 c2s 65536
1783134947.2635 c2s 65536
1783134947.2638 c2s 65536
1783134947.2639 c2s 65536
1783134947.2641 c2s 65536
1783134947.2641 c2s 65536
1783134947.2645 c2s 65536
1783134947.2646 c2s 65536
1783134947.2647 c2s 65536
1783134947.2648 c2s 65536
1783134947.2651 c2s 65536
1783134947.2652 c2s 65536
1783134947.2653 c2s 65536
1783134947.2654 c2s 65536
1783134947.2657 c2s 65536
1783134947.2658 c2s 65536
1783134947.2659 c2s 65536
1783134947.2660 c2s 65536
1783134947.2663 c2s 65536
1783134947.2664 c2s 65536
1783134947.2665 c2s 65536
1783134947.2666 c2s 65536
1783134947.2669 c2s 65536
1783134947.2670 c2s 65536
1783134947.2672 c2s 65536
1783134947.2673 c2s 65536
1783134947.2676 c2s 65536
1783134947.2677 c2s 65536
1783134947.2678 c2s 65536
1783134947.2679 c2s 65536
1783134947.2682 c2s 65536
1783134947.2683 c2s 65536
1783134947.2684 c2s 65536
1783134947.2685 c2s 65536
1783134947.2688 c2s 65536
1783134947.2689 c2s 65536
1783134947.2691 c2s 65536
1783134947.2691 c2s 65536
1783134947.2694 c2s 65536
1783134947.2695 c2s 65536
1783134947.2698 c2s 65536
1783134947.2699 c2s 65536
1783134947.2701 c2s 65536
1783134947.2702 c2s 65536
1783134947.2704 c2s 65536
1783134947.2704 c2s 65536
1783134947.2707 c2s 65536
1783134947.2708 c2s 65536
1783134947.2710 c2s 65536
1783134947.2710 c2s 65536
1783134947.2714 c2s 65536
1783134947.2715 c2s 65536
1783134947.2716 c2s 65536
1783134947.2717 c2s 65536
1783134947.2720 c2s 65536
1783134947.2721 c2s 65536
1783134947.2722 c2s 65536
1783134947.2723 c2s 65536
1783134947.2726 c2s 65536
1783134947.2727 c2s 65536
1783134947.2728 c2s 65536
1783134947.2729 c2s 65536
1783134947.2732 c2s 65536
1783134947.2733 c2s 65536
1783134947.2734 c2s 65536
1783134947.2735 c2s 65536
1783134947.2739 c2s 65536
1783134947.2739 c2s 65536
1783134947.2741 c2s 65536
1783134947.2742 c2s 65536
1783134947.2744 c2s 65536
1783134947.2745 c2s 65536
1783134947.2747 c2s 65536
1783134947.2747 c2s 65536
1783134947.2750 c2s 65536
1783134947.2751 c2s 65536
1783134947.2753 c2s 65536
1783134947.2753 c2s 65536
1783134947.2756 c2s 65536
1783134947.2758 c2s 65536
1783134947.2759 c2s 65536
1783134947.2760 c2s 65536
1783134947.2762 c2s 65536
1783134947.2763 c2s 65536
1783134947.2765 c2s 65536
1783134947.2765 c2s 65536
1783134947.2768 c2s 65536
1783134947.2769 c2s 65536
1783134947.2770 c2s 65536
1783134947.2771 c2s 65536
1783134947.2774 c2s 65536
1783134947.2775 c2s 65536
1783134947.2776 c2s 65536
1783134947.2777 c2s 65536
1783134947.2780 c2s 65536
1783134947.2781 c2s 65536
1783134947.2782 c2s 65536
1783134947.2783 c2s 65536
1783134947.2785 c2s 65536
1783134947.2786 c2s 65536
1783134947.2787 c2s 65536
1783134947.2788 c2s 65536
1783134947.2791 c2s 65536
1783134947.2792 c2s 65536
1783134947.2793 c2s 65536
1783134947.2794 c2s 65536
1783134947.2797 c2s 65536
1783134947.2798 c2s 65536
1783134947.2799 c2s 65536
1783134947.2800 c2s 65536
1783134947.2803 c2s 65536
1783134947.2804 c2s 65536
1783134947.2805 c2s 65536
1783134947.2806 c2s 65536
1783134947.2809 c2s 65536
1783134947.2810 c2s 65536
1783134947.2811 c2s 65536
1783134947.2812 c2s 65536
1783134947.2814 c2s 65536
1783134947.2815 c2s 65536
1783134947.2817 c2s 65536
1783134947.2818 c2s 65536
1783134947.2820 c2s 65536
1783134947.2821 c2s 65536
1783134947.2822 c2s 65536
1783134947.2823 c2s 65536
1783134947.2826 c2s 65536
1783134947.2827 c2s 65536
1783134947.2828 c2s 65536
1783134947.2829 c2s 65536
1783134947.2831 c2s 65536
1783134947.2832 c2s 65536
1783134947.2834 c2s 65536
1783134947.2835 c2s 65536
1783134947.2838 c2s 65536
1783134947.2839 c2s 65536
1783134947.2840 c2s 65536
1783134947.2841 c2s 65536
1783134947.2843 c2s 65536
1783134947.2844 c2s 65536
1783134947.2845 c2s 65536
1783134947.2846 c2s 65536
1783134947.2849 c2s 65536
1783134947.2850 c2s 65536
1783134947.2851 c2s 65536
1783134947.2852 c2s 65536
1783134947.2854 c2s 65536
1783134947.2855 c2s 65536
1783134947.2857 c2s 65536
1783134947.2857 c2s 65536
1783134947.2860 c2s 65536
1783134947.2864 c2s 65536
1783134947.2865 c2s 65536
1783134947.2866 c2s 65536
1783134947.2869 c2s 65536
1783134947.2870 c2s 65536
1783134947.2871 c2s 65536
1783134947.2872 c2s 65536
1783134947.2874 c2s 65536
1783134947.2875 c2s 49509
1783134947.3663 c2s 321
1783134947.3666 s2c 9
1783134947.3789 c2s 65536
1783134947.3791 c2s 65439
1783134947.3795 c2s 65536
1783134947.3797 c2s 65536
1783134947.3799 c2s 65536
1783134947.3800 c2s 65536
1783134947.3803 c2s 65536
1783134947.3805 c2s 65536
1783134947.3806 c2s 65536
1783134947.3807 c2s 65536
1783134947.3811 c2s 65536
1783134947.3812 c2s 65536
1783134947.3814 c2s 65536
1783134947.3815 c2s 65536
1783134947.3818 c2s 65536
1783134947.3819 c2s 65536
1783134947.3820 c2s 65536
1783134947.3821 c2s 65536
1783134947.3824 c2s 65536
1783134947.3825 c2s 65536
1783134947.3827 c2s 65536
1783134947.3828 c2s 65536
1783134947.3831 c2s 65536
1783134947.3832 c2s 65536
1783134947.3833 c2s 65536
1783134947.3834 c2s 65536
1783134947.3839 c2s 65536
1783134947.3840 c2s 65536
1783134947.3841 c2s 65536
1783134947.3842 c2s 65536
1783134947.3846 c2s 65536
1783134947.3846 c2s 65536
1783134947.3848 c2s 65536
1783134947.3848 c2s 65536
1783134947.3852 c2s 65536
1783134947.3852 c2s 65536
1783134947.3854 c2s 65536
1783134947.3854 c2s 65536
1783134947.3858 c2s 65536
1783134947.3858 c2s 65536
1783134947.3860 c2s 65536
1783134947.3860 c2s 65536
1783134947.3864 c2s 65536
1783134947.3868 c2s 65536
1783134947.3869 c2s 65536
1783134947.3870 c2s 65536
1783134947.3874 c2s 65536
1783134947.3875 c2s 65536
1783134947.3877 c2s 65536
1783134947.3878 c2s 65536
1783134947.3881 c2s 65536
1783134947.3882 c2s 65536
1783134947.3883 c2s 65536
1783134947.3884 c2s 65536
1783134947.3887 c2s 65536
1783134947.3888 c2s 65536
1783134947.3889 c2s 65536
1783134947.3890 c2s 65536
1783134947.3893 c2s 65536
1783134947.3894 c2s 65536
1783134947.3895 c2s 65536
1783134947.3896 c2s 65536
1783134947.3899 c2s 65536
1783134947.3900 c2s 65536
1783134947.3901 c2s 65536
1783134947.3902 c2s 65536
1783134947.3905 c2s 65536
1783134947.3906 c2s 65536
1783134947.3907 c2s 65536
1783134947.3908 c2s 65536
1783134947.3911 c2s 65536
1783134947.3912 c2s 65536
1783134947.3913 c2s 65536
1783134947.3914 c2s 65536
1783134947.3918 c2s 65536
1783134947.3919 c2s 65536
1783134947.3920 c2s 65536
1783134947.3921 c2s 65536
1783134947.3924 c2s 65536
1783134947.3925 c2s 65536
1783134947.3927 c2s 65536
1783134947.3928 c2s 65536
1783134947.3931 c2s 65536
1783134947.3932 c2s 65536
1783134947.3933 c2s 65536
1783134947.3934 c2s 65536
1783134947.3938 c2s 65536
1783134947.3939 c2s 65536
1783134947.3940 c2s 65536
1783134947.3941 c2s 65536
1783134947.3944 c2s 65536
1783134947.3945 c2s 65536
1783134947.3947 c2s 65536
1783134947.3948 c2s 65536
1783134947.3951 c2s 65536
1783134947.3952 c2s 65536
1783134947.3953 c2s 65536
1783134947.3954 c2s 65536
1783134947.3958 c2s 65536
1783134947.3959 c2s 65536
1783134947.3960 c2s 65536
1783134947.3961 c2s 65536
1783134947.3965 c2s 65536
1783134947.3966 c2s 65536
1783134947.3967 c2s 65536
1783134947.3968 c2s 65536
1783134947.3972 c2s 65536
1783134947.3973 c2s 65536
1783134947.3974 c2s 65536
1783134947.3975 c2s 65536
1783134947.3979 c2s 65536
1783134947.3980 c2s 65536
1783134947.3981 c2s 65536
1783134947.3982 c2s 65536
1783134947.3985 c2s 65536
1783134947.3986 c2s 65536
1783134947.3988 c2s 65536
1783134947.3989 c2s 65536
1783134947.3992 c2s 65536
1783134947.3993 c2s 65536
1783134947.3994 c2s 65536
1783134947.3995 c2s 65536
1783134947.3999 c2s 65536
1783134947.4000 c2s 65536
1783134947.4001 c2s 65536
1783134947.4002 c2s 65536
1783134947.4005 c2s 65536
1783134947.4006 c2s 65536
1783134947.4008 c2s 65536
1783134947.4009 c2s 65536
1783134947.4012 c2s 65536
1783134947.4014 c2s 65536
1783134947.4015 c2s 65536
1783134947.4016 c2s 65536
1783134947.4019 c2s 65536
1783134947.4020 c2s 65536
1783134947.4022 c2s 65536
1783134947.4023 c2s 65536
1783134947.4026 c2s 65536
1783134947.4027 c2s 65536
1783134947.4029 c2s 65536
1783134947.4030 c2s 65536
1783134947.4033 c2s 65536
1783134947.4034 c2s 65536
1783134947.4036 c2s 65536
1783134947.4037 c2s 65536
1783134947.4041 c2s 65536
1783134947.4042 c2s 65536
1783134947.4043 c2s 65536
1783134947.4044 c2s 65536
1783134947.4048 c2s 65536
1783134947.4049 c2s 65536
1783134947.4050 c2s 65536
1783134947.4051 c2s 65536
1783134947.4055 c2s 65536
1783134947.4056 c2s 65536
1783134947.4058 c2s 65536
1783134947.4059 c2s 65536
1783134947.4062 c2s 65536
1783134947.4063 c2s 65536
1783134947.4065 c2s 65536
1783134947.4066 c2s 65536
1783134947.4069 c2s 65536
1783134947.4070 c2s 65536
1783134947.4072 c2s 65536
1783134947.4073 c2s 65536
1783134947.4077 c2s 65536
1783134947.4078 c2s 65536
1783134947.4080 c2s 65536
1783134947.4081 c2s 65536
1783134947.4084 c2s 65536
1783134947.4085 c2s 65536
1783134947.4087 c2s 65536
1783134947.4088 c2s 65536
1783134947.4091 c2s 65536
1783134947.4092 c2s 65536
1783134947.4094 c2s 65536
1783134947.4095 c2s 65536
1783134947.4098 c2s 65536
1783134947.4099 c2s 65536
1783134947.4101 c2s 65536
1783134947.4102 c2s 65536
1783134947.4105 c2s 65536
1783134947.4107 c2s 65536
1783134947.4108 c2s 65536
1783134947.4109 c2s 65536
1783134947.4113 c2s 65536
1783134947.4114 c2s 65536
1783134947.4115 c2s 65536
1783134947.4116 c2s 65536
1783134947.4119 c2s 65536
1783134947.4120 c2s 65536
1783134947.4121 c2s 65536
1783134947.4122 c2s 65536
1783134947.4125 c2s 65536
1783134947.4126 c2s 65536
1783134947.4127 c2s 65536
1783134947.4128 c2s 65536
1783134947.4131 c2s 65536
1783134947.4132 c2s 65536
1783134947.4133 c2s 65536
1783134947.4134 c2s 65536
1783134947.4137 c2s 65536
1783134947.4138 c2s 65536
1783134947.4140 c2s 65536
1783134947.4141 c2s 65536
1783134947.4144 c2s 65536
1783134947.4146 c2s 65536
1783134947.4147 c2s 65536
1783134947.4148 c2s 65536
1783134947.4152 c2s 65536
1783134947.4153 c2s 65536
1783134947.4154 c2s 65536
1783134947.4160 c2s 65536
1783134947.4163 c2s 65536
1783134947.4165 c2s 65536
1783134947.4166 c2s 65536
1783134947.4167 c2s 65536
1783134947.4171 c2s 65536
1783134947.4172 c2s 65536
1783134947.4173 c2s 65536
1783134947.4174 c2s 65536
1783134947.4177 c2s 65536
1783134947.4178 c2s 65536
1783134947.4179 c2s 65536
1783134947.4180 c2s 65536
1783134947.4183 c2s 65536
1783134947.4184 c2s 65536
1783134947.4185 c2s 65536
1783134947.4186 c2s 65536
1783134947.4189 c2s 65536
1783134947.4190 c2s 65536
1783134947.4191 c2s 65536
1783134947.4192 c2s 65536
1783134947.4196 c2s 65536
1783134947.4197 c2s 65536
1783134947.4198 c2s 65536
1783134947.4199 c2s 65536
1783134947.4202 c2s 65536
1783134947.4204 c2s 65536
1783134947.4205 c2s 65536
1783134947.4206 c2s 65536
1783134947.4210 c2s 65536
1783134947.4211 c2s 65536
1783134947.4212 c2s 65536
1783134947.4213 c2s 65536
1783134947.4217 c2s 65536
1783134947.4218 c2s 65536
1783134947.4219 c2s 65536
1783134947.4220 c2s 65536
1783134947.4224 c2s 65536
1783134947.4225 c2s 65536
1783134947.4227 c2s 65536
1783134947.4228 c2s 65536
1783134947.4231 c2s 65536
1783134947.4232 c2s 65536
1783134947.4234 c2s 65536
1783134947.4235 c2s 65536
1783134947.4239 c2s 65536
1783134947.4240 c2s 65536
1783134947.4241 c2s 65536
1783134947.4242 c2s 65536
1783134947.4245 c2s 65536
1783134947.4246 c2s 65536
1783134947.4248 c2s 65536
1783134947.4249 c2s 65536
1783134947.4252 c2s 65536
1783134947.4253 c2s 65536
1783134947.4255 c2s 65536
1783134947.4256 c2s 65536
1783134947.4259 c2s 65536
1783134947.4260 c2s 65536
1783134947.4261 c2s 65536
1783134947.4262 c2s 65536
1783134947.4266 c2s 65536
1783134947.4267 c2s 65536
1783134947.4268 c2s 65536
1783134947.4269 c2s 65536
1783134947.4272 c2s 65536
1783134947.4274 c2s 65536
1783134947.4275 c2s 65536
1783134947.4277 c2s 65536
1783134947.4280 c2s 65536
1783134947.4281 c2s 65536
1783134947.4283 c2s 65536
1783134947.4284 c2s 65536
1783134947.4287 c2s 65536
1783134947.4288 c2s 65536
1783134947.4289 c2s 65536
1783134947.4290 c2s 65536
1783134947.4294 c2s 65536
1783134947.4295 c2s 65536
1783134947.4296 c2s 65536
1783134947.4297 c2s 65536
1783134947.4300 c2s 65536
1783134947.4301 c2s 65536
1783134947.4303 c2s 65536
1783134947.4304 c2s 65536
1783134947.4307 c2s 65536
1783134947.4308 c2s 65536
1783134947.4309 c2s 65536
1783134947.4310 c2s 65536
1783134947.4314 c2s 65536
1783134947.4316 c2s 65536
1783134947.4317 c2s 65536
1783134947.4318 c2s 65536
1783134947.4321 c2s 65536
1783134947.4322 c2s 65536
1783134947.4323 c2s 65536
1783134947.4324 c2s 65536
1783134947.4327 c2s 65536
1783134947.4328 c2s 65536
1783134947.4330 c2s 65536
1783134947.4331 c2s 65536
1783134947.4334 c2s 65536
1783134947.4335 c2s 65536
1783134947.4337 c2s 65536
1783134947.4338 c2s 65536
1783134947.4341 c2s 65536
1783134947.4342 c2s 65536
1783134947.4343 c2s 65536
1783134947.4344 c2s 65536
1783134947.4347 c2s 65536
1783134947.4348 c2s 65536
1783134947.4349 c2s 65536
1783134947.4350 c2s 65536
1783134947.4353 c2s 65536
1783134947.4355 c2s 65536
1783134947.4356 c2s 65536
1783134947.4357 c2s 65536
1783134947.4360 c2s 65536
1783134947.4361 c2s 65536
1783134947.4363 c2s 65536
1783134947.4364 c2s 65536
1783134947.4366 c2s 65536
1783134947.4367 c2s 65536
1783134947.4369 c2s 65536
1783134947.4369 c2s 65536
1783134947.4373 c2s 65536
1783134947.4374 c2s 65536
1783134947.4375 c2s 65536
1783134947.4376 c2s 65536
1783134947.4379 c2s 65536
1783134947.4380 c2s 65536
1783134947.4381 c2s 65536
1783134947.4382 c2s 65536
1783134947.4385 c2s 65536
1783134947.4386 c2s 65536
1783134947.4387 c2s 65536
1783134947.4388 c2s 65536
1783134947.4391 c2s 65536
1783134947.4392 c2s 65536
1783134947.4393 c2s 65536
1783134947.4394 c2s 65536
1783134947.4398 c2s 65536
1783134947.4399 c2s 65536
1783134947.4400 c2s 65536
1783134947.4401 c2s 65536
1783134947.4404 c2s 65536
1783134947.4405 c2s 65536
1783134947.4406 c2s 65536
1783134947.4407 c2s 65536
1783134947.4410 c2s 65536
1783134947.4411 c2s 65536
1783134947.4412 c2s 65536
1783134947.4413 c2s 65536
1783134947.4416 c2s 65536
1783134947.4417 c2s 65536
1783134947.4418 c2s 65536
1783134947.4419 c2s 65536
1783134947.4422 c2s 65536
1783134947.4423 c2s 65536
1783134947.4424 c2s 65536
1783134947.4425 c2s 65536
1783134947.4428 c2s 65536
1783134947.4429 c2s 65536
1783134947.4430 c2s 65536
1783134947.4431 c2s 65536
1783134947.4434 c2s 65536
1783134947.4436 c2s 65536
1783134947.4437 c2s 65536
1783134947.4438 c2s 65536
1783134947.4441 c2s 65536
1783134947.4441 c2s 65536
1783134947.4443 c2s 65536
1783134947.4444 c2s 65536
1783134947.4447 c2s 65536
1783134947.4448 c2s 65536
1783134947.4449 c2s 65536
1783134947.4450 c2s 65536
1783134947.4453 c2s 65536
1783134947.4454 c2s 65536
1783134947.4455 c2s 65536
1783134947.4456 c2s 65536
1783134947.4459 c2s 65536
1783134947.4460 c2s 65536
1783134947.4461 c2s 65536
1783134947.4462 c2s 65536
1783134947.4465 c2s 65536
1783134947.4466 c2s 65536
1783134947.4467 c2s 65536
1783134947.4468 c2s 65536
1783134947.4471 c2s 65536
1783134947.4472 c2s 65536
1783134947.4473 c2s 65536
1783134947.4474 c2s 65536
1783134947.4477 c2s 65536
1783134947.4478 c2s 65536
1783134947.4480 c2s 65536
1783134947.4480 c2s 65536
1783134947.4483 c2s 65536
1783134947.4484 c2s 65536
1783134947.4485 c2s 65536
1783134947.4486 c2s 65536
1783134947.4489 c2s 65536
1783134947.4490 c2s 65536
1783134947.4491 c2s 65536
1783134947.4492 c2s 65536
1783134947.4495 c2s 65536
1783134947.4496 c2s 65536
1783134947.4498 c2s 65536
1783134947.4498 c2s 65536
1783134947.4502 c2s 65536
1783134947.4503 c2s 65536
1783134947.4504 c2s 65536
1783134947.4505 c2s 65536
1783134947.4508 c2s 65536
1783134947.4509 c2s 65536
1783134947.4510 c2s 65536
1783134947.4511 c2s 65536
1783134947.4514 c2s 65536
1783134947.4515 c2s 65536
1783134947.4516 c2s 65536
1783134947.4517 c2s 65536
1783134947.4520 c2s 65536
1783134947.4521 c2s 65536
1783134947.4522 c2s 65536
1783134947.4523 c2s 65536
1783134947.4526 c2s 65536
1783134947.4527 c2s 65536
1783134947.4528 c2s 65536
1783134947.4529 c2s 65536
1783134947.4532 c2s 65536
1783134947.4533 c2s 65536
1783134947.4534 c2s 65536
1783134947.4535 c2s 65536
1783134947.4538 c2s 65536
1783134947.4539 c2s 65536
1783134947.4540 c2s 65536
1783134947.4541 c2s 65536
1783134947.4544 c2s 65536
1783134947.4546 c2s 65536
1783134947.4547 c2s 65536
1783134947.4548 c2s 65536
1783134947.4551 c2s 65536
1783134947.4552 c2s 65536
1783134947.4553 c2s 65536
1783134947.4554 c2s 65536
1783134947.4558 c2s 65536
1783134947.4560 c2s 65536
1783134947.4561 c2s 65536
1783134947.4562 c2s 65536
1783134947.4565 c2s 65536
1783134947.4566 c2s 65536
1783134947.4567 c2s 65536
1783134947.4568 c2s 65536
1783134947.4571 c2s 65536
1783134947.4572 c2s 65536
1783134947.4574 c2s 65536
1783134947.4575 c2s 65536
1783134947.4578 c2s 65536
1783134947.4579 c2s 65536
1783134947.4580 c2s 65536
1783134947.4581 c2s 65536
1783134947.4584 c2s 65536
1783134947.4585 c2s 65536
1783134947.4586 c2s 65536
1783134947.4587 c2s 65536
1783134947.4590 c2s 65536
1783134947.4591 c2s 65536
1783134947.4592 c2s 65536
1783134947.4593 c2s 65536
1783134947.4597 c2s 65536
1783134947.4598 c2s 65536
1783134947.4600 c2s 65536
1783134947.4600 c2s 65536
1783134947.4604 c2s 65536
1783134947.4605 c2s 65536
1783134947.4607 c2s 65536
1783134947.4608 c2s 65536
1783134947.4611 c2s 65536
1783134947.4612 c2s 65536
1783134947.4613 c2s 65536
1783134947.4614 c2s 65536
1783134947.4616 c2s 65536
1783134947.4617 c2s 65536
1783134947.4619 c2s 65536
1783134947.4620 c2s 65536
1783134947.4622 c2s 65536
1783134947.4623 c2s 65536
1783134947.4624 c2s 65536
1783134947.4625 c2s 65536
1783134947.4628 c2s 65536
1783134947.4629 c2s 65536
1783134947.4630 c2s 65536
1783134947.4631 c2s 65536
1783134947.4634 c2s 65536
1783134947.4636 c2s 65536
1783134947.4637 c2s 65536
1783134947.4638 c2s 65536
1783134947.4641 c2s 65536
1783134947.4642 c2s 65536
1783134947.4643 c2s 65536
1783134947.4644 c2s 65536
1783134947.4646 c2s 65536
1783134947.4647 c2s 65536
1783134947.4648 c2s 65536
1783134947.4649 c2s 65536
1783134947.4652 c2s 65536
1783134947.4653 c2s 65536
1783134947.4654 c2s 65536
1783134947.4655 c2s 65536
1783134947.4658 c2s 65536
1783134947.4659 c2s 65536
1783134947.4660 c2s 65536
1783134947.4661 c2s 65536
1783134947.4663 c2s 65536
1783134947.4664 c2s 65536
1783134947.4665 c2s 65536
1783134947.4666 c2s 65536
1783134947.4669 c2s 65536
1783134947.4670 c2s 65536
1783134947.4671 c2s 65536
1783134947.4672 c2s 65536
1783134947.4675 c2s 65536
1783134947.4676 c2s 65536
1783134947.4677 c2s 65536
1783134947.4678 c2s 65536
1783134947.4681 c2s 65536
1783134947.4682 c2s 65536
1783134947.4683 c2s 65536
1783134947.4684 c2s 65536
1783134947.4686 c2s 65536
1783134947.4687 c2s 65536
1783134947.4689 c2s 65536
1783134947.4689 c2s 65536
1783134947.4692 c2s 65536
1783134947.4693 c2s 65536
1783134947.4694 c2s 65536
1783134947.4695 c2s 65536
1783134947.4698 c2s 65536
1783134947.4699 c2s 65536
1783134947.4700 c2s 65536
1783134947.4701 c2s 65536
1783134947.4703 c2s 65536
1783134947.4704 c2s 65536
1783134947.4706 c2s 65536
1783134947.4706 c2s 65536
1783134947.4709 c2s 65536
1783134947.4710 c2s 65536
1783134947.4711 c2s 65536
1783134947.4712 c2s 65536
1783134947.4715 c2s 65536
1783134947.4716 c2s 65536
1783134947.4717 c2s 65536
1783134947.4718 c2s 65536
1783134947.4721 c2s 65536
1783134947.4722 c2s 65536
1783134947.4723 c2s 65536
1783134947.4724 c2s 65536
1783134947.4727 c2s 65536
1783134947.4728 c2s 65536
1783134947.4729 c2s 65536
1783134947.4730 c2s 65536
1783134947.4732 c2s 65536
1783134947.4733 c2s 65536
1783134947.4734 c2s 65536
1783134947.4735 c2s 65536
1783134947.4738 c2s 65536
1783134947.4739 c2s 65536
1783134947.4740 c2s 65536
1783134947.4741 c2s 65536
1783134947.4743 c2s 49562
1783134947.5565 c2s 321
1783134947.5570 s2c 9
1783134947.5688 c2s 65492
1783134947.5692 c2s 65536
1783134947.5694 c2s 65536
1783134947.5696 c2s 65536
1783134947.5697 c2s 65536
1783134947.5700 c2s 65536
1783134947.5702 c2s 65536
1783134947.5703 c2s 65536
1783134947.5704 c2s 65536
1783134947.5708 c2s 65536
1783134947.5709 c2s 65536
1783134947.5711 c2s 65536
1783134947.5712 c2s 65536
1783134947.5715 c2s 65536
1783134947.5717 c2s 65536
1783134947.5718 c2s 65536
1783134947.5719 c2s 65536
1783134947.5723 c2s 65536
1783134947.5724 c2s 65536
1783134947.5725 c2s 65536
1783134947.5726 c2s 65536
1783134947.5730 c2s 65536
1783134947.5731 c2s 65536
1783134947.5732 c2s 65536
1783134947.5733 c2s 65536
1783134947.5736 c2s 65536
1783134947.5737 c2s 65536
1783134947.5739 c2s 65536
1783134947.5740 c2s 65536
1783134947.5743 c2s 65536
1783134947.5744 c2s 65536
1783134947.5745 c2s 65536
1783134947.5746 c2s 65536
1783134947.5749 c2s 65536
1783134947.5750 c2s 65536
1783134947.5751 c2s 65536
1783134947.5752 c2s 65536
1783134947.5755 c2s 65536
1783134947.5756 c2s 65536
1783134947.5757 c2s 65536
1783134947.5758 c2s 65536
1783134947.5761 c2s 65536
1783134947.5762 c2s 65536
1783134947.5763 c2s 65536
1783134947.5763 c2s 65536
1783134947.5768 c2s 65536
1783134947.5769 c2s 65536
1783134947.5770 c2s 65536
1783134947.5771 c2s 65536
1783134947.5774 c2s 65536
1783134947.5775 c2s 65536
1783134947.5776 c2s 65536
1783134947.5777 c2s 65536
1783134947.5780 c2s 65536
1783134947.5781 c2s 65536
1783134947.5782 c2s 65536
1783134947.5783 c2s 65536
1783134947.5786 c2s 65536
1783134947.5787 c2s 65536
1783134947.5788 c2s 65536
1783134947.5789 c2s 65536
1783134947.5793 c2s 65536
1783134947.5794 c2s 65536
1783134947.5796 c2s 65536
1783134947.5797 c2s 65536
1783134947.5800 c2s 65536
1783134947.5802 c2s 65536
1783134947.5803 c2s 65536
1783134947.5804 c2s 65536
1783134947.5808 c2s 65536
1783134947.5809 c2s 65536
1783134947.5811 c2s 65536
1783134947.5812 c2s 65536
1783134947.5815 c2s 65536
1783134947.5817 c2s 65536
1783134947.5818 c2s 65536
1783134947.5819 c2s 65536
1783134947.5823 c2s 65536
1783134947.5824 c2s 65536
1783134947.5826 c2s 65536
1783134947.5827 c2s 65536
1783134947.5830 c2s 65536
1783134947.5831 c2s 65536
1783134947.5833 c2s 65536
1783134947.5834 c2s 65536
1783134947.5838 c2s 65536
1783134947.5839 c2s 65536
1783134947.5841 c2s 65536
1783134947.5842 c2s 65536
1783134947.5846 c2s 65536
1783134947.5847 c2s 65536
1783134947.5848 c2s 65536
1783134947.5849 c2s 65536
1783134947.5853 c2s 65536
1783134947.5854 c2s 65536
1783134947.5856 c2s 65536
1783134947.5857 c2s 65536
1783134947.5860 c2s 65536
1783134947.5861 c2s 65536
1783134947.5863 c2s 65536
1783134947.5864 c2s 65536
1783134947.5867 c2s 65536
1783134947.5868 c2s 65536
1783134947.5870 c2s 65536
1783134947.5871 c2s 65536
1783134947.5874 c2s 65536
1783134947.5875 c2s 65536
1783134947.5877 c2s 65536
1783134947.5878 c2s 65536
1783134947.5881 c2s 65536
1783134947.5882 c2s 65536
1783134947.5884 c2s 65536
1783134947.5885 c2s 65536
1783134947.5889 c2s 65536
1783134947.5890 c2s 65536
1783134947.5892 c2s 65536
1783134947.5893 c2s 65536
1783134947.5897 c2s 65536
1783134947.5898 c2s 65536
1783134947.5899 c2s 65536
1783134947.5900 c2s 65536
1783134947.5903 c2s 65536
1783134947.5905 c2s 65536
1783134947.5906 c2s 65536
1783134947.5907 c2s 65536
1783134947.5911 c2s 65536
1783134947.5912 c2s 65536
1783134947.5913 c2s 65536
1783134947.5914 c2s 65536
1783134947.5918 c2s 65536
1783134947.5919 c2s 65536
1783134947.5920 c2s 65536
1783134947.5921 c2s 65536
1783134947.5925 c2s 65536
1783134947.5926 c2s 65536
1783134947.5928 c2s 65536
1783134947.5929 c2s 65536
1783134947.5932 c2s 65536
1783134947.5933 c2s 65536
1783134947.5934 c2s 65536
1783134947.5936 c2s 65536
1783134947.5939 c2s 65536
1783134947.5940 c2s 65536
1783134947.5942 c2s 65536
1783134947.5943 c2s 65536
1783134947.5946 c2s 65536
1783134947.5947 c2s 65536
1783134947.5949 c2s 65536
1783134947.5950 c2s 65536
1783134947.5953 c2s 65536
1783134947.5954 c2s 65536
1783134947.5956 c2s 65536
1783134947.5957 c2s 65536
1783134947.5960 c2s 65536
1783134947.5961 c2s 65536
1783134947.5962 c2s 65536
1783134947.5964 c2s 65536
1783134947.5967 c2s 65536
1783134947.5968 c2s 65536
1783134947.5970 c2s 65536
1783134947.5971 c2s 65536
1783134947.5973 c2s 65536
1783134947.5974 c2s 65536
1783134947.5976 c2s 65536
1783134947.5977 c2s 65536
1783134947.5980 c2s 65536
1783134947.5981 c2s 65536
1783134947.5982 c2s 65536
1783134947.5983 c2s 65536
1783134947.5986 c2s 65536
1783134947.5987 c2s 65536
1783134947.5988 c2s 65536
1783134947.5989 c2s 65536
1783134947.5992 c2s 65536
1783134947.5993 c2s 65536
1783134947.5994 c2s 65536
1783134947.5995 c2s 65536
1783134947.5999 c2s 65536
1783134947.6000 c2s 65536
1783134947.6001 c2s 65536
1783134947.6003 c2s 65536
1783134947.6006 c2s 65536
1783134947.6007 c2s 65536
1783134947.6009 c2s 65536
1783134947.6010 c2s 65536
1783134947.6013 c2s 65536
1783134947.6014 c2s 65536
1783134947.6016 c2s 65536
1783134947.6017 c2s 65536
1783134947.6021 c2s 65536
1783134947.6022 c2s 65536
1783134947.6023 c2s 65536
1783134947.6024 c2s 65536
1783134947.6028 c2s 65536
1783134947.6029 c2s 65536
1783134947.6030 c2s 65536
1783134947.6031 c2s 65536
1783134947.6034 c2s 65536
1783134947.6035 c2s 65536
1783134947.6036 c2s 65536
1783134947.6037 c2s 65536
1783134947.6040 c2s 65536
1783134947.6041 c2s 65536
1783134947.6042 c2s 65536
1783134947.6043 c2s 65536
1783134947.6046 c2s 65536
1783134947.6047 c2s 65536
1783134947.6049 c2s 65536
1783134947.6050 c2s 65536
1783134947.6053 c2s 65536
1783134947.6054 c2s 65536
1783134947.6056 c2s 65536
1783134947.6057 c2s 65536
1783134947.6060 c2s 65536
1783134947.6062 c2s 65536
1783134947.6063 c2s 65536
1783134947.6065 c2s 65536
1783134947.6068 c2s 65536
1783134947.6069 c2s 65536
1783134947.6071 c2s 65536
1783134947.6072 c2s 65536
1783134947.6076 c2s 65536
1783134947.6078 c2s 65536
1783134947.6079 c2s 65536
1783134947.6080 c2s 65536
1783134947.6083 c2s 65536
1783134947.6085 c2s 65536
1783134947.6086 c2s 65536
1783134947.6087 c2s 65536
1783134947.6091 c2s 65536
1783134947.6092 c2s 65536
1783134947.6093 c2s 65536
1783134947.6094 c2s 65536
1783134947.6098 c2s 65536
1783134947.6099 c2s 65536
1783134947.6100 c2s 65536
1783134947.6101 c2s 65536
1783134947.6105 c2s 65536
1783134947.6106 c2s 65536
1783134947.6108 c2s 65536
1783134947.6109 c2s 65536
1783134947.6112 c2s 65536
1783134947.6113 c2s 65536
1783134947.6115 c2s 65536
1783134947.6116 c2s 65536
1783134947.6120 c2s 65536
1783134947.6121 c2s 65536
1783134947.6122 c2s 65536
1783134947.6124 c2s 65536
1783134947.6127 c2s 65536
1783134947.6128 c2s 65536
1783134947.6130 c2s 65536
1783134947.6131 c2s 65536
1783134947.6134 c2s 65536
1783134947.6135 c2s 65536
1783134947.6137 c2s 65536
1783134947.6138 c2s 65536
1783134947.6141 c2s 65536
1783134947.6142 c2s 65536
1783134947.6144 c2s 65536
1783134947.6145 c2s 65536
1783134947.6148 c2s 65536
1783134947.6150 c2s 65536
1783134947.6151 c2s 65536
1783134947.6152 c2s 65536
1783134947.6156 c2s 65536
1783134947.6157 c2s 65536
1783134947.6158 c2s 65536
1783134947.6159 c2s 65536
1783134947.6163 c2s 65536
1783134947.6164 c2s 65536
1783134947.6166 c2s 65536
1783134947.6167 c2s 65536
1783134947.6170 c2s 65536
1783134947.6171 c2s 65536
1783134947.6173 c2s 65536
1783134947.6174 c2s 65536
1783134947.6177 c2s 65536
1783134947.6178 c2s 65536
1783134947.6180 c2s 65536
1783134947.6181 c2s 65536
1783134947.6184 c2s 65536
1783134947.6185 c2s 65536
1783134947.6187 c2s 65536
1783134947.6188 c2s 65536
1783134947.6191 c2s 65536
1783134947.6192 c2s 65536
1783134947.6194 c2s 65536
1783134947.6195 c2s 65536
1783134947.6199 c2s 65536
1783134947.6200 c2s 65536
1783134947.6202 c2s 65536
1783134947.6203 c2s 65536
1783134947.6206 c2s 65536
1783134947.6207 c2s 65536
1783134947.6208 c2s 65536
1783134947.6209 c2s 65536
1783134947.6212 c2s 65536
1783134947.6213 c2s 65536
1783134947.6215 c2s 65536
1783134947.6216 c2s 65536
1783134947.6219 c2s 65536
1783134947.6220 c2s 65536
1783134947.6221 c2s 65536
1783134947.6223 c2s 65536
1783134947.6226 c2s 65536
1783134947.6227 c2s 65536
1783134947.6228 c2s 65536
1783134947.6229 c2s 65536
1783134947.6233 c2s 65536
1783134947.6234 c2s 65536
1783134947.6236 c2s 65536
1783134947.6237 c2s 65536
1783134947.6240 c2s 65536
1783134947.6241 c2s 65536
1783134947.6242 c2s 65536
1783134947.6243 c2s 65536
1783134947.6247 c2s 65536
1783134947.6248 c2s 65536
1783134947.6249 c2s 65536
1783134947.6250 c2s 65536
1783134947.6253 c2s 65536
1783134947.6254 c2s 65536
1783134947.6255 c2s 65536
1783134947.6256 c2s 65536
1783134947.6259 c2s 65536
1783134947.6260 c2s 65536
1783134947.6262 c2s 65536
1783134947.6263 c2s 65536
1783134947.6266 c2s 65536
1783134947.6267 c2s 65536
1783134947.6268 c2s 65536
1783134947.6269 c2s 65536
1783134947.6272 c2s 65536
1783134947.6273 c2s 65536
1783134947.6278 c2s 65536
1783134947.6279 c2s 65536
1783134947.6282 c2s 65536
1783134947.6283 c2s 65536
1783134947.6284 c2s 65536
1783134947.6285 c2s 65536
1783134947.6289 c2s 65536
1783134947.6290 c2s 65536
1783134947.6291 c2s 65536
1783134947.6292 c2s 65536
1783134947.6294 c2s 65536
1783134947.6295 c2s 65536
1783134947.6297 c2s 65536
1783134947.6298 c2s 65536
1783134947.6301 c2s 65536
1783134947.6302 c2s 65536
1783134947.6303 c2s 65536
1783134947.6304 c2s 65536
1783134947.6307 c2s 65536
1783134947.6308 c2s 65536
1783134947.6309 c2s 65536
1783134947.6310 c2s 65536
1783134947.6313 c2s 65536
1783134947.6314 c2s 65536
1783134947.6316 c2s 65536
1783134947.6317 c2s 65536
1783134947.6320 c2s 65536
1783134947.6321 c2s 65536
1783134947.6322 c2s 65536
1783134947.6323 c2s 65536
1783134947.6326 c2s 65536
1783134947.6327 c2s 65536
1783134947.6328 c2s 65536
1783134947.6329 c2s 65536
1783134947.6332 c2s 65536
1783134947.6333 c2s 65536
1783134947.6335 c2s 65536
1783134947.6335 c2s 65536
1783134947.6339 c2s 65536
1783134947.6340 c2s 65536
1783134947.6341 c2s 65536
1783134947.6342 c2s 65536
1783134947.6345 c2s 65536
1783134947.6346 c2s 65536
1783134947.6347 c2s 65536
1783134947.6348 c2s 65536
1783134947.6351 c2s 65536
1783134947.6352 c2s 65536
1783134947.6353 c2s 65536
1783134947.6354 c2s 65536
1783134947.6358 c2s 65536
1783134947.6359 c2s 65536
1783134947.6360 c2s 65536
1783134947.6361 c2s 65536
1783134947.6364 c2s 65536
1783134947.6365 c2s 65536
1783134947.6366 c2s 65536
1783134947.6367 c2s 65536
1783134947.6370 c2s 65536
1783134947.6371 c2s 65536
1783134947.6372 c2s 65536
1783134947.6373 c2s 65536
1783134947.6376 c2s 65536
1783134947.6377 c2s 65536
1783134947.6378 c2s 65536
1783134947.6379 c2s 65536
1783134947.6382 c2s 65536
1783134947.6383 c2s 65536
1783134947.6384 c2s 65536
1783134947.6385 c2s 65536
1783134947.6388 c2s 65536
1783134947.6389 c2s 65536
1783134947.6390 c2s 65536
1783134947.6391 c2s 65536
1783134947.6394 c2s 65536
1783134947.6396 c2s 65536
1783134947.6397 c2s 65536
1783134947.6398 c2s 65536
1783134947.6401 c2s 65536
1783134947.6402 c2s 65536
1783134947.6403 c2s 65536
1783134947.6404 c2s 65536
1783134947.6407 c2s 65536
1783134947.6408 c2s 65536
1783134947.6409 c2s 65536
1783134947.6410 c2s 65536
1783134947.6413 c2s 65536
1783134947.6414 c2s 65536
1783134947.6415 c2s 65536
1783134947.6416 c2s 65536
1783134947.6420 c2s 65536
1783134947.6421 c2s 65536
1783134947.6422 c2s 65536
1783134947.6423 c2s 65536
1783134947.6426 c2s 65536
1783134947.6427 c2s 65536
1783134947.6428 c2s 65536
1783134947.6429 c2s 65536
1783134947.6432 c2s 65536
1783134947.6433 c2s 65536
1783134947.6434 c2s 65536
1783134947.6435 c2s 65536
1783134947.6438 c2s 65536
1783134947.6439 c2s 65536
1783134947.6441 c2s 65536
1783134947.6441 c2s 65536
1783134947.6444 c2s 65536
1783134947.6445 c2s 65536
1783134947.6447 c2s 65536
1783134947.6447 c2s 65536
1783134947.6450 c2s 65536
1783134947.6452 c2s 65536
1783134947.6453 c2s 65536
1783134947.6454 c2s 65536
1783134947.6456 c2s 65536
1783134947.6457 c2s 65536
1783134947.6459 c2s 65536
1783134947.6460 c2s 65536
1783134947.6463 c2s 65536
1783134947.6464 c2s 65536
1783134947.6465 c2s 65536
1783134947.6466 c2s 65536
1783134947.6469 c2s 65536
1783134947.6470 c2s 65536
1783134947.6471 c2s 65536
1783134947.6472 c2s 65536
1783134947.6476 c2s 65536
1783134947.6477 c2s 65536
1783134947.6478 c2s 65536
1783134947.6479 c2s 65536
1783134947.6482 c2s 65536
1783134947.6483 c2s 65536
1783134947.6484 c2s 65536
1783134947.6485 c2s 65536
1783134947.6488 c2s 65536
1783134947.6489 c2s 65536
1783134947.6490 c2s 65536
1783134947.6491 c2s 65536
1783134947.6494 c2s 65536
1783134947.6495 c2s 65536
1783134947.6496 c2s 65536
1783134947.6497 c2s 65536
1783134947.6500 c2s 65536
1783134947.6501 c2s 65536
1783134947.6503 c2s 65536
1783134947.6504 c2s 65536
1783134947.6506 c2s 65536
1783134947.6507 c2s 65536
1783134947.6509 c2s 65536
1783134947.6510 c2s 65536
1783134947.6513 c2s 65536
1783134947.6514 c2s 65536
1783134947.6515 c2s 65536
1783134947.6516 c2s 65536
1783134947.6519 c2s 65536
1783134947.6520 c2s 65536
1783134947.6521 c2s 65536
1783134947.6522 c2s 65536
1783134947.6525 c2s 65536
1783134947.6526 c2s 65536
1783134947.6528 c2s 65536
1783134947.6529 c2s 65536
1783134947.6532 c2s 65536
1783134947.6533 c2s 65536
1783134947.6534 c2s 65536
1783134947.6535 c2s 65536
1783134947.6537 c2s 65536
1783134947.6538 c2s 65536
1783134947.6540 c2s 65536
1783134947.6541 c2s 65536
1783134947.6544 c2s 65536
1783134947.6545 c2s 65536
1783134947.6546 c2s 65536
1783134947.6547 c2s 65536
1783134947.6550 c2s 65536
1783134947.6551 c2s 65536
1783134947.6552 c2s 65536
1783134947.6553 c2s 65536
1783134947.6556 c2s 65536
1783134947.6557 c2s 65536
1783134947.6559 c2s 65536
1783134947.6560 c2s 65536
1783134947.6563 c2s 65536
1783134947.6564 c2s 65536
1783134947.6565 c2s 65536
1783134947.6566 c2s 65536
1783134947.6572 c2s 65536
1783134947.6573 c2s 65536
1783134947.6574 c2s 65536
1783134947.6575 c2s 65536
1783134947.6578 c2s 65536
1783134947.6579 c2s 65536
1783134947.6580 c2s 65536
1783134947.6581 c2s 65536
1783134947.6585 c2s 65536
1783134947.6586 c2s 65536
1783134947.6587 c2s 65536
1783134947.6588 c2s 65536
1783134947.6591 c2s 65536
1783134947.6592 c2s 65536
1783134947.6593 c2s 65536
1783134947.6594 c2s 65536
1783134947.6597 c2s 65536
1783134947.6598 c2s 65536
1783134947.6600 c2s 65536
1783134947.6601 c2s 65536
1783134947.6604 c2s 65536
1783134947.6605 c2s 65536
1783134947.6606 c2s 65536
1783134947.6607 c2s 65536
1783134947.6610 c2s 65536
1783134947.6611 c2s 65536
1783134947.6612 c2s 65536
1783134947.6613 c2s 65536
1783134947.6616 c2s 65536
1783134947.6617 c2s 65536
1783134947.6619 c2s 65536
1783134947.6619 c2s 65536
1783134947.6622 c2s 65536
1783134947.6623 c2s 65536
1783134947.6624 c2s 65536
1783134947.6625 c2s 65536
1783134947.6628 c2s 65536
1783134947.6629 c2s 65536
1783134947.6631 c2s 65536
1783134947.6632 c2s 65536
1783134947.6634 c2s 65536
1783134947.6636 c2s 65536
1783134947.6637 c2s 65536
1783134947.6638 c2s 65536
1783134947.6641 c2s 65536
1783134947.6642 c2s 65536
1783134947.6643 c2s 65536
1783134947.6644 c2s 65536
1783134947.6647 c2s 65536
1783134947.6648 c2s 65536
1783134947.6649 c2s 65536
1783134947.6650 c2s 65536
1783134947.6653 c2s 65536
1783134947.6654 c2s 65536
1783134947.6655 c2s 65536
1783134947.6656 c2s 65536
1783134947.6659 c2s 65536
1783134947.6660 c2s 65536
1783134947.6661 c2s 65536
1783134947.6662 c2s 65536
1783134947.6665 c2s 65536
1783134947.6666 c2s 65536
1783134947.6667 c2s 65536
1783134947.6668 c2s 65536
1783134947.6671 c2s 65536
1783134947.6672 c2s 65536
1783134947.6673 c2s 65536
1783134947.6674 c2s 65536
1783134947.6677 c2s 65536
1783134947.6679 c2s 65536
1783134947.6680 c2s 65536
1783134947.6681 c2s 65536
1783134947.6684 c2s 65536
1783134947.6685 c2s 65536
1783134947.6686 c2s 65536
1783134947.6687 c2s 65536
1783134947.6690 c2s 65536
1783134947.6691 c2s 65536
1783134947.6693 c2s 65536
1783134947.6694 c2s 65536
1783134947.6697 c2s 65536
1783134947.6698 c2s 65536
1783134947.6699 c2s 65536
1783134947.6700 c2s 65536
1783134947.6703 c2s 65536
1783134947.6704 c2s 65536
1783134947.6705 c2s 65536
1783134947.6706 c2s 65536
1783134947.6709 c2s 65536
1783134947.6710 c2s 65536
1783134947.6711 c2s 65536
1783134947.6712 c2s 65536
1783134947.6714 c2s 65536
1783134947.6715 c2s 65536
1783134947.6716 c2s 65536
1783134947.6717 c2s 65536
1783134947.6720 c2s 65536
1783134947.6721 c2s 65536
1783134947.6722 c2s 65536
1783134947.6722 c2s 65536
1783134947.6725 c2s 65536
1783134947.6726 c2s 65536
1783134947.6727 c2s 65536
1783134947.6728 c2s 65536
1783134947.6730 c2s 65536
1783134947.6731 c2s 65536
1783134947.6732 c2s 65536
1783134947.6733 c2s 65536
1783134947.6736 c2s 65536
1783134947.6737 c2s 65536
1783134947.6738 c2s 65536
1783134947.6739 c2s 65536
1783134947.6742 c2s 65536
1783134947.6742 c2s 65536
1783134947.6743 c2s 65536
1783134947.6744 c2s 65536
1783134947.6747 c2s 65536
1783134947.6748 c2s 65536
1783134947.6749 c2s 65536
1783134947.6751 c2s 65536
1783134947.6755 c2s 65536
1783134947.6756 c2s 65536
1783134947.6758 c2s 65536
1783134947.6759 c2s 65536
1783134947.6762 c2s 65536
1783134947.6763 c2s 65536
1783134947.6765 c2s 65536
1783134947.6766 c2s 65536
1783134947.6769 c2s 65536
1783134947.6770 c2s 65536
1783134947.6771 c2s 65536
1783134947.6772 c2s 65536
1783134947.6775 c2s 65536
1783134947.6776 c2s 65536
1783134947.6778 c2s 65536
1783134947.6778 c2s 65536
1783134947.6782 c2s 65536
1783134947.6783 c2s 65536
1783134947.6784 c2s 65536
1783134947.6786 c2s 65536
1783134947.6789 c2s 65536
1783134947.6790 c2s 65536
1783134947.6791 c2s 65536
1783134947.6792 c2s 65536
1783134947.6795 c2s 65536
1783134947.6797 c2s 65536
1783134947.6798 c2s 65536
1783134947.6799 c2s 65536
1783134947.6802 c2s 65536
1783134947.6803 c2s 65536
1783134947.6804 c2s 65536
1783134947.6805 c2s 65536
1783134947.6808 c2s 65536
1783134947.6809 c2s 65536
1783134947.6811 c2s 65536
1783134947.6811 c2s 65536
1783134947.6815 c2s 65536
1783134947.6816 c2s 65536
1783134947.6817 c2s 65536
1783134947.6818 c2s 65536
1783134947.6821 c2s 65536
1783134947.6822 c2s 65536
1783134947.6824 c2s 65536
1783134947.6824 c2s 65536
1783134947.6828 c2s 65536
1783134947.6829 c2s 65536
1783134947.6830 c2s 65536
1783134947.6831 c2s 65536
1783134947.6834 c2s 65536
1783134947.6836 c2s 65536
1783134947.6837 c2s 65536
1783134947.6838 c2s 65536
1783134947.6841 c2s 65536
1783134947.6842 c2s 65536
1783134947.6843 c2s 65536
1783134947.6844 c2s 65536
1783134947.6848 c2s 65536
1783134947.6849 c2s 65536
1783134947.6850 c2s 65536
1783134947.6851 c2s 65536
1783134947.6854 c2s 65536
1783134947.6855 c2s 65536
1783134947.6856 c2s 65536
1783134947.6857 c2s 65536
1783134947.6861 c2s 65536
1783134947.6862 c2s 65536
1783134947.6863 c2s 65536
1783134947.6864 c2s 65536
1783134947.6867 c2s 65536
1783134947.6868 c2s 65536
1783134947.6869 c2s 65536
1783134947.6870 c2s 65536
1783134947.6873 c2s 65536
1783134947.6874 c2s 65536
1783134947.6876 c2s 65536
1783134947.6877 c2s 65536
1783134947.6880 c2s 65536
1783134947.6881 c2s 65536
1783134947.6883 c2s 65536
1783134947.6883 c2s 65536
1783134947.6886 c2s 65536
1783134947.6887 c2s 65536
1783134947.6889 c2s 65536
1783134947.6890 c2s 65536
1783134947.6893 c2s 65536
1783134947.6894 c2s 65536
1783134947.6895 c2s 65536
1783134947.6896 c2s 65536
1783134947.6899 c2s 65536
1783134947.6900 c2s 65536
1783134947.6901 c2s 65536
1783134947.6902 c2s 65536
1783134947.6906 c2s 65536
1783134947.6907 c2s 65536
1783134947.6908 c2s 65536
1783134947.6909 c2s 65536
1783134947.6912 c2s 65536
1783134947.6913 c2s 65536
1783134947.6914 c2s 65536
1783134947.6915 c2s 65536
1783134947.6918 c2s 65536
1783134947.6919 c2s 65536
1783134947.6921 c2s 65536
1783134947.6922 c2s 65536
1783134947.6925 c2s 65536
1783134947.6926 c2s 65536
1783134947.6927 c2s 65536
1783134947.6928 c2s 65536
1783134947.6930 c2s 65536
1783134947.6931 c2s 65536
1783134947.6933 c2s 65536
1783134947.6934 c2s 65536
1783134947.6936 c2s 65536
1783134947.6937 c2s 65536
1783134947.6939 c2s 65536
1783134947.6939 c2s 65536
1783134947.6942 c2s 65536
1783134947.6943 c2s 65536
1783134947.6944 c2s 65536
1783134947.6945 c2s 65536
1783134947.6948 c2s 65536
1783134947.6949 c2s 65536
1783134947.6950 c2s 65536
1783134947.6951 c2s 65536
1783134947.6954 c2s 65536
1783134947.6955 c2s 65536
1783134947.6956 c2s 65536
1783134947.6957 c2s 65536
1783134947.6960 c2s 65536
1783134947.6961 c2s 65536
1783134947.6962 c2s 65536
1783134947.6963 c2s 65536
1783134947.6965 c2s 65536
1783134947.6966 c2s 65536
1783134947.6968 c2s 65536
1783134947.6968 c2s 65536
1783134947.6971 c2s 65536
1783134947.6972 c2s 65536
1783134947.6973 c2s 65536
1783134947.6974 c2s 65536
1783134947.6977 c2s 65536
1783134947.6978 c2s 65536
1783134947.6979 c2s 65536
1783134947.6980 c2s 65536
1783134947.6982 c2s 65536
1783134947.6983 c2s 65536
1783134947.6985 c2s 65536
1783134947.6986 c2s 65536
1783134947.6988 c2s 65536
1783134947.6989 c2s 65536
1783134947.6991 c2s 65536
1783134947.6991 c2s 65536
1783134947.6994 c2s 65536
1783134947.6995 c2s 65536
1783134947.6996 c2s 65536
1783134947.6997 c2s 65536
1783134947.7000 c2s 65536
1783134947.7001 c2s 65536
1783134947.7002 c2s 65536
1783134947.7003 c2s 65536
1783134947.7006 c2s 65536
1783134947.7007 c2s 65536
1783134947.7008 c2s 65536
1783134947.7009 c2s 65536
1783134947.7011 c2s 65536
1783134947.7012 c2s 65536
1783134947.7013 c2s 65536
1783134947.7014 c2s 65536
1783134947.7017 c2s 65536
1783134947.7018 c2s 65536
1783134947.7019 c2s 65536
1783134947.7020 c2s 65536
1783134947.7023 c2s 65536
1783134947.7024 c2s 65536
1783134947.7025 c2s 65536
1783134947.7026 c2s 65536
1783134947.7028 c2s 65536
1783134947.7029 c2s 65536
1783134947.7031 c2s 65536
1783134947.7031 c2s 65536
1783134947.7034 c2s 65536
1783134947.7035 c2s 65536
1783134947.7037 c2s 65536
1783134947.7037 c2s 65536
1783134947.7040 c2s 65536
1783134947.7041 c2s 65536
1783134947.7042 c2s 65536
1783134947.7043 c2s 65536
1783134947.7046 c2s 65536
1783134947.7047 c2s 65536
1783134947.7048 c2s 65536
1783134947.7049 c2s 65536
1783134947.7051 c2s 65536
1783134947.7052 c2s 65536
1783134947.7053 c2s 33894
1783134947.7880 c2s 321
1783134947.7886 s2c 9
1783134947.8006 c2s 65492
1783134947.8009 c2s 65536
1783134947.8011 c2s 65536
1783134947.8013 c2s 65536
1783134947.8014 c2s 65536
1783134947.8017 c2s 65536
1783134947.8019 c2s 65536
1783134947.8020 c2s 65536
1783134947.8021 c2s 65536
1783134947.8024 c2s 65536
1783134947.8026 c2s 65536
1783134947.8027 c2s 65536
1783134947.8028 c2s 65536
1783134947.8031 c2s 65536
1783134947.8032 c2s 65536
1783134947.8034 c2s 65536
1783134947.8035 c2s 65536
1783134947.8038 c2s 65536
1783134947.8039 c2s 65536
1783134947.8040 c2s 65536
1783134947.8041 c2s 65536
1783134947.8044 c2s 65536
1783134947.8046 c2s 65536
1783134947.8047 c2s 65536
1783134947.8048 c2s 65536
1783134947.8051 c2s 65536
1783134947.8052 c2s 65536
1783134947.8053 c2s 65536
1783134947.8054 c2s 65536
1783134947.8058 c2s 65536
1783134947.8059 c2s 65536
1783134947.8060 c2s 65536
1783134947.8061 c2s 65536
1783134947.8064 c2s 65536
1783134947.8065 c2s 65536
1783134947.8066 c2s 65536
1783134947.8067 c2s 65536
1783134947.8070 c2s 65536
1783134947.8071 c2s 65536
1783134947.8072 c2s 65536
1783134947.8073 c2s 65536
1783134947.8076 c2s 65536
1783134947.8077 c2s 65536
1783134947.8078 c2s 65536
1783134947.8079 c2s 65536
1783134947.8082 c2s 65536
1783134947.8083 c2s 65536
1783134947.8084 c2s 65536
1783134947.8085 c2s 65536
1783134947.8088 c2s 65536
1783134947.8088 c2s 65536
1783134947.8089 c2s 65536
1783134947.8090 c2s 65536
1783134947.8095 c2s 65536
1783134947.8097 c2s 65536
1783134947.8098 c2s 65536
1783134947.8099 c2s 65536
1783134947.8102 c2s 65536
1783134947.8103 c2s 65536
1783134947.8104 c2s 65536
1783134947.8105 c2s 65536
1783134947.8108 c2s 65536
1783134947.8109 c2s 65536
1783134947.8110 c2s 65536
1783134947.8111 c2s 65536
1783134947.8114 c2s 65536
1783134947.8115 c2s 65536
1783134947.8117 c2s 65536
1783134947.8118 c2s 65536
1783134947.8121 c2s 65536
1783134947.8122 c2s 65536
1783134947.8124 c2s 65536
1783134947.8125 c2s 65536
1783134947.8128 c2s 65536
1783134947.8129 c2s 65536
1783134947.8130 c2s 65536
1783134947.8131 c2s 65536
1783134947.8134 c2s 65536
1783134947.8135 c2s 65536
1783134947.8137 c2s 65536
1783134947.8137 c2s 65536
1783134947.8140 c2s 65536
1783134947.8142 c2s 65536
1783134947.8143 c2s 65536
1783134947.8144 c2s 65536
1783134947.8147 c2s 65536
1783134947.8148 c2s 65536
1783134947.8149 c2s 65536
1783134947.8150 c2s 65536
1783134947.8153 c2s 65536
1783134947.8154 c2s 65536
1783134947.8156 c2s 65536
1783134947.8157 c2s 65536
1783134947.8160 c2s 65536
1783134947.8162 c2s 65536
1783134947.8163 c2s 65536
1783134947.8164 c2s 65536
1783134947.8167 c2s 65536
1783134947.8168 c2s 65536
1783134947.8170 c2s 65536
1783134947.8171 c2s 65536
1783134947.8174 c2s 65536
1783134947.8175 c2s 65536
1783134947.8177 c2s 65536
1783134947.8178 c2s 65536
1783134947.8180 c2s 65536
1783134947.8182 c2s 65536
1783134947.8183 c2s 65536
1783134947.8184 c2s 65536
1783134947.8187 c2s 65536
1783134947.8188 c2s 65536
1783134947.8190 c2s 65536
1783134947.8191 c2s 65536
1783134947.8194 c2s 65536
1783134947.8196 c2s 65536
1783134947.8197 c2s 65536
1783134947.8198 c2s 65536
1783134947.8201 c2s 65536
1783134947.8202 c2s 65536
1783134947.8204 c2s 65536
1783134947.8205 c2s 65536
1783134947.8208 c2s 65536
1783134947.8209 c2s 65536
1783134947.8210 c2s 65536
1783134947.8211 c2s 65536
1783134947.8214 c2s 65536
1783134947.8215 c2s 65536
1783134947.8216 c2s 65536
1783134947.8217 c2s 65536
1783134947.8220 c2s 65536
1783134947.8221 c2s 65536
1783134947.8223 c2s 65536
1783134947.8224 c2s 65536
1783134947.8227 c2s 65536
1783134947.8228 c2s 65536
1783134947.8229 c2s 65536
1783134947.8230 c2s 65536
1783134947.8233 c2s 65536
1783134947.8234 c2s 65536
1783134947.8236 c2s 65536
1783134947.8237 c2s 65536
1783134947.8240 c2s 65536
1783134947.8241 c2s 65536
1783134947.8242 c2s 65536
1783134947.8243 c2s 65536
1783134947.8246 c2s 65536
1783134947.8247 c2s 65536
1783134947.8249 c2s 65536
1783134947.8250 c2s 65536
1783134947.8253 c2s 65536
1783134947.8254 c2s 65536
1783134947.8255 c2s 65536
1783134947.8256 c2s 65536
1783134947.8259 c2s 65536
1783134947.8260 c2s 65536
1783134947.8262 c2s 65536
1783134947.8263 c2s 65536
1783134947.8266 c2s 65536
1783134947.8267 c2s 65536
1783134947.8268 c2s 65536
1783134947.8269 c2s 65536
1783134947.8272 c2s 65536
1783134947.8273 c2s 65536
1783134947.8275 c2s 65536
1783134947.8276 c2s 65536
1783134947.8280 c2s 65536
1783134947.8281 c2s 65536
1783134947.8282 c2s 65536
1783134947.8283 c2s 65536
1783134947.8286 c2s 65536
1783134947.8287 c2s 65536
1783134947.8289 c2s 65536
1783134947.8289 c2s 65536
1783134947.8293 c2s 65536
1783134947.8294 c2s 65536
1783134947.8295 c2s 65536
1783134947.8296 c2s 65536
1783134947.8299 c2s 65536
1783134947.8300 c2s 65536
1783134947.8301 c2s 65536
1783134947.8302 c2s 65536
1783134947.8305 c2s 65536
1783134947.8306 c2s 65536
1783134947.8307 c2s 65536
1783134947.8308 c2s 65536
1783134947.8311 c2s 65536
1783134947.8312 c2s 65536
1783134947.8313 c2s 65536
1783134947.8314 c2s 65536
1783134947.8318 c2s 65536
1783134947.8319 c2s 65536
1783134947.8320 c2s 65536
1783134947.8321 c2s 65536
1783134947.8324 c2s 65536
1783134947.8325 c2s 65536
1783134947.8326 c2s 65536
1783134947.8327 c2s 65536
1783134947.8330 c2s 65536
1783134947.8331 c2s 65536
1783134947.8333 c2s 65536
1783134947.8334 c2s 65536
1783134947.8337 c2s 65536
1783134947.8338 c2s 65536
1783134947.8339 c2s 65536
1783134947.8340 c2s 65536
1783134947.8343 c2s 65536
1783134947.8345 c2s 65536
1783134947.8346 c2s 65536
1783134947.8347 c2s 65536
1783134947.8350 c2s 65536
1783134947.8351 c2s 65536
1783134947.8352 c2s 65536
1783134947.8353 c2s 65536
1783134947.8357 c2s 65536
1783134947.8358 c2s 65536
1783134947.8359 c2s 65536
1783134947.8360 c2s 65536
1783134947.8363 c2s 65536
1783134947.8364 c2s 65536
1783134947.8365 c2s 65536
1783134947.8366 c2s 65536
1783134947.8369 c2s 65536
1783134947.8370 c2s 65536
1783134947.8371 c2s 65536
1783134947.8372 c2s 65536
1783134947.8375 c2s 65536
1783134947.8376 c2s 65536
1783134947.8377 c2s 65536
1783134947.8378 c2s 65536
1783134947.8381 c2s 65536
1783134947.8382 c2s 65536
1783134947.8383 c2s 65536
1783134947.8384 c2s 65536
1783134947.8387 c2s 65536
1783134947.8388 c2s 65536
1783134947.8389 c2s 65536
1783134947.8390 c2s 65536
1783134947.8393 c2s 65536
1783134947.8394 c2s 65536
1783134947.8395 c2s 65536
1783134947.8397 c2s 65536
1783134947.8400 c2s 65536
1783134947.8401 c2s 65536
1783134947.8402 c2s 65536
1783134947.8403 c2s 65536
1783134947.8406 c2s 65536
1783134947.8407 c2s 65536
1783134947.8409 c2s 65536
1783134947.8410 c2s 65536
1783134947.8412 c2s 65536
1783134947.8414 c2s 65536
1783134947.8415 c2s 65536
1783134947.8416 c2s 65536
1783134947.8419 c2s 65536
1783134947.8420 c2s 65536
1783134947.8421 c2s 65536
1783134947.8422 c2s 65536
1783134947.8425 c2s 65536
1783134947.8426 c2s 65536
1783134947.8428 c2s 65536
1783134947.8429 c2s 65536
1783134947.8432 c2s 65536
1783134947.8433 c2s 65536
1783134947.8434 c2s 65536
1783134947.8436 c2s 65536
1783134947.8439 c2s 65536
1783134947.8440 c2s 65536
1783134947.8441 c2s 65536
1783134947.8442 c2s 65536
1783134947.8445 c2s 65536
1783134947.8446 c2s 65536
1783134947.8448 c2s 65536
1783134947.8448 c2s 65536
1783134947.8451 c2s 65536
1783134947.8452 c2s 65536
1783134947.8454 c2s 65536
1783134947.8455 c2s 65536
1783134947.8458 c2s 65536
1783134947.8459 c2s 65536
1783134947.8460 c2s 65536
1783134947.8461 c2s 65536
1783134947.8464 c2s 65536
1783134947.8465 c2s 65536
1783134947.8466 c2s 65536
1783134947.8467 c2s 65536
1783134947.8471 c2s 65536
1783134947.8472 c2s 65536
1783134947.8473 c2s 65536
1783134947.8474 c2s 65536
1783134947.8478 c2s 65536
1783134947.8479 c2s 65536
1783134947.8480 c2s 65536
1783134947.8481 c2s 65536
1783134947.8484 c2s 65536
1783134947.8485 c2s 65536
1783134947.8486 c2s 65536
1783134947.8487 c2s 65536
1783134947.8490 c2s 65536
1783134947.8491 c2s 65536
1783134947.8493 c2s 65536
1783134947.8494 c2s 65536
1783134947.8497 c2s 65536
1783134947.8498 c2s 65536
1783134947.8499 c2s 65536
1783134947.8500 c2s 65536
1783134947.8504 c2s 65536
1783134947.8505 c2s 65536
1783134947.8506 c2s 65536
1783134947.8507 c2s 65536
1783134947.8510 c2s 65536
1783134947.8511 c2s 65536
1783134947.8512 c2s 65536
1783134947.8513 c2s 65536
1783134947.8517 c2s 65536
1783134947.8518 c2s 65536
1783134947.8519 c2s 65536
1783134947.8520 c2s 65536
1783134947.8523 c2s 65536
1783134947.8524 c2s 65536
1783134947.8526 c2s 65536
1783134947.8527 c2s 65536
1783134947.8530 c2s 65536
1783134947.8531 c2s 65536
1783134947.8532 c2s 65536
1783134947.8533 c2s 65536
1783134947.8536 c2s 65536
1783134947.8537 c2s 65536
1783134947.8538 c2s 65536
1783134947.8539 c2s 65536
1783134947.8542 c2s 65536
1783134947.8543 c2s 65536
1783134947.8544 c2s 65536
1783134947.8545 c2s 65536
1783134947.8548 c2s 65536
1783134947.8549 c2s 65536
1783134947.8550 c2s 65536
1783134947.8552 c2s 65536
1783134947.8555 c2s 65536
1783134947.8556 c2s 65536
1783134947.8557 c2s 65536
1783134947.8558 c2s 65536
1783134947.8561 c2s 65536
1783134947.8562 c2s 65536
1783134947.8563 c2s 65536
1783134947.8564 c2s 65536
1783134947.8567 c2s 65536
1783134947.8568 c2s 65536
1783134947.8569 c2s 65536
1783134947.8570 c2s 65536
1783134947.8573 c2s 65536
1783134947.8574 c2s 65536
1783134947.8575 c2s 65536
1783134947.8576 c2s 65536
1783134947.8579 c2s 65536
1783134947.8580 c2s 65536
1783134947.8581 c2s 65536
1783134947.8582 c2s 65536
1783134947.8586 c2s 65536
1783134947.8587 c2s 65536
1783134947.8588 c2s 65536
1783134947.8589 c2s 65536
1783134947.8591 c2s 65536
1783134947.8592 c2s 65536
1783134947.8594 c2s 65536
1783134947.8595 c2s 65536
1783134947.8598 c2s 65536
1783134947.8599 c2s 65536
1783134947.8600 c2s 65536
1783134947.8601 c2s 65536
1783134947.8604 c2s 65536
1783134947.8605 c2s 65536
1783134947.8606 c2s 65536
1783134947.8607 c2s 65536
1783134947.8610 c2s 65536
1783134947.8611 c2s 65536
1783134947.8613 c2s 65536
1783134947.8613 c2s 65536
1783134947.8616 c2s 65536
1783134947.8617 c2s 65536
1783134947.8619 c2s 65536
1783134947.8619 c2s 65536
1783134947.8622 c2s 65536
1783134947.8623 c2s 65536
1783134947.8625 c2s 65536
1783134947.8625 c2s 65536
1783134947.8628 c2s 65536
1783134947.8629 c2s 65536
1783134947.8631 c2s 65536
1783134947.8631 c2s 65536
1783134947.8635 c2s 65536
1783134947.8636 c2s 65536
1783134947.8637 c2s 65536
1783134947.8638 c2s 65536
1783134947.8641 c2s 65536
1783134947.8642 c2s 65536
1783134947.8644 c2s 65536
1783134947.8644 c2s 65536
1783134947.8647 c2s 65536
1783134947.8648 c2s 65536
1783134947.8649 c2s 65536
1783134947.8650 c2s 65536
1783134947.8653 c2s 65536
1783134947.8654 c2s 65536
1783134947.8655 c2s 65536
1783134947.8656 c2s 65536
1783134947.8659 c2s 65536
1783134947.8660 c2s 65536
1783134947.8662 c2s 65536
1783134947.8663 c2s 65536
1783134947.8666 c2s 65536
1783134947.8667 c2s 65536
1783134947.8668 c2s 65536
1783134947.8669 c2s 65536
1783134947.8672 c2s 65536
1783134947.8673 c2s 65536
1783134947.8674 c2s 65536
1783134947.8675 c2s 65536
1783134947.8678 c2s 65536
1783134947.8679 c2s 65536
1783134947.8680 c2s 65536
1783134947.8681 c2s 65536
1783134947.8684 c2s 65536
1783134947.8685 c2s 65536
1783134947.8687 c2s 65536
1783134947.8687 c2s 65536
1783134947.8690 c2s 65536
1783134947.8691 c2s 65536
1783134947.8692 c2s 65536
1783134947.8693 c2s 65536
1783134947.8696 c2s 65536
1783134947.8697 c2s 65536
1783134947.8699 c2s 65536
1783134947.8700 c2s 65536
1783134947.8702 c2s 65536
1783134947.8703 c2s 65536
1783134947.8705 c2s 65536
1783134947.8706 c2s 65536
1783134947.8708 c2s 65536
1783134947.8709 c2s 65536
1783134947.8711 c2s 65536
1783134947.8711 c2s 65536
1783134947.8714 c2s 65536
1783134947.8716 c2s 65536
1783134947.8717 c2s 65536
1783134947.8718 c2s 65536
1783134947.8721 c2s 65536
1783134947.8722 c2s 65536
1783134947.8724 c2s 65536
1783134947.8724 c2s 65536
1783134947.8727 c2s 65536
1783134947.8728 c2s 65536
1783134947.8729 c2s 65536
1783134947.8730 c2s 65536
1783134947.8733 c2s 65536
1783134947.8734 c2s 65536
1783134947.8736 c2s 65536
1783134947.8737 c2s 65536
1783134947.8739 c2s 65536
1783134947.8740 c2s 65536
1783134947.8742 c2s 65536
1783134947.8742 c2s 65536
1783134947.8746 c2s 65536
1783134947.8747 c2s 65536
1783134947.8748 c2s 65536
1783134947.8749 c2s 65536
1783134947.8752 c2s 65536
1783134947.8753 c2s 65536
1783134947.8754 c2s 65536
1783134947.8755 c2s 65536
1783134947.8758 c2s 65536
1783134947.8759 c2s 65536
1783134947.8760 c2s 65536
1783134947.8761 c2s 65536
1783134947.8764 c2s 65536
1783134947.8765 c2s 65536
1783134947.8766 c2s 65536
1783134947.8767 c2s 65536
1783134947.8770 c2s 65536
1783134947.8771 c2s 65536
1783134947.8773 c2s 65536
1783134947.8774 c2s 65536
1783134947.8776 c2s 65536
1783134947.8777 c2s 65536
1783134947.8779 c2s 65536
1783134947.8780 c2s 65536
1783134947.8782 c2s 65536
1783134947.8783 c2s 65536
1783134947.8785 c2s 65536
1783134947.8786 c2s 65536
1783134947.8789 c2s 65536
1783134947.8790 c2s 65536
1783134947.8791 c2s 65536
1783134947.8792 c2s 65536
1783134947.8795 c2s 65536
1783134947.8796 c2s 65536
1783134947.8797 c2s 65536
1783134947.8798 c2s 65536
1783134947.8801 c2s 65536
1783134947.8802 c2s 65536
1783134947.8803 c2s 65536
1783134947.8804 c2s 65536
1783134947.8807 c2s 65536
1783134947.8808 c2s 65536
1783134947.8809 c2s 65536
1783134947.8810 c2s 65536
1783134947.8812 c2s 65536
1783134947.8813 c2s 65536
1783134947.8815 c2s 65536
1783134947.8815 c2s 65536
1783134947.8818 c2s 65536
1783134947.8819 c2s 65536
1783134947.8820 c2s 65536
1783134947.8821 c2s 65536
1783134947.8824 c2s 65536
1783134947.8825 c2s 65536
1783134947.8826 c2s 65536
1783134947.8827 c2s 65536
1783134947.8830 c2s 65536
1783134947.8831 c2s 65536
1783134947.8832 c2s 65536
1783134947.8833 c2s 65536
1783134947.8835 c2s 65536
1783134947.8837 c2s 65536
1783134947.8838 c2s 65536
1783134947.8839 c2s 65536
1783134947.8841 c2s 65536
1783134947.8842 c2s 65536
1783134947.8844 c2s 65536
1783134947.8845 c2s 65536
1783134947.8847 c2s 65536
1783134947.8848 c2s 65536
1783134947.8849 c2s 65536
1783134947.8850 c2s 65536
1783134947.8853 c2s 65536
1783134947.8854 c2s 65536
1783134947.8855 c2s 65536
1783134947.8856 c2s 65536
1783134947.8858 c2s 65536
1783134947.8859 c2s 65536
1783134947.8860 c2s 65536
1783134947.8861 c2s 65536
1783134947.8864 c2s 65536
1783134947.8865 c2s 65536
1783134947.8866 c2s 65536
1783134947.8867 c2s 65536
1783134947.8869 c2s 65536
1783134947.8870 c2s 65536
1783134947.8872 c2s 65536
1783134947.8873 c2s 65536
1783134947.8876 c2s 65536
1783134947.8877 c2s 65536
1783134947.8878 c2s 65536
1783134947.8879 c2s 65536
1783134947.8881 c2s 65536
1783134947.8885 c2s 65536
1783134947.8886 c2s 65536
1783134947.8887 c2s 65536
1783134947.8890 c2s 65536
1783134947.8891 c2s 65536
1783134947.8892 c2s 65536
1783134947.8893 c2s 65536
1783134947.8896 c2s 65536
1783134947.8897 c2s 65536
1783134947.8898 c2s 65536
1783134947.8899 c2s 65536
1783134947.8901 c2s 65536
1783134947.8902 c2s 65536
1783134947.8904 c2s 65536
1783134947.8905 c2s 65536
1783134947.8907 c2s 65536
1783134947.8908 c2s 65536
1783134947.8910 c2s 65536
1783134947.8910 c2s 65536
1783134947.8913 c2s 65536
1783134947.8914 c2s 65536
1783134947.8915 c2s 65536
1783134947.8916 c2s 65536
1783134947.8919 c2s 65536
1783134947.8920 c2s 65536
1783134947.8921 c2s 65536
1783134947.8922 c2s 65536
1783134947.8924 c2s 65536
1783134947.8925 c2s 49509
1783134947.9702 c2s 321
1783134947.9705 s2c 9
1783134947.9823 c2s 65492
1783134947.9826 c2s 65536
1783134947.9827 c2s 65536
1783134947.9829 c2s 65536
1783134947.9830 c2s 65536
1783134947.9833 c2s 65536
1783134947.9834 c2s 65536
1783134947.9836 c2s 65536
1783134947.9837 c2s 65536
1783134947.9840 c2s 65536
1783134947.9841 c2s 65536
1783134947.9842 c2s 65536
1783134947.9843 c2s 65536
1783134947.9846 c2s 65536
1783134947.9847 c2s 65536
1783134947.9848 c2s 65536
1783134947.9849 c2s 65536
1783134947.9852 c2s 65536
1783134947.9853 c2s 65536
1783134947.9854 c2s 65536
1783134947.9855 c2s 65536
1783134947.9858 c2s 65536
1783134947.9859 c2s 65536
1783134947.9860 c2s 65536
1783134947.9861 c2s 65536
1783134947.9864 c2s 65536
1783134947.9865 c2s 65536
1783134947.9866 c2s 65536
1783134947.9867 c2s 65536
1783134947.9870 c2s 65536
1783134947.9871 c2s 65536
1783134947.9872 c2s 65536
1783134947.9872 c2s 65536
1783134947.9875 c2s 65536
1783134947.9876 c2s 65536
1783134947.9877 c2s 65536
1783134947.9877 c2s 65536
1783134947.9881 c2s 65536
1783134947.9882 c2s 65536
1783134947.9886 c2s 65536
1783134947.9887 c2s 65536
1783134947.9890 c2s 65536
1783134947.9891 c2s 65536
1783134947.9892 c2s 65536
1783134947.9893 c2s 65536
1783134947.9896 c2s 65536
1783134947.9897 c2s 65536
1783134947.9900 c2s 65536
1783134947.9901 c2s 65536
1783134947.9905 c2s 65536
1783134947.9906 c2s 65536
1783134947.9907 c2s 65536
1783134947.9909 c2s 65536
1783134947.9912 c2s 65536
1783134947.9913 c2s 65536
1783134947.9914 c2s 65536
1783134947.9915 c2s 65536
1783134947.9919 c2s 65536
1783134947.9920 c2s 65536
1783134947.9921 c2s 65536
1783134947.9922 c2s 65536
1783134947.9925 c2s 65536
1783134947.9926 c2s 65536
1783134947.9927 c2s 65536
1783134947.9928 c2s 65536
1783134947.9931 c2s 65536
1783134947.9931 c2s 65536
1783134947.9933 c2s 65536
1783134947.9933 c2s 65536
1783134947.9936 c2s 65536
1783134947.9937 c2s 65536
1783134947.9938 c2s 65536
1783134947.9939 c2s 65536
1783134947.9942 c2s 65536
1783134947.9943 c2s 65536
1783134947.9944 c2s 65536
1783134947.9945 c2s 65536
1783134947.9948 c2s 65536
1783134947.9949 c2s 65536
1783134947.9950 c2s 65536
1783134947.9951 c2s 65536
1783134947.9954 c2s 65536
1783134947.9955 c2s 65536
1783134947.9957 c2s 65536
1783134947.9958 c2s 65536
1783134947.9960 c2s 65536
1783134947.9961 c2s 65536
1783134947.9963 c2s 65536
1783134947.9963 c2s 65536
1783134947.9966 c2s 65536
1783134947.9967 c2s 65536
1783134947.9968 c2s 65536
1783134947.9969 c2s 65536
1783134947.9972 c2s 65536
1783134947.9973 c2s 65536
1783134947.9974 c2s 65536
1783134947.9975 c2s 65536
1783134947.9978 c2s 65536
1783134947.9979 c2s 65536
1783134947.9980 c2s 65536
1783134947.9981 c2s 65536
1783134947.9984 c2s 65536
1783134947.9985 c2s 65536
1783134947.9986 c2s 65536
1783134947.9987 c2s 65536
1783134947.9990 c2s 65536
1783134947.9991 c2s 65536
1783134947.9992 c2s 65536
1783134947.9993 c2s 65536
1783134947.9996 c2s 65536
1783134947.9997 c2s 65536
1783134947.9998 c2s 65536
1783134947.9999 c2s 65536
1783134948.0002 c2s 65536
1783134948.0003 c2s 65536
1783134948.0005 c2s 65536
1783134948.0005 c2s 65536
1783134948.0009 c2s 65536
1783134948.0010 c2s 65536
1783134948.0011 c2s 65536
1783134948.0012 c2s 65536
1783134948.0014 c2s 65536
1783134948.0015 c2s 65536
1783134948.0017 c2s 65536
1783134948.0017 c2s 65536
1783134948.0021 c2s 65536
1783134948.0022 c2s 65536
1783134948.0023 c2s 65536
1783134948.0024 c2s 65536
1783134948.0027 c2s 65536
1783134948.0028 c2s 65536
1783134948.0029 c2s 65536
1783134948.0030 c2s 65536
1783134948.0033 c2s 65536
1783134948.0034 c2s 65536
1783134948.0036 c2s 65536
1783134948.0037 c2s 65536
1783134948.0040 c2s 65536
1783134948.0041 c2s 65536
1783134948.0042 c2s 65536
1783134948.0043 c2s 65536
1783134948.0046 c2s 65536
1783134948.0047 c2s 65536
1783134948.0048 c2s 65536
1783134948.0049 c2s 65536
1783134948.0052 c2s 65536
1783134948.0053 c2s 65536
1783134948.0054 c2s 65536
1783134948.0055 c2s 65536
1783134948.0058 c2s 65536
1783134948.0059 c2s 65536
1783134948.0060 c2s 65536
1783134948.0061 c2s 65536
1783134948.0064 c2s 65536
1783134948.0065 c2s 65536
1783134948.0066 c2s 65536
1783134948.0067 c2s 65536
1783134948.0070 c2s 65536
1783134948.0071 c2s 65536
1783134948.0072 c2s 65536
1783134948.0073 c2s 65536
1783134948.0076 c2s 65536
1783134948.0077 c2s 65536
1783134948.0079 c2s 65536
1783134948.0080 c2s 65536
1783134948.0083 c2s 65536
1783134948.0084 c2s 65536
1783134948.0085 c2s 65536
1783134948.0086 c2s 65536
1783134948.0089 c2s 65536
1783134948.0090 c2s 65536
1783134948.0091 c2s 65536
1783134948.0092 c2s 65536
1783134948.0095 c2s 65536
1783134948.0096 c2s 65536
1783134948.0097 c2s 65536
1783134948.0098 c2s 65536
1783134948.0101 c2s 65536
1783134948.0102 c2s 65536
1783134948.0103 c2s 65536
1783134948.0104 c2s 65536
1783134948.0107 c2s 65536
1783134948.0108 c2s 65536
1783134948.0109 c2s 65536
1783134948.0110 c2s 65536
1783134948.0113 c2s 65536
1783134948.0114 c2s 65536
1783134948.0116 c2s 65536
1783134948.0117 c2s 65536
1783134948.0120 c2s 65536
1783134948.0121 c2s 65536
1783134948.0122 c2s 65536
1783134948.0123 c2s 65536
1783134948.0125 c2s 65536
1783134948.0127 c2s 65536
1783134948.0128 c2s 65536
1783134948.0129 c2s 65536
1783134948.0132 c2s 65536
1783134948.0133 c2s 65536
1783134948.0134 c2s 65536
1783134948.0135 c2s 65536
1783134948.0138 c2s 65536
1783134948.0139 c2s 65536
1783134948.0140 c2s 65536
1783134948.0141 c2s 65536
1783134948.0144 c2s 65536
1783134948.0145 c2s 65536
1783134948.0146 c2s 65536
1783134948.0147 c2s 65536
1783134948.0150 c2s 65536
1783134948.0151 c2s 65536
1783134948.0153 c2s 65536
1783134948.0154 c2s 65536
1783134948.0157 c2s 65536
1783134948.0158 c2s 65536
1783134948.0159 c2s 65536
1783134948.0160 c2s 65536
1783134948.0163 c2s 65536
1783134948.0164 c2s 65536
1783134948.0166 c2s 65536
1783134948.0166 c2s 65536
1783134948.0169 c2s 65536
1783134948.0170 c2s 65536
1783134948.0172 c2s 65536
1783134948.0173 c2s 65536
1783134948.0175 c2s 65536
1783134948.0176 c2s 65536
1783134948.0177 c2s 65536
1783134948.0178 c2s 65536
1783134948.0181 c2s 65536
1783134948.0182 c2s 65536
1783134948.0184 c2s 65536
1783134948.0184 c2s 65536
1783134948.0187 c2s 65536
1783134948.0188 c2s 65536
1783134948.0189 c2s 65536
1783134948.0190 c2s 65536
1783134948.0193 c2s 65536
1783134948.0194 c2s 65536
1783134948.0196 c2s 65536
1783134948.0197 c2s 65536
1783134948.0200 c2s 65536
1783134948.0201 c2s 65536
1783134948.0202 c2s 65536
1783134948.0203 c2s 65536
1783134948.0206 c2s 65536
1783134948.0207 c2s 65536
1783134948.0208 c2s 65536
1783134948.0209 c2s 65536
1783134948.0212 c2s 65536
1783134948.0213 c2s 65536
1783134948.0214 c2s 65536
1783134948.0215 c2s 65536
1783134948.0218 c2s 65536
1783134948.0219 c2s 65536
1783134948.0220 c2s 65536
1783134948.0221 c2s 65536
1783134948.0224 c2s 65536
1783134948.0225 c2s 65536
1783134948.0226 c2s 65536
1783134948.0227 c2s 65536
1783134948.0230 c2s 65536
1783134948.0231 c2s 65536
1783134948.0233 c2s 65536
1783134948.0234 c2s 65536
1783134948.0237 c2s 65536
1783134948.0238 c2s 65536
1783134948.0239 c2s 65536
1783134948.0240 c2s 65536
1783134948.0243 c2s 65536
1783134948.0244 c2s 65536
1783134948.0245 c2s 65536
1783134948.0246 c2s 65536
1783134948.0249 c2s 65536
1783134948.0250 c2s 65536
1783134948.0251 c2s 65536
1783134948.0252 c2s 65536
1783134948.0255 c2s 65536
1783134948.0256 c2s 65536
1783134948.0258 c2s 65536
1783134948.0259 c2s 65536
1783134948.0261 c2s 65536
1783134948.0262 c2s 65536
1783134948.0264 c2s 65536
1783134948.0265 c2s 65536
1783134948.0268 c2s 65536
1783134948.0269 c2s 65536
1783134948.0270 c2s 65536
1783134948.0271 c2s 65536
1783134948.0274 c2s 65536
1783134948.0275 c2s 65536
1783134948.0276 c2s 65536
1783134948.0277 c2s 65536
1783134948.0280 c2s 65536
1783134948.0281 c2s 65536
1783134948.0282 c2s 65536
1783134948.0283 c2s 65536
1783134948.0286 c2s 65536
1783134948.0287 c2s 65536
1783134948.0289 c2s 65536
1783134948.0289 c2s 65536
1783134948.0292 c2s 65536
1783134948.0293 c2s 65536
1783134948.0295 c2s 65536
1783134948.0296 c2s 65536
1783134948.0298 c2s 65536
1783134948.0299 c2s 65536
1783134948.0301 c2s 65536
1783134948.0301 c2s 65536
1783134948.0304 c2s 65536
1783134948.0306 c2s 65536
1783134948.0307 c2s 65536
1783134948.0308 c2s 65536
1783134948.0311 c2s 65536
1783134948.0312 c2s 65536
1783134948.0313 c2s 65536
1783134948.0314 c2s 65536
1783134948.0318 c2s 65536
1783134948.0319 c2s 65536
1783134948.0320 c2s 65536
1783134948.0321 c2s 65536
1783134948.0324 c2s 65536
1783134948.0325 c2s 65536
1783134948.0326 c2s 65536
1783134948.0327 c2s 65536
1783134948.0330 c2s 65536
1783134948.0331 c2s 65536
1783134948.0332 c2s 65536
1783134948.0333 c2s 65536
1783134948.0336 c2s 65536
1783134948.0337 c2s 65536
1783134948.0338 c2s 65536
1783134948.0339 c2s 65536
1783134948.0342 c2s 65536
1783134948.0343 c2s 65536
1783134948.0344 c2s 65536
1783134948.0345 c2s 65536
1783134948.0348 c2s 65536
1783134948.0349 c2s 65536
1783134948.0350 c2s 65536
1783134948.0351 c2s 65536
1783134948.0354 c2s 65536
1783134948.0356 c2s 65536
1783134948.0357 c2s 65536
1783134948.0358 c2s 65536
1783134948.0361 c2s 65536
1783134948.0362 c2s 65536
1783134948.0363 c2s 65536
1783134948.0364 c2s 65536
1783134948.0367 c2s 65536
1783134948.0368 c2s 65536
1783134948.0369 c2s 65536
1783134948.0370 c2s 65536
1783134948.0373 c2s 65536
1783134948.0374 c2s 65536
1783134948.0375 c2s 65536
1783134948.0376 c2s 65536
1783134948.0379 c2s 65536
1783134948.0380 c2s 65536
1783134948.0381 c2s 65536
1783134948.0382 c2s 65536
1783134948.0385 c2s 65536
1783134948.0386 c2s 65536
1783134948.0387 c2s 65536
1783134948.0388 c2s 65536
1783134948.0391 c2s 65536
1783134948.0392 c2s 65536
1783134948.0394 c2s 65536
1783134948.0395 c2s 65536
1783134948.0398 c2s 65536
1783134948.0399 c2s 65536
1783134948.0400 c2s 65536
1783134948.0401 c2s 65536
1783134948.0405 c2s 65536
1783134948.0406 c2s 65536
1783134948.0407 c2s 65536
1783134948.0408 c2s 65536
1783134948.0410 c2s 65536
1783134948.0411 c2s 65536
1783134948.0413 c2s 65536
1783134948.0414 c2s 65536
1783134948.0417 c2s 65536
1783134948.0418 c2s 65536
1783134948.0419 c2s 65536
1783134948.0420 c2s 65536
1783134948.0423 c2s 65536
1783134948.0424 c2s 65536
1783134948.0425 c2s 65536
1783134948.0426 c2s 65536
1783134948.0429 c2s 65536
1783134948.0430 c2s 65536
1783134948.0431 c2s 65536
1783134948.0432 c2s 65536
1783134948.0435 c2s 65536
1783134948.0436 c2s 65536
1783134948.0438 c2s 65536
1783134948.0438 c2s 65536
1783134948.0442 c2s 65536
1783134948.0443 c2s 65536
1783134948.0444 c2s 65536
1783134948.0445 c2s 65536
1783134948.0448 c2s 65536
1783134948.0449 c2s 65536
1783134948.0450 c2s 65536
1783134948.0451 c2s 65536
1783134948.0454 c2s 65536
1783134948.0455 c2s 65536
1783134948.0456 c2s 65536
1783134948.0457 c2s 65536
1783134948.0460 c2s 65536
1783134948.0461 c2s 65536
1783134948.0462 c2s 65536
1783134948.0463 c2s 65536
1783134948.0466 c2s 65536
1783134948.0467 c2s 65536
1783134948.0468 c2s 65536
1783134948.0469 c2s 65536
1783134948.0472 c2s 65536
1783134948.0473 c2s 65536
1783134948.0475 c2s 65536
1783134948.0476 c2s 65536
1783134948.0479 c2s 65536
1783134948.0480 c2s 65536
1783134948.0481 c2s 65536
1783134948.0482 c2s 65536
1783134948.0485 c2s 65536
1783134948.0486 c2s 65536
1783134948.0487 c2s 65536
1783134948.0488 c2s 65536
1783134948.0491 c2s 65536
1783134948.0492 c2s 65536
1783134948.0493 c2s 65536
1783134948.0494 c2s 65536
1783134948.0497 c2s 65536
1783134948.0498 c2s 65536
1783134948.0499 c2s 65536
1783134948.0500 c2s 65536
1783134948.0503 c2s 65536
1783134948.0504 c2s 65536
1783134948.0505 c2s 65536
1783134948.0506 c2s 65536
1783134948.0509 c2s 65536
1783134948.0510 c2s 65536
1783134948.0511 c2s 65536
1783134948.0512 c2s 65536
1783134948.0516 c2s 65536
1783134948.0517 c2s 65536
1783134948.0518 c2s 65536
1783134948.0519 c2s 65536
1783134948.0522 c2s 65536
1783134948.0523 c2s 65536
1783134948.0524 c2s 65536
1783134948.0525 c2s 65536
1783134948.0528 c2s 65536
1783134948.0529 c2s 65536
1783134948.0530 c2s 65536
1783134948.0531 c2s 65536
1783134948.0534 c2s 65536
1783134948.0535 c2s 65536
1783134948.0537 c2s 65536
1783134948.0537 c2s 65536
1783134948.0541 c2s 65536
1783134948.0542 c2s 65536
1783134948.0543 c2s 65536
1783134948.0544 c2s 65536
1783134948.0547 c2s 65536
1783134948.0548 c2s 65536
1783134948.0549 c2s 65536
1783134948.0550 c2s 65536
1783134948.0553 c2s 65536
1783134948.0554 c2s 65536
1783134948.0556 c2s 65536
1783134948.0557 c2s 65536
1783134948.0560 c2s 65536
1783134948.0561 c2s 65536
1783134948.0562 c2s 65536
1783134948.0563 c2s 65536
1783134948.0566 c2s 65536
1783134948.0567 c2s 65536
1783134948.0568 c2s 65536
1783134948.0569 c2s 65536
1783134948.0572 c2s 65536
1783134948.0573 c2s 65536
1783134948.0574 c2s 65536
1783134948.0575 c2s 65536
1783134948.0578 c2s 65536
1783134948.0579 c2s 65536
1783134948.0580 c2s 65536
1783134948.0581 c2s 65536
1783134948.0584 c2s 65536
1783134948.0585 c2s 65536
1783134948.0587 c2s 65536
1783134948.0587 c2s 65536
1783134948.0590 c2s 65536
1783134948.0591 c2s 65536
1783134948.0592 c2s 65536
1783134948.0593 c2s 65536
1783134948.0596 c2s 65536
1783134948.0598 c2s 65536
1783134948.0599 c2s 65536
1783134948.0600 c2s 65536
1783134948.0602 c2s 65536
1783134948.0603 c2s 65536
1783134948.0604 c2s 65536
1783134948.0605 c2s 65536
1783134948.0608 c2s 65536
1783134948.0609 c2s 65536
1783134948.0610 c2s 65536
1783134948.0611 c2s 65536
1783134948.0613 c2s 65536
1783134948.0614 c2s 65536
1783134948.0616 c2s 65536
1783134948.0617 c2s 65536
1783134948.0620 c2s 65536
1783134948.0620 c2s 65536
1783134948.0622 c2s 65536
1783134948.0623 c2s 65536
1783134948.0625 c2s 65536
1783134948.0626 c2s 65536
1783134948.0627 c2s 65536
1783134948.0628 c2s 65536
1783134948.0631 c2s 65536
1783134948.0632 c2s 65536
1783134948.0633 c2s 65536
1783134948.0635 c2s 65536
1783134948.0638 c2s 65536
1783134948.0639 c2s 65536
1783134948.0640 c2s 65536
1783134948.0641 c2s 65536
1783134948.0643 c2s 65536
1783134948.0644 c2s 65536
1783134948.0646 c2s 65536
1783134948.0647 c2s 65536
1783134948.0649 c2s 65536
1783134948.0650 c2s 65536
1783134948.0651 c2s 65536
1783134948.0652 c2s 65536
1783134948.0655 c2s 65536
1783134948.0656 c2s 65536
1783134948.0657 c2s 65536
1783134948.0658 c2s 65536
1783134948.0660 c2s 65536
1783134948.0661 c2s 65536
1783134948.0663 c2s 65536
1783134948.0663 c2s 65536
1783134948.0666 c2s 65536
1783134948.0667 c2s 65536
1783134948.0668 c2s 65536
1783134948.0669 c2s 65536
1783134948.0672 c2s 65536
1783134948.0673 c2s 65536
1783134948.0674 c2s 65536
1783134948.0675 c2s 65536
1783134948.0678 c2s 65536
1783134948.0679 c2s 65536
1783134948.0680 c2s 65536
1783134948.0681 c2s 65536
1783134948.0684 c2s 65536
1783134948.0685 c2s 65536
1783134948.0686 c2s 65536
1783134948.0687 c2s 65536
1783134948.0689 c2s 65536
1783134948.0690 c2s 65536
1783134948.0691 c2s 65536
1783134948.0692 c2s 65536
1783134948.0695 c2s 65536
1783134948.0696 c2s 65536
1783134948.0697 c2s 65536
1783134948.0698 c2s 65536
1783134948.0701 c2s 65536
1783134948.0702 c2s 65536
1783134948.0703 c2s 65536
1783134948.0704 c2s 65536
1783134948.0707 c2s 65536
1783134948.0708 c2s 65536
1783134948.0709 c2s 65536
1783134948.0710 c2s 65536
1783134948.0713 c2s 65536
1783134948.0714 c2s 65536
1783134948.0715 c2s 65536
1783134948.0716 c2s 65536
1783134948.0718 c2s 65536
1783134948.0719 c2s 49509
1783134948.1534 c2s 321
1783134948.1539 s2c 9
1783134948.1657 c2s 65492
1783134948.1661 c2s 65536
1783134948.1662 c2s 65536
1783134948.1664 c2s 65536
1783134948.1665 c2s 65536
1783134948.1668 c2s 65536
1783134948.1669 c2s 65536
1783134948.1670 c2s 65536
1783134948.1671 c2s 65536
1783134948.1674 c2s 65536
1783134948.1676 c2s 65536
1783134948.1677 c2s 65536
1783134948.1678 c2s 65536
1783134948.1681 c2s 65536
1783134948.1682 c2s 65536
1783134948.1683 c2s 65536
1783134948.1684 c2s 65536
1783134948.1687 c2s 65536
1783134948.1688 c2s 65536
1783134948.1689 c2s 65536
1783134948.1690 c2s 65536
1783134948.1693 c2s 65536
1783134948.1694 c2s 65536
1783134948.1695 c2s 65536
1783134948.1696 c2s 65536
1783134948.1699 c2s 65536
1783134948.1700 c2s 65536
1783134948.1701 c2s 65536
1783134948.1702 c2s 65536
1783134948.1705 c2s 65536
1783134948.1706 c2s 65536
1783134948.1707 c2s 65536
1783134948.1707 c2s 65536
1783134948.1710 c2s 65536
1783134948.1711 c2s 65536
1783134948.1712 c2s 65536
1783134948.1713 c2s 65536
1783134948.1717 c2s 65536
1783134948.1718 c2s 65536
1783134948.1719 c2s 65536
1783134948.1719 c2s 65536
1783134948.1723 c2s 65536
1783134948.1723 c2s 65536
1783134948.1724 c2s 65536
1783134948.1725 c2s 65536
1783134948.1728 c2s 65536
1783134948.1729 c2s 65536
1783134948.1730 c2s 65536
1783134948.1731 c2s 65536
1783134948.1734 c2s 65536
1783134948.1735 c2s 65536
1783134948.1736 c2s 65536
1783134948.1737 c2s 65536
1783134948.1740 c2s 65536
1783134948.1742 c2s 65536
1783134948.1743 c2s 65536
1783134948.1744 c2s 65536
1783134948.1747 c2s 65536
1783134948.1748 c2s 65536
1783134948.1749 c2s 65536
1783134948.1750 c2s 65536
1783134948.1753 c2s 65536
1783134948.1753 c2s 65536
1783134948.1755 c2s 65536
1783134948.1756 c2s 65536
1783134948.1759 c2s 65536
1783134948.1760 c2s 65536
1783134948.1761 c2s 65536
1783134948.1762 c2s 65536
1783134948.1765 c2s 65536
1783134948.1766 c2s 65536
1783134948.1767 c2s 65536
1783134948.1768 c2s 65536
1783134948.1770 c2s 65536
1783134948.1771 c2s 65536
1783134948.1773 c2s 65536
1783134948.1774 c2s 65536
1783134948.1777 c2s 65536
1783134948.1778 c2s 65536
1783134948.1779 c2s 65536
1783134948.1780 c2s 65536
1783134948.1783 c2s 65536
1783134948.1784 c2s 65536
1783134948.1785 c2s 65536
1783134948.1786 c2s 65536
1783134948.1789 c2s 65536
1783134948.1790 c2s 65536
1783134948.1791 c2s 65536
1783134948.1792 c2s 65536
1783134948.1795 c2s 65536
1783134948.1796 c2s 65536
1783134948.1798 c2s 65536
1783134948.1799 c2s 65536
1783134948.1802 c2s 65536
1783134948.1803 c2s 65536
1783134948.1804 c2s 65536
1783134948.1805 c2s 65536
1783134948.1808 c2s 65536
1783134948.1809 c2s 65536
1783134948.1811 c2s 65536
1783134948.1811 c2s 65536
1783134948.1814 c2s 65536
1783134948.1815 c2s 65536
1783134948.1817 c2s 65536
1783134948.1817 c2s 65536
1783134948.1821 c2s 65536
1783134948.1821 c2s 65536
1783134948.1823 c2s 65536
1783134948.1824 c2s 65536
1783134948.1826 c2s 65536
1783134948.1827 c2s 65536
1783134948.1829 c2s 65536
1783134948.1829 c2s 65536
1783134948.1832 c2s 65536
1783134948.1833 c2s 65536
1783134948.1835 c2s 65536
1783134948.1836 c2s 65536
1783134948.1839 c2s 65536
1783134948.1840 c2s 65536
1783134948.1841 c2s 65536
1783134948.1842 c2s 65536
1783134948.1845 c2s 65536
1783134948.1845 c2s 65536
1783134948.1847 c2s 65536
1783134948.1848 c2s 65536
1783134948.1851 c2s 65536
1783134948.1852 c2s 65536
1783134948.1853 c2s 65536
1783134948.1854 c2s 65536
1783134948.1857 c2s 65536
1783134948.1858 c2s 65536
1783134948.1859 c2s 65536
1783134948.1860 c2s 65536
1783134948.1863 c2s 65536
1783134948.1864 c2s 65536
1783134948.1865 c2s 65536
1783134948.1866 c2s 65536
1783134948.1869 c2s 65536
1783134948.1870 c2s 65536
1783134948.1871 c2s 65536
1783134948.1872 c2s 65536
1783134948.1875 c2s 65536
1783134948.1876 c2s 65536
1783134948.1878 c2s 65536
1783134948.1879 c2s 65536
1783134948.1881 c2s 65536
1783134948.1882 c2s 65536
1783134948.1884 c2s 65536
1783134948.1885 c2s 65536
1783134948.1888 c2s 65536
1783134948.1889 c2s 65536
1783134948.1890 c2s 65536
1783134948.1891 c2s 65536
1783134948.1894 c2s 65536
1783134948.1895 c2s 65536
1783134948.1896 c2s 65536
1783134948.1897 c2s 65536
1783134948.1900 c2s 65536
1783134948.1901 c2s 65536
1783134948.1902 c2s 65536
1783134948.1903 c2s 65536
1783134948.1906 c2s 65536
1783134948.1907 c2s 65536
1783134948.1908 c2s 65536
1783134948.1909 c2s 65536
1783134948.1912 c2s 65536
1783134948.1913 c2s 65536
1783134948.1914 c2s 65536
1783134948.1915 c2s 65536
1783134948.1918 c2s 65536
1783134948.1919 c2s 65536
1783134948.1920 c2s 65536
1783134948.1921 c2s 65536
1783134948.1924 c2s 65536
1783134948.1925 c2s 65536
1783134948.1927 c2s 65536
1783134948.1928 c2s 65536
1783134948.1931 c2s 65536
1783134948.1932 c2s 65536
1783134948.1933 c2s 65536
1783134948.1934 c2s 65536
1783134948.1937 c2s 65536
1783134948.1938 c2s 65536
1783134948.1939 c2s 65536
1783134948.1940 c2s 65536
1783134948.1943 c2s 65536
1783134948.1944 c2s 65536
1783134948.1945 c2s 65536
1783134948.1946 c2s 65536
1783134948.1949 c2s 65536
1783134948.1950 c2s 65536
1783134948.1951 c2s 65536
1783134948.1952 c2s 65536
1783134948.1955 c2s 65536
1783134948.1956 c2s 65536
1783134948.1957 c2s 65536
1783134948.1958 c2s 65536
1783134948.1961 c2s 65536
1783134948.1962 c2s 65536
1783134948.1964 c2s 65536
1783134948.1964 c2s 65536
1783134948.1968 c2s 65536
1783134948.1969 c2s 65536
1783134948.1970 c2s 65536
1783134948.1971 c2s 65536
1783134948.1974 c2s 65536
1783134948.1975 c2s 65536
1783134948.1976 c2s 65536
1783134948.1977 c2s 65536
1783134948.1980 c2s 65536
1783134948.1981 c2s 65536
1783134948.1982 c2s 65536
1783134948.1983 c2s 65536
1783134948.1986 c2s 65536
1783134948.1987 c2s 65536
1783134948.1988 c2s 65536
1783134948.1989 c2s 65536
1783134948.1992 c2s 65536
1783134948.1993 c2s 65536
1783134948.1994 c2s 65536
1783134948.1996 c2s 65536
1783134948.1999 c2s 65536
1783134948.2000 c2s 65536
1783134948.2001 c2s 65536
1783134948.2002 c2s 65536
1783134948.2004 c2s 65536
1783134948.2005 c2s 65536
1783134948.2007 c2s 65536
1783134948.2008 c2s 65536
1783134948.2011 c2s 65536
1783134948.2012 c2s 65536
1783134948.2013 c2s 65536
1783134948.2014 c2s 65536
1783134948.2017 c2s 65536
1783134948.2018 c2s 65536
1783134948.2019 c2s 65536
1783134948.2020 c2s 65536
1783134948.2023 c2s 65536
1783134948.2024 c2s 65536
1783134948.2025 c2s 65536
1783134948.2026 c2s 65536
1783134948.2029 c2s 65536
1783134948.2030 c2s 65536
1783134948.2031 c2s 65536
1783134948.2032 c2s 65536
1783134948.2036 c2s 65536
1783134948.2037 c2s 65536
1783134948.2038 c2s 65536
1783134948.2039 c2s 65536
1783134948.2042 c2s 65536
1783134948.2043 c2s 65536
1783134948.2044 c2s 65536
1783134948.2045 c2s 65536
1783134948.2048 c2s 65536
1783134948.2049 c2s 65536
1783134948.2051 c2s 65536
1783134948.2052 c2s 65536
1783134948.2054 c2s 65536
1783134948.2055 c2s 65536
1783134948.2057 c2s 65536
1783134948.2057 c2s 65536
1783134948.2061 c2s 65536
1783134948.2062 c2s 65536
1783134948.2063 c2s 65536
1783134948.2064 c2s 65536
1783134948.2067 c2s 65536
1783134948.2068 c2s 65536
1783134948.2069 c2s 65536
1783134948.2070 c2s 65536
1783134948.2073 c2s 65536
1783134948.2074 c2s 65536
1783134948.2075 c2s 65536
1783134948.2076 c2s 65536
1783134948.2079 c2s 65536
1783134948.2080 c2s 65536
1783134948.2082 c2s 65536
1783134948.2082 c2s 65536
1783134948.2086 c2s 65536
1783134948.2087 c2s 65536
1783134948.2088 c2s 65536
1783134948.2089 c2s 65536
1783134948.2092 c2s 65536
1783134948.2093 c2s 65536
1783134948.2094 c2s 65536
1783134948.2095 c2s 65536
1783134948.2098 c2s 65536
1783134948.2099 c2s 65536
1783134948.2100 c2s 65536
1783134948.2101 c2s 65536
1783134948.2104 c2s 65536
1783134948.2105 c2s 65536
1783134948.2106 c2s 65536
1783134948.2107 c2s 65536
1783134948.2110 c2s 65536
1783134948.2111 c2s 65536
1783134948.2112 c2s 65536
1783134948.2113 c2s 65536
1783134948.2116 c2s 65536
1783134948.2117 c2s 65536
1783134948.2119 c2s 65536
1783134948.2120 c2s 65536
1783134948.2123 c2s 65536
1783134948.2124 c2s 65536
1783134948.2126 c2s 65536
1783134948.2127 c2s 65536
1783134948.2129 c2s 65536
1783134948.2130 c2s 65536
1783134948.2132 c2s 65536
1783134948.2133 c2s 65536
1783134948.2135 c2s 65536
1783134948.2137 c2s 65536
1783134948.2138 c2s 65536
1783134948.2139 c2s 65536
1783134948.2142 c2s 65536
1783134948.2143 c2s 65536
1783134948.2144 c2s 65536
1783134948.2145 c2s 65536
1783134948.2148 c2s 65536
1783134948.2149 c2s 65536
1783134948.2150 c2s 65536
1783134948.2151 c2s 65536
1783134948.2154 c2s 65536
1783134948.2155 c2s 65536
1783134948.2157 c2s 65536
1783134948.2158 c2s 65536
1783134948.2161 c2s 65536
1783134948.2162 c2s 65536
1783134948.2163 c2s 65536
1783134948.2164 c2s 65536
1783134948.2167 c2s 65536
1783134948.2168 c2s 65536
1783134948.2169 c2s 65536
1783134948.2170 c2s 65536
1783134948.2173 c2s 65536
1783134948.2174 c2s 65536
1783134948.2175 c2s 65536
1783134948.2176 c2s 65536
1783134948.2179 c2s 65536
1783134948.2180 c2s 65536
1783134948.2181 c2s 65536
1783134948.2182 c2s 65536
1783134948.2185 c2s 65536
1783134948.2186 c2s 65536
1783134948.2187 c2s 65536
1783134948.2188 c2s 65536
1783134948.2191 c2s 65536
1783134948.2192 c2s 65536
1783134948.2193 c2s 65536
1783134948.2194 c2s 65536
1783134948.2198 c2s 65536
1783134948.2199 c2s 65536
1783134948.2200 c2s 65536
1783134948.2201 c2s 65536
1783134948.2204 c2s 65536
1783134948.2205 c2s 65536
1783134948.2206 c2s 65536
1783134948.2207 c2s 65536
1783134948.2210 c2s 65536
1783134948.2211 c2s 65536
1783134948.2212 c2s 65536
1783134948.2213 c2s 65536
1783134948.2216 c2s 65536
1783134948.2217 c2s 65536
1783134948.2218 c2s 65536
1783134948.2219 c2s 65536
1783134948.2222 c2s 65536
1783134948.2223 c2s 65536
1783134948.2224 c2s 65536
1783134948.2225 c2s 65536
1783134948.2228 c2s 65536
1783134948.2229 c2s 65536
1783134948.2230 c2s 65536
1783134948.2231 c2s 65536
1783134948.2234 c2s 65536
1783134948.2236 c2s 65536
1783134948.2237 c2s 65536
1783134948.2238 c2s 65536
1783134948.2241 c2s 65536
1783134948.2242 c2s 65536
1783134948.2243 c2s 65536
1783134948.2244 c2s 65536
1783134948.2247 c2s 65536
1783134948.2248 c2s 65536
1783134948.2249 c2s 65536
1783134948.2250 c2s 65536
1783134948.2253 c2s 65536
1783134948.2254 c2s 65536
1783134948.2255 c2s 65536
1783134948.2256 c2s 65536
1783134948.2259 c2s 65536
1783134948.2260 c2s 65536
1783134948.2262 c2s 65536
1783134948.2263 c2s 65536
1783134948.2265 c2s 65536
1783134948.2266 c2s 65536
1783134948.2268 c2s 65536
1783134948.2268 c2s 65536
1783134948.2272 c2s 65536
1783134948.2273 c2s 65536
1783134948.2274 c2s 65536
1783134948.2275 c2s 65536
1783134948.2278 c2s 65536
1783134948.2279 c2s 65536
1783134948.2280 c2s 65536
1783134948.2281 c2s 65536
1783134948.2284 c2s 65536
1783134948.2285 c2s 65536
1783134948.2286 c2s 65536
1783134948.2287 c2s 65536
1783134948.2290 c2s 65536
1783134948.2291 c2s 65536
1783134948.2293 c2s 65536
1783134948.2294 c2s 65536
1783134948.2297 c2s 65536
1783134948.2298 c2s 65536
1783134948.2299 c2s 65536
1783134948.2300 c2s 65536
1783134948.2303 c2s 65536
1783134948.2304 c2s 65536
1783134948.2306 c2s 65536
1783134948.2306 c2s 65536
1783134948.2309 c2s 65536
1783134948.2310 c2s 65536
1783134948.2312 c2s 65536
1783134948.2313 c2s 65536
1783134948.2316 c2s 65536
1783134948.2317 c2s 65536
1783134948.2318 c2s 65536
1783134948.2319 c2s 65536
1783134948.2322 c2s 65536
1783134948.2323 c2s 65536
1783134948.2324 c2s 65536
1783134948.2325 c2s 65536
1783134948.2328 c2s 65536
1783134948.2329 c2s 65536
1783134948.2330 c2s 65536
1783134948.2331 c2s 65536
1783134948.2334 c2s 65536
1783134948.2335 c2s 65536
1783134948.2336 c2s 65536
1783134948.2337 c2s 65536
1783134948.2340 c2s 65536
1783134948.2341 c2s 65536
1783134948.2342 c2s 65536
1783134948.2343 c2s 65536
1783134948.2347 c2s 65536
1783134948.2347 c2s 65536
1783134948.2349 c2s 65536
1783134948.2350 c2s 65536
1783134948.2352 c2s 65536
1783134948.2353 c2s 65536
1783134948.2355 c2s 65536
1783134948.2356 c2s 65536
1783134948.2360 c2s 65536
1783134948.2361 c2s 65536
1783134948.2362 c2s 65536
1783134948.2363 c2s 65536
1783134948.2366 c2s 65536
1783134948.2367 c2s 65536
1783134948.2368 c2s 65536
1783134948.2369 c2s 65536
1783134948.2372 c2s 65536
1783134948.2373 c2s 65536
1783134948.2375 c2s 65536
1783134948.2375 c2s 65536
1783134948.2378 c2s 65536
1783134948.2379 c2s 65536
1783134948.2380 c2s 65536
1783134948.2381 c2s 65536
1783134948.2384 c2s 65536
1783134948.2385 c2s 65536
1783134948.2386 c2s 65536
1783134948.2387 c2s 65536
1783134948.2390 c2s 65536
1783134948.2391 c2s 65536
1783134948.2392 c2s 65536
1783134948.2393 c2s 65536
1783134948.2396 c2s 65536
1783134948.2397 c2s 65536
1783134948.2398 c2s 65536
1783134948.2399 c2s 65536
1783134948.2402 c2s 65536
1783134948.2403 c2s 65536
1783134948.2405 c2s 65536
1783134948.2405 c2s 65536
1783134948.2409 c2s 65536
1783134948.2410 c2s 65536
1783134948.2411 c2s 65536
1783134948.2412 c2s 65536
1783134948.2415 c2s 65536
1783134948.2416 c2s 65536
1783134948.2417 c2s 65536
1783134948.2418 c2s 65536
1783134948.2421 c2s 65536
1783134948.2422 c2s 65536
1783134948.2423 c2s 65536
1783134948.2424 c2s 65536
1783134948.2427 c2s 65536
1783134948.2428 c2s 65536
1783134948.2429 c2s 65536
1783134948.2430 c2s 65536
1783134948.2433 c2s 65536
1783134948.2434 c2s 65536
1783134948.2435 c2s 65536
1783134948.2436 c2s 65536
1783134948.2440 c2s 65536
1783134948.2441 c2s 65536
1783134948.2443 c2s 65536
1783134948.2443 c2s 65536
1783134948.2446 c2s 65536
1783134948.2447 c2s 65536
1783134948.2449 c2s 65536
1783134948.2449 c2s 65536
1783134948.2453 c2s 65536
1783134948.2454 c2s 65536
1783134948.2455 c2s 65536
1783134948.2456 c2s 65536
1783134948.2458 c2s 65536
1783134948.2459 c2s 65536
1783134948.2461 c2s 65536
1783134948.2462 c2s 65536
1783134948.2465 c2s 65536
1783134948.2466 c2s 65536
1783134948.2467 c2s 65536
1783134948.2468 c2s 65536
1783134948.2471 c2s 65536
1783134948.2472 c2s 65536
1783134948.2473 c2s 65536
1783134948.2474 c2s 65536
1783134948.2477 c2s 65536
1783134948.2478 c2s 65536
1783134948.2480 c2s 65536
1783134948.2481 c2s 65536
1783134948.2484 c2s 65536
1783134948.2485 c2s 65536
1783134948.2486 c2s 65536
1783134948.2487 c2s 65536
1783134948.2489 c2s 65536
1783134948.2490 c2s 65536
1783134948.2492 c2s 65536
1783134948.2492 c2s 65536
1783134948.2496 c2s 65536
1783134948.2496 c2s 65536
1783134948.2498 c2s 65536
1783134948.2499 c2s 65536
1783134948.2501 c2s 65536
1783134948.2502 c2s 65536
1783134948.2504 c2s 65536
1783134948.2505 c2s 65536
1783134948.2508 c2s 65536
1783134948.2509 c2s 65536
1783134948.2510 c2s 65536
1783134948.2511 c2s 65536
1783134948.2514 c2s 65536
1783134948.2515 c2s 65536
1783134948.2516 c2s 65536
1783134948.2517 c2s 65536
1783134948.2520 c2s 65536
1783134948.2521 c2s 65536
1783134948.2522 c2s 65536
1783134948.2523 c2s 65536
1783134948.2526 c2s 65536
1783134948.2527 c2s 65536
1783134948.2528 c2s 65536
1783134948.2529 c2s 65536
1783134948.2532 c2s 65536
1783134948.2533 c2s 65536
1783134948.2534 c2s 65536
1783134948.2535 c2s 65536
1783134948.2541 c2s 65536
1783134948.2542 c2s 65536
1783134948.2544 c2s 65536
1783134948.2545 c2s 65536
1783134948.2548 c2s 65536
1783134948.2549 c2s 65536
1783134948.2550 c2s 65536
1783134948.2551 c2s 65536
1783134948.2554 c2s 65536
1783134948.2555 c2s 65536
1783134948.2557 c2s 65536
1783134948.2558 c2s 65536
1783134948.2560 c2s 65536
1783134948.2561 c2s 65536
1783134948.2563 c2s 65536
1783134948.2563 c2s 65536
1783134948.2567 c2s 65536
1783134948.2568 c2s 65536
1783134948.2569 c2s 65536
1783134948.2570 c2s 65536
1783134948.2573 c2s 65536
1783134948.2574 c2s 65536
1783134948.2575 c2s 65536
1783134948.2576 c2s 65536
1783134948.2579 c2s 65536
1783134948.2580 c2s 65536
1783134948.2581 c2s 65536
1783134948.2582 c2s 65536
1783134948.2585 c2s 65536
1783134948.2586 c2s 65536
1783134948.2587 c2s 65536
1783134948.2588 c2s 65536
1783134948.2591 c2s 65536
1783134948.2592 c2s 65536
1783134948.2594 c2s 65536
1783134948.2595 c2s 65536
1783134948.2598 c2s 65536
1783134948.2599 c2s 65536
1783134948.2600 c2s 65536
1783134948.2601 c2s 65536
1783134948.2604 c2s 65536
1783134948.2605 c2s 65536
1783134948.2607 c2s 65536
1783134948.2608 c2s 65536
1783134948.2611 c2s 65536
1783134948.2611 c2s 65536
1783134948.2612 c2s 65536
1783134948.2613 c2s 65536
1783134948.2616 c2s 65536
1783134948.2616 c2s 65536
1783134948.2617 c2s 65536
1783134948.2618 c2s 65536
1783134948.2620 c2s 65536
1783134948.2621 c2s 65536
1783134948.2622 c2s 65536
1783134948.2623 c2s 65536
1783134948.2626 c2s 65536
1783134948.2626 c2s 65536
1783134948.2627 c2s 65536
1783134948.2628 c2s 65536
1783134948.2631 c2s 65536
1783134948.2632 c2s 65536
1783134948.2633 c2s 65536
1783134948.2633 c2s 65536
1783134948.2637 c2s 65536
1783134948.2638 c2s 65536
1783134948.2639 c2s 65536
1783134948.2640 c2s 65536
1783134948.2643 c2s 65536
1783134948.2644 c2s 65536
1783134948.2645 c2s 65536
1783134948.2645 c2s 65536
1783134948.2648 c2s 65536
1783134948.2649 c2s 65536
1783134948.2651 c2s 65536
1783134948.2653 c2s 65536
1783134948.2656 c2s 65536
1783134948.2657 c2s 65536
1783134948.2658 c2s 65536
1783134948.2659 c2s 65536
1783134948.2662 c2s 65536
1783134948.2663 c2s 65536
1783134948.2664 c2s 65536
1783134948.2665 c2s 65536
1783134948.2668 c2s 65536
1783134948.2669 c2s 65536
1783134948.2670 c2s 65536
1783134948.2671 c2s 65536
1783134948.2675 c2s 65536
1783134948.2676 c2s 65536
1783134948.2677 c2s 65536
1783134948.2678 c2s 65536
1783134948.2681 c2s 65536
1783134948.2682 c2s 65536
1783134948.2683 c2s 65536
1783134948.2684 c2s 65536
1783134948.2688 c2s 65536
1783134948.2689 c2s 65536
1783134948.2690 c2s 65536
1783134948.2691 c2s 65536
1783134948.2694 c2s 65536
1783134948.2695 c2s 65536
1783134948.2696 c2s 65536
1783134948.2697 c2s 65536
1783134948.2700 c2s 65536
1783134948.2701 c2s 65536
1783134948.2702 c2s 65536
1783134948.2703 c2s 65536
1783134948.2706 c2s 65536
1783134948.2707 c2s 65536
1783134948.2709 c2s 65536
1783134948.2709 c2s 65536
1783134948.2712 c2s 65536
1783134948.2714 c2s 65536
1783134948.2715 c2s 65536
1783134948.2716 c2s 65536
1783134948.2719 c2s 65536
1783134948.2720 c2s 65536
1783134948.2721 c2s 65536
1783134948.2722 c2s 65536
1783134948.2725 c2s 65536
1783134948.2726 c2s 65536
1783134948.2727 c2s 65536
1783134948.2728 c2s 65536
1783134948.2731 c2s 65536
1783134948.2732 c2s 65536
1783134948.2733 c2s 65536
1783134948.2734 c2s 65536
1783134948.2737 c2s 65536
1783134948.2738 c2s 65536
1783134948.2740 c2s 65536
1783134948.2740 c2s 65536
1783134948.2743 c2s 65536
1783134948.2744 c2s 65536
1783134948.2745 c2s 65536
1783134948.2746 c2s 65536
1783134948.2750 c2s 65536
1783134948.2751 c2s 65536
1783134948.2752 c2s 65536
1783134948.2753 c2s 65536
1783134948.2756 c2s 65536
1783134948.2757 c2s 65536
1783134948.2759 c2s 65536
1783134948.2759 c2s 65536
1783134948.2763 c2s 65536
1783134948.2764 c2s 65536
1783134948.2765 c2s 65536
1783134948.2766 c2s 65536
1783134948.2769 c2s 65536
1783134948.2770 c2s 65536
1783134948.2771 c2s 65536
1783134948.2772 c2s 65536
1783134948.2775 c2s 65536
1783134948.2776 c2s 65536
1783134948.2777 c2s 65536
1783134948.2778 c2s 65536
1783134948.2781 c2s 65536
1783134948.2782 c2s 65536
1783134948.2783 c2s 65536
1783134948.2784 c2s 65536
1783134948.2787 c2s 65536
1783134948.2788 c2s 65536
1783134948.2790 c2s 65536
1783134948.2791 c2s 65536
1783134948.2794 c2s 65536
1783134948.2795 c2s 65536
1783134948.2796 c2s 65536
1783134948.2797 c2s 65536
1783134948.2800 c2s 65536
1783134948.2801 c2s 65536
1783134948.2802 c2s 65536
1783134948.2803 c2s 65536
1783134948.2806 c2s 65536
1783134948.2807 c2s 65536
1783134948.2808 c2s 65536
1783134948.2809 c2s 65536
1783134948.2812 c2s 65536
1783134948.2813 c2s 65536
1783134948.2814 c2s 65536
1783134948.2815 c2s 65536
1783134948.2818 c2s 65536
1783134948.2819 c2s 65536
1783134948.2820 c2s 65536
1783134948.2821 c2s 65536
1783134948.2824 c2s 65536
1783134948.2825 c2s 65536
1783134948.2826 c2s 65536
1783134948.2827 c2s 65536
1783134948.2830 c2s 65536
1783134948.2831 c2s 65536
1783134948.2832 c2s 65536
1783134948.2833 c2s 65536
1783134948.2836 c2s 65536
1783134948.2837 c2s 65536
1783134948.2838 c2s 65536
1783134948.2839 c2s 65536
1783134948.2842 c2s 65536
1783134948.2843 c2s 65536
1783134948.2844 c2s 65536
1783134948.2845 c2s 65536
1783134948.2847 c2s 65536
1783134948.2848 c2s 65536
1783134948.2850 c2s 65536
1783134948.2850 c2s 65536
1783134948.2853 c2s 65536
1783134948.2854 c2s 65536
1783134948.2855 c2s 65536
1783134948.2856 c2s 65536
1783134948.2859 c2s 65536
1783134948.2860 c2s 65536
1783134948.2861 c2s 65536
1783134948.2862 c2s 65536
1783134948.2865 c2s 65536
1783134948.2866 c2s 65536
1783134948.2867 c2s 65536
1783134948.2868 c2s 65536
1783134948.2870 c2s 65536
1783134948.2871 c2s 65536
1783134948.2872 c2s 65536
1783134948.2873 c2s 65536
1783134948.2876 c2s 65536
1783134948.2877 c2s 65536
1783134948.2879 c2s 65536
1783134948.2879 c2s 65536
1783134948.2882 c2s 65536
1783134948.2883 c2s 65536
1783134948.2884 c2s 65536
1783134948.2885 c2s 65536
1783134948.2888 c2s 65536
1783134948.2889 c2s 65536
1783134948.2890 c2s 65536
1783134948.2891 c2s 65536
1783134948.2894 c2s 65536
1783134948.2895 c2s 65536
1783134948.2896 c2s 65536
1783134948.2897 c2s 65536
1783134948.2899 c2s 65536
1783134948.2900 c2s 65536
1783134948.2901 c2s 65536
1783134948.2902 c2s 65536
1783134948.2905 c2s 65536
1783134948.2906 c2s 65536
1783134948.2907 c2s 65536
1783134948.2908 c2s 65536
1783134948.2911 c2s 65536
1783134948.2912 c2s 65536
1783134948.2913 c2s 65536
1783134948.2914 c2s 65536
1783134948.2917 c2s 65536
1783134948.2918 c2s 65536
1783134948.2919 c2s 65536
1783134948.2920 c2s 65536
1783134948.2922 c2s 65536
1783134948.2923 c2s 65536
1783134948.2925 c2s 65536
1783134948.2925 c2s 65536
1783134948.2928 c2s 65536
1783134948.2929 c2s 65536
1783134948.2930 c2s 65536
1783134948.2931 c2s 65536
1783134948.2934 c2s 65536
1783134948.2935 c2s 65536
1783134948.2936 c2s 65536
1783134948.2937 c2s 65536
1783134948.2939 c2s 65536
1783134948.2940 c2s 65536
1783134948.2942 c2s 65536
1783134948.2942 c2s 65536
1783134948.2945 c2s 65536
1783134948.2946 c2s 65536
1783134948.2947 c2s 65536
1783134948.2948 c2s 65536
1783134948.2950 c2s 65536
1783134948.2951 c2s 48230
1783134948.3790 c2s 321
1783134948.3796 s2c 9
1783134948.3916 c2s 65492
1783134948.3921 c2s 65536
1783134948.3923 c2s 65536
1783134948.3926 c2s 65536
1783134948.3928 c2s 65536
1783134948.3933 c2s 65536
1783134948.3934 c2s 65536
1783134948.3937 c2s 65536
1783134948.3938 c2s 65536
1783134948.3943 c2s 65536
1783134948.3944 c2s 65536
1783134948.3946 c2s 65536
1783134948.3948 c2s 65536
1783134948.3952 c2s 65536
1783134948.3954 c2s 65536
1783134948.3956 c2s 65536
1783134948.3957 c2s 65536
1783134948.3961 c2s 65536
1783134948.3962 c2s 65536
1783134948.3964 c2s 65536
1783134948.3965 c2s 65536
1783134948.3968 c2s 65536
1783134948.3969 c2s 65536
1783134948.3971 c2s 65536
1783134948.3972 c2s 65536
1783134948.3975 c2s 65536
1783134948.3976 c2s 65536
1783134948.3977 c2s 65536
1783134948.3978 c2s 65536
1783134948.3982 c2s 65536
1783134948.3983 c2s 65536
1783134948.3984 c2s 65536
1783134948.3985 c2s 65536
1783134948.3987 c2s 65536
1783134948.3988 c2s 65536
1783134948.3989 c2s 65536
1783134948.3990 c2s 65536
1783134948.3994 c2s 65536
1783134948.3995 c2s 65536
1783134948.3997 c2s 65536
1783134948.3998 c2s 65536
1783134948.4001 c2s 65536
1783134948.4002 c2s 65536
1783134948.4004 c2s 65536
1783134948.4004 c2s 65536
1783134948.4008 c2s 65536
1783134948.4009 c2s 65536
1783134948.4010 c2s 65536
1783134948.4011 c2s 65536
1783134948.4015 c2s 65536
1783134948.4016 c2s 65536
1783134948.4017 c2s 65536
1783134948.4018 c2s 65536
1783134948.4022 c2s 65536
1783134948.4023 c2s 65536
1783134948.4024 c2s 65536
1783134948.4025 c2s 65536
1783134948.4028 c2s 65536
1783134948.4030 c2s 65536
1783134948.4031 c2s 65536
1783134948.4032 c2s 65536
1783134948.4035 c2s 65536
1783134948.4037 c2s 65536
1783134948.4038 c2s 65536
1783134948.4039 c2s 65536
1783134948.4042 c2s 65536
1783134948.4043 c2s 65536
1783134948.4044 c2s 65536
1783134948.4045 c2s 65536
1783134948.4048 c2s 65536
1783134948.4049 c2s 65536
1783134948.4050 c2s 65536
1783134948.4051 c2s 65536
1783134948.4055 c2s 65536
1783134948.4056 c2s 65536
1783134948.4057 c2s 65536
1783134948.4058 c2s 65536
1783134948.4061 c2s 65536
1783134948.4062 c2s 65536
1783134948.4063 c2s 65536
1783134948.4064 c2s 65536
1783134948.4067 c2s 65536
1783134948.4068 c2s 65536
1783134948.4070 c2s 65536
1783134948.4071 c2s 65536
1783134948.4074 c2s 65536
1783134948.4075 c2s 65536
1783134948.4076 c2s 65536
1783134948.4077 c2s 65536
1783134948.4081 c2s 65536
1783134948.4082 c2s 65536
1783134948.4083 c2s 65536
1783134948.4084 c2s 65536
1783134948.4087 c2s 65536
1783134948.4088 c2s 65536
1783134948.4089 c2s 65536
1783134948.4090 c2s 65536
1783134948.4093 c2s 65536
1783134948.4094 c2s 65536
1783134948.4095 c2s 65536
1783134948.4096 c2s 65536
1783134948.4099 c2s 65536
1783134948.4100 c2s 65536
1783134948.4102 c2s 65536
1783134948.4103 c2s 65536
1783134948.4106 c2s 65536
1783134948.4107 c2s 65536
1783134948.4108 c2s 65536
1783134948.4109 c2s 65536
1783134948.4112 c2s 65536
1783134948.4113 c2s 65536
1783134948.4114 c2s 65536
1783134948.4115 c2s 65536
1783134948.4119 c2s 65536
1783134948.4120 c2s 65536
1783134948.4121 c2s 65536
1783134948.4122 c2s 65536
1783134948.4125 c2s 65536
1783134948.4126 c2s 65536
1783134948.4127 c2s 65536
1783134948.4128 c2s 65536
1783134948.4131 c2s 65536
1783134948.4132 c2s 65536
1783134948.4133 c2s 65536
1783134948.4134 c2s 65536
1783134948.4137 c2s 65536
1783134948.4138 c2s 65536
1783134948.4139 c2s 65536
1783134948.4140 c2s 65536
1783134948.4143 c2s 65536
1783134948.4144 c2s 65536
1783134948.4145 c2s 65536
1783134948.4146 c2s 65536
1783134948.4149 c2s 65536
1783134948.4150 c2s 65536
1783134948.4152 c2s 65536
1783134948.4152 c2s 65536
1783134948.4156 c2s 65536
1783134948.4157 c2s 65536
1783134948.4159 c2s 65536
1783134948.4160 c2s 65536
1783134948.4163 c2s 65536
1783134948.4164 c2s 65536
1783134948.4165 c2s 65536
1783134948.4166 c2s 65536
1783134948.4170 c2s 65536
1783134948.4171 c2s 65536
1783134948.4172 c2s 65536
1783134948.4173 c2s 65536
1783134948.4176 c2s 65536
1783134948.4177 c2s 65536
1783134948.4178 c2s 65536
1783134948.4179 c2s 65536
1783134948.4182 c2s 65536
1783134948.4183 c2s 65536
1783134948.4185 c2s 65536
1783134948.4186 c2s 65536
1783134948.4189 c2s 65536
1783134948.4190 c2s 65536
1783134948.4191 c2s 65536
1783134948.4192 c2s 65536
1783134948.4196 c2s 65536
1783134948.4197 c2s 65536
1783134948.4198 c2s 65536
1783134948.4199 c2s 65536
1783134948.4202 c2s 65536
1783134948.4203 c2s 65536
1783134948.4205 c2s 65536
1783134948.4206 c2s 65536
1783134948.4209 c2s 65536
1783134948.4210 c2s 65536
1783134948.4211 c2s 65536
1783134948.4212 c2s 65536
1783134948.4215 c2s 65536
1783134948.4216 c2s 65536
1783134948.4218 c2s 65536
1783134948.4219 c2s 65536
1783134948.4222 c2s 65536
1783134948.4223 c2s 65536
1783134948.4224 c2s 65536
1783134948.4225 c2s 65536
1783134948.4228 c2s 65536
1783134948.4229 c2s 65536
1783134948.4230 c2s 65536
1783134948.4231 c2s 65536
1783134948.4235 c2s 65536
1783134948.4236 c2s 65536
1783134948.4237 c2s 65536
1783134948.4238 c2s 65536
1783134948.4241 c2s 65536
1783134948.4243 c2s 65536
1783134948.4244 c2s 65536
1783134948.4245 c2s 65536
1783134948.4248 c2s 65536
1783134948.4249 c2s 65536
1783134948.4250 c2s 65536
1783134948.4251 c2s 65536
1783134948.4255 c2s 65536
1783134948.4256 c2s 65536
1783134948.4258 c2s 65536
1783134948.4258 c2s 65536
1783134948.4262 c2s 65536
1783134948.4263 c2s 65536
1783134948.4264 c2s 65536
1783134948.4265 c2s 65536
1783134948.4268 c2s 65536
1783134948.4269 c2s 65536
1783134948.4270 c2s 65536
1783134948.4271 c2s 65536
1783134948.4275 c2s 65536
1783134948.4276 c2s 65536
1783134948.4277 c2s 65536
1783134948.4278 c2s 65536
1783134948.4282 c2s 65536
1783134948.4283 c2s 65536
1783134948.4284 c2s 65536
1783134948.4285 c2s 65536
1783134948.4288 c2s 65536
1783134948.4289 c2s 65536
1783134948.4290 c2s 65536
1783134948.4291 c2s 65536
1783134948.4294 c2s 65536
1783134948.4295 c2s 65536
1783134948.4297 c2s 65536
1783134948.4297 c2s 65536
1783134948.4301 c2s 65536
1783134948.4302 c2s 65536
1783134948.4303 c2s 65536
1783134948.4304 c2s 65536
1783134948.4307 c2s 65536
1783134948.4308 c2s 65536
1783134948.4309 c2s 65536
1783134948.4310 c2s 65536
1783134948.4314 c2s 65536
1783134948.4315 c2s 65536
1783134948.4316 c2s 65536
1783134948.4317 c2s 65536
1783134948.4320 c2s 65536
1783134948.4321 c2s 65536
1783134948.4323 c2s 65536
1783134948.4324 c2s 65536
1783134948.4327 c2s 65536
1783134948.4328 c2s 65536
1783134948.4329 c2s 65536
1783134948.4330 c2s 65536
1783134948.4333 c2s 65536
1783134948.4334 c2s 65536
1783134948.4335 c2s 65536
1783134948.4336 c2s 65536
1783134948.4339 c2s 65536
1783134948.4340 c2s 65536
1783134948.4342 c2s 65536
1783134948.4342 c2s 65536
1783134948.4345 c2s 65536
1783134948.4346 c2s 65536
1783134948.4348 c2s 65536
1783134948.4348 c2s 65536
1783134948.4352 c2s 65536
1783134948.4353 c2s 65536
1783134948.4354 c2s 65536
1783134948.4355 c2s 65536
1783134948.4358 c2s 65536
1783134948.4359 c2s 65536
1783134948.4361 c2s 65536
1783134948.4362 c2s 65536
1783134948.4366 c2s 65536
1783134948.4367 c2s 65536
1783134948.4368 c2s 65536
1783134948.4369 c2s 65536
1783134948.4372 c2s 65536
1783134948.4373 c2s 65536
1783134948.4375 c2s 65536
1783134948.4375 c2s 65536
1783134948.4379 c2s 65536
1783134948.4380 c2s 65536
1783134948.4381 c2s 65536
1783134948.4382 c2s 65536
1783134948.4385 c2s 65536
1783134948.4386 c2s 65536
1783134948.4387 c2s 65536
1783134948.4388 c2s 65536
1783134948.4391 c2s 65536
1783134948.4392 c2s 65536
1783134948.4393 c2s 65536
1783134948.4394 c2s 65536
1783134948.4398 c2s 65536
1783134948.4399 c2s 65536
1783134948.4400 c2s 65536
1783134948.4401 c2s 65536
1783134948.4404 c2s 65536
1783134948.4405 c2s 65536
1783134948.4406 c2s 65536
1783134948.4407 c2s 65536
1783134948.4410 c2s 65536
1783134948.4411 c2s 65536
1783134948.4412 c2s 65536
1783134948.4413 c2s 65536
1783134948.4416 c2s 65536
1783134948.4417 c2s 65536
1783134948.4418 c2s 65536
1783134948.4419 c2s 65536
1783134948.4422 c2s 65536
1783134948.4423 c2s 65536
1783134948.4424 c2s 65536
1783134948.4425 c2s 65536
1783134948.4428 c2s 65536
1783134948.4429 c2s 65536
1783134948.4430 c2s 65536
1783134948.4431 c2s 65536
1783134948.4434 c2s 65536
1783134948.4436 c2s 65536
1783134948.4437 c2s 65536
1783134948.4438 c2s 65536
1783134948.4441 c2s 65536
1783134948.4442 c2s 65536
1783134948.4444 c2s 65536
1783134948.4444 c2s 65536
1783134948.4448 c2s 65536
1783134948.4449 c2s 65536
1783134948.4450 c2s 65536
1783134948.4451 c2s 65536
1783134948.4454 c2s 65536
1783134948.4455 c2s 65536
1783134948.4457 c2s 65536
1783134948.4457 c2s 65536
1783134948.4460 c2s 65536
1783134948.4461 c2s 65536
1783134948.4463 c2s 65536
1783134948.4464 c2s 65536
1783134948.4467 c2s 65536
1783134948.4468 c2s 65536
1783134948.4469 c2s 65536
1783134948.4470 c2s 65536
1783134948.4473 c2s 65536
1783134948.4474 c2s 65536
1783134948.4476 c2s 65536
1783134948.4477 c2s 65536
1783134948.4480 c2s 65536
1783134948.4481 c2s 65536
1783134948.4482 c2s 65536
1783134948.4483 c2s 65536
1783134948.4486 c2s 65536
1783134948.4487 c2s 65536
1783134948.4488 c2s 65536
1783134948.4489 c2s 65536
1783134948.4492 c2s 65536
1783134948.4493 c2s 65536
1783134948.4494 c2s 65536
1783134948.4495 c2s 65536
1783134948.4498 c2s 65536
1783134948.4499 c2s 65536
1783134948.4500 c2s 65536
1783134948.4501 c2s 65536
1783134948.4504 c2s 65536
1783134948.4505 c2s 65536
1783134948.4507 c2s 65536
1783134948.4508 c2s 65536
1783134948.4511 c2s 65536
1783134948.4512 c2s 65536
1783134948.4513 c2s 65536
1783134948.4514 c2s 65536
1783134948.4517 c2s 65536
1783134948.4518 c2s 65536
1783134948.4519 c2s 65536
1783134948.4520 c2s 65536
1783134948.4523 c2s 65536
1783134948.4524 c2s 65536
1783134948.4525 c2s 65536
1783134948.4526 c2s 65536
1783134948.4529 c2s 65536
1783134948.4530 c2s 65536
1783134948.4532 c2s 65536
1783134948.4533 c2s 65536
1783134948.4536 c2s 65536
1783134948.4537 c2s 65536
1783134948.4538 c2s 65536
1783134948.4539 c2s 65536
1783134948.4542 c2s 65536
1783134948.4543 c2s 65536
1783134948.4544 c2s 65536
1783134948.4545 c2s 65536
1783134948.4548 c2s 65536
1783134948.4549 c2s 65536
1783134948.4550 c2s 65536
1783134948.4551 c2s 65536
1783134948.4554 c2s 65536
1783134948.4555 c2s 65536
1783134948.4556 c2s 65536
1783134948.4557 c2s 65536
1783134948.4560 c2s 65536
1783134948.4561 c2s 65536
1783134948.4562 c2s 65536
1783134948.4563 c2s 65536
1783134948.4566 c2s 65536
1783134948.4567 c2s 65536
1783134948.4568 c2s 65536
1783134948.4569 c2s 65536
1783134948.4572 c2s 65536
1783134948.4573 c2s 65536
1783134948.4575 c2s 65536
1783134948.4575 c2s 65536
1783134948.4578 c2s 65536
1783134948.4579 c2s 65536
1783134948.4581 c2s 65536
1783134948.4581 c2s 65536
1783134948.4585 c2s 65536
1783134948.4586 c2s 65536
1783134948.4587 c2s 65536
1783134948.4588 c2s 65536
1783134948.4591 c2s 65536
1783134948.4592 c2s 65536
1783134948.4593 c2s 65536
1783134948.4594 c2s 65536
1783134948.4597 c2s 65536
1783134948.4598 c2s 65536
1783134948.4600 c2s 65536
1783134948.4600 c2s 65536
1783134948.4604 c2s 65536
1783134948.4605 c2s 65536
1783134948.4606 c2s 65536
1783134948.4607 c2s 65536
1783134948.4610 c2s 65536
1783134948.4611 c2s 65536
1783134948.4612 c2s 65536
1783134948.4613 c2s 65536
1783134948.4616 c2s 65536
1783134948.4617 c2s 65536
1783134948.4619 c2s 65536
1783134948.4620 c2s 65536
1783134948.4622 c2s 65536
1783134948.4623 c2s 65536
1783134948.4625 c2s 65536
1783134948.4626 c2s 65536
1783134948.4629 c2s 65536
1783134948.4630 c2s 65536
1783134948.4631 c2s 65536
1783134948.4632 c2s 65536
1783134948.4635 c2s 65536
1783134948.4636 c2s 65536
1783134948.4637 c2s 65536
1783134948.4638 c2s 65536
1783134948.4641 c2s 65536
1783134948.4642 c2s 65536
1783134948.4644 c2s 65536
1783134948.4645 c2s 65536
1783134948.4647 c2s 65536
1783134948.4648 c2s 65536
1783134948.4650 c2s 65536
1783134948.4651 c2s 65536
1783134948.4654 c2s 65536
1783134948.4655 c2s 65536
1783134948.4656 c2s 65536
1783134948.4657 c2s 65536
1783134948.4660 c2s 65536
1783134948.4661 c2s 65536
1783134948.4662 c2s 65536
1783134948.4663 c2s 65536
1783134948.4666 c2s 65536
1783134948.4667 c2s 65536
1783134948.4669 c2s 65536
1783134948.4669 c2s 65536
1783134948.4672 c2s 65536
1783134948.4673 c2s 65536
1783134948.4675 c2s 65536
1783134948.4676 c2s 65536
1783134948.4679 c2s 65536
1783134948.4680 c2s 65536
1783134948.4681 c2s 65536
1783134948.4682 c2s 65536
1783134948.4685 c2s 65536
1783134948.4686 c2s 65536
1783134948.4687 c2s 65536
1783134948.4688 c2s 65536
1783134948.4691 c2s 65536
1783134948.4692 c2s 65536
1783134948.4694 c2s 65536
1783134948.4695 c2s 65536
1783134948.4697 c2s 65536
1783134948.4698 c2s 65536
1783134948.4700 c2s 65536
1783134948.4701 c2s 65536
1783134948.4704 c2s 65536
1783134948.4705 c2s 65536
1783134948.4706 c2s 65536
1783134948.4707 c2s 65536
1783134948.4710 c2s 65536
1783134948.4711 c2s 65536
1783134948.4712 c2s 65536
1783134948.4713 c2s 65536
1783134948.4716 c2s 65536
1783134948.4717 c2s 65536
1783134948.4718 c2s 65536
1783134948.4719 c2s 65536
1783134948.4722 c2s 65536
1783134948.4723 c2s 65536
1783134948.4724 c2s 65536
1783134948.4725 c2s 65536
1783134948.4728 c2s 65536
1783134948.4729 c2s 65536
1783134948.4730 c2s 65536
1783134948.4731 c2s 65536
1783134948.4734 c2s 65536
1783134948.4735 c2s 65536
1783134948.4736 c2s 65536
1783134948.4737 c2s 65536
1783134948.4739 c2s 65536
1783134948.4741 c2s 65536
1783134948.4742 c2s 65536
1783134948.4743 c2s 65536
1783134948.4746 c2s 65536
1783134948.4746 c2s 65536
1783134948.4748 c2s 65536
1783134948.4749 c2s 65536
1783134948.4751 c2s 65536
1783134948.4752 c2s 65536
1783134948.4754 c2s 65536
1783134948.4755 c2s 65536
1783134948.4758 c2s 65536
1783134948.4759 c2s 65536
1783134948.4760 c2s 65536
1783134948.4761 c2s 65536
1783134948.4763 c2s 65536
1783134948.4764 c2s 65536
1783134948.4765 c2s 65536
1783134948.4766 c2s 65536
1783134948.4769 c2s 65536
1783134948.4770 c2s 65536
1783134948.4771 c2s 65536
1783134948.4772 c2s 65536
1783134948.4774 c2s 65536
1783134948.4775 c2s 65536
1783134948.4777 c2s 65536
1783134948.4777 c2s 65536
1783134948.4780 c2s 65536
1783134948.4781 c2s 65536
1783134948.4782 c2s 65536
1783134948.4783 c2s 65536
1783134948.4786 c2s 65536
1783134948.4787 c2s 65536
1783134948.4788 c2s 65536
1783134948.4789 c2s 65536
1783134948.4791 c2s 65536
1783134948.4796 c2s 65536
1783134948.4797 c2s 65536
1783134948.4798 c2s 65536
1783134948.4801 c2s 65536
1783134948.4802 c2s 65536
1783134948.4803 c2s 65536
1783134948.4804 c2s 65536
1783134948.4806 c2s 65536
1783134948.4807 c2s 65536
1783134948.4809 c2s 65536
1783134948.4809 c2s 65536
1783134948.4812 c2s 65536
1783134948.4813 c2s 65536
1783134948.4814 c2s 65536
1783134948.4815 c2s 65536
1783134948.4818 c2s 65536
1783134948.4819 c2s 65536
1783134948.4820 c2s 65536
1783134948.4821 c2s 65536
1783134948.4823 c2s 65536
1783134948.4824 c2s 65536
1783134948.4825 c2s 65536
1783134948.4826 c2s 65536
1783134948.4829 c2s 65536
1783134948.4830 c2s 65536
1783134948.4831 c2s 65536
1783134948.4832 c2s 65536
1783134948.4835 c2s 65536
1783134948.4836 c2s 65536
1783134948.4837 c2s 65536
1783134948.4838 c2s 65536
1783134948.4840 c2s 65536
1783134948.4841 c2s 65536
1783134948.4843 c2s 65536
1783134948.4843 c2s 65536
1783134948.4846 c2s 65536
1783134948.4847 c2s 65536
1783134948.4848 c2s 65536
1783134948.4849 c2s 65536
1783134948.4851 c2s 65536
1783134948.4852 c2s 49509
1783134948.5956 c2s 321
1783134948.5961 s2c 9
1783134948.6132 c2s 65492
1783134948.6136 c2s 65536
1783134948.6138 c2s 65536
1783134948.6140 c2s 65536
1783134948.6141 c2s 65536
1783134948.6144 c2s 65536
1783134948.6145 c2s 65536
1783134948.6147 c2s 65536
1783134948.6148 c2s 65536
1783134948.6151 c2s 65536
1783134948.6152 c2s 65536
1783134948.6154 c2s 65536
1783134948.6155 c2s 65536
1783134948.6159 c2s 65536
1783134948.6160 c2s 65536
1783134948.6161 c2s 65536
1783134948.6163 c2s 65536
1783134948.6166 c2s 65536
1783134948.6167 c2s 65536
1783134948.6169 c2s 65536
1783134948.6170 c2s 65536
1783134948.6173 c2s 65536
1783134948.6174 c2s 65536
1783134948.6175 c2s 65536
1783134948.6176 c2s 65536
1783134948.6180 c2s 65536
1783134948.6181 c2s 65536
1783134948.6182 c2s 65536
1783134948.6183 c2s 65536
1783134948.6187 c2s 65536
1783134948.6188 c2s 65536
1783134948.6190 c2s 65536
1783134948.6190 c2s 65536
1783134948.6193 c2s 65536
1783134948.6194 c2s 65536
1783134948.6196 c2s 65536
1783134948.6196 c2s 65536
1783134948.6200 c2s 65536
1783134948.6201 c2s 65536
1783134948.6202 c2s 65536
1783134948.6202 c2s 65536
1783134948.6205 c2s 65536
1783134948.6206 c2s 65536
1783134948.6207 c2s 65536
1783134948.6208 c2s 65536
1783134948.6211 c2s 65536
1783134948.6212 c2s 65536
1783134948.6213 c2s 65536
1783134948.6214 c2s 65536
1783134948.6217 c2s 65536
1783134948.6218 c2s 65536
1783134948.6219 c2s 65536
1783134948.6220 c2s 65536
1783134948.6223 c2s 65536
1783134948.6224 c2s 65536
1783134948.6225 c2s 65536
1783134948.6226 c2s 65536
1783134948.6229 c2s 65536
1783134948.6230 c2s 65536
1783134948.6231 c2s 65536
1783134948.6232 c2s 65536
1783134948.6236 c2s 65536
1783134948.6237 c2s 65536
1783134948.6238 c2s 65536
1783134948.6239 c2s 65536
1783134948.6244 c2s 65536
1783134948.6245 c2s 65536
1783134948.6246 c2s 65536
1783134948.6248 c2s 65536
1783134948.6251 c2s 65536
1783134948.6252 c2s 65536
1783134948.6254 c2s 65536
1783134948.6255 c2s 65536
1783134948.6257 c2s 65536
1783134948.6258 c2s 65536
1783134948.6260 c2s 65536
1783134948.6260 c2s 65536
1783134948.6263 c2s 65536
1783134948.6264 c2s 65536
1783134948.6265 c2s 65536
1783134948.6266 c2s 65536
1783134948.6269 c2s 65536
1783134948.6270 c2s 65536
1783134948.6271 c2s 65536
1783134948.6272 c2s 65536
1783134948.6276 c2s 65536
1783134948.6277 c2s 65536
1783134948.6279 c2s 65536
1783134948.6280 c2s 65536
1783134948.6283 c2s 65536
1783134948.6284 c2s 65536
1783134948.6286 c2s 65536
1783134948.6287 c2s 65536
1783134948.6290 c2s 65536
1783134948.6291 c2s 65536
1783134948.6293 c2s 65536
1783134948.6294 c2s 65536
1783134948.6298 c2s 65536
1783134948.6299 c2s 65536
1783134948.6300 c2s 65536
1783134948.6301 c2s 65536
1783134948.6305 c2s 65536
1783134948.6306 c2s 65536
1783134948.6308 c2s 65536
1783134948.6309 c2s 65536
1783134948.6312 c2s 65536
1783134948.6313 c2s 65536
1783134948.6315 c2s 65536
1783134948.6316 c2s 65536
1783134948.6320 c2s 65536
1783134948.6321 c2s 65536
1783134948.6322 c2s 65536
1783134948.6323 c2s 65536
1783134948.6327 c2s 65536
1783134948.6328 c2s 65536
1783134948.6330 c2s 65536
1783134948.6331 c2s 65536
1783134948.6334 c2s 65536
1783134948.6336 c2s 65536
1783134948.6337 c2s 65536
1783134948.6338 c2s 65536
1783134948.6342 c2s 65536
1783134948.6343 c2s 65536
1783134948.6344 c2s 65536
1783134948.6345 c2s 65536
1783134948.6349 c2s 65536
1783134948.6350 c2s 65536
1783134948.6351 c2s 65536
1783134948.6352 c2s 65536
1783134948.6356 c2s 65536
1783134948.6357 c2s 65536
1783134948.6359 c2s 65536
1783134948.6360 c2s 65536
1783134948.6363 c2s 65536
1783134948.6364 c2s 65536
1783134948.6366 c2s 65536
1783134948.6367 c2s 65536
1783134948.6370 c2s 65536
1783134948.6371 c2s 65536
1783134948.6372 c2s 65536
1783134948.6373 c2s 65536
1783134948.6377 c2s 65536
1783134948.6378 c2s 65536
1783134948.6380 c2s 65536
1783134948.6381 c2s 65536
1783134948.6384 c2s 65536
1783134948.6386 c2s 65536
1783134948.6387 c2s 65536
1783134948.6388 c2s 65536
1783134948.6392 c2s 65536
1783134948.6393 c2s 65536
1783134948.6395 c2s 65536
1783134948.6396 c2s 65536
1783134948.6400 c2s 65536
1783134948.6401 c2s 65536
1783134948.6403 c2s 65536
1783134948.6404 c2s 65536
1783134948.6408 c2s 65536
1783134948.6409 c2s 65536
1783134948.6410 c2s 65536
1783134948.6411 c2s 65536
1783134948.6415 c2s 65536
1783134948.6416 c2s 65536
1783134948.6418 c2s 65536
1783134948.6419 c2s 65536
1783134948.6422 c2s 65536
1783134948.6423 c2s 65536
1783134948.6424 c2s 65536
1783134948.6425 c2s 65536
1783134948.6428 c2s 65536
1783134948.6429 c2s 65536
1783134948.6430 c2s 65536
1783134948.6431 c2s 65536
1783134948.6434 c2s 65536
1783134948.6435 c2s 65536
1783134948.6437 c2s 65536
1783134948.6438 c2s 65536
1783134948.6441 c2s 65536
1783134948.6442 c2s 65536
1783134948.6443 c2s 65536
1783134948.6444 c2s 65536
1783134948.6447 c2s 65536
1783134948.6448 c2s 65536
1783134948.6449 c2s 65536
1783134948.6450 c2s 65536
1783134948.6453 c2s 65536
1783134948.6454 c2s 65536
1783134948.6455 c2s 65536
1783134948.6456 c2s 65536
1783134948.6459 c2s 65536
1783134948.6460 c2s 65536
1783134948.6461 c2s 65536
1783134948.6462 c2s 65536
1783134948.6465 c2s 65536
1783134948.6466 c2s 65536
1783134948.6467 c2s 65536
1783134948.6468 c2s 65536
1783134948.6471 c2s 65536
1783134948.6472 c2s 65536
1783134948.6474 c2s 65536
1783134948.6475 c2s 65536
1783134948.6479 c2s 65536
1783134948.6480 c2s 65536
1783134948.6482 c2s 65536
1783134948.6483 c2s 65536
1783134948.6487 c2s 65536
1783134948.6488 c2s 65536
1783134948.6489 c2s 65536
1783134948.6491 c2s 65536
1783134948.6494 c2s 65536
1783134948.6495 c2s 65536
1783134948.6497 c2s 65536
1783134948.6498 c2s 65536
1783134948.6502 c2s 65536
1783134948.6503 c2s 65536
1783134948.6504 c2s 65536
1783134948.6506 c2s 65536
1783134948.6509 c2s 65536
1783134948.6510 c2s 65536
1783134948.6512 c2s 65536
1783134948.6513 c2s 65536
1783134948.6517 c2s 65536
1783134948.6518 c2s 65536
1783134948.6520 c2s 65536
1783134948.6521 c2s 65536
1783134948.6524 c2s 65536
1783134948.6525 c2s 65536
1783134948.6527 c2s 65536
1783134948.6528 c2s 65536
1783134948.6532 c2s 65536
1783134948.6533 c2s 65536
1783134948.6535 c2s 65536
1783134948.6536 c2s 65536
1783134948.6539 c2s 65536
1783134948.6540 c2s 65536
1783134948.6542 c2s 65536
1783134948.6543 c2s 65536
1783134948.6547 c2s 65536
1783134948.6548 c2s 65536
1783134948.6550 c2s 65536
1783134948.6551 c2s 65536
1783134948.6554 c2s 65536
1783134948.6556 c2s 65536
1783134948.6558 c2s 65536
1783134948.6559 c2s 65536
1783134948.6563 c2s 65536
1783134948.6564 c2s 65536
1783134948.6566 c2s 65536
1783134948.6567 c2s 65536
1783134948.6570 c2s 65536
1783134948.6571 c2s 65536
1783134948.6573 c2s 65536
1783134948.6574 c2s 65536
1783134948.6578 c2s 65536
1783134948.6579 c2s 65536
1783134948.6581 c2s 65536
1783134948.6582 c2s 65536
1783134948.6585 c2s 65536
1783134948.6586 c2s 65536
1783134948.6588 c2s 65536
1783134948.6589 c2s 65536
1783134948.6593 c2s 65536
1783134948.6594 c2s 65536
1783134948.6596 c2s 65536
1783134948.6597 c2s 65536
1783134948.6601 c2s 65536
1783134948.6602 c2s 65536
1783134948.6604 c2s 65536
1783134948.6605 c2s 65536
1783134948.6608 c2s 65536
1783134948.6610 c2s 65536
1783134948.6611 c2s 65536
1783134948.6612 c2s 65536
1783134948.6616 c2s 65536
1783134948.6617 c2s 65536
1783134948.6619 c2s 65536
1783134948.6620 c2s 65536
1783134948.6624 c2s 65536
1783134948.6625 c2s 65536
1783134948.6626 c2s 65536
1783134948.6627 c2s 65536
1783134948.6631 c2s 65536
1783134948.6632 c2s 65536
1783134948.6634 c2s 65536
1783134948.6635 c2s 65536
1783134948.6639 c2s 65536
1783134948.6640 c2s 65536
1783134948.6642 c2s 65536
1783134948.6643 c2s 65536
1783134948.6646 c2s 65536
1783134948.6648 c2s 65536
1783134948.6649 c2s 65536
1783134948.6650 c2s 65536
1783134948.6653 c2s 65536
1783134948.6655 c2s 65536
1783134948.6656 c2s 65536
1783134948.6657 c2s 65536
1783134948.6661 c2s 65536
1783134948.6662 c2s 65536
1783134948.6663 c2s 65536
1783134948.6664 c2s 65536
1783134948.6668 c2s 65536
1783134948.6669 c2s 65536
1783134948.6670 c2s 65536
1783134948.6672 c2s 65536
1783134948.6675 c2s 65536
1783134948.6677 c2s 65536
1783134948.6678 c2s 65536
1783134948.6679 c2s 65536
1783134948.6683 c2s 65536
1783134948.6684 c2s 65536
1783134948.6685 c2s 65536
1783134948.6686 c2s 65536
1783134948.6689 c2s 65536
1783134948.6690 c2s 65536
1783134948.6692 c2s 65536
1783134948.6693 c2s 65536
1783134948.6696 c2s 65536
1783134948.6697 c2s 65536
1783134948.6699 c2s 65536
1783134948.6700 c2s 65536
1783134948.6703 c2s 65536
1783134948.6704 c2s 65536
1783134948.6705 c2s 65536
1783134948.6706 c2s 65536
1783134948.6709 c2s 65536
1783134948.6710 c2s 65536
1783134948.6711 c2s 65536
1783134948.6712 c2s 65536
1783134948.6716 c2s 65536
1783134948.6717 c2s 65536
1783134948.6718 c2s 65536
1783134948.6719 c2s 65536
1783134948.6722 c2s 65536
1783134948.6723 c2s 65536
1783134948.6724 c2s 65536
1783134948.6725 c2s 65536
1783134948.6728 c2s 65536
1783134948.6729 c2s 65536
1783134948.6730 c2s 65536
1783134948.6731 c2s 65536
1783134948.6734 c2s 65536
1783134948.6735 c2s 65536
1783134948.6736 c2s 65536
1783134948.6738 c2s 65536
1783134948.6740 c2s 65536
1783134948.6741 c2s 65536
1783134948.6743 c2s 65536
1783134948.6743 c2s 65536
1783134948.6747 c2s 65536
1783134948.6748 c2s 65536
1783134948.6749 c2s 65536
1783134948.6750 c2s 65536
1783134948.6753 c2s 65536
1783134948.6754 c2s 65536
1783134948.6756 c2s 65536
1783134948.6757 c2s 65536
1783134948.6760 c2s 65536
1783134948.6761 c2s 65536
1783134948.6763 c2s 65536
1783134948.6764 c2s 65536
1783134948.6767 c2s 65536
1783134948.6768 c2s 65536
1783134948.6769 c2s 65536
1783134948.6770 c2s 65536
1783134948.6773 c2s 65536
1783134948.6774 c2s 65536
1783134948.6776 c2s 65536
1783134948.6777 c2s 65536
1783134948.6780 c2s 65536
1783134948.6781 c2s 65536
1783134948.6782 c2s 65536
1783134948.6783 c2s 65536
1783134948.6786 c2s 65536
1783134948.6787 c2s 65536
1783134948.6789 c2s 65536
1783134948.6790 c2s 65536
1783134948.6793 c2s 65536
1783134948.6794 c2s 65536
1783134948.6796 c2s 65536
1783134948.6797 c2s 65536
1783134948.6800 c2s 65536
1783134948.6801 c2s 65536
1783134948.6802 c2s 65536
1783134948.6803 c2s 65536
1783134948.6806 c2s 65536
1783134948.6807 c2s 65536
1783134948.6808 c2s 65536
1783134948.6809 c2s 65536
1783134948.6812 c2s 65536
1783134948.6813 c2s 65536
1783134948.6815 c2s 65536
1783134948.6815 c2s 65536
1783134948.6819 c2s 65536
1783134948.6820 c2s 65536
1783134948.6821 c2s 65536
1783134948.6822 c2s 65536
1783134948.6824 c2s 65536
1783134948.6825 c2s 65536
1783134948.6827 c2s 65536
1783134948.6828 c2s 65536
1783134948.6831 c2s 65536
1783134948.6832 c2s 65536
1783134948.6833 c2s 65536
1783134948.6834 c2s 65536
1783134948.6837 c2s 65536
1783134948.6839 c2s 65536
1783134948.6840 c2s 65536
1783134948.6841 c2s 65536
1783134948.6844 c2s 65536
1783134948.6845 c2s 65536
1783134948.6846 c2s 65536
1783134948.6847 c2s 65536
1783134948.6850 c2s 65536
1783134948.6851 c2s 65536
1783134948.6852 c2s 65536
1783134948.6853 c2s 65536
1783134948.6856 c2s 65536
1783134948.6857 c2s 65536
1783134948.6858 c2s 65536
1783134948.6859 c2s 65536
1783134948.6862 c2s 65536
1783134948.6863 c2s 65536
1783134948.6864 c2s 65536
1783134948.6865 c2s 65536
1783134948.6868 c2s 65536
1783134948.6869 c2s 65536
1783134948.6870 c2s 65536
1783134948.6871 c2s 65536
1783134948.6875 c2s 65536
1783134948.6876 c2s 65536
1783134948.6877 c2s 65536
1783134948.6878 c2s 65536
1783134948.6881 c2s 65536
1783134948.6882 c2s 65536
1783134948.6883 c2s 65536
1783134948.6884 c2s 65536
1783134948.6887 c2s 65536
1783134948.6888 c2s 65536
1783134948.6889 c2s 65536
1783134948.6890 c2s 65536
1783134948.6893 c2s 65536
1783134948.6894 c2s 65536
1783134948.6895 c2s 65536
1783134948.6896 c2s 65536
1783134948.6899 c2s 65536
1783134948.6900 c2s 65536
1783134948.6902 c2s 65536
1783134948.6902 c2s 65536
1783134948.6905 c2s 65536
1783134948.6906 c2s 65536
1783134948.6908 c2s 65536
1783134948.6908 c2s 65536
1783134948.6912 c2s 65536
1783134948.6912 c2s 65536
1783134948.6914 c2s 65536
1783134948.6915 c2s 65536
1783134948.6918 c2s 65536
1783134948.6919 c2s 65536
1783134948.6921 c2s 65536
1783134948.6921 c2s 65536
1783134948.6925 c2s 65536
1783134948.6926 c2s 65536
1783134948.6927 c2s 65536
1783134948.6928 c2s 65536
1783134948.6931 c2s 65536
1783134948.6932 c2s 65536
1783134948.6933 c2s 65536
1783134948.6934 c2s 65536
1783134948.6937 c2s 65536
1783134948.6939 c2s 65536
1783134948.6940 c2s 65536
1783134948.6941 c2s 65536
1783134948.6944 c2s 65536
1783134948.6945 c2s 65536
1783134948.6946 c2s 65536
1783134948.6947 c2s 65536
1783134948.6950 c2s 65536
1783134948.6951 c2s 65536
1783134948.6952 c2s 65536
1783134948.6953 c2s 65536
1783134948.6956 c2s 65536
1783134948.6957 c2s 65536
1783134948.6961 c2s 65536
1783134948.6962 c2s 65536
1783134948.6965 c2s 65536
1783134948.6966 c2s 65536
1783134948.6967 c2s 65536
1783134948.6968 c2s 65536
1783134948.6971 c2s 65536
1783134948.6972 c2s 65536
1783134948.6974 c2s 65536
1783134948.6974 c2s 65536
1783134948.6978 c2s 65536
1783134948.6979 c2s 65536
1783134948.6980 c2s 65536
1783134948.6981 c2s 65536
1783134948.6984 c2s 65536
1783134948.6985 c2s 65536
1783134948.6986 c2s 65536
1783134948.6987 c2s 65536
1783134948.6990 c2s 65536
1783134948.6991 c2s 65536
1783134948.6992 c2s 65536
1783134948.6993 c2s 65536
1783134948.6996 c2s 65536
1783134948.6997 c2s 65536
1783134948.6999 c2s 65536
1783134948.7000 c2s 65536
1783134948.7003 c2s 65536
1783134948.7004 c2s 65536
1783134948.7005 c2s 65536
1783134948.7006 c2s 65536
1783134948.7009 c2s 65536
1783134948.7010 c2s 65536
1783134948.7011 c2s 65536
1783134948.7012 c2s 65536
1783134948.7015 c2s 65536
1783134948.7016 c2s 65536
1783134948.7018 c2s 65536
1783134948.7018 c2s 65536
1783134948.7021 c2s 65536
1783134948.7022 c2s 65536
1783134948.7023 c2s 65536
1783134948.7024 c2s 65536
1783134948.7027 c2s 65536
1783134948.7028 c2s 65536
1783134948.7030 c2s 65536
1783134948.7031 c2s 65536
1783134948.7033 c2s 65536
1783134948.7034 c2s 65536
1783134948.7036 c2s 65536
1783134948.7037 c2s 65536
1783134948.7040 c2s 65536
1783134948.7041 c2s 65536
1783134948.7042 c2s 65536
1783134948.7043 c2s 65536
1783134948.7046 c2s 65536
1783134948.7047 c2s 65536
1783134948.7048 c2s 65536
1783134948.7049 c2s 65536
1783134948.7053 c2s 65536
1783134948.7054 c2s 65536
1783134948.7055 c2s 65536
1783134948.7056 c2s 65536
1783134948.7059 c2s 65536
1783134948.7060 c2s 65536
1783134948.7061 c2s 65536
1783134948.7062 c2s 65536
1783134948.7065 c2s 65536
1783134948.7066 c2s 65536
1783134948.7067 c2s 65536
1783134948.7068 c2s 65536
1783134948.7071 c2s 65536
1783134948.7072 c2s 65536
1783134948.7073 c2s 65536
1783134948.7074 c2s 65536
1783134948.7078 c2s 65536
1783134948.7080 c2s 65536
1783134948.7081 c2s 65536
1783134948.7082 c2s 65536
1783134948.7085 c2s 65536
1783134948.7086 c2s 65536
1783134948.7087 c2s 65536
1783134948.7088 c2s 65536
1783134948.7091 c2s 65536
1783134948.7092 c2s 65536
1783134948.7093 c2s 65536
1783134948.7094 c2s 65536
1783134948.7097 c2s 65536
1783134948.7098 c2s 65536
1783134948.7099 c2s 65536
1783134948.7100 c2s 65536
1783134948.7103 c2s 65536
1783134948.7104 c2s 65536
1783134948.7106 c2s 65536
1783134948.7106 c2s 65536
1783134948.7109 c2s 65536
1783134948.7110 c2s 65536
1783134948.7112 c2s 65536
1783134948.7112 c2s 65536
1783134948.7116 c2s 65536
1783134948.7117 c2s 65536
1783134948.7118 c2s 65536
1783134948.7119 c2s 65536
1783134948.7122 c2s 65536
1783134948.7123 c2s 65536
1783134948.7124 c2s 65536
1783134948.7125 c2s 65536
1783134948.7128 c2s 65536
1783134948.7129 c2s 65536
1783134948.7130 c2s 65536
1783134948.7131 c2s 65536
1783134948.7134 c2s 65536
1783134948.7135 c2s 65536
1783134948.7137 c2s 65536
1783134948.7137 c2s 65536
1783134948.7140 c2s 65536
1783134948.7141 c2s 65536
1783134948.7143 c2s 65536
1783134948.7144 c2s 65536
1783134948.7147 c2s 65536
1783134948.7148 c2s 65536
1783134948.7149 c2s 65536
1783134948.7150 c2s 65536
1783134948.7152 c2s 65536
1783134948.7153 c2s 65536
1783134948.7155 c2s 65536
1783134948.7156 c2s 65536
1783134948.7159 c2s 65536
1783134948.7160 c2s 65536
1783134948.7161 c2s 65536
1783134948.7162 c2s 65536
1783134948.7165 c2s 65536
1783134948.7166 c2s 65536
1783134948.7167 c2s 65536
1783134948.7168 c2s 65536
1783134948.7171 c2s 65536
1783134948.7172 c2s 65536
1783134948.7173 c2s 65536
1783134948.7174 c2s 65536
1783134948.7177 c2s 65536
1783134948.7178 c2s 65536
1783134948.7180 c2s 65536
1783134948.7181 c2s 65536
1783134948.7183 c2s 65536
1783134948.7184 c2s 65536
1783134948.7186 c2s 65536
1783134948.7186 c2s 65536
1783134948.7190 c2s 65536
1783134948.7191 c2s 65536
1783134948.7192 c2s 65536
1783134948.7193 c2s 65536
1783134948.7196 c2s 65536
1783134948.7197 c2s 65536
1783134948.7198 c2s 65536
1783134948.7199 c2s 65536
1783134948.7202 c2s 65536
1783134948.7203 c2s 65536
1783134948.7204 c2s 65536
1783134948.7205 c2s 65536
1783134948.7208 c2s 65536
1783134948.7209 c2s 65536
1783134948.7210 c2s 65536
1783134948.7211 c2s 65536
1783134948.7214 c2s 65536
1783134948.7215 c2s 65536
1783134948.7217 c2s 65536
1783134948.7217 c2s 65536
1783134948.7220 c2s 65536
1783134948.7221 c2s 65536
1783134948.7222 c2s 65536
1783134948.7223 c2s 65536
1783134948.7226 c2s 65536
1783134948.7227 c2s 65536
1783134948.7229 c2s 65536
1783134948.7230 c2s 65536
1783134948.7233 c2s 65536
1783134948.7234 c2s 65536
1783134948.7235 c2s 65536
1783134948.7236 c2s 65536
1783134948.7239 c2s 65536
1783134948.7240 c2s 65536
1783134948.7241 c2s 65536
1783134948.7242 c2s 65536
1783134948.7245 c2s 65536
1783134948.7246 c2s 65536
1783134948.7247 c2s 65536
1783134948.7248 c2s 65536
1783134948.7251 c2s 65536
1783134948.7252 c2s 65536
1783134948.7254 c2s 65536
1783134948.7255 c2s 65536
1783134948.7258 c2s 65536
1783134948.7259 c2s 65536
1783134948.7260 c2s 65536
1783134948.7261 c2s 65536
1783134948.7264 c2s 65536
1783134948.7265 c2s 65536
1783134948.7266 c2s 65536
1783134948.7267 c2s 65536
1783134948.7270 c2s 65536
1783134948.7271 c2s 65536
1783134948.7273 c2s 65536
1783134948.7274 c2s 65536
1783134948.7277 c2s 65536
1783134948.7278 c2s 65536
1783134948.7279 c2s 65536
1783134948.7280 c2s 65536
1783134948.7283 c2s 65536
1783134948.7284 c2s 65536
1783134948.7285 c2s 65536
1783134948.7286 c2s 65536
1783134948.7289 c2s 65536
1783134948.7290 c2s 65536
1783134948.7291 c2s 65536
1783134948.7292 c2s 65536
1783134948.7295 c2s 65536
1783134948.7296 c2s 65536
1783134948.7297 c2s 65536
1783134948.7298 c2s 65536
1783134948.7301 c2s 65536
1783134948.7302 c2s 65536
1783134948.7303 c2s 65536
1783134948.7304 c2s 65536
1783134948.7307 c2s 65536
1783134948.7308 c2s 65536
1783134948.7309 c2s 65536
1783134948.7310 c2s 65536
1783134948.7313 c2s 65536
1783134948.7314 c2s 65536
1783134948.7316 c2s 65536
1783134948.7317 c2s 65536
1783134948.7320 c2s 65536
1783134948.7321 c2s 65536
1783134948.7323 c2s 65536
1783134948.7324 c2s 65536
1783134948.7327 c2s 65536
1783134948.7328 c2s 65536
1783134948.7329 c2s 65536
1783134948.7330 c2s 65536
1783134948.7333 c2s 65536
1783134948.7334 c2s 65536
1783134948.7335 c2s 65536
1783134948.7336 c2s 65536
1783134948.7339 c2s 65536
1783134948.7340 c2s 65536
1783134948.7341 c2s 65536
1783134948.7342 c2s 65536
1783134948.7345 c2s 65536
1783134948.7346 c2s 65536
1783134948.7347 c2s 65536
1783134948.7348 c2s 65536
1783134948.7351 c2s 65536
1783134948.7352 c2s 65536
1783134948.7353 c2s 65536
1783134948.7354 c2s 65536
1783134948.7358 c2s 65536
1783134948.7359 c2s 65536
1783134948.7360 c2s 65536
1783134948.7361 c2s 65536
1783134948.7364 c2s 65536
1783134948.7365 c2s 65536
1783134948.7366 c2s 65536
1783134948.7367 c2s 65536
1783134948.7370 c2s 65536
1783134948.7371 c2s 65536
1783134948.7372 c2s 65536
1783134948.7373 c2s 65536
1783134948.7376 c2s 65536
1783134948.7377 c2s 65536
1783134948.7378 c2s 65536
1783134948.7379 c2s 65536
1783134948.7382 c2s 65536
1783134948.7383 c2s 65536
1783134948.7384 c2s 65536
1783134948.7385 c2s 65536
1783134948.7388 c2s 65536
1783134948.7389 c2s 65536
1783134948.7390 c2s 65536
1783134948.7391 c2s 65536
1783134948.7394 c2s 65536
1783134948.7395 c2s 65536
1783134948.7396 c2s 65536
1783134948.7397 c2s 65536
1783134948.7400 c2s 65536
1783134948.7401 c2s 65536
1783134948.7402 c2s 65536
1783134948.7403 c2s 65536
1783134948.7406 c2s 65536
1783134948.7407 c2s 65536
1783134948.7408 c2s 65536
1783134948.7409 c2s 65536
1783134948.7411 c2s 65536
1783134948.7412 c2s 65536
1783134948.7413 c2s 65536
1783134948.7414 c2s 65536
1783134948.7417 c2s 65536
1783134948.7418 c2s 65536
1783134948.7419 c2s 65536
1783134948.7420 c2s 65536
1783134948.7423 c2s 65536
1783134948.7424 c2s 65536
1783134948.7425 c2s 65536
1783134948.7426 c2s 65536
1783134948.7428 c2s 65536
1783134948.7429 c2s 65536
1783134948.7430 c2s 65536
1783134948.7431 c2s 65536
1783134948.7434 c2s 65536
1783134948.7435 c2s 65536
1783134948.7437 c2s 65536
1783134948.7438 c2s 65536
1783134948.7440 c2s 65536
1783134948.7441 c2s 65536
1783134948.7442 c2s 65536
1783134948.7443 c2s 65536
1783134948.7446 c2s 65536
1783134948.7447 c2s 65536
1783134948.7448 c2s 65536
1783134948.7449 c2s 65536
1783134948.7451 c2s 65536
1783134948.7452 c2s 65536
1783134948.7454 c2s 65536
1783134948.7455 c2s 65536
1783134948.7457 c2s 65536
1783134948.7458 c2s 65536
1783134948.7459 c2s 65536
1783134948.7460 c2s 65536
1783134948.7463 c2s 65536
1783134948.7464 c2s 65536
1783134948.7465 c2s 65536
1783134948.7466 c2s 65536
1783134948.7468 c2s 65536
1783134948.7469 c2s 65536
1783134948.7470 c2s 65536
1783134948.7471 c2s 65536
1783134948.7474 c2s 65536
1783134948.7475 c2s 65536
1783134948.7477 c2s 65536
1783134948.7478 c2s 65536
1783134948.7480 c2s 65536
1783134948.7481 c2s 65536
1783134948.7483 c2s 65536
1783134948.7483 c2s 65536
1783134948.7486 c2s 65536
1783134948.7487 c2s 65536
1783134948.7488 c2s 65536
1783134948.7489 c2s 65536
1783134948.7492 c2s 65536
1783134948.7493 c2s 65536
1783134948.7494 c2s 65536
1783134948.7495 c2s 65536
1783134948.7497 c2s 65536
1783134948.7498 c2s 65536
1783134948.7499 c2s 65536
1783134948.7500 c2s 65536
1783134948.7503 c2s 65536
1783134948.7504 c2s 65536
1783134948.7505 c2s 65536
1783134948.7506 c2s 65536
1783134948.7509 c2s 65536
1783134948.7510 c2s 65536
1783134948.7511 c2s 65536
1783134948.7512 c2s 65536
1783134948.7514 c2s 65536
1783134948.7515 c2s 65536
1783134948.7517 c2s 65536
1783134948.7518 c2s 65536
1783134948.7519 c2s 55653
1783134948.8389 c2s 321
1783134948.8394 s2c 9
1783134948.8513 c2s 9
1783134948.8516 c2s 65536
1783134948.8518 c2s 65536
1783134948.8519 c2s 65536
1783134948.8521 c2s 65536
1783134948.8524 c2s 65536
1783134948.8525 c2s 65536
1783134948.8526 c2s 65536
1783134948.8527 c2s 65536
1783134948.8530 c2s 65536
1783134948.8531 c2s 65536
1783134948.8532 c2s 65536
1783134948.8533 c2s 65536
1783134948.8536 c2s 65536
1783134948.8537 c2s 65536
1783134948.8539 c2s 65536
1783134948.8539 c2s 65536
1783134948.8542 c2s 65536
1783134948.8543 c2s 65536
1783134948.8545 c2s 65536
1783134948.8545 c2s 65536
1783134948.8549 c2s 65536
1783134948.8550 c2s 65536
1783134948.8551 c2s 65536
1783134948.8552 c2s 65536
1783134948.8555 c2s 65536
1783134948.8556 c2s 65536
1783134948.8557 c2s 65536
1783134948.8558 c2s 65536
1783134948.8561 c2s 65536
1783134948.8562 c2s 65536
1783134948.8563 c2s 65536
1783134948.8564 c2s 65536
1783134948.8566 c2s 65536
1783134948.8567 c2s 65536
1783134948.8568 c2s 65536
1783134948.8569 c2s 65536
1783134948.8572 c2s 65536
1783134948.8573 c2s 65536
1783134948.8574 c2s 65536
1783134948.8575 c2s 65536
1783134948.8578 c2s 65536
1783134948.8579 c2s 65536
1783134948.8580 c2s 65536
1783134948.8580 c2s 65536
1783134948.8583 c2s 65536
1783134948.8584 c2s 65536
1783134948.8585 c2s 65536
1783134948.8586 c2s 65536
1783134948.8589 c2s 65536
1783134948.8590 c2s 65536
1783134948.8591 c2s 65536
1783134948.8593 c2s 65536
1783134948.8596 c2s 65536
1783134948.8597 c2s 65536
1783134948.8599 c2s 65536
1783134948.8600 c2s 65536
1783134948.8603 c2s 65536
1783134948.8604 c2s 65536
1783134948.8605 c2s 65536
1783134948.8606 c2s 65536
1783134948.8609 c2s 65536
1783134948.8610 c2s 65536
1783134948.8611 c2s 65536
1783134948.8612 c2s 65536
1783134948.8615 c2s 65536
1783134948.8616 c2s 65536
1783134948.8617 c2s 65536
1783134948.8618 c2s 65536
1783134948.8621 c2s 65536
1783134948.8622 c2s 65536
1783134948.8623 c2s 65536
1783134948.8624 c2s 65536
1783134948.8627 c2s 65536
1783134948.8628 c2s 65536
1783134948.8629 c2s 65536
1783134948.8630 c2s 65536
1783134948.8633 c2s 65536
1783134948.8634 c2s 65536
1783134948.8635 c2s 65536
1783134948.8636 c2s 65536
1783134948.8639 c2s 65536
1783134948.8640 c2s 65536
1783134948.8641 c2s 65536
1783134948.8642 c2s 65536
1783134948.8645 c2s 65536
1783134948.8646 c2s 65536
1783134948.8648 c2s 65536
1783134948.8648 c2s 65536
1783134948.8651 c2s 65536
1783134948.8652 c2s 65536
1783134948.8653 c2s 65536
1783134948.8654 c2s 65536
1783134948.8657 c2s 65536
1783134948.8658 c2s 65536
1783134948.8659 c2s 65536
1783134948.8660 c2s 65536
1783134948.8663 c2s 65536
1783134948.8664 c2s 65536
1783134948.8666 c2s 65536
1783134948.8666 c2s 65536
1783134948.8669 c2s 65536
1783134948.8670 c2s 65536
1783134948.8672 c2s 65536
1783134948.8672 c2s 65536
1783134948.8676 c2s 65536
1783134948.8677 c2s 65536
1783134948.8678 c2s 65536
1783134948.8679 c2s 65536
1783134948.8682 c2s 65536
1783134948.8683 c2s 65536
1783134948.8684 c2s 65536
1783134948.8686 c2s 65536
1783134948.8689 c2s 65536
1783134948.8690 c2s 65536
1783134948.8691 c2s 65536
1783134948.8692 c2s 65536
1783134948.8695 c2s 65536
1783134948.8696 c2s 65536
1783134948.8697 c2s 65536
1783134948.8698 c2s 65536
1783134948.8701 c2s 65536
1783134948.8702 c2s 65536
1783134948.8703 c2s 65536
1783134948.8704 c2s 65536
1783134948.8707 c2s 65536
1783134948.8708 c2s 65536
1783134948.8709 c2s 65536
1783134948.8710 c2s 65536
1783134948.8713 c2s 65536
1783134948.8714 c2s 65536
1783134948.8716 c2s 65536
1783134948.8717 c2s 65536
1783134948.8720 c2s 65536
1783134948.8721 c2s 65536
1783134948.8722 c2s 65536
1783134948.8723 c2s 65536
1783134948.8726 c2s 65536
1783134948.8727 c2s 65536
1783134948.8728 c2s 65536
1783134948.8729 c2s 65536
1783134948.8732 c2s 65536
1783134948.8733 c2s 65536
1783134948.8734 c2s 65536
1783134948.8735 c2s 65536
1783134948.8738 c2s 65536
1783134948.8739 c2s 65536
1783134948.8740 c2s 65536
1783134948.8741 c2s 65536
1783134948.8744 c2s 65536
1783134948.8745 c2s 65536
1783134948.8746 c2s 65536
1783134948.8747 c2s 65536
1783134948.8750 c2s 65536
1783134948.8751 c2s 65536
1783134948.8753 c2s 65536
1783134948.8753 c2s 65536
1783134948.8757 c2s 65536
1783134948.8758 c2s 65536
1783134948.8759 c2s 65536
1783134948.8760 c2s 65536
1783134948.8763 c2s 65536
1783134948.8764 c2s 65536
1783134948.8765 c2s 65536
1783134948.8766 c2s 65536
1783134948.8769 c2s 65536
1783134948.8770 c2s 65536
1783134948.8771 c2s 65536
1783134948.8772 c2s 65536
1783134948.8775 c2s 65536
1783134948.8776 c2s 65536
1783134948.8777 c2s 65536
1783134948.8778 c2s 65536
1783134948.8781 c2s 65536
1783134948.8782 c2s 65536
1783134948.8783 c2s 65536
1783134948.8784 c2s 65536
1783134948.8787 c2s 65536
1783134948.8788 c2s 65536
1783134948.8790 c2s 65536
1783134948.8790 c2s 65536
1783134948.8793 c2s 65536
1783134948.8795 c2s 65536
1783134948.8796 c2s 65536
1783134948.8797 c2s 65536
1783134948.8800 c2s 65536
1783134948.8801 c2s 65536
1783134948.8802 c2s 65536
1783134948.8803 c2s 65536
1783134948.8806 c2s 65536
1783134948.8807 c2s 65536
1783134948.8808 c2s 65536
1783134948.8809 c2s 65536
1783134948.8812 c2s 65536
1783134948.8813 c2s 65536
1783134948.8814 c2s 65536
1783134948.8815 c2s 65536
1783134948.8818 c2s 65536
1783134948.8819 c2s 65536
1783134948.8820 c2s 65536
1783134948.8821 c2s 65536
1783134948.8824 c2s 65536
1783134948.8825 c2s 65536
1783134948.8826 c2s 65536
1783134948.8827 c2s 65536
1783134948.8830 c2s 65536
1783134948.8831 c2s 65536
1783134948.8832 c2s 65536
1783134948.8833 c2s 65536
1783134948.8836 c2s 65536
1783134948.8837 c2s 65536
1783134948.8838 c2s 65536
1783134948.8839 c2s 65536
1783134948.8842 c2s 65536
1783134948.8843 c2s 65536
1783134948.8844 c2s 65536
1783134948.8845 c2s 65536
1783134948.8848 c2s 65536
1783134948.8849 c2s 65536
1783134948.8850 c2s 65536
1783134948.8851 c2s 65536
1783134948.8854 c2s 65536
1783134948.8855 c2s 65536
1783134948.8857 c2s 65536
1783134948.8858 c2s 65536
1783134948.8861 c2s 65536
1783134948.8862 c2s 65536
1783134948.8863 c2s 65536
1783134948.8864 c2s 65536
1783134948.8867 c2s 65536
1783134948.8867 c2s 65536
1783134948.8869 c2s 65536
1783134948.8870 c2s 65536
1783134948.8873 c2s 65536
1783134948.8874 c2s 65536
1783134948.8875 c2s 65536
1783134948.8876 c2s 65536
1783134948.8879 c2s 65536
1783134948.8880 c2s 65536
1783134948.8881 c2s 65536
1783134948.8883 c2s 65536
1783134948.8886 c2s 65536
1783134948.8887 c2s 65536
1783134948.8888 c2s 65536
1783134948.8889 c2s 65536
1783134948.8892 c2s 65536
1783134948.8893 c2s 65536
1783134948.8894 c2s 65536
1783134948.8895 c2s 65536
1783134948.8898 c2s 65536
1783134948.8899 c2s 65536
1783134948.8900 c2s 65536
1783134948.8901 c2s 65536
1783134948.8904 c2s 65536
1783134948.8905 c2s 65536
1783134948.8906 c2s 65536
1783134948.8907 c2s 65536
1783134948.8910 c2s 65536
1783134948.8911 c2s 65536
1783134948.8912 c2s 65536
1783134948.8913 c2s 65536
1783134948.8916 c2s 65536
1783134948.8917 c2s 65536
1783134948.8919 c2s 65536
1783134948.8920 c2s 65536
1783134948.8923 c2s 65536
1783134948.8924 c2s 65536
1783134948.8925 c2s 65536
1783134948.8926 c2s 65536
1783134948.8929 c2s 65536
1783134948.8929 c2s 65536
1783134948.8931 c2s 65536
1783134948.8932 c2s 65536
1783134948.8935 c2s 65536
1783134948.8936 c2s 65536
1783134948.8937 c2s 65536
1783134948.8938 c2s 65536
1783134948.8941 c2s 65536
1783134948.8942 c2s 65536
1783134948.8943 c2s 65536
1783134948.8944 c2s 65536
1783134948.8947 c2s 65536
1783134948.8948 c2s 65536
1783134948.8949 c2s 65536
1783134948.8950 c2s 65536
1783134948.8953 c2s 65536
1783134948.8954 c2s 65536
1783134948.8955 c2s 65536
1783134948.8956 c2s 65536
1783134948.8959 c2s 65536
1783134948.8960 c2s 65536
1783134948.8961 c2s 65536
1783134948.8962 c2s 65536
1783134948.8965 c2s 65536
1783134948.8966 c2s 65536
1783134948.8967 c2s 65536
1783134948.8968 c2s 65536
1783134948.8971 c2s 65536
1783134948.8972 c2s 65536
1783134948.8973 c2s 65536
1783134948.8974 c2s 65536
1783134948.8977 c2s 65536
1783134948.8978 c2s 65536
1783134948.8979 c2s 65536
1783134948.8980 c2s 65536
1783134948.8983 c2s 65536
1783134948.8984 c2s 65536
1783134948.8986 c2s 65536
1783134948.8986 c2s 65536
1783134948.8989 c2s 65536
1783134948.8990 c2s 65536
1783134948.8992 c2s 65536
1783134948.8992 c2s 65536
1783134948.8996 c2s 65536
1783134948.8997 c2s 65536
1783134948.8998 c2s 65536
1783134948.8999 c2s 65536
1783134948.9002 c2s 65536
1783134948.9003 c2s 65536
1783134948.9004 c2s 65536
1783134948.9005 c2s 65536
1783134948.9008 c2s 65536
1783134948.9009 c2s 65536
1783134948.9010 c2s 65536
1783134948.9011 c2s 65536
1783134948.9014 c2s 65536
1783134948.9015 c2s 65536
1783134948.9016 c2s 65536
1783134948.9017 c2s 65536
1783134948.9020 c2s 65536
1783134948.9021 c2s 65536
1783134948.9022 c2s 65536
1783134948.9023 c2s 65536
1783134948.9026 c2s 65536
1783134948.9027 c2s 65536
1783134948.9028 c2s 65536
1783134948.9030 c2s 65536
1783134948.9033 c2s 65536
1783134948.9034 c2s 65536
1783134948.9035 c2s 65536
1783134948.9036 c2s 65536
1783134948.9039 c2s 65536
1783134948.9040 c2s 65536
1783134948.9041 c2s 65536
1783134948.9042 c2s 65536
1783134948.9045 c2s 65536
1783134948.9046 c2s 65536
1783134948.9048 c2s 65536
1783134948.9049 c2s 65536
1783134948.9052 c2s 65536
1783134948.9053 c2s 65536
1783134948.9054 c2s 65536
1783134948.9055 c2s 65536
1783134948.9058 c2s 65536
1783134948.9059 c2s 65536
1783134948.9060 c2s 65536
1783134948.9061 c2s 65536
1783134948.9064 c2s 65536
1783134948.9065 c2s 65536
1783134948.9066 c2s 65536
1783134948.9067 c2s 65536
1783134948.9070 c2s 65536
1783134948.9071 c2s 65536
1783134948.9072 c2s 65536
1783134948.9073 c2s 65536
1783134948.9076 c2s 65536
1783134948.9077 c2s 65536
1783134948.9079 c2s 65536
1783134948.9079 c2s 65536
1783134948.9083 c2s 65536
1783134948.9084 c2s 65536
1783134948.9085 c2s 65536
1783134948.9086 c2s 65536
1783134948.9088 c2s 65536
1783134948.9089 c2s 65536
1783134948.9091 c2s 65536
1783134948.9092 c2s 65536
1783134948.9094 c2s 65536
1783134948.9095 c2s 65536
1783134948.9097 c2s 65536
1783134948.9098 c2s 65536
1783134948.9101 c2s 65536
1783134948.9102 c2s 65536
1783134948.9103 c2s 65536
1783134948.9104 c2s 65536
1783134948.9107 c2s 65536
1783134948.9108 c2s 65536
1783134948.9109 c2s 65536
1783134948.9110 c2s 65536
1783134948.9113 c2s 65536
1783134948.9114 c2s 65536
1783134948.9115 c2s 65536
1783134948.9116 c2s 65536
1783134948.9119 c2s 65536
1783134948.9120 c2s 65536
1783134948.9122 c2s 65536
1783134948.9122 c2s 65536
1783134948.9125 c2s 65536
1783134948.9126 c2s 65536
1783134948.9127 c2s 65536
1783134948.9128 c2s 65536
1783134948.9131 c2s 65536
1783134948.9132 c2s 65536
1783134948.9134 c2s 65536
1783134948.9134 c2s 65536
1783134948.9137 c2s 65536
1783134948.9138 c2s 65536
1783134948.9140 c2s 65536
1783134948.9141 c2s 65536
1783134948.9143 c2s 65536
1783134948.9144 c2s 65536
1783134948.9146 c2s 65536
1783134948.9146 c2s 65536
1783134948.9150 c2s 65536
1783134948.9151 c2s 65536
1783134948.9152 c2s 65536
1783134948.9153 c2s 65536
1783134948.9156 c2s 65536
1783134948.9157 c2s 65536
1783134948.9158 c2s 65536
1783134948.9159 c2s 65536
1783134948.9162 c2s 65536
1783134948.9163 c2s 65536
1783134948.9165 c2s 65536
1783134948.9166 c2s 65536
1783134948.9169 c2s 65536
1783134948.9170 c2s 65536
1783134948.9171 c2s 65536
1783134948.9172 c2s 65536
1783134948.9175 c2s 65536
1783134948.9176 c2s 65536
1783134948.9177 c2s 65536
1783134948.9178 c2s 65536
1783134948.9181 c2s 65536
1783134948.9182 c2s 65536
1783134948.9183 c2s 65536
1783134948.9184 c2s 65536
1783134948.9186 c2s 65536
1783134948.9188 c2s 65536
1783134948.9189 c2s 65536
1783134948.9190 c2s 65536
1783134948.9193 c2s 65536
1783134948.9194 c2s 65536
1783134948.9197 c2s 65536
1783134948.9198 c2s 65536
1783134948.9200 c2s 65536
1783134948.9202 c2s 65536
1783134948.9203 c2s 65536
1783134948.9204 c2s 65536
1783134948.9207 c2s 65536
1783134948.9208 c2s 65536
1783134948.9209 c2s 65536
1783134948.9210 c2s 65536
1783134948.9213 c2s 65536
1783134948.9214 c2s 65536
1783134948.9215 c2s 65536
1783134948.9216 c2s 65536
1783134948.9219 c2s 65536
1783134948.9220 c2s 65536
1783134948.9221 c2s 65536
1783134948.9222 c2s 65536
1783134948.9225 c2s 65536
1783134948.9226 c2s 65536
1783134948.9227 c2s 65536
1783134948.9228 c2s 65536
1783134948.9231 c2s 65536
1783134948.9232 c2s 65536
1783134948.9233 c2s 65536
1783134948.9234 c2s 65536
1783134948.9238 c2s 65536
1783134948.9239 c2s 65536
1783134948.9240 c2s 65536
1783134948.9241 c2s 65536
1783134948.9243 c2s 65536
1783134948.9244 c2s 65536
1783134948.9246 c2s 65536
1783134948.9246 c2s 65536
1783134948.9250 c2s 65536
1783134948.9251 c2s 65536
1783134948.9252 c2s 65536
1783134948.9253 c2s 65536
1783134948.9256 c2s 65536
1783134948.9257 c2s 65536
1783134948.9258 c2s 65536
1783134948.9259 c2s 65536
1783134948.9262 c2s 65536
1783134948.9263 c2s 65536
1783134948.9264 c2s 65536
1783134948.9265 c2s 65536
1783134948.9268 c2s 65536
1783134948.9269 c2s 65536
1783134948.9270 c2s 65536
1783134948.9271 c2s 65536
1783134948.9274 c2s 65536
1783134948.9275 c2s 65536
1783134948.9277 c2s 65536
1783134948.9278 c2s 65536
1783134948.9281 c2s 65536
1783134948.9281 c2s 65536
1783134948.9283 c2s 65536
1783134948.9284 c2s 65536
1783134948.9287 c2s 65536
1783134948.9288 c2s 65536
1783134948.9289 c2s 65536
1783134948.9290 c2s 65536
1783134948.9293 c2s 65536
1783134948.9294 c2s 65536
1783134948.9295 c2s 65536
1783134948.9296 c2s 65536
1783134948.9299 c2s 65536
1783134948.9300 c2s 65536
1783134948.9301 c2s 65536
1783134948.9302 c2s 65536
1783134948.9305 c2s 65536
1783134948.9306 c2s 65536
1783134948.9307 c2s 65536
1783134948.9308 c2s 65536
1783134948.9311 c2s 65536
1783134948.9312 c2s 65536
1783134948.9313 c2s 65536
1783134948.9314 c2s 65536
1783134948.9318 c2s 65536
1783134948.9319 c2s 65536
1783134948.9320 c2s 65536
1783134948.9321 c2s 65536
1783134948.9324 c2s 65536
1783134948.9325 c2s 65536
1783134948.9326 c2s 65536
1783134948.9327 c2s 65536
1783134948.9330 c2s 65536
1783134948.9331 c2s 65536
1783134948.9332 c2s 65536
1783134948.9333 c2s 65536
1783134948.9336 c2s 65536
1783134948.9337 c2s 65536
1783134948.9338 c2s 65536
1783134948.9339 c2s 65536
1783134948.9342 c2s 65536
1783134948.9343 c2s 65536
1783134948.9345 c2s 65536
1783134948.9345 c2s 65536
1783134948.9348 c2s 65536
1783134948.9349 c2s 65536
1783134948.9350 c2s 65536
1783134948.9351 c2s 65536
1783134948.9354 c2s 65536
1783134948.9355 c2s 65536
1783134948.9357 c2s 65536
1783134948.9358 c2s 65536
1783134948.9360 c2s 65536
1783134948.9361 c2s 65536
1783134948.9363 c2s 65536
1783134948.9364 c2s 65536
1783134948.9367 c2s 65536
1783134948.9368 c2s 65536
1783134948.9369 c2s 65536
1783134948.9370 c2s 65536
1783134948.9373 c2s 65536
1783134948.9374 c2s 65536
1783134948.9375 c2s 65536
1783134948.9376 c2s 65536
1783134948.9379 c2s 65536
1783134948.9380 c2s 65536
1783134948.9381 c2s 65536
1783134948.9382 c2s 65536
1783134948.9385 c2s 65536
1783134948.9386 c2s 65536
1783134948.9387 c2s 65536
1783134948.9388 c2s 65536
1783134948.9391 c2s 65536
1783134948.9395 c2s 65536
1783134948.9396 c2s 65536
1783134948.9397 c2s 65536
1783134948.9401 c2s 65536
1783134948.9402 c2s 65536
1783134948.9403 c2s 65536
1783134948.9404 c2s 65536
1783134948.9407 c2s 65536
1783134948.9408 c2s 65536
1783134948.9409 c2s 65536
1783134948.9410 c2s 65536
1783134948.9413 c2s 65536
1783134948.9414 c2s 65536
1783134948.9415 c2s 65536
1783134948.9416 c2s 65536
1783134948.9419 c2s 65536
1783134948.9420 c2s 65536
1783134948.9421 c2s 65536
1783134948.9422 c2s 65536
1783134948.9425 c2s 65536
1783134948.9426 c2s 65536
1783134948.9427 c2s 65536
1783134948.9428 c2s 65536
1783134948.9431 c2s 65536
1783134948.9432 c2s 65536
1783134948.9433 c2s 65536
1783134948.9434 c2s 65536
1783134948.9437 c2s 65536
1783134948.9438 c2s 65536
1783134948.9440 c2s 65536
1783134948.9440 c2s 65536
1783134948.9443 c2s 65536
1783134948.9444 c2s 65536
1783134948.9445 c2s 65536
1783134948.9446 c2s 65536
1783134948.9450 c2s 65536
1783134948.9451 c2s 65536
1783134948.9452 c2s 65536
1783134948.9453 c2s 65536
1783134948.9455 c2s 65536
1783134948.9456 c2s 65536
1783134948.9458 c2s 65536
1783134948.9458 c2s 65536
1783134948.9462 c2s 65536
1783134948.9462 c2s 65536
1783134948.9463 c2s 65536
1783134948.9464 c2s 65536
1783134948.9467 c2s 65536
1783134948.9468 c2s 65536
1783134948.9469 c2s 65536
1783134948.9469 c2s 65536
1783134948.9472 c2s 65536
1783134948.9473 c2s 65536
1783134948.9474 c2s 65536
1783134948.9474 c2s 65536
1783134948.9478 c2s 65536
1783134948.9478 c2s 65536
1783134948.9479 c2s 65536
1783134948.9480 c2s 65536
1783134948.9483 c2s 65536
1783134948.9484 c2s 65536
1783134948.9485 c2s 65536
1783134948.9485 c2s 65536
1783134948.9488 c2s 65536
1783134948.9489 c2s 65536
1783134948.9490 c2s 65536
1783134948.9491 c2s 65536
1783134948.9494 c2s 65536
1783134948.9494 c2s 65536
1783134948.9496 c2s 65536
1783134948.9496 c2s 65536
1783134948.9499 c2s 65536
1783134948.9500 c2s 65536
1783134948.9502 c2s 65536
1783134948.9504 c2s 65536
1783134948.9507 c2s 65536
1783134948.9508 c2s 65536
1783134948.9509 c2s 65536
1783134948.9510 c2s 65536
1783134948.9513 c2s 65536
1783134948.9514 c2s 65536
1783134948.9515 c2s 65536
1783134948.9517 c2s 65536
1783134948.9520 c2s 65536
1783134948.9521 c2s 65536
1783134948.9522 c2s 65536
1783134948.9523 c2s 65536
1783134948.9526 c2s 65536
1783134948.9527 c2s 65536
1783134948.9528 c2s 65536
1783134948.9529 c2s 65536
1783134948.9532 c2s 65536
1783134948.9533 c2s 65536
1783134948.9534 c2s 65536
1783134948.9535 c2s 65536
1783134948.9538 c2s 65536
1783134948.9539 c2s 65536
1783134948.9541 c2s 65536
1783134948.9542 c2s 65536
1783134948.9545 c2s 65536
1783134948.9545 c2s 65536
1783134948.9547 c2s 65536
1783134948.9548 c2s 65536
1783134948.9551 c2s 65536
1783134948.9552 c2s 65536
1783134948.9553 c2s 65536
1783134948.9554 c2s 65536
1783134948.9557 c2s 65536
1783134948.9558 c2s 65536
1783134948.9560 c2s 65536
1783134948.9561 c2s 65536
1783134948.9564 c2s 65536
1783134948.9565 c2s 65536
1783134948.9566 c2s 65536
1783134948.9567 c2s 65536
1783134948.9570 c2s 65536
1783134948.9571 c2s 65536
1783134948.9572 c2s 65536
1783134948.9573 c2s 65536
1783134948.9576 c2s 65536
1783134948.9576 c2s 65536
1783134948.9578 c2s 65536
1783134948.9579 c2s 65536
1783134948.9582 c2s 65536
1783134948.9583 c2s 65536
1783134948.9584 c2s 65536
1783134948.9585 c2s 65536
1783134948.9588 c2s 65536
1783134948.9589 c2s 65536
1783134948.9590 c2s 65536
1783134948.9591 c2s 65536
1783134948.9594 c2s 65536
1783134948.9595 c2s 65536
1783134948.9596 c2s 65536
1783134948.9597 c2s 65536
1783134948.9600 c2s 65536
1783134948.9601 c2s 65536
1783134948.9603 c2s 65536
1783134948.9603 c2s 65536
1783134948.9607 c2s 65536
1783134948.9608 c2s 65536
1783134948.9609 c2s 65536
1783134948.9610 c2s 65536
1783134948.9613 c2s 65536
1783134948.9614 c2s 65536
1783134948.9615 c2s 65536
1783134948.9616 c2s 65536
1783134948.9619 c2s 65536
1783134948.9620 c2s 65536
1783134948.9621 c2s 65536
1783134948.9622 c2s 65536
1783134948.9625 c2s 65536
1783134948.9626 c2s 65536
1783134948.9627 c2s 65536
1783134948.9628 c2s 65536
1783134948.9631 c2s 65536
1783134948.9632 c2s 65536
1783134948.9633 c2s 65536
1783134948.9634 c2s 65536
1783134948.9638 c2s 65536
1783134948.9639 c2s 65536
1783134948.9640 c2s 65536
1783134948.9641 c2s 65536
1783134948.9644 c2s 65536
1783134948.9645 c2s 65536
1783134948.9647 c2s 65536
1783134948.9647 c2s 65536
1783134948.9650 c2s 65536
1783134948.9651 c2s 65536
1783134948.9653 c2s 65536
1783134948.9654 c2s 65536
1783134948.9657 c2s 65536
1783134948.9658 c2s 65536
1783134948.9659 c2s 65536
1783134948.9660 c2s 65536
1783134948.9662 c2s 65536
1783134948.9663 c2s 65536
1783134948.9665 c2s 65536
1783134948.9665 c2s 65536
1783134948.9668 c2s 65536
1783134948.9669 c2s 65536
1783134948.9671 c2s 65536
1783134948.9672 c2s 65536
1783134948.9674 c2s 65536
1783134948.9676 c2s 65536
1783134948.9677 c2s 65536
1783134948.9678 c2s 65536
1783134948.9680 c2s 65536
1783134948.9681 c2s 65536
1783134948.9683 c2s 65536
1783134948.9683 c2s 65536
1783134948.9687 c2s 65536
1783134948.9688 c2s 65536
1783134948.9689 c2s 65536
1783134948.9690 c2s 65536
1783134948.9693 c2s 65536
1783134948.9694 c2s 65536
1783134948.9695 c2s 65536
1783134948.9696 c2s 65536
1783134948.9698 c2s 65536
1783134948.9699 c2s 65536
1783134948.9700 c2s 65536
1783134948.9701 c2s 65536
1783134948.9704 c2s 65536
1783134948.9705 c2s 65536
1783134948.9706 c2s 65536
1783134948.9707 c2s 65536
1783134948.9710 c2s 65536
1783134948.9711 c2s 65536
1783134948.9712 c2s 65536
1783134948.9713 c2s 65536
1783134948.9716 c2s 65536
1783134948.9717 c2s 65536
1783134948.9718 c2s 65536
1783134948.9719 c2s 65536
1783134948.9722 c2s 65536
1783134948.9723 c2s 65536
1783134948.9724 c2s 65536
1783134948.9725 c2s 65536
1783134948.9727 c2s 65536
1783134948.9728 c2s 65536
1783134948.9729 c2s 65536
1783134948.9730 c2s 65536
1783134948.9733 c2s 65536
1783134948.9734 c2s 65536
1783134948.9735 c2s 65536
1783134948.9736 c2s 65536
1783134948.9738 c2s 65536
1783134948.9740 c2s 65536
1783134948.9741 c2s 65536
1783134948.9742 c2s 65536
1783134948.9744 c2s 65536
1783134948.9745 c2s 65536
1783134948.9746 c2s 65536
1783134948.9747 c2s 65536
1783134948.9750 c2s 65536
1783134948.9751 c2s 65536
1783134948.9752 c2s 65536
1783134948.9753 c2s 65536
1783134948.9756 c2s 65536
1783134948.9757 c2s 65536
1783134948.9758 c2s 65536
1783134948.9759 c2s 65536
1783134948.9762 c2s 65536
1783134948.9763 c2s 65536
1783134948.9764 c2s 65536
1783134948.9765 c2s 65536
1783134948.9768 c2s 65536
1783134948.9769 c2s 65536
1783134948.9770 c2s 65536
1783134948.9771 c2s 65536
1783134948.9773 c2s 65536
1783134948.9774 c2s 65536
1783134948.9776 c2s 65536
1783134948.9776 c2s 65536
1783134948.9779 c2s 65536
1783134948.9780 c2s 65536
1783134948.9781 c2s 65536
1783134948.9782 c2s 65536
1783134948.9785 c2s 65536
1783134948.9786 c2s 65536
1783134948.9787 c2s 65536
1783134948.9788 c2s 65536
1783134948.9790 c2s 65536
1783134948.9791 c2s 65536
1783134948.9792 c2s 65536
1783134948.9793 c2s 33841
1783134949.0625 c2s 321
1783134949.0630 s2c 9
1783134949.0750 c2s 65492
1783134949.0754 c2s 65536
1783134949.0755 c2s 65536
1783134949.0757 c2s 65536
1783134949.0758 c2s 65536
1783134949.0761 c2s 65536
1783134949.0762 c2s 65536
1783134949.0764 c2s 65536
1783134949.0764 c2s 65536
1783134949.0767 c2s 65536
1783134949.0768 c2s 65536
1783134949.0770 c2s 65536
1783134949.0771 c2s 65536
1783134949.0773 c2s 65536
1783134949.0775 c2s 65536
1783134949.0776 c2s 65536
1783134949.0777 c2s 65536
1783134949.0779 c2s 65536
1783134949.0780 c2s 65536
1783134949.0782 c2s 65536
1783134949.0782 c2s 65536
1783134949.0785 c2s 65536
1783134949.0786 c2s 65536
1783134949.0787 c2s 65536
1783134949.0788 c2s 65536
1783134949.0791 c2s 65536
1783134949.0792 c2s 65536
1783134949.0793 c2s 65536
1783134949.0794 c2s 65536
1783134949.0797 c2s 65536
1783134949.0798 c2s 65536
1783134949.0799 c2s 65536
1783134949.0800 c2s 65536
1783134949.0803 c2s 65536
1783134949.0804 c2s 65536
1783134949.0805 c2s 65536
1783134949.0806 c2s 65536
1783134949.0809 c2s 65536
1783134949.0810 c2s 65536
1783134949.0811 c2s 65536
1783134949.0811 c2s 65536
1783134949.0815 c2s 65536
1783134949.0815 c2s 65536
1783134949.0816 c2s 65536
1783134949.0817 c2s 65536
1783134949.0820 c2s 65536
1783134949.0821 c2s 65536
1783134949.0822 c2s 65536
1783134949.0823 c2s 65536
1783134949.0826 c2s 65536
1783134949.0827 c2s 65536
1783134949.0828 c2s 65536
1783134949.0828 c2s 65536
1783134949.0831 c2s 65536
1783134949.0832 c2s 65536
1783134949.0834 c2s 65536
1783134949.0835 c2s 65536
1783134949.0838 c2s 65536
1783134949.0839 c2s 65536
1783134949.0840 c2s 65536
1783134949.0841 c2s 65536
1783134949.0844 c2s 65536
1783134949.0845 c2s 65536
1783134949.0846 c2s 65536
1783134949.0847 c2s 65536
1783134949.0850 c2s 65536
1783134949.0851 c2s 65536
1783134949.0852 c2s 65536
1783134949.0853 c2s 65536
1783134949.0856 c2s 65536
1783134949.0857 c2s 65536
1783134949.0858 c2s 65536
1783134949.0859 c2s 65536
1783134949.0862 c2s 65536
1783134949.0863 c2s 65536
1783134949.0864 c2s 65536
1783134949.0865 c2s 65536
1783134949.0868 c2s 65536
1783134949.0869 c2s 65536
1783134949.0870 c2s 65536
1783134949.0871 c2s 65536
1783134949.0874 c2s 65536
1783134949.0875 c2s 65536
1783134949.0876 c2s 65536
1783134949.0877 c2s 65536
1783134949.0880 c2s 65536
1783134949.0881 c2s 65536
1783134949.0883 c2s 65536
1783134949.0884 c2s 65536
1783134949.0887 c2s 65536
1783134949.0888 c2s 65536
1783134949.0889 c2s 65536
1783134949.0890 c2s 65536
1783134949.0892 c2s 65536
1783134949.0893 c2s 65536
1783134949.0895 c2s 65536
1783134949.0896 c2s 65536
1783134949.0899 c2s 65536
1783134949.0900 c2s 65536
1783134949.0901 c2s 65536
1783134949.0902 c2s 65536
1783134949.0905 c2s 65536
1783134949.0906 c2s 65536
1783134949.0907 c2s 65536
1783134949.0908 c2s 65536
1783134949.0911 c2s 65536
1783134949.0912 c2s 65536
1783134949.0913 c2s 65536
1783134949.0914 c2s 65536
1783134949.0917 c2s 65536
1783134949.0918 c2s 65536
1783134949.0920 c2s 65536
1783134949.0921 c2s 65536
1783134949.0924 c2s 65536
1783134949.0925 c2s 65536
1783134949.0926 c2s 65536
1783134949.0927 c2s 65536
1783134949.0930 c2s 65536
1783134949.0931 c2s 65536
1783134949.0932 c2s 65536
1783134949.0933 c2s 65536
1783134949.0936 c2s 65536
1783134949.0937 c2s 65536
1783134949.0938 c2s 65536
1783134949.0939 c2s 65536
1783134949.0942 c2s 65536
1783134949.0943 c2s 65536
1783134949.0944 c2s 65536
1783134949.0946 c2s 65536
1783134949.0949 c2s 65536
1783134949.0949 c2s 65536
1783134949.0951 c2s 65536
1783134949.0952 c2s 65536
1783134949.0955 c2s 65536
1783134949.0956 c2s 65536
1783134949.0958 c2s 65536
1783134949.0958 c2s 65536
1783134949.0961 c2s 65536
1783134949.0962 c2s 65536
1783134949.0964 c2s 65536
1783134949.0965 c2s 65536
1783134949.0968 c2s 65536
1783134949.0969 c2s 65536
1783134949.0970 c2s 65536
1783134949.0971 c2s 65536
1783134949.0974 c2s 65536
1783134949.0975 c2s 65536
1783134949.0976 c2s 65536
1783134949.0977 c2s 65536
1783134949.0980 c2s 65536
1783134949.0981 c2s 65536
1783134949.0982 c2s 65536
1783134949.0983 c2s 65536
1783134949.0986 c2s 65536
1783134949.0987 c2s 65536
1783134949.0988 c2s 65536
1783134949.0989 c2s 65536
1783134949.0992 c2s 65536
1783134949.0993 c2s 65536
1783134949.0994 c2s 65536
1783134949.0995 c2s 65536
1783134949.0998 c2s 65536
1783134949.0999 c2s 65536
1783134949.1000 c2s 65536
1783134949.1001 c2s 65536
1783134949.1005 c2s 65536
1783134949.1006 c2s 65536
1783134949.1007 c2s 65536
1783134949.1008 c2s 65536
1783134949.1011 c2s 65536
1783134949.1012 c2s 65536
1783134949.1013 c2s 65536
1783134949.1014 c2s 65536
1783134949.1017 c2s 65536
1783134949.1018 c2s 65536
1783134949.1020 c2s 65536
1783134949.1021 c2s 65536
1783134949.1024 c2s 65536
1783134949.1025 c2s 65536
1783134949.1026 c2s 65536
1783134949.1027 c2s 65536
1783134949.1030 c2s 65536
1783134949.1031 c2s 65536
1783134949.1033 c2s 65536
1783134949.1034 c2s 65536
1783134949.1037 c2s 65536
1783134949.1038 c2s 65536
1783134949.1040 c2s 65536
1783134949.1041 c2s 65536
1783134949.1044 c2s 65536
1783134949.1045 c2s 65536
1783134949.1046 c2s 65536
1783134949.1047 c2s 65536
1783134949.1050 c2s 65536
1783134949.1051 c2s 65536
1783134949.1053 c2s 65536
1783134949.1054 c2s 65536
1783134949.1056 c2s 65536
1783134949.1057 c2s 65536
1783134949.1059 c2s 65536
1783134949.1060 c2s 65536
1783134949.1063 c2s 65536
1783134949.1064 c2s 65536
1783134949.1065 c2s 65536
1783134949.1066 c2s 65536
1783134949.1069 c2s 65536
1783134949.1070 c2s 65536
1783134949.1071 c2s 65536
1783134949.1072 c2s 65536
1783134949.1075 c2s 65536
1783134949.1076 c2s 65536
1783134949.1078 c2s 65536
1783134949.1078 c2s 65536
1783134949.1082 c2s 65536
1783134949.1083 c2s 65536
1783134949.1084 c2s 65536
1783134949.1085 c2s 65536
1783134949.1088 c2s 65536
1783134949.1089 c2s 65536
1783134949.1090 c2s 65536
1783134949.1091 c2s 65536
1783134949.1094 c2s 65536
1783134949.1095 c2s 65536
1783134949.1096 c2s 65536
1783134949.1097 c2s 65536
1783134949.1100 c2s 65536
1783134949.1101 c2s 65536
1783134949.1102 c2s 65536
1783134949.1103 c2s 65536
1783134949.1106 c2s 65536
1783134949.1107 c2s 65536
1783134949.1108 c2s 65536
1783134949.1109 c2s 65536
1783134949.1112 c2s 65536
1783134949.1113 c2s 65536
1783134949.1114 c2s 65536
1783134949.1115 c2s 65536
1783134949.1118 c2s 65536
1783134949.1119 c2s 65536
1783134949.1121 c2s 65536
1783134949.1122 c2s 65536
1783134949.1124 c2s 65536
1783134949.1125 c2s 65536
1783134949.1127 c2s 65536
1783134949.1128 c2s 65536
1783134949.1131 c2s 65536
1783134949.1132 c2s 65536
1783134949.1133 c2s 65536
1783134949.1134 c2s 65536
1783134949.1137 c2s 65536
1783134949.1138 c2s 65536
1783134949.1139 c2s 65536
1783134949.1140 c2s 65536
1783134949.1143 c2s 65536
1783134949.1144 c2s 65536
1783134949.1145 c2s 65536
1783134949.1146 c2s 65536
1783134949.1149 c2s 65536
1783134949.1150 c2s 65536
1783134949.1151 c2s 65536
1783134949.1152 c2s 65536
1783134949.1155 c2s 65536
1783134949.1156 c2s 65536
1783134949.1157 c2s 65536
1783134949.1158 c2s 65536
1783134949.1161 c2s 65536
1783134949.1162 c2s 65536
1783134949.1163 c2s 65536
1783134949.1164 c2s 65536
1783134949.1167 c2s 65536
1783134949.1168 c2s 65536
1783134949.1170 c2s 65536
1783134949.1170 c2s 65536
1783134949.1173 c2s 65536
1783134949.1174 c2s 65536
1783134949.1175 c2s 65536
1783134949.1176 c2s 65536
1783134949.1179 c2s 65536
1783134949.1180 c2s 65536
1783134949.1182 c2s 65536
1783134949.1183 c2s 65536
1783134949.1185 c2s 65536
1783134949.1186 c2s 65536
1783134949.1188 c2s 65536
1783134949.1189 c2s 65536
1783134949.1192 c2s 65536
1783134949.1193 c2s 65536
1783134949.1194 c2s 65536
1783134949.1195 c2s 65536
1783134949.1198 c2s 65536
1783134949.1199 c2s 65536
1783134949.1201 c2s 65536
1783134949.1202 c2s 65536
1783134949.1205 c2s 65536
1783134949.1206 c2s 65536
1783134949.1207 c2s 65536
1783134949.1208 c2s 65536
1783134949.1211 c2s 65536
1783134949.1212 c2s 65536
1783134949.1213 c2s 65536
1783134949.1214 c2s 65536
1783134949.1217 c2s 65536
1783134949.1218 c2s 65536
1783134949.1219 c2s 65536
1783134949.1220 c2s 65536
1783134949.1223 c2s 65536
1783134949.1224 c2s 65536
1783134949.1226 c2s 65536
1783134949.1227 c2s 65536
1783134949.1229 c2s 65536
1783134949.1230 c2s 65536
1783134949.1232 c2s 65536
1783134949.1232 c2s 65536
1783134949.1236 c2s 65536
1783134949.1237 c2s 65536
1783134949.1238 c2s 65536
1783134949.1239 c2s 65536
1783134949.1242 c2s 65536
1783134949.1243 c2s 65536
1783134949.1244 c2s 65536
1783134949.1245 c2s 65536
1783134949.1248 c2s 65536
1783134949.1249 c2s 65536
1783134949.1251 c2s 65536
1783134949.1252 c2s 65536
1783134949.1255 c2s 65536
1783134949.1255 c2s 65536
1783134949.1257 c2s 65536
1783134949.1258 c2s 65536
1783134949.1260 c2s 65536
1783134949.1261 c2s 65536
1783134949.1262 c2s 65536
1783134949.1263 c2s 65536
1783134949.1266 c2s 65536
1783134949.1267 c2s 65536
1783134949.1269 c2s 65536
1783134949.1270 c2s 65536
1783134949.1272 c2s 65536
1783134949.1273 c2s 65536
1783134949.1275 c2s 65536
1783134949.1276 c2s 65536
1783134949.1279 c2s 65536
1783134949.1280 c2s 65536
1783134949.1281 c2s 65536
1783134949.1282 c2s 65536
1783134949.1285 c2s 65536
1783134949.1286 c2s 65536
1783134949.1287 c2s 65536
1783134949.1288 c2s 65536
1783134949.1291 c2s 65536
1783134949.1292 c2s 65536
1783134949.1293 c2s 65536
1783134949.1294 c2s 65536
1783134949.1297 c2s 65536
1783134949.1298 c2s 65536
1783134949.1299 c2s 65536
1783134949.1300 c2s 65536
1783134949.1303 c2s 65536
1783134949.1304 c2s 65536
1783134949.1306 c2s 65536
1783134949.1307 c2s 65536
1783134949.1309 c2s 65536
1783134949.1310 c2s 65536
1783134949.1312 c2s 65536
1783134949.1313 c2s 65536
1783134949.1316 c2s 65536
1783134949.1317 c2s 65536
1783134949.1318 c2s 65536
1783134949.1319 c2s 65536
1783134949.1322 c2s 65536
1783134949.1323 c2s 65536
1783134949.1324 c2s 65536
1783134949.1325 c2s 65536
1783134949.1328 c2s 65536
1783134949.1329 c2s 65536
1783134949.1331 c2s 65536
1783134949.1332 c2s 65536
1783134949.1334 c2s 65536
1783134949.1335 c2s 65536
1783134949.1337 c2s 65536
1783134949.1337 c2s 65536
1783134949.1341 c2s 65536
1783134949.1342 c2s 65536
1783134949.1343 c2s 65536
1783134949.1344 c2s 65536
1783134949.1347 c2s 65536
1783134949.1348 c2s 65536
1783134949.1349 c2s 65536
1783134949.1350 c2s 65536
1783134949.1353 c2s 65536
1783134949.1354 c2s 65536
1783134949.1355 c2s 65536
1783134949.1356 c2s 65536
1783134949.1359 c2s 65536
1783134949.1360 c2s 65536
1783134949.1361 c2s 65536
1783134949.1362 c2s 65536
1783134949.1365 c2s 65536
1783134949.1366 c2s 65536
1783134949.1367 c2s 65536
1783134949.1368 c2s 65536
1783134949.1371 c2s 65536
1783134949.1372 c2s 65536
1783134949.1373 c2s 65536
1783134949.1374 c2s 65536
1783134949.1377 c2s 65536
1783134949.1378 c2s 65536
1783134949.1380 c2s 65536
1783134949.1381 c2s 65536
1783134949.1384 c2s 65536
1783134949.1385 c2s 65536
1783134949.1386 c2s 65536
1783134949.1387 c2s 65536
1783134949.1389 c2s 65536
1783134949.1390 c2s 65536
1783134949.1392 c2s 65536
1783134949.1392 c2s 65536
1783134949.1396 c2s 65536
1783134949.1397 c2s 65536
1783134949.1398 c2s 65536
1783134949.1399 c2s 65536
1783134949.1402 c2s 65536
1783134949.1403 c2s 65536
1783134949.1404 c2s 65536
1783134949.1405 c2s 65536
1783134949.1408 c2s 65536
1783134949.1409 c2s 65536
1783134949.1411 c2s 65536
1783134949.1411 c2s 65536
1783134949.1414 c2s 65536
1783134949.1415 c2s 65536
1783134949.1417 c2s 65536
1783134949.1418 c2s 65536
1783134949.1420 c2s 65536
1783134949.1421 c2s 65536
1783134949.1422 c2s 65536
1783134949.1423 c2s 65536
1783134949.1426 c2s 65536
1783134949.1427 c2s 65536
1783134949.1429 c2s 65536
1783134949.1430 c2s 65536
1783134949.1433 c2s 65536
1783134949.1434 c2s 65536
1783134949.1436 c2s 65536
1783134949.1437 c2s 65536
1783134949.1440 c2s 65536
1783134949.1441 c2s 65536
1783134949.1442 c2s 65536
1783134949.1443 c2s 65536
1783134949.1446 c2s 65536
1783134949.1447 c2s 65536
1783134949.1448 c2s 65536
1783134949.1449 c2s 65536
1783134949.1452 c2s 65536
1783134949.1453 c2s 65536
1783134949.1454 c2s 65536
1783134949.1455 c2s 65536
1783134949.1458 c2s 65536
1783134949.1459 c2s 65536
1783134949.1460 c2s 65536
1783134949.1461 c2s 65536
1783134949.1464 c2s 65536
1783134949.1465 c2s 65536
1783134949.1466 c2s 65536
1783134949.1467 c2s 65536
1783134949.1470 c2s 65536
1783134949.1471 c2s 65536
1783134949.1472 c2s 65536
1783134949.1473 c2s 65536
1783134949.1476 c2s 65536
1783134949.1477 c2s 65536
1783134949.1479 c2s 65536
1783134949.1480 c2s 65536
1783134949.1482 c2s 65536
1783134949.1483 c2s 65536
1783134949.1485 c2s 65536
1783134949.1485 c2s 65536
1783134949.1489 c2s 65536
1783134949.1490 c2s 65536
1783134949.1491 c2s 65536
1783134949.1492 c2s 65536
1783134949.1494 c2s 65536
1783134949.1495 c2s 65536
1783134949.1497 c2s 65536
1783134949.1498 c2s 65536
1783134949.1501 c2s 65536
1783134949.1502 c2s 65536
1783134949.1503 c2s 65536
1783134949.1504 c2s 65536
1783134949.1507 c2s 65536
1783134949.1508 c2s 65536
1783134949.1509 c2s 65536
1783134949.1510 c2s 65536
1783134949.1513 c2s 65536
1783134949.1514 c2s 65536
1783134949.1515 c2s 65536
1783134949.1516 c2s 65536
1783134949.1518 c2s 65536
1783134949.1519 c2s 65536
1783134949.1521 c2s 65536
1783134949.1522 c2s 65536
1783134949.1524 c2s 65536
1783134949.1525 c2s 65536
1783134949.1526 c2s 65536
1783134949.1527 c2s 65536
1783134949.1530 c2s 65536
1783134949.1531 c2s 65536
1783134949.1532 c2s 65536
1783134949.1533 c2s 65536
1783134949.1536 c2s 65536
1783134949.1537 c2s 65536
1783134949.1538 c2s 65536
1783134949.1539 c2s 65536
1783134949.1542 c2s 65536
1783134949.1543 c2s 65536
1783134949.1544 c2s 65536
1783134949.1545 c2s 65536
1783134949.1547 c2s 65536
1783134949.1548 c2s 65536
1783134949.1549 c2s 65536
1783134949.1550 c2s 65536
1783134949.1553 c2s 65536
1783134949.1554 c2s 65536
1783134949.1555 c2s 65536
1783134949.1556 c2s 65536
1783134949.1559 c2s 65536
1783134949.1560 c2s 65536
1783134949.1561 c2s 65536
1783134949.1562 c2s 65536
1783134949.1565 c2s 65536
1783134949.1566 c2s 65536
1783134949.1567 c2s 65536
1783134949.1568 c2s 65536
1783134949.1570 c2s 65536
1783134949.1571 c2s 65536
1783134949.1572 c2s 65536
1783134949.1573 c2s 65536
1783134949.1576 c2s 65536
1783134949.1577 c2s 65536
1783134949.1578 c2s 65536
1783134949.1579 c2s 65536
1783134949.1582 c2s 65536
1783134949.1583 c2s 65536
1783134949.1584 c2s 65536
1783134949.1585 c2s 65536
1783134949.1587 c2s 65536
1783134949.1588 c2s 65536
1783134949.1589 c2s 65536
1783134949.1590 c2s 65536
1783134949.1593 c2s 65536
1783134949.1594 c2s 65536
1783134949.1595 c2s 65536
1783134949.1596 c2s 65536
1783134949.1599 c2s 65536
1783134949.1600 c2s 65536
1783134949.1601 c2s 65536
1783134949.1602 c2s 65536
1783134949.1604 c2s 65536
1783134949.1605 c2s 65536
1783134949.1607 c2s 65536
1783134949.1608 c2s 65536
1783134949.1610 c2s 65536
1783134949.1611 c2s 65536
1783134949.1612 c2s 65536
1783134949.1613 c2s 65536
1783134949.1616 c2s 65536
1783134949.1617 c2s 65536
1783134949.1618 c2s 65536
1783134949.1619 c2s 65536
1783134949.1621 c2s 65536
1783134949.1622 c2s 65536
1783134949.1624 c2s 65536
1783134949.1624 c2s 65536
1783134949.1627 c2s 65536
1783134949.1631 c2s 65536
1783134949.1632 c2s 65536
1783134949.1633 c2s 65536
1783134949.1636 c2s 65536
1783134949.1637 c2s 65536
1783134949.1638 c2s 65536
1783134949.1639 c2s 65536
1783134949.1641 c2s 65536
1783134949.1642 c2s 49509
1783134949.2429 c2s 321
1783134949.2432 s2c 9
1783134949.2549 c2s 9
1783134949.2552 c2s 65536
1783134949.2553 c2s 65536
1783134949.2555 c2s 65536
1783134949.2556 c2s 65536
1783134949.2559 c2s 65536
1783134949.2560 c2s 65536
1783134949.2562 c2s 65536
1783134949.2563 c2s 65536
1783134949.2565 c2s 65536
1783134949.2566 c2s 65536
1783134949.2568 c2s 65536
1783134949.2569 c2s 65536
1783134949.2571 c2s 65536
1783134949.2572 c2s 65536
1783134949.2574 c2s 65536
1783134949.2575 c2s 65536
1783134949.2578 c2s 65536
1783134949.2579 c2s 65536
1783134949.2580 c2s 65536
1783134949.2581 c2s 65536
1783134949.2584 c2s 65536
1783134949.2585 c2s 65536
1783134949.2586 c2s 65536
1783134949.2587 c2s 65536
1783134949.2590 c2s 65536
1783134949.2591 c2s 65536
1783134949.2592 c2s 65536
1783134949.2593 c2s 65536
1783134949.2596 c2s 65536
1783134949.2597 c2s 65536
1783134949.2598 c2s 65536
1783134949.2598 c2s 65536
1783134949.2601 c2s 65536
1783134949.2602 c2s 65536
1783134949.2603 c2s 65536
1783134949.2603 c2s 65536
1783134949.2606 c2s 65536
1783134949.2607 c2s 65536
1783134949.2608 c2s 65536
1783134949.2609 c2s 65536
1783134949.2612 c2s 65536
1783134949.2612 c2s 65536
1783134949.2613 c2s 65536
1783134949.2614 c2s 65536
1783134949.2617 c2s 65536
1783134949.2617 c2s 65536
1783134949.2618 c2s 65536
1783134949.2619 c2s 65536
1783134949.2622 c2s 65536
1783134949.2623 c2s 65536
1783134949.2624 c2s 65536
1783134949.2625 c2s 65536
1783134949.2628 c2s 65536
1783134949.2632 c2s 65536
1783134949.2634 c2s 65536
1783134949.2635 c2s 65536
1783134949.2638 c2s 65536
1783134949.2639 c2s 65536
1783134949.2641 c2s 65536
1783134949.2642 c2s 65536
1783134949.2645 c2s 65536
1783134949.2646 c2s 65536
1783134949.2647 c2s 65536
1783134949.2648 c2s 65536
1783134949.2651 c2s 65536
1783134949.2652 c2s 65536
1783134949.2654 c2s 65536
1783134949.2654 c2s 65536
1783134949.2657 c2s 65536
1783134949.2659 c2s 65536
1783134949.2660 c2s 65536
1783134949.2661 c2s 65536
1783134949.2664 c2s 65536
1783134949.2665 c2s 65536
1783134949.2666 c2s 65536
1783134949.2667 c2s 65536
1783134949.2670 c2s 65536
1783134949.2671 c2s 65536
1783134949.2672 c2s 65536
1783134949.2673 c2s 65536
1783134949.2676 c2s 65536
1783134949.2677 c2s 65536
1783134949.2679 c2s 65536
1783134949.2679 c2s 65536
1783134949.2682 c2s 65536
1783134949.2683 c2s 65536
1783134949.2685 c2s 65536
1783134949.2686 c2s 65536
1783134949.2689 c2s 65536
1783134949.2689 c2s 65536
1783134949.2691 c2s 65536
1783134949.2692 c2s 65536
1783134949.2695 c2s 65536
1783134949.2696 c2s 65536
1783134949.2697 c2s 65536
1783134949.2698 c2s 65536
1783134949.2701 c2s 65536
1783134949.2702 c2s 65536
1783134949.2703 c2s 65536
1783134949.2704 c2s 65536
1783134949.2707 c2s 65536
1783134949.2708 c2s 65536
1783134949.2709 c2s 65536
1783134949.2710 c2s 65536
1783134949.2713 c2s 65536
1783134949.2714 c2s 65536
1783134949.2716 c2s 65536
1783134949.2717 c2s 65536
1783134949.2719 c2s 65536
1783134949.2720 c2s 65536
1783134949.2722 c2s 65536
1783134949.2723 c2s 65536
1783134949.2726 c2s 65536
1783134949.2727 c2s 65536
1783134949.2728 c2s 65536
1783134949.2729 c2s 65536
1783134949.2732 c2s 65536
1783134949.2733 c2s 65536
1783134949.2734 c2s 65536
1783134949.2735 c2s 65536
1783134949.2737 c2s 65536
1783134949.2738 c2s 65536
1783134949.2739 c2s 65536
1783134949.2740 c2s 65536
1783134949.2744 c2s 65536
1783134949.2744 c2s 65536
1783134949.2746 c2s 65536
1783134949.2747 c2s 65536
1783134949.2750 c2s 65536
1783134949.2751 c2s 65536
1783134949.2752 c2s 65536
1783134949.2753 c2s 65536
1783134949.2756 c2s 65536
1783134949.2757 c2s 65536
1783134949.2758 c2s 65536
1783134949.2759 c2s 65536
1783134949.2762 c2s 65536
1783134949.2763 c2s 65536
1783134949.2764 c2s 65536
1783134949.2765 c2s 65536
1783134949.2768 c2s 65536
1783134949.2769 c2s 65536
1783134949.2771 c2s 65536
1783134949.2772 c2s 65536
1783134949.2774 c2s 65536
1783134949.2775 c2s 65536
1783134949.2777 c2s 65536
1783134949.2777 c2s 65536
1783134949.2781 c2s 65536
1783134949.2782 c2s 65536
1783134949.2783 c2s 65536
1783134949.2784 c2s 65536
1783134949.2787 c2s 65536
1783134949.2787 c2s 65536
1783134949.2789 c2s 65536
1783134949.2790 c2s 65536
1783134949.2793 c2s 65536
1783134949.2794 c2s 65536
1783134949.2795 c2s 65536
1783134949.2796 c2s 65536
1783134949.2799 c2s 65536
1783134949.2800 c2s 65536
1783134949.2801 c2s 65536
1783134949.2802 c2s 65536
1783134949.2805 c2s 65536
1783134949.2806 c2s 65536
1783134949.2808 c2s 65536
1783134949.2808 c2s 65536
1783134949.2811 c2s 65536
1783134949.2812 c2s 65536
1783134949.2813 c2s 65536
1783134949.2814 c2s 65536
1783134949.2818 c2s 65536
1783134949.2819 c2s 65536
1783134949.2820 c2s 65536
1783134949.2821 c2s 65536
1783134949.2824 c2s 65536
1783134949.2825 c2s 65536
1783134949.2826 c2s 65536
1783134949.2827 c2s 65536
1783134949.2830 c2s 65536
1783134949.2831 c2s 65536
1783134949.2832 c2s 65536
1783134949.2833 c2s 65536
1783134949.2836 c2s 65536
1783134949.2837 c2s 65536
1783134949.2839 c2s 65536
1783134949.2840 c2s 65536
1783134949.2843 c2s 65536
1783134949.2844 c2s 65536
1783134949.2845 c2s 65536
1783134949.2846 c2s 65536
1783134949.2849 c2s 65536
1783134949.2850 c2s 65536
1783134949.2851 c2s 65536
1783134949.2852 c2s 65536
1783134949.2855 c2s 65536
1783134949.2856 c2s 65536
1783134949.2857 c2s 65536
1783134949.2858 c2s 65536
1783134949.2862 c2s 65536
1783134949.2863 c2s 65536
1783134949.2864 c2s 65536
1783134949.2865 c2s 65536
1783134949.2868 c2s 65536
1783134949.2869 c2s 65536
1783134949.2870 c2s 65536
1783134949.2871 c2s 65536
1783134949.2874 c2s 65536
1783134949.2875 c2s 65536
1783134949.2876 c2s 65536
1783134949.2877 c2s 65536
1783134949.2880 c2s 65536
1783134949.2881 c2s 65536
1783134949.2882 c2s 65536
1783134949.2883 c2s 65536
1783134949.2886 c2s 65536
1783134949.2887 c2s 65536
1783134949.2888 c2s 65536
1783134949.2889 c2s 65536
1783134949.2892 c2s 65536
1783134949.2893 c2s 65536
1783134949.2895 c2s 65536
1783134949.2895 c2s 65536
1783134949.2898 c2s 65536
1783134949.2899 c2s 65536
1783134949.2900 c2s 65536
1783134949.2901 c2s 65536
1783134949.2904 c2s 65536
1783134949.2905 c2s 65536
1783134949.2906 c2s 65536
1783134949.2907 c2s 65536
1783134949.2910 c2s 65536
1783134949.2911 c2s 65536
1783134949.2912 c2s 65536
1783134949.2913 c2s 65536
1783134949.2917 c2s 65536
1783134949.2918 c2s 65536
1783134949.2919 c2s 65536
1783134949.2920 c2s 65536
1783134949.2923 c2s 65536
1783134949.2924 c2s 65536
1783134949.2925 c2s 65536
1783134949.2926 c2s 65536
1783134949.2929 c2s 65536
1783134949.2930 c2s 65536
1783134949.2931 c2s 65536
1783134949.2932 c2s 65536
1783134949.2935 c2s 65536
1783134949.2936 c2s 65536
1783134949.2937 c2s 65536
1783134949.2938 c2s 65536
1783134949.2941 c2s 65536
1783134949.2942 c2s 65536
1783134949.2943 c2s 65536
1783134949.2944 c2s 65536
1783134949.2947 c2s 65536
1783134949.2948 c2s 65536
1783134949.2949 c2s 65536
1783134949.2950 c2s 65536
1783134949.2953 c2s 65536
1783134949.2954 c2s 65536
1783134949.2956 c2s 65536
1783134949.2957 c2s 65536
1783134949.2960 c2s 65536
1783134949.2961 c2s 65536
1783134949.2962 c2s 65536
1783134949.2963 c2s 65536
1783134949.2966 c2s 65536
1783134949.2967 c2s 65536
1783134949.2968 c2s 65536
1783134949.2969 c2s 65536
1783134949.2972 c2s 65536
1783134949.2973 c2s 65536
1783134949.2974 c2s 65536
1783134949.2975 c2s 65536
1783134949.2978 c2s 65536
1783134949.2979 c2s 65536
1783134949.2980 c2s 65536
1783134949.2981 c2s 65536
1783134949.2984 c2s 65536
1783134949.2985 c2s 65536
1783134949.2986 c2s 65536
1783134949.2987 c2s 65536
1783134949.2990 c2s 65536
1783134949.2991 c2s 65536
1783134949.2992 c2s 65536
1783134949.2993 c2s 65536
1783134949.2997 c2s 65536
1783134949.2998 c2s 65536
1783134949.2999 c2s 65536
1783134949.3000 c2s 65536
1783134949.3002 c2s 65536
1783134949.3003 c2s 65536
1783134949.3005 c2s 65536
1783134949.3006 c2s 65536
1783134949.3009 c2s 65536
1783134949.3010 c2s 65536
1783134949.3011 c2s 65536
1783134949.3012 c2s 65536
1783134949.3015 c2s 65536
1783134949.3016 c2s 65536
1783134949.3017 c2s 65536
1783134949.3018 c2s 65536
1783134949.3021 c2s 65536
1783134949.3022 c2s 65536
1783134949.3023 c2s 65536
1783134949.3024 c2s 65536
1783134949.3027 c2s 65536
1783134949.3028 c2s 65536
1783134949.3029 c2s 65536
1783134949.3030 c2s 65536
1783134949.3033 c2s 65536
1783134949.3034 c2s 65536
1783134949.3036 c2s 65536
1783134949.3037 c2s 65536
1783134949.3040 c2s 65536
1783134949.3041 c2s 65536
1783134949.3042 c2s 65536
1783134949.3043 c2s 65536
1783134949.3046 c2s 65536
1783134949.3047 c2s 65536
1783134949.3048 c2s 65536
1783134949.3049 c2s 65536
1783134949.3052 c2s 65536
1783134949.3053 c2s 65536
1783134949.3055 c2s 65536
1783134949.3055 c2s 65536
1783134949.3058 c2s 65536
1783134949.3059 c2s 65536
1783134949.3061 c2s 65536
1783134949.3062 c2s 65536
1783134949.3065 c2s 65536
1783134949.3066 c2s 65536
1783134949.3067 c2s 65536
1783134949.3068 c2s 65536
1783134949.3071 c2s 65536
1783134949.3072 c2s 65536
1783134949.3073 c2s 65536
1783134949.3074 c2s 65536
1783134949.3078 c2s 65536
1783134949.3079 c2s 65536
1783134949.3080 c2s 65536
1783134949.3081 c2s 65536
1783134949.3084 c2s 65536
1783134949.3085 c2s 65536
1783134949.3086 c2s 65536
1783134949.3087 c2s 65536
1783134949.3090 c2s 65536
1783134949.3091 c2s 65536
1783134949.3092 c2s 65536
1783134949.3093 c2s 65536
1783134949.3096 c2s 65536
1783134949.3097 c2s 65536
1783134949.3098 c2s 65536
1783134949.3099 c2s 65536
1783134949.3102 c2s 65536
1783134949.3103 c2s 65536
1783134949.3104 c2s 65536
1783134949.3105 c2s 65536
1783134949.3108 c2s 65536
1783134949.3109 c2s 65536
1783134949.3110 c2s 65536
1783134949.3111 c2s 65536
1783134949.3114 c2s 65536
1783134949.3116 c2s 65536
1783134949.3117 c2s 65536
1783134949.3118 c2s 65536
1783134949.3121 c2s 65536
1783134949.3122 c2s 65536
1783134949.3123 c2s 65536
1783134949.3124 c2s 65536
1783134949.3127 c2s 65536
1783134949.3128 c2s 65536
1783134949.3129 c2s 65536
1783134949.3130 c2s 65536
1783134949.3133 c2s 65536
1783134949.3134 c2s 65536
1783134949.3135 c2s 65536
1783134949.3136 c2s 65536
1783134949.3139 c2s 65536
1783134949.3140 c2s 65536
1783134949.3141 c2s 65536
1783134949.3142 c2s 65536
1783134949.3145 c2s 65536
1783134949.3146 c2s 65536
1783134949.3147 c2s 65536
1783134949.3148 c2s 65536
1783134949.3151 c2s 65536
1783134949.3152 c2s 65536
1783134949.3153 c2s 65536
1783134949.3154 c2s 65536
1783134949.3157 c2s 65536
1783134949.3158 c2s 65536
1783134949.3160 c2s 65536
1783134949.3160 c2s 65536
1783134949.3164 c2s 65536
1783134949.3165 c2s 65536
1783134949.3166 c2s 65536
1783134949.3167 c2s 65536
1783134949.3170 c2s 65536
1783134949.3171 c2s 65536
1783134949.3172 c2s 65536
1783134949.3173 c2s 65536
1783134949.3176 c2s 65536
1783134949.3177 c2s 65536
1783134949.3178 c2s 65536
1783134949.3179 c2s 65536
1783134949.3182 c2s 65536
1783134949.3183 c2s 65536
1783134949.3184 c2s 65536
1783134949.3185 c2s 65536
1783134949.3188 c2s 65536
1783134949.3189 c2s 65536
1783134949.3190 c2s 65536
1783134949.3191 c2s 65536
1783134949.3194 c2s 65536
1783134949.3195 c2s 65536
1783134949.3197 c2s 65536
1783134949.3198 c2s 65536
1783134949.3201 c2s 65536
1783134949.3202 c2s 65536
1783134949.3203 c2s 65536
1783134949.3204 c2s 65536
1783134949.3207 c2s 65536
1783134949.3208 c2s 65536
1783134949.3209 c2s 65536
1783134949.3210 c2s 65536
1783134949.3213 c2s 65536
1783134949.3214 c2s 65536
1783134949.3215 c2s 65536
1783134949.3216 c2s 65536
1783134949.3219 c2s 65536
1783134949.3220 c2s 65536
1783134949.3221 c2s 65536
1783134949.3222 c2s 65536
1783134949.3225 c2s 65536
1783134949.3226 c2s 65536
1783134949.3227 c2s 65536
1783134949.3228 c2s 65536
1783134949.3231 c2s 65536
1783134949.3232 c2s 65536
1783134949.3233 c2s 65536
1783134949.3234 c2s 65536
1783134949.3238 c2s 65536
1783134949.3239 c2s 65536
1783134949.3240 c2s 65536
1783134949.3241 c2s 65536
1783134949.3244 c2s 65536
1783134949.3245 c2s 65536
1783134949.3246 c2s 65536
1783134949.3247 c2s 65536
1783134949.3250 c2s 65536
1783134949.3251 c2s 65536
1783134949.3252 c2s 65536
1783134949.3253 c2s 65536
1783134949.3256 c2s 65536
1783134949.3257 c2s 65536
1783134949.3259 c2s 65536
1783134949.3260 c2s 65536
1783134949.3263 c2s 65536
1783134949.3264 c2s 65536
1783134949.3265 c2s 65536
1783134949.3266 c2s 65536
1783134949.3269 c2s 65536
1783134949.3270 c2s 65536
1783134949.3271 c2s 65536
1783134949.3272 c2s 65536
1783134949.3275 c2s 65536
1783134949.3276 c2s 65536
1783134949.3277 c2s 65536
1783134949.3278 c2s 65536
1783134949.3281 c2s 65536
1783134949.3282 c2s 65536
1783134949.3284 c2s 65536
1783134949.3284 c2s 65536
1783134949.3287 c2s 65536
1783134949.3288 c2s 65536
1783134949.3289 c2s 65536
1783134949.3290 c2s 65536
1783134949.3293 c2s 65536
1783134949.3294 c2s 65536
1783134949.3295 c2s 65536
1783134949.3296 c2s 65536
1783134949.3299 c2s 65536
1783134949.3300 c2s 65536
1783134949.3301 c2s 65536
1783134949.3303 c2s 65536
1783134949.3306 c2s 65536
1783134949.3307 c2s 65536
1783134949.3308 c2s 65536
1783134949.3309 c2s 65536
1783134949.3312 c2s 65536
1783134949.3313 c2s 65536
1783134949.3314 c2s 65536
1783134949.3315 c2s 65536
1783134949.3318 c2s 65536
1783134949.3319 c2s 65536
1783134949.3321 c2s 65536
1783134949.3322 c2s 65536
1783134949.3324 c2s 65536
1783134949.3325 c2s 65536
1783134949.3326 c2s 65536
1783134949.3327 c2s 65536
1783134949.3330 c2s 65536
1783134949.3331 c2s 65536
1783134949.3332 c2s 65536
1783134949.3333 c2s 65536
1783134949.3335 c2s 65536
1783134949.3336 c2s 65536
1783134949.3338 c2s 65536
1783134949.3338 c2s 65536
1783134949.3341 c2s 65536
1783134949.3342 c2s 65536
1783134949.3343 c2s 65536
1783134949.3344 c2s 65536
1783134949.3347 c2s 65536
1783134949.3348 c2s 65536
1783134949.3349 c2s 65536
1783134949.3350 c2s 65536
1783134949.3352 c2s 65536
1783134949.3353 c2s 65536
1783134949.3355 c2s 65536
1783134949.3356 c2s 65536
1783134949.3359 c2s 65536
1783134949.3360 c2s 65536
1783134949.3361 c2s 65536
1783134949.3362 c2s 65536
1783134949.3364 c2s 65536
1783134949.3365 c2s 65536
1783134949.3367 c2s 65536
1783134949.3367 c2s 65536
1783134949.3370 c2s 65536
1783134949.3371 c2s 65536
1783134949.3372 c2s 65536
1783134949.3373 c2s 65536
1783134949.3376 c2s 65536
1783134949.3377 c2s 65536
1783134949.3378 c2s 65536
1783134949.3379 c2s 65536
1783134949.3381 c2s 65536
1783134949.3382 c2s 65536
1783134949.3384 c2s 65536
1783134949.3385 c2s 65536
1783134949.3387 c2s 65536
1783134949.3388 c2s 65536
1783134949.3389 c2s 65536
1783134949.3390 c2s 65536
1783134949.3393 c2s 65536
1783134949.3394 c2s 65536
1783134949.3395 c2s 65536
1783134949.3396 c2s 65536
1783134949.3398 c2s 65536
1783134949.3399 c2s 65536
1783134949.3401 c2s 65536
1783134949.3402 c2s 65536
1783134949.3404 c2s 65536
1783134949.3405 c2s 65536
1783134949.3406 c2s 65536
1783134949.3407 c2s 65536
1783134949.3410 c2s 65536
1783134949.3411 c2s 65536
1783134949.3412 c2s 65536
1783134949.3413 c2s 65536
1783134949.3415 c2s 65536
1783134949.3416 c2s 65536
1783134949.3418 c2s 65536
1783134949.3418 c2s 65536
1783134949.3421 c2s 65536
1783134949.3422 c2s 65536
1783134949.3423 c2s 65536
1783134949.3424 c2s 65536
1783134949.3427 c2s 65536
1783134949.3428 c2s 65536
1783134949.3429 c2s 65536
1783134949.3430 c2s 65536
1783134949.3432 c2s 65536
1783134949.3433 c2s 65536
1783134949.3435 c2s 65536
1783134949.3436 c2s 65536
1783134949.3438 c2s 65536
1783134949.3439 c2s 65536
1783134949.3440 c2s 49456
1783134949.4259 c2s 321
1783134949.4264 s2c 9
1783134949.4382 c2s 9
1783134949.4385 c2s 65536
1783134949.4386 c2s 65536
1783134949.4388 c2s 65536
1783134949.4389 c2s 65536
1783134949.4392 c2s 65536
1783134949.4393 c2s 65536
1783134949.4395 c2s 65536
1783134949.4396 c2s 65536
1783134949.4399 c2s 65536
1783134949.4400 c2s 65536
1783134949.4401 c2s 65536
1783134949.4402 c2s 65536
1783134949.4405 c2s 65536
1783134949.4406 c2s 65536
1783134949.4408 c2s 65536
1783134949.4408 c2s 65536
1783134949.4411 c2s 65536
1783134949.4412 c2s 65536
1783134949.4413 c2s 65536
1783134949.4414 c2s 65536
1783134949.4417 c2s 65536
1783134949.4418 c2s 65536
1783134949.4419 c2s 65536
1783134949.4420 c2s 65536
1783134949.4423 c2s 65536
1783134949.4424 c2s 65536
1783134949.4425 c2s 65536
1783134949.4426 c2s 65536
1783134949.4429 c2s 65536
1783134949.4430 c2s 65536
1783134949.4431 c2s 65536
1783134949.4432 c2s 65536
1783134949.4434 c2s 65536
1783134949.4435 c2s 65536
1783134949.4436 c2s 65536
1783134949.4437 c2s 65536
1783134949.4440 c2s 65536
1783134949.4441 c2s 65536
1783134949.4442 c2s 65536
1783134949.4442 c2s 65536
1783134949.4445 c2s 65536
1783134949.4446 c2s 65536
1783134949.4447 c2s 65536
1783134949.4447 c2s 65536
1783134949.4450 c2s 65536
1783134949.4451 c2s 65536
1783134949.4452 c2s 65536
1783134949.4453 c2s 65536
1783134949.4456 c2s 65536
1783134949.4458 c2s 65536
1783134949.4459 c2s 65536
1783134949.4460 c2s 65536
1783134949.4464 c2s 65536
1783134949.4465 c2s 65536
1783134949.4466 c2s 65536
1783134949.4467 c2s 65536
1783134949.4470 c2s 65536
1783134949.4471 c2s 65536
1783134949.4472 c2s 65536
1783134949.4474 c2s 65536
1783134949.4477 c2s 65536
1783134949.4478 c2s 65536
1783134949.4480 c2s 65536
1783134949.4480 c2s 65536
1783134949.4483 c2s 65536
1783134949.4484 c2s 65536
1783134949.4486 c2s 65536
1783134949.4487 c2s 65536
1783134949.4490 c2s 65536
1783134949.4491 c2s 65536
1783134949.4492 c2s 65536
1783134949.4493 c2s 65536
1783134949.4496 c2s 65536
1783134949.4497 c2s 65536
1783134949.4498 c2s 65536
1783134949.4499 c2s 65536
1783134949.4502 c2s 65536
1783134949.4503 c2s 65536
1783134949.4504 c2s 65536
1783134949.4505 c2s 65536
1783134949.4508 c2s 65536
1783134949.4509 c2s 65536
1783134949.4510 c2s 65536
1783134949.4511 c2s 65536
1783134949.4514 c2s 65536
1783134949.4515 c2s 65536
1783134949.4517 c2s 65536
1783134949.4518 c2s 65536
1783134949.4521 c2s 65536
1783134949.4522 c2s 65536
1783134949.4523 c2s 65536
1783134949.4524 c2s 65536
1783134949.4527 c2s 65536
1783134949.4528 c2s 65536
1783134949.4529 c2s 65536
1783134949.4530 c2s 65536
1783134949.4533 c2s 65536
1783134949.4534 c2s 65536
1783134949.4535 c2s 65536
1783134949.4536 c2s 65536
1783134949.4539 c2s 65536
1783134949.4540 c2s 65536
1783134949.4541 c2s 65536
1783134949.4542 c2s 65536
1783134949.4545 c2s 65536
1783134949.4546 c2s 65536
1783134949.4547 c2s 65536
1783134949.4548 c2s 65536
1783134949.4551 c2s 65536
1783134949.4552 c2s 65536
1783134949.4553 c2s 65536
1783134949.4554 c2s 65536
1783134949.4557 c2s 65536
1783134949.4558 c2s 65536
1783134949.4559 c2s 65536
1783134949.4560 c2s 65536
1783134949.4563 c2s 65536
1783134949.4564 c2s 65536
1783134949.4565 c2s 65536
1783134949.4566 c2s 65536
1783134949.4569 c2s 65536
1783134949.4570 c2s 65536
1783134949.4571 c2s 65536
1783134949.4572 c2s 65536
1783134949.4575 c2s 65536
1783134949.4576 c2s 65536
1783134949.4577 c2s 65536
1783134949.4578 c2s 65536
1783134949.4581 c2s 65536
1783134949.4582 c2s 65536
1783134949.4583 c2s 65536
1783134949.4584 c2s 65536
1783134949.4587 c2s 65536
1783134949.4588 c2s 65536
1783134949.4589 c2s 65536
1783134949.4590 c2s 65536
1783134949.4593 c2s 65536
1783134949.4594 c2s 65536
1783134949.4596 c2s 65536
1783134949.4596 c2s 65536
1783134949.4600 c2s 65536
1783134949.4601 c2s 65536
1783134949.4602 c2s 65536
1783134949.4603 c2s 65536
1783134949.4606 c2s 65536
1783134949.4607 c2s 65536
1783134949.4608 c2s 65536
1783134949.4609 c2s 65536
1783134949.4612 c2s 65536
1783134949.4613 c2s 65536
1783134949.4614 c2s 65536
1783134949.4615 c2s 65536
1783134949.4618 c2s 65536
1783134949.4619 c2s 65536
1783134949.4620 c2s 65536
1783134949.4621 c2s 65536
1783134949.4624 c2s 65536
1783134949.4625 c2s 65536
1783134949.4627 c2s 65536
1783134949.4628 c2s 65536
1783134949.4630 c2s 65536
1783134949.4631 c2s 65536
1783134949.4633 c2s 65536
1783134949.4634 c2s 65536
1783134949.4637 c2s 65536
1783134949.4638 c2s 65536
1783134949.4639 c2s 65536
1783134949.4640 c2s 65536
1783134949.4643 c2s 65536
1783134949.4644 c2s 65536
1783134949.4645 c2s 65536
1783134949.4646 c2s 65536
1783134949.4649 c2s 65536
1783134949.4650 c2s 65536
1783134949.4651 c2s 65536
1783134949.4652 c2s 65536
1783134949.4655 c2s 65536
1783134949.4656 c2s 65536
1783134949.4657 c2s 65536
1783134949.4658 c2s 65536
1783134949.4661 c2s 65536
1783134949.4662 c2s 65536
1783134949.4663 c2s 65536
1783134949.4664 c2s 65536
1783134949.4667 c2s 65536
1783134949.4668 c2s 65536
1783134949.4669 c2s 65536
1783134949.4670 c2s 65536
1783134949.4673 c2s 65536
1783134949.4674 c2s 65536
1783134949.4676 c2s 65536
1783134949.4677 c2s 65536
1783134949.4679 c2s 65536
1783134949.4680 c2s 65536
1783134949.4682 c2s 65536
1783134949.4683 c2s 65536
1783134949.4686 c2s 65536
1783134949.4687 c2s 65536
1783134949.4688 c2s 65536
1783134949.4689 c2s 65536
1783134949.4692 c2s 65536
1783134949.4693 c2s 65536
1783134949.4694 c2s 65536
1783134949.4695 c2s 65536
1783134949.4698 c2s 65536
1783134949.4699 c2s 65536
1783134949.4700 c2s 65536
1783134949.4701 c2s 65536
1783134949.4704 c2s 65536
1783134949.4705 c2s 65536
1783134949.4706 c2s 65536
1783134949.4707 c2s 65536
1783134949.4710 c2s 65536
1783134949.4711 c2s 65536
1783134949.4712 c2s 65536
1783134949.4713 c2s 65536
1783134949.4716 c2s 65536
1783134949.4718 c2s 65536
1783134949.4719 c2s 65536
1783134949.4720 c2s 65536
1783134949.4723 c2s 65536
1783134949.4724 c2s 65536
1783134949.4725 c2s 65536
1783134949.4726 c2s 65536
1783134949.4729 c2s 65536
1783134949.4730 c2s 65536
1783134949.4731 c2s 65536
1783134949.4732 c2s 65536
1783134949.4735 c2s 65536
1783134949.4736 c2s 65536
1783134949.4737 c2s 65536
1783134949.4738 c2s 65536
1783134949.4741 c2s 65536
1783134949.4742 c2s 65536
1783134949.4743 c2s 65536
1783134949.4744 c2s 65536
1783134949.4747 c2s 65536
1783134949.4748 c2s 65536
1783134949.4749 c2s 65536
1783134949.4750 c2s 65536
1783134949.4753 c2s 65536
1783134949.4754 c2s 65536
1783134949.4756 c2s 65536
1783134949.4757 c2s 65536
1783134949.4760 c2s 65536
1783134949.4761 c2s 65536
1783134949.4762 c2s 65536
1783134949.4763 c2s 65536
1783134949.4766 c2s 65536
1783134949.4767 c2s 65536
1783134949.4768 c2s 65536
1783134949.4769 c2s 65536
1783134949.4772 c2s 65536
1783134949.4773 c2s 65536
1783134949.4774 c2s 65536
1783134949.4775 c2s 65536
1783134949.4778 c2s 65536
1783134949.4779 c2s 65536
1783134949.4780 c2s 65536
1783134949.4781 c2s 65536
1783134949.4784 c2s 65536
1783134949.4785 c2s 65536
1783134949.4787 c2s 65536
1783134949.4787 c2s 65536
1783134949.4790 c2s 65536
1783134949.4791 c2s 65536
1783134949.4792 c2s 65536
1783134949.4793 c2s 65536
1783134949.4797 c2s 65536
1783134949.4798 c2s 65536
1783134949.4799 c2s 65536
1783134949.4800 c2s 65536
1783134949.4803 c2s 65536
1783134949.4804 c2s 65536
1783134949.4805 c2s 65536
1783134949.4806 c2s 65536
1783134949.4809 c2s 65536
1783134949.4810 c2s 65536
1783134949.4811 c2s 65536
1783134949.4812 c2s 65536
1783134949.4815 c2s 65536
1783134949.4816 c2s 65536
1783134949.4817 c2s 65536
1783134949.4818 c2s 65536
1783134949.4821 c2s 65536
1783134949.4822 c2s 65536
1783134949.4823 c2s 65536
1783134949.4824 c2s 65536
1783134949.4827 c2s 65536
1783134949.4828 c2s 65536
1783134949.4829 c2s 65536
1783134949.4830 c2s 65536
1783134949.4833 c2s 65536
1783134949.4834 c2s 65536
1783134949.4836 c2s 65536
1783134949.4837 c2s 65536
1783134949.4840 c2s 65536
1783134949.4841 c2s 65536
1783134949.4842 c2s 65536
1783134949.4843 c2s 65536
1783134949.4846 c2s 65536
1783134949.4847 c2s 65536
1783134949.4848 c2s 65536
1783134949.4849 c2s 65536
1783134949.4852 c2s 65536
1783134949.4853 c2s 65536
1783134949.4854 c2s 65536
1783134949.4855 c2s 65536
1783134949.4858 c2s 65536
1783134949.4859 c2s 65536
1783134949.4860 c2s 65536
1783134949.4861 c2s 65536
1783134949.4864 c2s 65536
1783134949.4865 c2s 65536
1783134949.4867 c2s 65536
1783134949.4867 c2s 65536
1783134949.4870 c2s 65536
1783134949.4871 c2s 65536
1783134949.4873 c2s 65536
1783134949.4874 c2s 65536
1783134949.4877 c2s 65536
1783134949.4878 c2s 65536
1783134949.4879 c2s 65536
1783134949.4880 c2s 65536
1783134949.4883 c2s 65536
1783134949.4884 c2s 65536
1783134949.4885 c2s 65536
1783134949.4886 c2s 65536
1783134949.4889 c2s 65536
1783134949.4890 c2s 65536
1783134949.4891 c2s 65536
1783134949.4892 c2s 65536
1783134949.4895 c2s 65536
1783134949.4896 c2s 65536
1783134949.4897 c2s 65536
1783134949.4898 c2s 65536
1783134949.4901 c2s 65536
1783134949.4902 c2s 65536
1783134949.4903 c2s 65536
1783134949.4904 c2s 65536
1783134949.4907 c2s 65536
1783134949.4908 c2s 65536
1783134949.4910 c2s 65536
1783134949.4911 c2s 65536
1783134949.4913 c2s 65536
1783134949.4914 c2s 65536
1783134949.4916 c2s 65536
1783134949.4917 c2s 65536
1783134949.4920 c2s 65536
1783134949.4921 c2s 65536
1783134949.4922 c2s 65536
1783134949.4923 c2s 65536
1783134949.4926 c2s 65536
1783134949.4927 c2s 65536
1783134949.4928 c2s 65536
1783134949.4929 c2s 65536
1783134949.4932 c2s 65536
1783134949.4933 c2s 65536
1783134949.4934 c2s 65536
1783134949.4935 c2s 65536
1783134949.4938 c2s 65536
1783134949.4939 c2s 65536
1783134949.4940 c2s 65536
1783134949.4941 c2s 65536
1783134949.4944 c2s 65536
1783134949.4946 c2s 65536
1783134949.4947 c2s 65536
1783134949.4948 c2s 65536
1783134949.4950 c2s 65536
1783134949.4951 c2s 65536
1783134949.4953 c2s 65536
1783134949.4954 c2s 65536
1783134949.4957 c2s 65536
1783134949.4958 c2s 65536
1783134949.4960 c2s 65536
1783134949.4961 c2s 65536
1783134949.4963 c2s 65536
1783134949.4964 c2s 65536
1783134949.4967 c2s 65536
1783134949.4967 c2s 65536
1783134949.4970 c2s 65536
1783134949.4971 c2s 65536
1783134949.4973 c2s 65536
1783134949.4974 c2s 65536
1783134949.4977 c2s 65536
1783134949.4978 c2s 65536
1783134949.4979 c2s 65536
1783134949.4980 c2s 65536
1783134949.4983 c2s 65536
1783134949.4984 c2s 65536
1783134949.4985 c2s 65536
1783134949.4986 c2s 65536
1783134949.4989 c2s 65536
1783134949.4990 c2s 65536
1783134949.4991 c2s 65536
1783134949.4992 c2s 65536
1783134949.4995 c2s 65536
1783134949.4996 c2s 65536
1783134949.4997 c2s 65536
1783134949.4998 c2s 65536
1783134949.5001 c2s 65536
1783134949.5002 c2s 65536
1783134949.5004 c2s 65536
1783134949.5005 c2s 65536
1783134949.5007 c2s 65536
1783134949.5008 c2s 65536
1783134949.5010 c2s 65536
1783134949.5010 c2s 65536
1783134949.5014 c2s 65536
1783134949.5015 c2s 65536
1783134949.5016 c2s 65536
1783134949.5017 c2s 65536
1783134949.5020 c2s 65536
1783134949.5021 c2s 65536
1783134949.5022 c2s 65536
1783134949.5023 c2s 65536
1783134949.5026 c2s 65536
1783134949.5027 c2s 65536
1783134949.5028 c2s 65536
1783134949.5029 c2s 65536
1783134949.5032 c2s 65536
1783134949.5033 c2s 65536
1783134949.5034 c2s 65536
1783134949.5035 c2s 65536
1783134949.5038 c2s 65536
1783134949.5039 c2s 65536
1783134949.5041 c2s 65536
1783134949.5042 c2s 65536
1783134949.5045 c2s 65536
1783134949.5046 c2s 65536
1783134949.5047 c2s 65536
1783134949.5048 c2s 65536
1783134949.5050 c2s 65536
1783134949.5051 c2s 65536
1783134949.5053 c2s 65536
1783134949.5054 c2s 65536
1783134949.5057 c2s 65536
1783134949.5058 c2s 65536
1783134949.5059 c2s 65536
1783134949.5060 c2s 65536
1783134949.5063 c2s 65536
1783134949.5064 c2s 65536
1783134949.5065 c2s 65536
1783134949.5066 c2s 65536
1783134949.5069 c2s 65536
1783134949.5070 c2s 65536
1783134949.5071 c2s 65536
1783134949.5072 c2s 65536
1783134949.5075 c2s 65536
1783134949.5077 c2s 65536
1783134949.5078 c2s 65536
1783134949.5079 c2s 65536
1783134949.5082 c2s 65536
1783134949.5083 c2s 65536
1783134949.5084 c2s 65536
1783134949.5085 c2s 65536
1783134949.5088 c2s 65536
1783134949.5089 c2s 65536
1783134949.5091 c2s 65536
1783134949.5091 c2s 65536
1783134949.5095 c2s 65536
1783134949.5096 c2s 65536
1783134949.5097 c2s 65536
1783134949.5098 c2s 65536
1783134949.5101 c2s 65536
1783134949.5102 c2s 65536
1783134949.5103 c2s 65536
1783134949.5104 c2s 65536
1783134949.5107 c2s 65536
1783134949.5108 c2s 65536
1783134949.5109 c2s 65536
1783134949.5110 c2s 65536
1783134949.5113 c2s 65536
1783134949.5114 c2s 65536
1783134949.5115 c2s 65536
1783134949.5116 c2s 65536
1783134949.5119 c2s 65536
1783134949.5120 c2s 65536
1783134949.5121 c2s 65536
1783134949.5122 c2s 65536
1783134949.5125 c2s 65536
1783134949.5126 c2s 65536
1783134949.5127 c2s 65536
1783134949.5128 c2s 65536
1783134949.5131 c2s 65536
1783134949.5132 c2s 65536
1783134949.5134 c2s 65536
1783134949.5135 c2s 65536
1783134949.5138 c2s 65536
1783134949.5139 c2s 65536
1783134949.5140 c2s 65536
1783134949.5141 c2s 65536
1783134949.5144 c2s 65536
1783134949.5145 c2s 65536
1783134949.5146 c2s 65536
1783134949.5147 c2s 65536
1783134949.5150 c2s 65536
1783134949.5151 c2s 65536
1783134949.5152 c2s 65536
1783134949.5153 c2s 65536
1783134949.5156 c2s 65536
1783134949.5157 c2s 65536
1783134949.5159 c2s 65536
1783134949.5159 c2s 65536
1783134949.5163 c2s 65536
1783134949.5164 c2s 65536
1783134949.5165 c2s 65536
1783134949.5166 c2s 65536
1783134949.5169 c2s 65536
1783134949.5170 c2s 65536
1783134949.5171 c2s 65536
1783134949.5172 c2s 65536
1783134949.5175 c2s 65536
1783134949.5176 c2s 65536
1783134949.5177 c2s 65536
1783134949.5178 c2s 65536
1783134949.5181 c2s 65536
1783134949.5182 c2s 65536
1783134949.5183 c2s 65536
1783134949.5184 c2s 65536
1783134949.5187 c2s 65536
1783134949.5188 c2s 65536
1783134949.5189 c2s 65536
1783134949.5190 c2s 65536
1783134949.5193 c2s 65536
1783134949.5194 c2s 65536
1783134949.5196 c2s 65536
1783134949.5197 c2s 65536
1783134949.5200 c2s 65536
1783134949.5201 c2s 65536
1783134949.5202 c2s 65536
1783134949.5203 c2s 65536
1783134949.5206 c2s 65536
1783134949.5207 c2s 65536
1783134949.5209 c2s 65536
1783134949.5209 c2s 65536
1783134949.5212 c2s 65536
1783134949.5213 c2s 65536
1783134949.5214 c2s 65536
1783134949.5215 c2s 65536
1783134949.5218 c2s 65536
1783134949.5219 c2s 65536
1783134949.5221 c2s 65536
1783134949.5222 c2s 65536
1783134949.5224 c2s 65536
1783134949.5225 c2s 65536
1783134949.5227 c2s 65536
1783134949.5227 c2s 65536
1783134949.5231 c2s 65536
1783134949.5232 c2s 65536
1783134949.5233 c2s 65536
1783134949.5234 c2s 65536
1783134949.5237 c2s 65536
1783134949.5238 c2s 65536
1783134949.5239 c2s 65536
1783134949.5240 c2s 65536
1783134949.5243 c2s 65536
1783134949.5244 c2s 65536
1783134949.5245 c2s 65536
1783134949.5246 c2s 65536
1783134949.5249 c2s 65536
1783134949.5250 c2s 65536
1783134949.5251 c2s 65536
1783134949.5252 c2s 65536
1783134949.5255 c2s 65536
1783134949.5256 c2s 65536
1783134949.5257 c2s 65536
1783134949.5258 c2s 65536
1783134949.5261 c2s 65536
1783134949.5265 c2s 65536
1783134949.5266 c2s 65536
1783134949.5267 c2s 65536
1783134949.5271 c2s 65536
1783134949.5272 c2s 65536
1783134949.5273 c2s 65536
1783134949.5274 c2s 65536
1783134949.5277 c2s 65536
1783134949.5278 c2s 65536
1783134949.5279 c2s 65536
1783134949.5280 c2s 65536
1783134949.5284 c2s 65536
1783134949.5285 c2s 65536
1783134949.5286 c2s 65536
1783134949.5287 c2s 65536
1783134949.5290 c2s 65536
1783134949.5291 c2s 65536
1783134949.5293 c2s 65536
1783134949.5293 c2s 65536
1783134949.5297 c2s 65536
1783134949.5298 c2s 65536
1783134949.5299 c2s 65536
1783134949.5300 c2s 65536
1783134949.5303 c2s 65536
1783134949.5303 c2s 65536
1783134949.5305 c2s 65536
1783134949.5306 c2s 65536
1783134949.5309 c2s 65536
1783134949.5310 c2s 65536
1783134949.5311 c2s 65536
1783134949.5312 c2s 65536
1783134949.5316 c2s 65536
1783134949.5317 c2s 65536
1783134949.5318 c2s 65536
1783134949.5319 c2s 65536
1783134949.5322 c2s 65536
1783134949.5323 c2s 65536
1783134949.5324 c2s 65536
1783134949.5325 c2s 65536
1783134949.5328 c2s 65536
1783134949.5329 c2s 65536
1783134949.5331 c2s 65536
1783134949.5331 c2s 65536
1783134949.5334 c2s 65536
1783134949.5335 c2s 65536
1783134949.5336 c2s 65536
1783134949.5337 c2s 65536
1783134949.5340 c2s 65536
1783134949.5341 c2s 65536
1783134949.5342 c2s 65536
1783134949.5342 c2s 65536
1783134949.5345 c2s 65536
1783134949.5346 c2s 65536
1783134949.5347 c2s 65536
1783134949.5348 c2s 65536
1783134949.5351 c2s 65536
1783134949.5352 c2s 65536
1783134949.5353 c2s 65536
1783134949.5353 c2s 65536
1783134949.5357 c2s 65536
1783134949.5357 c2s 65536
1783134949.5359 c2s 65536
1783134949.5359 c2s 65536
1783134949.5362 c2s 65536
1783134949.5363 c2s 65536
1783134949.5364 c2s 65536
1783134949.5365 c2s 65536
1783134949.5368 c2s 65536
1783134949.5369 c2s 65536
1783134949.5371 c2s 65536
1783134949.5373 c2s 65536
1783134949.5377 c2s 65536
1783134949.5378 c2s 65536
1783134949.5379 c2s 65536
1783134949.5380 c2s 65536
1783134949.5383 c2s 65536
1783134949.5384 c2s 65536
1783134949.5386 c2s 65536
1783134949.5387 c2s 65536
1783134949.5390 c2s 65536
1783134949.5390 c2s 65536
1783134949.5392 c2s 65536
1783134949.5393 c2s 65536
1783134949.5396 c2s 65536
1783134949.5397 c2s 65536
1783134949.5398 c2s 65536
1783134949.5399 c2s 65536
1783134949.5402 c2s 65536
1783134949.5403 c2s 65536
1783134949.5405 c2s 65536
1783134949.5406 c2s 65536
1783134949.5409 c2s 65536
1783134949.5410 c2s 65536
1783134949.5411 c2s 65536
1783134949.5412 c2s 65536
1783134949.5415 c2s 65536
1783134949.5416 c2s 65536
1783134949.5417 c2s 65536
1783134949.5418 c2s 65536
1783134949.5421 c2s 65536
1783134949.5422 c2s 65536
1783134949.5423 c2s 65536
1783134949.5424 c2s 65536
1783134949.5427 c2s 65536
1783134949.5429 c2s 65536
1783134949.5430 c2s 65536
1783134949.5431 c2s 65536
1783134949.5434 c2s 65536
1783134949.5435 c2s 65536
1783134949.5437 c2s 65536
1783134949.5437 c2s 65536
1783134949.5441 c2s 65536
1783134949.5442 c2s 65536
1783134949.5443 c2s 65536
1783134949.5444 c2s 65536
1783134949.5446 c2s 65536
1783134949.5447 c2s 65536
1783134949.5449 c2s 65536
1783134949.5450 c2s 65536
1783134949.5453 c2s 65536
1783134949.5454 c2s 65536
1783134949.5456 c2s 65536
1783134949.5456 c2s 65536
1783134949.5459 c2s 65536
1783134949.5460 c2s 65536
1783134949.5462 c2s 65536
1783134949.5463 c2s 65536
1783134949.5466 c2s 65536
1783134949.5467 c2s 65536
1783134949.5468 c2s 65536
1783134949.5469 c2s 65536
1783134949.5472 c2s 65536
1783134949.5473 c2s 65536
1783134949.5474 c2s 65536
1783134949.5475 c2s 65536
1783134949.5479 c2s 65536
1783134949.5480 c2s 65536
1783134949.5481 c2s 65536
1783134949.5482 c2s 65536
1783134949.5485 c2s 65536
1783134949.5486 c2s 65536
1783134949.5487 c2s 65536
1783134949.5488 c2s 65536
1783134949.5491 c2s 65536
1783134949.5492 c2s 65536
1783134949.5493 c2s 65536
1783134949.5494 c2s 65536
1783134949.5497 c2s 65536
1783134949.5498 c2s 65536
1783134949.5499 c2s 65536
1783134949.5500 c2s 65536
1783134949.5503 c2s 65536
1783134949.5504 c2s 65536
1783134949.5505 c2s 65536
1783134949.5506 c2s 65536
1783134949.5509 c2s 65536
1783134949.5510 c2s 65536
1783134949.5511 c2s 65536
1783134949.5512 c2s 65536
1783134949.5516 c2s 65536
1783134949.5517 c2s 65536
1783134949.5518 c2s 65536
1783134949.5519 c2s 65536
1783134949.5522 c2s 65536
1783134949.5523 c2s 65536
1783134949.5524 c2s 65536
1783134949.5525 c2s 65536
1783134949.5528 c2s 65536
1783134949.5529 c2s 65536
1783134949.5531 c2s 65536
1783134949.5531 c2s 65536
1783134949.5534 c2s 65536
1783134949.5535 c2s 65536
1783134949.5537 c2s 65536
1783134949.5537 c2s 65536
1783134949.5541 c2s 65536
1783134949.5542 c2s 65536
1783134949.5543 c2s 65536
1783134949.5544 c2s 65536
1783134949.5546 c2s 65536
1783134949.5547 c2s 65536
1783134949.5549 c2s 65536
1783134949.5549 c2s 65536
1783134949.5552 c2s 65536
1783134949.5553 c2s 65536
1783134949.5554 c2s 65536
1783134949.5555 c2s 65536
1783134949.5558 c2s 65536
1783134949.5559 c2s 65536
1783134949.5561 c2s 65536
1783134949.5561 c2s 65536
1783134949.5565 c2s 65536
1783134949.5566 c2s 65536
1783134949.5567 c2s 65536
1783134949.5568 c2s 65536
1783134949.5570 c2s 65536
1783134949.5571 c2s 65536
1783134949.5573 c2s 65536
1783134949.5574 c2s 65536
1783134949.5576 c2s 65536
1783134949.5577 c2s 65536
1783134949.5578 c2s 65536
1783134949.5579 c2s 65536
1783134949.5582 c2s 65536
1783134949.5583 c2s 65536
1783134949.5584 c2s 65536
1783134949.5585 c2s 65536
1783134949.5588 c2s 65536
1783134949.5589 c2s 65536
1783134949.5590 c2s 65536
1783134949.5591 c2s 65536
1783134949.5593 c2s 65536
1783134949.5595 c2s 65536
1783134949.5596 c2s 65536
1783134949.5597 c2s 65536
1783134949.5600 c2s 65536
1783134949.5601 c2s 65536
1783134949.5602 c2s 65536
1783134949.5603 c2s 65536
1783134949.5605 c2s 65536
1783134949.5606 c2s 65536
1783134949.5607 c2s 65536
1783134949.5608 c2s 65536
1783134949.5611 c2s 65536
1783134949.5612 c2s 65536
1783134949.5613 c2s 65536
1783134949.5614 c2s 65536
1783134949.5617 c2s 65536
1783134949.5618 c2s 65536
1783134949.5619 c2s 65536
1783134949.5620 c2s 65536
1783134949.5622 c2s 65536
1783134949.5623 c2s 65536
1783134949.5625 c2s 65536
1783134949.5626 c2s 65536
1783134949.5628 c2s 65536
1783134949.5629 c2s 65536
1783134949.5630 c2s 65536
1783134949.5631 c2s 65536
1783134949.5634 c2s 65536
1783134949.5635 c2s 65536
1783134949.5636 c2s 65536
1783134949.5637 c2s 65536
1783134949.5640 c2s 65536
1783134949.5641 c2s 65536
1783134949.5642 c2s 65536
1783134949.5643 c2s 65536
1783134949.5646 c2s 65536
1783134949.5646 c2s 65536
1783134949.5648 c2s 65536
1783134949.5649 c2s 65536
1783134949.5651 c2s 65536
1783134949.5652 c2s 65536
1783134949.5653 c2s 65536
1783134949.5654 c2s 65536
1783134949.5657 c2s 65536
1783134949.5658 c2s 65536
1783134949.5659 c2s 65536
1783134949.5660 c2s 65536
1783134949.5662 c2s 65536
1783134949.5663 c2s 65536
1783134949.5665 c2s 65536
1783134949.5666 c2s 65536
1783134949.5668 c2s 65536
1783134949.5669 c2s 65536
1783134949.5670 c2s 65536
1783134949.5671 c2s 33841
1783134949.6500 c2s 321
1783134949.6505 s2c 9
1783134949.6625 c2s 65492
1783134949.6628 c2s 65536
1783134949.6629 c2s 65536
1783134949.6631 c2s 65536
1783134949.6632 c2s 65536
1783134949.6635 c2s 65536
1783134949.6637 c2s 65536
1783134949.6638 c2s 65536
1783134949.6639 c2s 65536
1783134949.6642 c2s 65536
1783134949.6643 c2s 65536
1783134949.6645 c2s 65536
1783134949.6645 c2s 65536
1783134949.6648 c2s 65536
1783134949.6649 c2s 65536
1783134949.6651 c2s 65536
1783134949.6652 c2s 65536
1783134949.6654 c2s 65536
1783134949.6655 c2s 65536
1783134949.6657 c2s 65536
1783134949.6657 c2s 65536
1783134949.6660 c2s 65536
1783134949.6661 c2s 65536
1783134949.6663 c2s 65536
1783134949.6663 c2s 65536
1783134949.6666 c2s 65536
1783134949.6667 c2s 65536
1783134949.6669 c2s 65536
1783134949.6669 c2s 65536
1783134949.6672 c2s 65536
1783134949.6673 c2s 65536
1783134949.6674 c2s 65536
1783134949.6675 c2s 65536
1783134949.6678 c2s 65536
1783134949.6679 c2s 65536
1783134949.6680 c2s 65536
1783134949.6681 c2s 65536
1783134949.6684 c2s 65536
1783134949.6685 c2s 65536
1783134949.6686 c2s 65536
1783134949.6686 c2s 65536
1783134949.6690 c2s 65536
1783134949.6690 c2s 65536
1783134949.6691 c2s 65536
1783134949.6692 c2s 65536
1783134949.6695 c2s 65536
1783134949.6696 c2s 65536
1783134949.6697 c2s 65536
1783134949.6698 c2s 65536
1783134949.6701 c2s 65536
1783134949.6702 c2s 65536
1783134949.6703 c2s 65536
1783134949.6703 c2s 65536
1783134949.6708 c2s 65536
1783134949.6709 c2s 65536
1783134949.6711 c2s 65536
1783134949.6712 c2s 65536
1783134949.6716 c2s 65536
1783134949.6717 c2s 65536
1783134949.6718 c2s 65536
1783134949.6719 c2s 65536
1783134949.6722 c2s 65536
1783134949.6723 c2s 65536
1783134949.6724 c2s 65536
1783134949.6725 c2s 65536
1783134949.6727 c2s 65536
1783134949.6728 c2s 65536
1783134949.6730 c2s 65536
1783134949.6730 c2s 65536
1783134949.6733 c2s 65536
1783134949.6734 c2s 65536
1783134949.6735 c2s 65536
1783134949.6736 c2s 65536
1783134949.6739 c2s 65536
1783134949.6740 c2s 65536
1783134949.6741 c2s 65536
1783134949.6742 c2s 65536
1783134949.6745 c2s 65536
1783134949.6746 c2s 65536
1783134949.6747 c2s 65536
1783134949.6748 c2s 65536
1783134949.6752 c2s 65536
1783134949.6752 c2s 65536
1783134949.6754 c2s 65536
1783134949.6755 c2s 65536
1783134949.6758 c2s 65536
1783134949.6759 c2s 65536
1783134949.6760 c2s 65536
1783134949.6761 c2s 65536
1783134949.6764 c2s 65536
1783134949.6765 c2s 65536
1783134949.6766 c2s 65536
1783134949.6767 c2s 65536
1783134949.6770 c2s 65536
1783134949.6771 c2s 65536
1783134949.6773 c2s 65536
1783134949.6773 c2s 65536
1783134949.6776 c2s 65536
1783134949.6777 c2s 65536
1783134949.6779 c2s 65536
1783134949.6779 c2s 65536
1783134949.6782 c2s 65536
1783134949.6783 c2s 65536
1783134949.6785 c2s 65536
1783134949.6785 c2s 65536
1783134949.6789 c2s 65536
1783134949.6789 c2s 65536
1783134949.6791 c2s 65536
1783134949.6792 c2s 65536
1783134949.6795 c2s 65536
1783134949.6796 c2s 65536
1783134949.6797 c2s 65536
1783134949.6798 c2s 65536
1783134949.6801 c2s 65536
1783134949.6802 c2s 65536
1783134949.6803 c2s 65536
1783134949.6804 c2s 65536
1783134949.6807 c2s 65536
1783134949.6808 c2s 65536
1783134949.6809 c2s 65536
1783134949.6810 c2s 65536
1783134949.6813 c2s 65536
1783134949.6813 c2s 65536
1783134949.6815 c2s 65536
1783134949.6816 c2s 65536
1783134949.6819 c2s 65536
1783134949.6820 c2s 65536
1783134949.6821 c2s 65536
1783134949.6822 c2s 65536
1783134949.6825 c2s 65536
1783134949.6826 c2s 65536
1783134949.6827 c2s 65536
1783134949.6828 c2s 65536
1783134949.6831 c2s 65536
1783134949.6832 c2s 65536
1783134949.6833 c2s 65536
1783134949.6834 c2s 65536
1783134949.6837 c2s 65536
1783134949.6838 c2s 65536
1783134949.6840 c2s 65536
1783134949.6840 c2s 65536
1783134949.6844 c2s 65536
1783134949.6845 c2s 65536
1783134949.6846 c2s 65536
1783134949.6847 c2s 65536
1783134949.6850 c2s 65536
1783134949.6851 c2s 65536
1783134949.6852 c2s 65536
1783134949.6853 c2s 65536
1783134949.6856 c2s 65536
1783134949.6857 c2s 65536
1783134949.6858 c2s 65536
1783134949.6859 c2s 65536
1783134949.6862 c2s 65536
1783134949.6863 c2s 65536
1783134949.6864 c2s 65536
1783134949.6865 c2s 65536
1783134949.6868 c2s 65536
1783134949.6869 c2s 65536
1783134949.6870 c2s 65536
1783134949.6871 c2s 65536
1783134949.6874 c2s 65536
1783134949.6875 c2s 65536
1783134949.6877 c2s 65536
1783134949.6877 c2s 65536
1783134949.6881 c2s 65536
1783134949.6882 c2s 65536
1783134949.6883 c2s 65536
1783134949.6884 c2s 65536
1783134949.6887 c2s 65536
1783134949.6888 c2s 65536
1783134949.6889 c2s 65536
1783134949.6890 c2s 65536
1783134949.6893 c2s 65536
1783134949.6894 c2s 65536
1783134949.6895 c2s 65536
1783134949.6896 c2s 65536
1783134949.6899 c2s 65536
1783134949.6900 c2s 65536
1783134949.6901 c2s 65536
1783134949.6902 c2s 65536
1783134949.6905 c2s 65536
1783134949.6906 c2s 65536
1783134949.6908 c2s 65536
1783134949.6908 c2s 65536
1783134949.6911 c2s 65536
1783134949.6912 c2s 65536
1783134949.6913 c2s 65536
1783134949.6914 c2s 65536
1783134949.6918 c2s 65536
1783134949.6919 c2s 65536
1783134949.6920 c2s 65536
1783134949.6921 c2s 65536
1783134949.6924 c2s 65536
1783134949.6925 c2s 65536
1783134949.6926 c2s 65536
1783134949.6927 c2s 65536
1783134949.6930 c2s 65536
1783134949.6931 c2s 65536
1783134949.6932 c2s 65536
1783134949.6933 c2s 65536
1783134949.6936 c2s 65536
1783134949.6937 c2s 65536
1783134949.6938 c2s 65536
1783134949.6939 c2s 65536
1783134949.6942 c2s 65536
1783134949.6943 c2s 65536
1783134949.6944 c2s 65536
1783134949.6945 c2s 65536
1783134949.6948 c2s 65536
1783134949.6949 c2s 65536
1783134949.6950 c2s 65536
1783134949.6951 c2s 65536
1783134949.6954 c2s 65536
1783134949.6955 c2s 65536
1783134949.6956 c2s 65536
1783134949.6957 c2s 65536
1783134949.6960 c2s 65536
1783134949.6961 c2s 65536
1783134949.6963 c2s 65536
1783134949.6964 c2s 65536
1783134949.6967 c2s 65536
1783134949.6968 c2s 65536
1783134949.6969 c2s 65536
1783134949.6970 c2s 65536
1783134949.6972 c2s 65536
1783134949.6973 c2s 65536
1783134949.6975 c2s 65536
1783134949.6975 c2s 65536
1783134949.6978 c2s 65536
1783134949.6979 c2s 65536
1783134949.6981 c2s 65536
1783134949.6982 c2s 65536
1783134949.6984 c2s 65536
1783134949.6985 c2s 65536
1783134949.6987 c2s 65536
1783134949.6988 c2s 65536
1783134949.6991 c2s 65536
1783134949.6992 c2s 65536
1783134949.6993 c2s 65536
1783134949.6994 c2s 65536
1783134949.6997 c2s 65536
1783134949.6998 c2s 65536
1783134949.6999 c2s 65536
1783134949.7000 c2s 65536
1783134949.7004 c2s 65536
1783134949.7004 c2s 65536
1783134949.7006 c2s 65536
1783134949.7007 c2s 65536
1783134949.7010 c2s 65536
1783134949.7010 c2s 65536
1783134949.7012 c2s 65536
1783134949.7013 c2s 65536
1783134949.7016 c2s 65536
1783134949.7017 c2s 65536
1783134949.7018 c2s 65536
1783134949.7019 c2s 65536
1783134949.7022 c2s 65536
1783134949.7023 c2s 65536
1783134949.7024 c2s 65536
1783134949.7025 c2s 65536
1783134949.7028 c2s 65536
1783134949.7029 c2s 65536
1783134949.7030 c2s 65536
1783134949.7031 c2s 65536
1783134949.7034 c2s 65536
1783134949.7035 c2s 65536
1783134949.7036 c2s 65536
1783134949.7037 c2s 65536
1783134949.7041 c2s 65536
1783134949.7042 c2s 65536
1783134949.7043 c2s 65536
1783134949.7044 c2s 65536
1783134949.7046 c2s 65536
1783134949.7047 c2s 65536
1783134949.7049 c2s 65536
1783134949.7050 c2s 65536
1783134949.7053 c2s 65536
1783134949.7054 c2s 65536
1783134949.7055 c2s 65536
1783134949.7056 c2s 65536
1783134949.7059 c2s 65536
1783134949.7059 c2s 65536
1783134949.7061 c2s 65536
1783134949.7062 c2s 65536
1783134949.7065 c2s 65536
1783134949.7066 c2s 65536
1783134949.7067 c2s 65536
1783134949.7068 c2s 65536
1783134949.7071 c2s 65536
1783134949.7072 c2s 65536
1783134949.7073 c2s 65536
1783134949.7074 c2s 65536
1783134949.7077 c2s 65536
1783134949.7078 c2s 65536
1783134949.7080 c2s 65536
1783134949.7080 c2s 65536
1783134949.7084 c2s 65536
1783134949.7084 c2s 65536
1783134949.7086 c2s 65536
1783134949.7087 c2s 65536
1783134949.7090 c2s 65536
1783134949.7091 c2s 65536
1783134949.7092 c2s 65536
1783134949.7093 c2s 65536
1783134949.7096 c2s 65536
1783134949.7097 c2s 65536
1783134949.7098 c2s 65536
1783134949.7099 c2s 65536
1783134949.7102 c2s 65536
1783134949.7103 c2s 65536
1783134949.7104 c2s 65536
1783134949.7105 c2s 65536
1783134949.7108 c2s 65536
1783134949.7109 c2s 65536
1783134949.7110 c2s 65536
1783134949.7111 c2s 65536
1783134949.7114 c2s 65536
1783134949.7115 c2s 65536
1783134949.7116 c2s 65536
1783134949.7117 c2s 65536
1783134949.7120 c2s 65536
1783134949.7121 c2s 65536
1783134949.7123 c2s 65536
1783134949.7124 c2s 65536
1783134949.7127 c2s 65536
1783134949.7128 c2s 65536
1783134949.7129 c2s 65536
1783134949.7130 c2s 65536
1783134949.7133 c2s 65536
1783134949.7134 c2s 65536
1783134949.7135 c2s 65536
1783134949.7136 c2s 65536
1783134949.7139 c2s 65536
1783134949.7140 c2s 65536
1783134949.7141 c2s 65536
1783134949.7142 c2s 65536
1783134949.7145 c2s 65536
1783134949.7146 c2s 65536
1783134949.7147 c2s 65536
1783134949.7148 c2s 65536
1783134949.7151 c2s 65536
1783134949.7152 c2s 65536
1783134949.7154 c2s 65536
1783134949.7154 c2s 65536
1783134949.7158 c2s 65536
1783134949.7159 c2s 65536
1783134949.7160 c2s 65536
1783134949.7161 c2s 65536
1783134949.7164 c2s 65536
1783134949.7165 c2s 65536
1783134949.7166 c2s 65536
1783134949.7167 c2s 65536
1783134949.7170 c2s 65536
1783134949.7171 c2s 65536
1783134949.7172 c2s 65536
1783134949.7173 c2s 65536
1783134949.7176 c2s 65536
1783134949.7177 c2s 65536
1783134949.7178 c2s 65536
1783134949.7179 c2s 65536
1783134949.7182 c2s 65536
1783134949.7183 c2s 65536
1783134949.7184 c2s 65536
1783134949.7185 c2s 65536
1783134949.7188 c2s 65536
1783134949.7189 c2s 65536
1783134949.7190 c2s 65536
1783134949.7191 c2s 65536
1783134949.7194 c2s 65536
1783134949.7195 c2s 65536
1783134949.7196 c2s 65536
1783134949.7197 c2s 65536
1783134949.7200 c2s 65536
1783134949.7201 c2s 65536
1783134949.7202 c2s 65536
1783134949.7203 c2s 65536
1783134949.7206 c2s 65536
1783134949.7207 c2s 65536
1783134949.7208 c2s 65536
1783134949.7209 c2s 65536
1783134949.7212 c2s 65536
1783134949.7213 c2s 65536
1783134949.7214 c2s 65536
1783134949.7215 c2s 65536
1783134949.7218 c2s 65536
1783134949.7219 c2s 65536
1783134949.7220 c2s 65536
1783134949.7221 c2s 65536
1783134949.7224 c2s 65536
1783134949.7225 c2s 65536
1783134949.7227 c2s 65536
1783134949.7228 c2s 65536
1783134949.7230 c2s 65536
1783134949.7231 c2s 65536
1783134949.7233 c2s 65536
1783134949.7233 c2s 65536
1783134949.7237 c2s 65536
1783134949.7238 c2s 65536
1783134949.7239 c2s 65536
1783134949.7240 c2s 65536
1783134949.7243 c2s 65536
1783134949.7244 c2s 65536
1783134949.7245 c2s 65536
1783134949.7246 c2s 65536
1783134949.7249 c2s 65536
1783134949.7250 c2s 65536
1783134949.7251 c2s 65536
1783134949.7252 c2s 65536
1783134949.7255 c2s 65536
1783134949.7256 c2s 65536
1783134949.7258 c2s 65536
1783134949.7258 c2s 65536
1783134949.7261 c2s 65536
1783134949.7262 c2s 65536
1783134949.7264 c2s 65536
1783134949.7264 c2s 65536
1783134949.7267 c2s 65536
1783134949.7268 c2s 65536
1783134949.7270 c2s 65536
1783134949.7270 c2s 65536
1783134949.7273 c2s 65536
1783134949.7274 c2s 65536
1783134949.7276 c2s 65536
1783134949.7277 c2s 65536
1783134949.7280 c2s 65536
1783134949.7281 c2s 65536
1783134949.7282 c2s 65536
1783134949.7283 c2s 65536
1783134949.7286 c2s 65536
1783134949.7287 c2s 65536
1783134949.7288 c2s 65536
1783134949.7289 c2s 65536
1783134949.7292 c2s 65536
1783134949.7293 c2s 65536
1783134949.7294 c2s 65536
1783134949.7295 c2s 65536
1783134949.7298 c2s 65536
1783134949.7299 c2s 65536
1783134949.7300 c2s 65536
1783134949.7301 c2s 65536
1783134949.7304 c2s 65536
1783134949.7304 c2s 65536
1783134949.7306 c2s 65536
1783134949.7307 c2s 65536
1783134949.7310 c2s 65536
1783134949.7311 c2s 65536
1783134949.7312 c2s 65536
1783134949.7313 c2s 65536
1783134949.7316 c2s 65536
1783134949.7317 c2s 65536
1783134949.7318 c2s 65536
1783134949.7319 c2s 65536
1783134949.7322 c2s 65536
1783134949.7323 c2s 65536
1783134949.7325 c2s 65536
1783134949.7326 c2s 65536
1783134949.7329 c2s 65536
1783134949.7330 c2s 65536
1783134949.7331 c2s 65536
1783134949.7332 c2s 65536
1783134949.7335 c2s 65536
1783134949.7336 c2s 65536
1783134949.7337 c2s 65536
1783134949.7338 c2s 65536
1783134949.7341 c2s 65536
1783134949.7342 c2s 65536
1783134949.7343 c2s 65536
1783134949.7344 c2s 65536
1783134949.7347 c2s 65536
1783134949.7348 c2s 65536
1783134949.7349 c2s 65536
1783134949.7350 c2s 65536
1783134949.7353 c2s 65536
1783134949.7354 c2s 65536
1783134949.7356 c2s 65536
1783134949.7357 c2s 65536
1783134949.7360 c2s 65536
1783134949.7361 c2s 65536
1783134949.7362 c2s 65536
1783134949.7363 c2s 65536
1783134949.7366 c2s 65536
1783134949.7367 c2s 65536
1783134949.7368 c2s 65536
1783134949.7369 c2s 65536
1783134949.7372 c2s 65536
1783134949.7373 c2s 65536
1783134949.7374 c2s 65536
1783134949.7375 c2s 65536
1783134949.7378 c2s 65536
1783134949.7379 c2s 65536
1783134949.7381 c2s 65536
1783134949.7381 c2s 65536
1783134949.7384 c2s 65536
1783134949.7385 c2s 65536
1783134949.7386 c2s 65536
1783134949.7387 c2s 65536
1783134949.7390 c2s 65536
1783134949.7391 c2s 65536
1783134949.7392 c2s 65536
1783134949.7393 c2s 65536
1783134949.7396 c2s 65536
1783134949.7397 c2s 65536
1783134949.7398 c2s 65536
1783134949.7399 c2s 65536
1783134949.7402 c2s 65536
1783134949.7403 c2s 65536
1783134949.7404 c2s 65536
1783134949.7405 c2s 65536
1783134949.7407 c2s 65536
1783134949.7408 c2s 65536
1783134949.7409 c2s 65536
1783134949.7410 c2s 65536
1783134949.7413 c2s 65536
1783134949.7414 c2s 65536
1783134949.7415 c2s 65536
1783134949.7416 c2s 65536
1783134949.7418 c2s 65536
1783134949.7419 c2s 65536
1783134949.7421 c2s 65536
1783134949.7422 c2s 65536
1783134949.7424 c2s 65536
1783134949.7425 c2s 65536
1783134949.7426 c2s 65536
1783134949.7427 c2s 65536
1783134949.7430 c2s 65536
1783134949.7431 c2s 65536
1783134949.7432 c2s 65536
1783134949.7433 c2s 65536
1783134949.7436 c2s 65536
1783134949.7437 c2s 65536
1783134949.7438 c2s 65536
1783134949.7439 c2s 65536
1783134949.7441 c2s 65536
1783134949.7442 c2s 65536
1783134949.7443 c2s 65536
1783134949.7444 c2s 65536
1783134949.7447 c2s 65536
1783134949.7448 c2s 65536
1783134949.7449 c2s 65536
1783134949.7450 c2s 65536
1783134949.7453 c2s 65536
1783134949.7454 c2s 65536
1783134949.7455 c2s 65536
1783134949.7456 c2s 65536
1783134949.7458 c2s 65536
1783134949.7459 c2s 65536
1783134949.7460 c2s 65536
1783134949.7461 c2s 65536
1783134949.7464 c2s 65536
1783134949.7465 c2s 65536
1783134949.7466 c2s 65536
1783134949.7467 c2s 65536
1783134949.7469 c2s 65536
1783134949.7470 c2s 65536
1783134949.7472 c2s 65536
1783134949.7472 c2s 65536
1783134949.7475 c2s 65536
1783134949.7476 c2s 65536
1783134949.7477 c2s 65536
1783134949.7478 c2s 65536
1783134949.7481 c2s 65536
1783134949.7482 c2s 65536
1783134949.7483 c2s 65536
1783134949.7484 c2s 65536
1783134949.7486 c2s 65536
1783134949.7487 c2s 65536
1783134949.7489 c2s 65536
1783134949.7489 c2s 65536
1783134949.7492 c2s 65536
1783134949.7493 c2s 65536
1783134949.7494 c2s 65536
1783134949.7495 c2s 65536
1783134949.7498 c2s 65536
1783134949.7499 c2s 65536
1783134949.7500 c2s 65536
1783134949.7501 c2s 65536
1783134949.7506 c2s 65536
1783134949.7507 c2s 65536
1783134949.7509 c2s 65536
1783134949.7509 c2s 65536
1783134949.7511 c2s 65536
1783134949.7512 c2s 49509
1783134949.8339 c2s 321
1783134949.8342 s2c 9
1783134949.8461 c2s 65492
1783134949.8464 c2s 65536
1783134949.8466 c2s 65536
1783134949.8468 c2s 65536
1783134949.8469 c2s 65536
1783134949.8472 c2s 65536
1783134949.8473 c2s 65536
1783134949.8475 c2s 65536
1783134949.8476 c2s 65536
1783134949.8480 c2s 65536
1783134949.8481 c2s 65536
1783134949.8482 c2s 65536
1783134949.8483 c2s 65536
1783134949.8486 c2s 65536
1783134949.8488 c2s 65536
1783134949.8489 c2s 65536
1783134949.8490 c2s 65536
1783134949.8493 c2s 65536
1783134949.8494 c2s 65536
1783134949.8496 c2s 65536
1783134949.8496 c2s 65536
1783134949.8499 c2s 65536
1783134949.8500 c2s 65536
1783134949.8501 c2s 65536
1783134949.8505 c2s 65536
1783134949.8508 c2s 65536
1783134949.8509 c2s 65536
1783134949.8511 c2s 65536
1783134949.8511 c2s 65536
1783134949.8515 c2s 65536
1783134949.8517 c2s 65536
1783134949.8518 c2s 65536
1783134949.8519 c2s 65536
1783134949.8523 c2s 65536
1783134949.8524 c2s 65536
1783134949.8525 c2s 65536
1783134949.8526 c2s 65536
1783134949.8529 c2s 65536
1783134949.8530 c2s 65536
1783134949.8531 c2s 65536
1783134949.8532 c2s 65536
1783134949.8536 c2s 65536
1783134949.8537 c2s 65536
1783134949.8538 c2s 65536
1783134949.8538 c2s 65536
1783134949.8545 c2s 65536
1783134949.8546 c2s 65536
1783134949.8547 c2s 65536
1783134949.8548 c2s 65536
1783134949.8551 c2s 65536
1783134949.8552 c2s 65536
1783134949.8553 c2s 65536
1783134949.8554 c2s 65536
1783134949.8557 c2s 65536
1783134949.8558 c2s 65536
1783134949.8560 c2s 65536
1783134949.8561 c2s 65536
1783134949.8564 c2s 65536
1783134949.8565 c2s 65536
1783134949.8566 c2s 65536
1783134949.8567 c2s 65536
1783134949.8570 c2s 65536
1783134949.8571 c2s 65536
1783134949.8572 c2s 65536
1783134949.8573 c2s 65536
1783134949.8576 c2s 65536
1783134949.8577 c2s 65536
1783134949.8578 c2s 65536
1783134949.8579 c2s 65536
1783134949.8582 c2s 65536
1783134949.8583 c2s 65536
1783134949.8584 c2s 65536
1783134949.8585 c2s 65536
1783134949.8588 c2s 65536
1783134949.8589 c2s 65536
1783134949.8590 c2s 65536
1783134949.8591 c2s 65536
1783134949.8595 c2s 65536
1783134949.8596 c2s 65536
1783134949.8597 c2s 65536
1783134949.8598 c2s 65536
1783134949.8601 c2s 65536
1783134949.8603 c2s 65536
1783134949.8604 c2s 65536
1783134949.8605 c2s 65536
1783134949.8608 c2s 65536
1783134949.8609 c2s 65536
1783134949.8611 c2s 65536
1783134949.8612 c2s 65536
1783134949.8615 c2s 65536
1783134949.8616 c2s 65536
1783134949.8618 c2s 65536
1783134949.8619 c2s 65536
1783134949.8622 c2s 65536
1783134949.8623 c2s 65536
1783134949.8625 c2s 65536
1783134949.8626 c2s 65536
1783134949.8629 c2s 65536
1783134949.8630 c2s 65536
1783134949.8632 c2s 65536
1783134949.8633 c2s 65536
1783134949.8636 c2s 65536
1783134949.8638 c2s 65536
1783134949.8639 c2s 65536
1783134949.8640 c2s 65536
1783134949.8643 c2s 65536
1783134949.8644 c2s 65536
1783134949.8645 c2s 65536
1783134949.8646 c2s 65536
1783134949.8650 c2s 65536
1783134949.8651 c2s 65536
1783134949.8652 c2s 65536
1783134949.8653 c2s 65536
1783134949.8656 c2s 65536
1783134949.8657 c2s 65536
1783134949.8659 c2s 65536
1783134949.8660 c2s 65536
1783134949.8663 c2s 65536
1783134949.8664 c2s 65536
1783134949.8666 c2s 65536
1783134949.8667 c2s 65536
1783134949.8670 c2s 65536
1783134949.8671 c2s 65536
1783134949.8673 c2s 65536
1783134949.8674 c2s 65536
1783134949.8677 c2s 65536
1783134949.8679 c2s 65536
1783134949.8680 c2s 65536
1783134949.8681 c2s 65536
1783134949.8685 c2s 65536
1783134949.8686 c2s 65536
1783134949.8687 c2s 65536
1783134949.8688 c2s 65536
1783134949.8692 c2s 65536
1783134949.8693 c2s 65536
1783134949.8694 c2s 65536
1783134949.8695 c2s 65536
1783134949.8699 c2s 65536
1783134949.8700 c2s 65536
1783134949.8701 c2s 65536
1783134949.8702 c2s 65536
1783134949.8706 c2s 65536
1783134949.8707 c2s 65536
1783134949.8709 c2s 65536
1783134949.8710 c2s 65536
1783134949.8713 c2s 65536
1783134949.8714 c2s 65536
1783134949.8716 c2s 65536
1783134949.8717 c2s 65536
1783134949.8720 c2s 65536
1783134949.8722 c2s 65536
1783134949.8723 c2s 65536
1783134949.8724 c2s 65536
1783134949.8727 c2s 65536
1783134949.8728 c2s 65536
1783134949.8729 c2s 65536
1783134949.8730 c2s 65536
1783134949.8733 c2s 65536
1783134949.8734 c2s 65536
1783134949.8736 c2s 65536
1783134949.8737 c2s 65536
1783134949.8739 c2s 65536
1783134949.8740 c2s 65536
1783134949.8742 c2s 65536
1783134949.8743 c2s 65536
1783134949.8746 c2s 65536
1783134949.8747 c2s 65536
1783134949.8748 c2s 65536
1783134949.8749 c2s 65536
1783134949.8752 c2s 65536
1783134949.8753 c2s 65536
1783134949.8754 c2s 65536
1783134949.8755 c2s 65536
1783134949.8759 c2s 65536
1783134949.8760 c2s 65536
1783134949.8762 c2s 65536
1783134949.8763 c2s 65536
1783134949.8766 c2s 65536
1783134949.8767 c2s 65536
1783134949.8769 c2s 65536
1783134949.8770 c2s 65536
1783134949.8773 c2s 65536
1783134949.8774 c2s 65536
1783134949.8776 c2s 65536
1783134949.8777 c2s 65536
1783134949.8780 c2s 65536
1783134949.8781 c2s 65536
1783134949.8783 c2s 65536
1783134949.8783 c2s 65536
1783134949.8787 c2s 65536
1783134949.8787 c2s 65536
1783134949.8789 c2s 65536
1783134949.8790 c2s 65536
1783134949.8793 c2s 65536
1783134949.8793 c2s 65536
1783134949.8795 c2s 65536
1783134949.8796 c2s 65536
1783134949.8799 c2s 65536
1783134949.8800 c2s 65536
1783134949.8801 c2s 65536
1783134949.8802 c2s 65536
1783134949.8805 c2s 65536
1783134949.8806 c2s 65536
1783134949.8807 c2s 65536
1783134949.8808 c2s 65536
1783134949.8811 c2s 65536
1783134949.8812 c2s 65536
1783134949.8813 c2s 65536
1783134949.8814 c2s 65536
1783134949.8817 c2s 65536
1783134949.8818 c2s 65536
1783134949.8819 c2s 65536
1783134949.8820 c2s 65536
1783134949.8824 c2s 65536
1783134949.8825 c2s 65536
1783134949.8826 c2s 65536
1783134949.8827 c2s 65536
1783134949.8829 c2s 65536
1783134949.8831 c2s 65536
1783134949.8832 c2s 65536
1783134949.8833 c2s 65536
1783134949.8836 c2s 65536
1783134949.8837 c2s 65536
1783134949.8839 c2s 65536
1783134949.8840 c2s 65536
1783134949.8843 c2s 65536
1783134949.8844 c2s 65536
1783134949.8846 c2s 65536
1783134949.8847 c2s 65536
1783134949.8851 c2s 65536
1783134949.8852 c2s 65536
1783134949.8853 c2s 65536
1783134949.8854 c2s 65536
1783134949.8858 c2s 65536
1783134949.8859 c2s 65536
1783134949.8860 c2s 65536
1783134949.8861 c2s 65536
1783134949.8865 c2s 65536
1783134949.8866 c2s 65536
1783134949.8867 c2s 65536
1783134949.8868 c2s 65536
1783134949.8872 c2s 65536
1783134949.8873 c2s 65536
1783134949.8874 c2s 65536
1783134949.8876 c2s 65536
1783134949.8879 c2s 65536
1783134949.8880 c2s 65536
1783134949.8882 c2s 65536
1783134949.8883 c2s 65536
1783134949.8886 c2s 65536
1783134949.8888 c2s 65536
1783134949.8889 c2s 65536
1783134949.8890 c2s 65536
1783134949.8894 c2s 65536
1783134949.8895 c2s 65536
1783134949.8896 c2s 65536
1783134949.8897 c2s 65536
1783134949.8901 c2s 65536
1783134949.8902 c2s 65536
1783134949.8903 c2s 65536
1783134949.8904 c2s 65536
1783134949.8908 c2s 65536
1783134949.8909 c2s 65536
1783134949.8910 c2s 65536
1783134949.8912 c2s 65536
1783134949.8915 c2s 65536
1783134949.8916 c2s 65536
1783134949.8918 c2s 65536
1783134949.8919 c2s 65536
1783134949.8923 c2s 65536
1783134949.8924 c2s 65536
1783134949.8925 c2s 65536
1783134949.8926 c2s 65536
1783134949.8929 c2s 65536
1783134949.8930 c2s 65536
1783134949.8932 c2s 65536
1783134949.8933 c2s 65536
1783134949.8936 c2s 65536
1783134949.8937 c2s 65536
1783134949.8938 c2s 65536
1783134949.8939 c2s 65536
1783134949.8943 c2s 65536
1783134949.8944 c2s 65536
1783134949.8945 c2s 65536
1783134949.8946 c2s 65536
1783134949.8950 c2s 65536
1783134949.8951 c2s 65536
1783134949.8952 c2s 65536
1783134949.8953 c2s 65536
1783134949.8957 c2s 65536
1783134949.8958 c2s 65536
1783134949.8959 c2s 65536
1783134949.8960 c2s 65536
1783134949.8963 c2s 65536
1783134949.8964 c2s 65536
1783134949.8966 c2s 65536
1783134949.8966 c2s 65536
1783134949.8970 c2s 65536
1783134949.8971 c2s 65536
1783134949.8972 c2s 65536
1783134949.8973 c2s 65536
1783134949.8976 c2s 65536
1783134949.8977 c2s 65536
1783134949.8979 c2s 65536
1783134949.8980 c2s 65536
1783134949.8983 c2s 65536
1783134949.8984 c2s 65536
1783134949.8985 c2s 65536
1783134949.8986 c2s 65536
1783134949.8989 c2s 65536
1783134949.8990 c2s 65536
1783134949.8992 c2s 65536
1783134949.8993 c2s 65536
1783134949.8996 c2s 65536
1783134949.8997 c2s 65536
1783134949.8998 c2s 65536
1783134949.8999 c2s 65536
1783134949.9003 c2s 65536
1783134949.9004 c2s 65536
1783134949.9005 c2s 65536
1783134949.9006 c2s 65536
1783134949.9009 c2s 65536
1783134949.9010 c2s 65536
1783134949.9012 c2s 65536
1783134949.9012 c2s 65536
1783134949.9015 c2s 65536
1783134949.9016 c2s 65536
1783134949.9018 c2s 65536
1783134949.9019 c2s 65536
1783134949.9022 c2s 65536
1783134949.9022 c2s 65536
1783134949.9024 c2s 65536
1783134949.9025 c2s 65536
1783134949.9028 c2s 65536
1783134949.9029 c2s 65536
1783134949.9030 c2s 65536
1783134949.9031 c2s 65536
1783134949.9034 c2s 65536
1783134949.9035 c2s 65536
1783134949.9036 c2s 65536
1783134949.9037 c2s 65536
1783134949.9041 c2s 65536
1783134949.9042 c2s 65536
1783134949.9043 c2s 65536
1783134949.9044 c2s 65536
1783134949.9047 c2s 65536
1783134949.9048 c2s 65536
1783134949.9050 c2s 65536
1783134949.9051 c2s 65536
1783134949.9054 c2s 65536
1783134949.9055 c2s 65536
1783134949.9056 c2s 65536
1783134949.9057 c2s 65536
1783134949.9060 c2s 65536
1783134949.9061 c2s 65536
1783134949.9063 c2s 65536
1783134949.9064 c2s 65536
1783134949.9067 c2s 65536
1783134949.9068 c2s 65536
1783134949.9069 c2s 65536
1783134949.9070 c2s 65536
1783134949.9073 c2s 65536
1783134949.9074 c2s 65536
1783134949.9076 c2s 65536
1783134949.9077 c2s 65536
1783134949.9080 c2s 65536
1783134949.9081 c2s 65536
1783134949.9082 c2s 65536
1783134949.9083 c2s 65536
1783134949.9086 c2s 65536
1783134949.9087 c2s 65536
1783134949.9088 c2s 65536
1783134949.9089 c2s 65536
1783134949.9092 c2s 65536
1783134949.9093 c2s 65536
1783134949.9095 c2s 65536
1783134949.9095 c2s 65536
1783134949.9098 c2s 65536
1783134949.9099 c2s 65536
1783134949.9101 c2s 65536
1783134949.9101 c2s 65536
1783134949.9104 c2s 65536
1783134949.9105 c2s 65536
1783134949.9107 c2s 65536
1783134949.9107 c2s 65536
1783134949.9111 c2s 65536
1783134949.9111 c2s 65536
1783134949.9113 c2s 65536
1783134949.9114 c2s 65536
1783134949.9117 c2s 65536
1783134949.9118 c2s 65536
1783134949.9119 c2s 65536
1783134949.9120 c2s 65536
1783134949.9123 c2s 65536
1783134949.9124 c2s 65536
1783134949.9125 c2s 65536
1783134949.9126 c2s 65536
1783134949.9129 c2s 65536
1783134949.9130 c2s 65536
1783134949.9131 c2s 65536
1783134949.9132 c2s 65536
1783134949.9135 c2s 65536
1783134949.9136 c2s 65536
1783134949.9137 c2s 65536
1783134949.9138 c2s 65536
1783134949.9142 c2s 65536
1783134949.9143 c2s 65536
1783134949.9144 c2s 65536
1783134949.9145 c2s 65536
1783134949.9148 c2s 65536
1783134949.9149 c2s 65536
1783134949.9150 c2s 65536
1783134949.9151 c2s 65536
1783134949.9154 c2s 65536
1783134949.9155 c2s 65536
1783134949.9157 c2s 65536
1783134949.9158 c2s 65536
1783134949.9160 c2s 65536
1783134949.9161 c2s 65536
1783134949.9163 c2s 65536
1783134949.9163 c2s 65536
1783134949.9167 c2s 65536
1783134949.9168 c2s 65536
1783134949.9169 c2s 65536
1783134949.9170 c2s 65536
1783134949.9173 c2s 65536
1783134949.9174 c2s 65536
1783134949.9175 c2s 65536
1783134949.9176 c2s 65536
1783134949.9179 c2s 65536
1783134949.9180 c2s 65536
1783134949.9181 c2s 65536
1783134949.9182 c2s 65536
1783134949.9185 c2s 65536
1783134949.9186 c2s 65536
1783134949.9187 c2s 65536
1783134949.9188 c2s 65536
1783134949.9191 c2s 65536
1783134949.9192 c2s 65536
1783134949.9193 c2s 65536
1783134949.9194 c2s 65536
1783134949.9197 c2s 65536
1783134949.9198 c2s 65536
1783134949.9200 c2s 65536
1783134949.9201 c2s 65536
1783134949.9204 c2s 65536
1783134949.9205 c2s 65536
1783134949.9206 c2s 65536
1783134949.9207 c2s 65536
1783134949.9210 c2s 65536
1783134949.9211 c2s 65536
1783134949.9212 c2s 65536
1783134949.9213 c2s 65536
1783134949.9216 c2s 65536
1783134949.9217 c2s 65536
1783134949.9219 c2s 65536
1783134949.9219 c2s 65536
1783134949.9222 c2s 65536
1783134949.9223 c2s 65536
1783134949.9225 c2s 65536
1783134949.9226 c2s 65536
1783134949.9229 c2s 65536
1783134949.9230 c2s 65536
1783134949.9231 c2s 65536
1783134949.9232 c2s 65536
1783134949.9235 c2s 65536
1783134949.9236 c2s 65536
1783134949.9237 c2s 65536
1783134949.9238 c2s 65536
1783134949.9241 c2s 65536
1783134949.9242 c2s 65536
1783134949.9243 c2s 65536
1783134949.9244 c2s 65536
1783134949.9247 c2s 65536
1783134949.9248 c2s 65536
1783134949.9250 c2s 65536
1783134949.9250 c2s 65536
1783134949.9253 c2s 65536
1783134949.9254 c2s 65536
1783134949.9256 c2s 65536
1783134949.9257 c2s 65536
1783134949.9259 c2s 65536
1783134949.9260 c2s 65536
1783134949.9261 c2s 65536
1783134949.9262 c2s 65536
1783134949.9265 c2s 65536
1783134949.9266 c2s 65536
1783134949.9267 c2s 65536
1783134949.9268 c2s 65536
1783134949.9271 c2s 65536
1783134949.9272 c2s 65536
1783134949.9273 c2s 65536
1783134949.9274 c2s 65536
1783134949.9278 c2s 65536
1783134949.9279 c2s 65536
1783134949.9280 c2s 65536
1783134949.9281 c2s 65536
1783134949.9283 c2s 65536
1783134949.9284 c2s 65536
1783134949.9286 c2s 65536
1783134949.9287 c2s 65536
1783134949.9289 c2s 65536
1783134949.9290 c2s 65536
1783134949.9291 c2s 65536
1783134949.9292 c2s 65536
1783134949.9295 c2s 65536
1783134949.9296 c2s 65536
1783134949.9297 c2s 65536
1783134949.9298 c2s 65536
1783134949.9300 c2s 65536
1783134949.9301 c2s 65536
1783134949.9303 c2s 65536
1783134949.9304 c2s 65536
1783134949.9306 c2s 65536
1783134949.9307 c2s 65536
1783134949.9308 c2s 65536
1783134949.9309 c2s 65536
1783134949.9313 c2s 65536
1783134949.9314 c2s 65536
1783134949.9315 c2s 65536
1783134949.9316 c2s 65536
1783134949.9319 c2s 65536
1783134949.9320 c2s 65536
1783134949.9321 c2s 65536
1783134949.9322 c2s 65536
1783134949.9324 c2s 65536
1783134949.9325 c2s 65536
1783134949.9327 c2s 65536
1783134949.9328 c2s 65536
1783134949.9331 c2s 65536
1783134949.9332 c2s 65536
1783134949.9333 c2s 65536
1783134949.9334 c2s 65536
1783134949.9336 c2s 65536
1783134949.9337 c2s 65536
1783134949.9339 c2s 65536
1783134949.9340 c2s 65536
1783134949.9342 c2s 65536
1783134949.9343 c2s 65536
1783134949.9344 c2s 65536
1783134949.9345 c2s 65536
1783134949.9348 c2s 65536
1783134949.9349 c2s 65536
1783134949.9350 c2s 65536
1783134949.9351 c2s 65536
1783134949.9353 c2s 65536
1783134949.9354 c2s 65536
1783134949.9356 c2s 65536
1783134949.9357 c2s 65536
1783134949.9359 c2s 65536
1783134949.9360 c2s 65536
1783134949.9362 c2s 65536
1783134949.9362 c2s 65536
1783134949.9365 c2s 65536
1783134949.9366 c2s 65536
1783134949.9367 c2s 65536
1783134949.9368 c2s 65536
1783134949.9371 c2s 65536
1783134949.9372 c2s 65536
1783134949.9373 c2s 65536
1783134949.9374 c2s 65536
1783134949.9376 c2s 65536
1783134949.9377 c2s 65536
1783134949.9378 c2s 65536
1783134949.9379 c2s 65536
1783134949.9382 c2s 65536
1783134949.9383 c2s 65536
1783134949.9384 c2s 65536
1783134949.9385 c2s 65536
1783134949.9388 c2s 65536
1783134949.9389 c2s 65536
1783134949.9390 c2s 65536
1783134949.9391 c2s 65536
1783134949.9393 c2s 65536
1783134949.9394 c2s 65536
1783134949.9396 c2s 65536
1783134949.9397 c2s 65536
1783134949.9399 c2s 65536
1783134949.9400 c2s 65536
1783134949.9402 c2s 65536
1783134949.9403 c2s 65536
1783134949.9404 c2s 65536
1783134949.9405 c2s 49509
1783134950.0312 c2s 321
1783134950.0321 s2c 9
1783134950.0455 c2s 65492
1783134950.0459 c2s 65536
1783134950.0461 c2s 65536
1783134950.0463 c2s 65536
1783134950.0464 c2s 65536
1783134950.0469 c2s 65536
1783134950.0470 c2s 65536
1783134950.0473 c2s 65536
1783134950.0474 c2s 65536
1783134950.0479 c2s 65536
1783134950.0480 c2s 65536
1783134950.0482 c2s 65536
1783134950.0483 c2s 65536
1783134950.0488 c2s 65536
1783134950.0489 c2s 65536
1783134950.0491 c2s 65536
1783134950.0492 c2s 65536
1783134950.0496 c2s 65536
1783134950.0498 c2s 65536
1783134950.0499 c2s 65536
1783134950.0501 c2s 65536
1783134950.0504 c2s 65536
1783134950.0505 c2s 65536
1783134950.0507 c2s 65536
1783134950.0508 c2s 65536
1783134950.0511 c2s 65536
1783134950.0512 c2s 65536
1783134950.0514 c2s 65536
1783134950.0515 c2s 65536
1783134950.0518 c2s 65536
1783134950.0519 c2s 65536
1783134950.0520 c2s 65536
1783134950.0521 c2s 65536
1783134950.0524 c2s 65536
1783134950.0525 c2s 65536
1783134950.0526 c2s 65536
1783134950.0526 c2s 65536
1783134950.0530 c2s 65536
1783134950.0530 c2s 65536
1783134950.0532 c2s 65536
1783134950.0532 c2s 65536
1783134950.0536 c2s 65536
1783134950.0537 c2s 65536
1783134950.0538 c2s 65536
1783134950.0539 c2s 65536
1783134950.0542 c2s 65536
1783134950.0543 c2s 65536
1783134950.0544 c2s 65536
1783134950.0544 c2s 65536
1783134950.0548 c2s 65536
1783134950.0548 c2s 65536
1783134950.0549 c2s 65536
1783134950.0550 c2s 65536
1783134950.0553 c2s 65536
1783134950.0554 c2s 65536
1783134950.0555 c2s 65536
1783134950.0556 c2s 65536
1783134950.0559 c2s 65536
1783134950.0559 c2s 65536
1783134950.0560 c2s 65536
1783134950.0561 c2s 65536
1783134950.0564 c2s 65536
1783134950.0568 c2s 65536
1783134950.0570 c2s 65536
1783134950.0571 c2s 65536
1783134950.0574 c2s 65536
1783134950.0575 c2s 65536
1783134950.0577 c2s 65536
1783134950.0578 c2s 65536
1783134950.0581 c2s 65536
1783134950.0582 c2s 65536
1783134950.0583 c2s 65536
1783134950.0584 c2s 65536
1783134950.0587 c2s 65536
1783134950.0588 c2s 65536
1783134950.0589 c2s 65536
1783134950.0590 c2s 65536
1783134950.0593 c2s 65536
1783134950.0594 c2s 65536
1783134950.0596 c2s 65536
1783134950.0597 c2s 65536
1783134950.0600 c2s 65536
1783134950.0601 c2s 65536
1783134950.0602 c2s 65536
1783134950.0603 c2s 65536
1783134950.0607 c2s 65536
1783134950.0608 c2s 65536
1783134950.0610 c2s 65536
1783134950.0611 c2s 65536
1783134950.0614 c2s 65536
1783134950.0615 c2s 65536
1783134950.0616 c2s 65536
1783134950.0617 c2s 65536
1783134950.0621 c2s 65536
1783134950.0622 c2s 65536
1783134950.0623 c2s 65536
1783134950.0624 c2s 65536
1783134950.0627 c2s 65536
1783134950.0628 c2s 65536
1783134950.0630 c2s 65536
1783134950.0631 c2s 65536
1783134950.0634 c2s 65536
1783134950.0636 c2s 65536
1783134950.0637 c2s 65536
1783134950.0638 c2s 65536
1783134950.0641 c2s 65536
1783134950.0642 c2s 65536
1783134950.0643 c2s 65536
1783134950.0644 c2s 65536
1783134950.0647 c2s 65536
1783134950.0649 c2s 65536
1783134950.0650 c2s 65536
1783134950.0651 c2s 65536
1783134950.0655 c2s 65536
1783134950.0656 c2s 65536
1783134950.0657 c2s 65536
1783134950.0658 c2s 65536
1783134950.0661 c2s 65536
1783134950.0662 c2s 65536
1783134950.0663 c2s 65536
1783134950.0664 c2s 65536
1783134950.0667 c2s 65536
1783134950.0668 c2s 65536
1783134950.0669 c2s 65536
1783134950.0670 c2s 65536
1783134950.0673 c2s 65536
1783134950.0674 c2s 65536
1783134950.0676 c2s 65536
1783134950.0677 c2s 65536
1783134950.0681 c2s 65536
1783134950.0682 c2s 65536
1783134950.0683 c2s 65536
1783134950.0684 c2s 65536
1783134950.0688 c2s 65536
1783134950.0690 c2s 65536
1783134950.0691 c2s 65536
1783134950.0693 c2s 65536
1783134950.0697 c2s 65536
1783134950.0698 c2s 65536
1783134950.0699 c2s 65536
1783134950.0700 c2s 65536
1783134950.0704 c2s 65536
1783134950.0705 c2s 65536
1783134950.0707 c2s 65536
1783134950.0708 c2s 65536
1783134950.0711 c2s 65536
1783134950.0712 c2s 65536
1783134950.0714 c2s 65536
1783134950.0715 c2s 65536
1783134950.0719 c2s 65536
1783134950.0720 c2s 65536
1783134950.0721 c2s 65536
1783134950.0722 c2s 65536
1783134950.0726 c2s 65536
1783134950.0727 c2s 65536
1783134950.0729 c2s 65536
1783134950.0730 c2s 65536
1783134950.0733 c2s 65536
1783134950.0734 c2s 65536
1783134950.0736 c2s 65536
1783134950.0737 c2s 65536
1783134950.0741 c2s 65536
1783134950.0742 c2s 65536
1783134950.0743 c2s 65536
1783134950.0744 c2s 65536
1783134950.0748 c2s 65536
1783134950.0749 c2s 65536
1783134950.0750 c2s 65536
1783134950.0751 c2s 65536
1783134950.0754 c2s 65536
1783134950.0755 c2s 65536
1783134950.0757 c2s 65536
1783134950.0758 c2s 65536
1783134950.0762 c2s 65536
1783134950.0763 c2s 65536
1783134950.0764 c2s 65536
1783134950.0766 c2s 65536
1783134950.0769 c2s 65536
1783134950.0770 c2s 65536
1783134950.0772 c2s 65536
1783134950.0773 c2s 65536
1783134950.0777 c2s 65536
1783134950.0778 c2s 65536
1783134950.0780 c2s 65536
1783134950.0781 c2s 65536
1783134950.0784 c2s 65536
1783134950.0786 c2s 65536
1783134950.0787 c2s 65536
1783134950.0788 c2s 65536
1783134950.0792 c2s 65536
1783134950.0793 c2s 65536
1783134950.0794 c2s 65536
1783134950.0796 c2s 65536
1783134950.0799 c2s 65536
1783134950.0800 c2s 65536
1783134950.0801 c2s 65536
1783134950.0803 c2s 65536
1783134950.0806 c2s 65536
1783134950.0807 c2s 65536
1783134950.0809 c2s 65536
1783134950.0810 c2s 65536
1783134950.0814 c2s 65536
1783134950.0815 c2s 65536
1783134950.0816 c2s 65536
1783134950.0817 c2s 65536
1783134950.0821 c2s 65536
1783134950.0822 c2s 65536
1783134950.0824 c2s 65536
1783134950.0825 c2s 65536
1783134950.0829 c2s 65536
1783134950.0830 c2s 65536
1783134950.0832 c2s 65536
1783134950.0833 c2s 65536
1783134950.0837 c2s 65536
1783134950.0838 c2s 65536
1783134950.0840 c2s 65536
1783134950.0841 c2s 65536
1783134950.0844 c2s 65536
1783134950.0846 c2s 65536
1783134950.0847 c2s 65536
1783134950.0848 c2s 65536
1783134950.0851 c2s 65536
1783134950.0853 c2s 65536
1783134950.0854 c2s 65536
1783134950.0855 c2s 65536
1783134950.0859 c2s 65536
1783134950.0860 c2s 65536
1783134950.0861 c2s 65536
1783134950.0863 c2s 65536
1783134950.0866 c2s 65536
1783134950.0867 c2s 65536
1783134950.0869 c2s 65536
1783134950.0870 c2s 65536
1783134950.0874 c2s 65536
1783134950.0875 c2s 65536
1783134950.0876 c2s 65536
1783134950.0877 c2s 65536
1783134950.0880 c2s 65536
1783134950.0881 c2s 65536
1783134950.0883 c2s 65536
1783134950.0884 c2s 65536
1783134950.0887 c2s 65536
1783134950.0888 c2s 65536
1783134950.0889 c2s 65536
1783134950.0890 c2s 65536
1783134950.0893 c2s 65536
1783134950.0894 c2s 65536
1783134950.0895 c2s 65536
1783134950.0896 c2s 65536
1783134950.0899 c2s 65536
1783134950.0900 c2s 65536
1783134950.0901 c2s 65536
1783134950.0902 c2s 65536
1783134950.0905 c2s 65536
1783134950.0907 c2s 65536
1783134950.0909 c2s 65536
1783134950.0910 c2s 65536
1783134950.0914 c2s 65536
1783134950.0916 c2s 65536
1783134950.0917 c2s 65536
1783134950.0919 c2s 65536
1783134950.0922 c2s 65536
1783134950.0924 c2s 65536
1783134950.0925 c2s 65536
1783134950.0926 c2s 65536
1783134950.0929 c2s 65536
1783134950.0930 c2s 65536
1783134950.0932 c2s 65536
1783134950.0933 c2s 65536
1783134950.0937 c2s 65536
1783134950.0938 c2s 65536
1783134950.0939 c2s 65536
1783134950.0940 c2s 65536
1783134950.0944 c2s 65536
1783134950.0945 c2s 65536
1783134950.0946 c2s 65536
1783134950.0947 c2s 65536
1783134950.0951 c2s 65536
1783134950.0952 c2s 65536
1783134950.0954 c2s 65536
1783134950.0956 c2s 65536
1783134950.0959 c2s 65536
1783134950.0960 c2s 65536
1783134950.0962 c2s 65536
1783134950.0963 c2s 65536
1783134950.0967 c2s 65536
1783134950.0968 c2s 65536
1783134950.0969 c2s 65536
1783134950.0970 c2s 65536
1783134950.0973 c2s 65536
1783134950.0974 c2s 65536
1783134950.0976 c2s 65536
1783134950.0977 c2s 65536
1783134950.0980 c2s 65536
1783134950.0981 c2s 65536
1783134950.0983 c2s 65536
1783134950.0984 c2s 65536
1783134950.0987 c2s 65536
1783134950.0988 c2s 65536
1783134950.0990 c2s 65536
1783134950.0991 c2s 65536
1783134950.0994 c2s 65536
1783134950.0995 c2s 65536
1783134950.0997 c2s 65536
1783134950.0998 c2s 65536
1783134950.1002 c2s 65536
1783134950.1003 c2s 65536
1783134950.1004 c2s 65536
1783134950.1005 c2s 65536
1783134950.1008 c2s 65536
1783134950.1009 c2s 65536
1783134950.1011 c2s 65536
1783134950.1012 c2s 65536
1783134950.1015 c2s 65536
1783134950.1016 c2s 65536
1783134950.1017 c2s 65536
1783134950.1018 c2s 65536
1783134950.1021 c2s 65536
1783134950.1022 c2s 65536
1783134950.1024 c2s 65536
1783134950.1025 c2s 65536
1783134950.1028 c2s 65536
1783134950.1029 c2s 65536
1783134950.1031 c2s 65536
1783134950.1032 c2s 65536
1783134950.1035 c2s 65536
1783134950.1037 c2s 65536
1783134950.1038 c2s 65536
1783134950.1039 c2s 65536
1783134950.1042 c2s 65536
1783134950.1043 c2s 65536
1783134950.1044 c2s 65536
1783134950.1045 c2s 65536
1783134950.1048 c2s 65536
1783134950.1049 c2s 65536
1783134950.1050 c2s 65536
1783134950.1051 c2s 65536
1783134950.1055 c2s 65536
1783134950.1056 c2s 65536
1783134950.1057 c2s 65536
1783134950.1058 c2s 65536
1783134950.1061 c2s 65536
1783134950.1062 c2s 65536
1783134950.1063 c2s 65536
1783134950.1064 c2s 65536
1783134950.1067 c2s 65536
1783134950.1068 c2s 65536
1783134950.1070 c2s 65536
1783134950.1071 c2s 65536
1783134950.1074 c2s 65536
1783134950.1075 c2s 65536
1783134950.1077 c2s 65536
1783134950.1077 c2s 65536
1783134950.1081 c2s 65536
1783134950.1082 c2s 65536
1783134950.1083 c2s 65536
1783134950.1084 c2s 65536
1783134950.1087 c2s 65536
1783134950.1088 c2s 65536
1783134950.1089 c2s 65536
1783134950.1090 c2s 65536
1783134950.1093 c2s 65536
1783134950.1094 c2s 65536
1783134950.1096 c2s 65536
1783134950.1096 c2s 65536
1783134950.1100 c2s 65536
1783134950.1101 c2s 65536
1783134950.1102 c2s 65536
1783134950.1103 c2s 65536
1783134950.1106 c2s 65536
1783134950.1107 c2s 65536
1783134950.1108 c2s 65536
1783134950.1109 c2s 65536
1783134950.1113 c2s 65536
1783134950.1114 c2s 65536
1783134950.1115 c2s 65536
1783134950.1116 c2s 65536
1783134950.1119 c2s 65536
1783134950.1120 c2s 65536
1783134950.1121 c2s 65536
1783134950.1122 c2s 65536
1783134950.1125 c2s 65536
1783134950.1126 c2s 65536
1783134950.1128 c2s 65536
1783134950.1129 c2s 65536
1783134950.1131 c2s 65536
1783134950.1132 c2s 65536
1783134950.1134 c2s 65536
1783134950.1134 c2s 65536
1783134950.1138 c2s 65536
1783134950.1139 c2s 65536
1783134950.1140 c2s 65536
1783134950.1141 c2s 65536
1783134950.1145 c2s 65536
1783134950.1146 c2s 65536
1783134950.1147 c2s 65536
1783134950.1148 c2s 65536
1783134950.1151 c2s 65536
1783134950.1152 c2s 65536
1783134950.1153 c2s 65536
1783134950.1154 c2s 65536
1783134950.1157 c2s 65536
1783134950.1158 c2s 65536
1783134950.1160 c2s 65536
1783134950.1161 c2s 65536
1783134950.1164 c2s 65536
1783134950.1165 c2s 65536
1783134950.1166 c2s 65536
1783134950.1167 c2s 65536
1783134950.1170 c2s 65536
1783134950.1171 c2s 65536
1783134950.1172 c2s 65536
1783134950.1173 c2s 65536
1783134950.1176 c2s 65536
1783134950.1177 c2s 65536
1783134950.1180 c2s 65536
1783134950.1181 c2s 65536
1783134950.1184 c2s 65536
1783134950.1185 c2s 65536
1783134950.1186 c2s 65536
1783134950.1187 c2s 65536
1783134950.1190 c2s 65536
1783134950.1191 c2s 65536
1783134950.1193 c2s 65536
1783134950.1194 c2s 65536
1783134950.1197 c2s 65536
1783134950.1198 c2s 65536
1783134950.1199 c2s 65536
1783134950.1200 c2s 65536
1783134950.1203 c2s 65536
1783134950.1204 c2s 65536
1783134950.1205 c2s 65536
1783134950.1206 c2s 65536
1783134950.1209 c2s 65536
1783134950.1210 c2s 65536
1783134950.1211 c2s 65536
1783134950.1212 c2s 65536
1783134950.1215 c2s 65536
1783134950.1216 c2s 65536
1783134950.1218 c2s 65536
1783134950.1219 c2s 65536
1783134950.1224 c2s 65536
1783134950.1225 c2s 65536
1783134950.1227 c2s 65536
1783134950.1228 c2s 65536
1783134950.1232 c2s 65536
1783134950.1233 c2s 65536
1783134950.1234 c2s 65536
1783134950.1235 c2s 65536
1783134950.1239 c2s 65536
1783134950.1240 c2s 65536
1783134950.1241 c2s 65536
1783134950.1242 c2s 65536
1783134950.1246 c2s 65536
1783134950.1247 c2s 65536
1783134950.1248 c2s 65536
1783134950.1249 c2s 65536
1783134950.1253 c2s 65536
1783134950.1254 c2s 65536
1783134950.1255 c2s 65536
1783134950.1256 c2s 65536
1783134950.1259 c2s 65536
1783134950.1260 c2s 65536
1783134950.1261 c2s 65536
1783134950.1262 c2s 65536
1783134950.1266 c2s 65536
1783134950.1267 c2s 65536
1783134950.1268 c2s 65536
1783134950.1269 c2s 65536
1783134950.1272 c2s 65536
1783134950.1273 c2s 65536
1783134950.1275 c2s 65536
1783134950.1276 c2s 65536
1783134950.1279 c2s 65536
1783134950.1280 c2s 65536
1783134950.1281 c2s 65536
1783134950.1282 c2s 65536
1783134950.1286 c2s 65536
1783134950.1287 c2s 65536
1783134950.1288 c2s 65536
1783134950.1289 c2s 65536
1783134950.1292 c2s 65536
1783134950.1293 c2s 65536
1783134950.1295 c2s 65536
1783134950.1295 c2s 65536
1783134950.1299 c2s 65536
1783134950.1300 c2s 65536
1783134950.1301 c2s 65536
1783134950.1302 c2s 65536
1783134950.1304 c2s 65536
1783134950.1305 c2s 65536
1783134950.1307 c2s 65536
1783134950.1308 c2s 65536
1783134950.1311 c2s 65536
1783134950.1312 c2s 65536
1783134950.1313 c2s 65536
1783134950.1317 c2s 65536
1783134950.1320 c2s 65536
1783134950.1322 c2s 65536
1783134950.1323 c2s 65536
1783134950.1324 c2s 65536
1783134950.1328 c2s 65536
1783134950.1329 c2s 65536
1783134950.1330 c2s 65536
1783134950.1331 c2s 65536
1783134950.1334 c2s 65536
1783134950.1335 c2s 65536
1783134950.1336 c2s 65536
1783134950.1337 c2s 65536
1783134950.1340 c2s 65536
1783134950.1341 c2s 65536
1783134950.1343 c2s 65536
1783134950.1344 c2s 65536
1783134950.1346 c2s 65536
1783134950.1347 c2s 65536
1783134950.1349 c2s 65536
1783134950.1350 c2s 65536
1783134950.1353 c2s 65536
1783134950.1354 c2s 65536
1783134950.1355 c2s 65536
1783134950.1356 c2s 65536
1783134950.1359 c2s 65536
1783134950.1361 c2s 65536
1783134950.1362 c2s 65536
1783134950.1363 c2s 65536
1783134950.1367 c2s 65536
1783134950.1368 c2s 65536
1783134950.1369 c2s 65536
1783134950.1370 c2s 65536
1783134950.1373 c2s 65536
1783134950.1374 c2s 65536
1783134950.1375 c2s 65536
1783134950.1376 c2s 65536
1783134950.1379 c2s 65536
1783134950.1380 c2s 65536
1783134950.1381 c2s 65536
1783134950.1382 c2s 65536
1783134950.1385 c2s 65536
1783134950.1386 c2s 65536
1783134950.1387 c2s 65536
1783134950.1388 c2s 65536
1783134950.1391 c2s 65536
1783134950.1392 c2s 65536
1783134950.1393 c2s 65536
1783134950.1394 c2s 65536
1783134950.1398 c2s 65536
1783134950.1399 c2s 65536
1783134950.1401 c2s 65536
1783134950.1402 c2s 65536
1783134950.1405 c2s 65536
1783134950.1407 c2s 65536
1783134950.1408 c2s 65536
1783134950.1409 c2s 65536
1783134950.1412 c2s 65536
1783134950.1413 c2s 65536
1783134950.1415 c2s 65536
1783134950.1416 c2s 65536
1783134950.1419 c2s 65536
1783134950.1420 c2s 65536
1783134950.1421 c2s 65536
1783134950.1422 c2s 65536
1783134950.1425 c2s 65536
1783134950.1426 c2s 65536
1783134950.1427 c2s 65536
1783134950.1428 c2s 65536
1783134950.1431 c2s 65536
1783134950.1432 c2s 65536
1783134950.1433 c2s 65536
1783134950.1434 c2s 65536
1783134950.1438 c2s 65536
1783134950.1439 c2s 65536
1783134950.1440 c2s 65536
1783134950.1441 c2s 65536
1783134950.1444 c2s 65536
1783134950.1445 c2s 65536
1783134950.1447 c2s 65536
1783134950.1448 c2s 65536
1783134950.1451 c2s 65536
1783134950.1453 c2s 65536
1783134950.1454 c2s 65536
1783134950.1455 c2s 65536
1783134950.1459 c2s 65536
1783134950.1460 c2s 65536
1783134950.1461 c2s 65536
1783134950.1462 c2s 65536
1783134950.1465 c2s 65536
1783134950.1466 c2s 65536
1783134950.1467 c2s 65536
1783134950.1468 c2s 65536
1783134950.1471 c2s 65536
1783134950.1472 c2s 65536
1783134950.1473 c2s 65536
1783134950.1474 c2s 65536
1783134950.1477 c2s 65536
1783134950.1478 c2s 65536
1783134950.1480 c2s 65536
1783134950.1480 c2s 65536
1783134950.1484 c2s 65536
1783134950.1485 c2s 65536
1783134950.1486 c2s 65536
1783134950.1487 c2s 65536
1783134950.1490 c2s 65536
1783134950.1491 c2s 65536
1783134950.1493 c2s 65536
1783134950.1495 c2s 65536
1783134950.1499 c2s 65536
1783134950.1500 c2s 65536
1783134950.1501 c2s 65536
1783134950.1502 c2s 65536
1783134950.1506 c2s 65536
1783134950.1507 c2s 65536
1783134950.1508 c2s 65536
1783134950.1509 c2s 65536
1783134950.1513 c2s 65536
1783134950.1514 c2s 65536
1783134950.1515 c2s 65536
1783134950.1516 c2s 65536
1783134950.1519 c2s 65536
1783134950.1520 c2s 65536
1783134950.1521 c2s 65536
1783134950.1522 c2s 65536
1783134950.1525 c2s 65536
1783134950.1526 c2s 65536
1783134950.1527 c2s 65536
1783134950.1527 c2s 65536
1783134950.1530 c2s 65536
1783134950.1531 c2s 65536
1783134950.1532 c2s 65536
1783134950.1532 c2s 65536
1783134950.1536 c2s 65536
1783134950.1536 c2s 65536
1783134950.1537 c2s 65536
1783134950.1538 c2s 65536
1783134950.1541 c2s 65536
1783134950.1543 c2s 65536
1783134950.1545 c2s 65536
1783134950.1546 c2s 65536
1783134950.1549 c2s 65536
1783134950.1550 c2s 65536
1783134950.1552 c2s 65536
1783134950.1553 c2s 65536
1783134950.1557 c2s 65536
1783134950.1558 c2s 65536
1783134950.1559 c2s 65536
1783134950.1560 c2s 65536
1783134950.1563 c2s 65536
1783134950.1564 c2s 65536
1783134950.1566 c2s 65536
1783134950.1567 c2s 65536
1783134950.1570 c2s 65536
1783134950.1571 c2s 65536
1783134950.1572 c2s 65536
1783134950.1573 c2s 65536
1783134950.1576 c2s 65536
1783134950.1577 c2s 65536
1783134950.1578 c2s 65536
1783134950.1579 c2s 65536
1783134950.1582 c2s 65536
1783134950.1583 c2s 65536
1783134950.1585 c2s 65536
1783134950.1585 c2s 65536
1783134950.1588 c2s 65536
1783134950.1590 c2s 65536
1783134950.1591 c2s 65536
1783134950.1592 c2s 65536
1783134950.1596 c2s 65536
1783134950.1597 c2s 65536
1783134950.1598 c2s 65536
1783134950.1599 c2s 65536
1783134950.1603 c2s 65536
1783134950.1604 c2s 65536
1783134950.1605 c2s 65536
1783134950.1606 c2s 65536
1783134950.1609 c2s 65536
1783134950.1610 c2s 65536
1783134950.1611 c2s 65536
1783134950.1612 c2s 65536
1783134950.1615 c2s 65536
1783134950.1616 c2s 65536
1783134950.1617 c2s 65536
1783134950.1618 c2s 65536
1783134950.1621 c2s 65536
1783134950.1622 c2s 65536
1783134950.1623 c2s 65536
1783134950.1624 c2s 65536
1783134950.1627 c2s 65536
1783134950.1628 c2s 65536
1783134950.1630 c2s 65536
1783134950.1631 c2s 65536
1783134950.1634 c2s 65536
1783134950.1636 c2s 65536
1783134950.1637 c2s 65536
1783134950.1638 c2s 65536
1783134950.1641 c2s 65536
1783134950.1642 c2s 65536
1783134950.1643 c2s 65536
1783134950.1644 c2s 65536
1783134950.1647 c2s 65536
1783134950.1648 c2s 65536
1783134950.1649 c2s 65536
1783134950.1650 c2s 65536
1783134950.1653 c2s 65536
1783134950.1654 c2s 65536
1783134950.1656 c2s 65536
1783134950.1656 c2s 65536
1783134950.1659 c2s 65536
1783134950.1660 c2s 65536
1783134950.1661 c2s 65536
1783134950.1662 c2s 65536
1783134950.1666 c2s 65536
1783134950.1667 c2s 65536
1783134950.1668 c2s 65536
1783134950.1669 c2s 65536
1783134950.1672 c2s 65536
1783134950.1673 c2s 65536
1783134950.1675 c2s 65536
1783134950.1676 c2s 65536
1783134950.1679 c2s 65536
1783134950.1680 c2s 65536
1783134950.1681 c2s 65536
1783134950.1682 c2s 65536
1783134950.1685 c2s 65536
1783134950.1686 c2s 65536
1783134950.1687 c2s 65536
1783134950.1688 c2s 65536
1783134950.1691 c2s 65536
1783134950.1692 c2s 65536
1783134950.1693 c2s 65536
1783134950.1694 c2s 65536
1783134950.1697 c2s 65536
1783134950.1699 c2s 65536
1783134950.1700 c2s 65536
1783134950.1701 c2s 65536
1783134950.1704 c2s 65536
1783134950.1705 c2s 65536
1783134950.1706 c2s 65536
1783134950.1707 c2s 65536
1783134950.1710 c2s 65536
1783134950.1711 c2s 65536
1783134950.1712 c2s 65536
1783134950.1713 c2s 65536
1783134950.1716 c2s 65536
1783134950.1717 c2s 65536
1783134950.1718 c2s 65536
1783134950.1719 c2s 65536
1783134950.1722 c2s 65536
1783134950.1723 c2s 65536
1783134950.1725 c2s 65536
1783134950.1725 c2s 65536
1783134950.1728 c2s 65536
1783134950.1729 c2s 65536
1783134950.1730 c2s 65536
1783134950.1731 c2s 65536
1783134950.1734 c2s 65536
1783134950.1735 c2s 65536
1783134950.1737 c2s 65536
1783134950.1737 c2s 65536
1783134950.1740 c2s 65536
1783134950.1741 c2s 65536
1783134950.1743 c2s 65536
1783134950.1743 c2s 65536
1783134950.1746 c2s 65536
1783134950.1747 c2s 65536
1783134950.1748 c2s 65536
1783134950.1749 c2s 65536
1783134950.1752 c2s 65536
1783134950.1753 c2s 65536
1783134950.1754 c2s 65536
1783134950.1755 c2s 65536
1783134950.1758 c2s 65536
1783134950.1759 c2s 65536
1783134950.1760 c2s 65536
1783134950.1761 c2s 65536
1783134950.1764 c2s 65536
1783134950.1764 c2s 65536
1783134950.1766 c2s 65536
1783134950.1767 c2s 65536
1783134950.1769 c2s 65536
1783134950.1770 c2s 65536
1783134950.1771 c2s 65536
1783134950.1772 c2s 65536
1783134950.1775 c2s 65536
1783134950.1776 c2s 65536
1783134950.1777 c2s 65536
1783134950.1778 c2s 65536
1783134950.1781 c2s 65536
1783134950.1782 c2s 65536
1783134950.1783 c2s 65536
1783134950.1784 c2s 65536
1783134950.1786 c2s 65536
1783134950.1787 c2s 65536
1783134950.1789 c2s 65536
1783134950.1789 c2s 65536
1783134950.1792 c2s 65536
1783134950.1793 c2s 65536
1783134950.1794 c2s 65536
1783134950.1795 c2s 65536
1783134950.1798 c2s 65536
1783134950.1799 c2s 65536
1783134950.1800 c2s 65536
1783134950.1801 c2s 65536
1783134950.1804 c2s 65536
1783134950.1805 c2s 65536
1783134950.1806 c2s 65536
1783134950.1807 c2s 65536
1783134950.1810 c2s 65536
1783134950.1811 c2s 65536
1783134950.1812 c2s 65536
1783134950.1813 c2s 65536
1783134950.1815 c2s 65536
1783134950.1816 c2s 65536
1783134950.1817 c2s 65536
1783134950.1818 c2s 65536
1783134950.1821 c2s 65536
1783134950.1822 c2s 65536
1783134950.1823 c2s 65536
1783134950.1824 c2s 65536
1783134950.1826 c2s 65536
1783134950.1827 c2s 65536
1783134950.1829 c2s 65536
1783134950.1830 c2s 65536
1783134950.1832 c2s 65536
1783134950.1833 c2s 65536
1783134950.1834 c2s 65536
1783134950.1835 c2s 65536
1783134950.1839 c2s 65536
1783134950.1840 c2s 65536
1783134950.1841 c2s 65536
1783134950.1842 c2s 65536
1783134950.1845 c2s 65536
1783134950.1846 c2s 65536
1783134950.1847 c2s 65536
1783134950.1848 c2s 65536
1783134950.1850 c2s 65536
1783134950.1851 c2s 65536
1783134950.1853 c2s 65536
1783134950.1853 c2s 65536
1783134950.1856 c2s 65536
1783134950.1857 c2s 65536
1783134950.1858 c2s 65536
1783134950.1859 c2s 65536
1783134950.1861 c2s 65536
1783134950.1862 c2s 48230
1783134950.2550 c2s 321
1783134950.2556 s2c 9
1783134950.2675 c2s 9
1783134950.2678 c2s 65536
1783134950.2680 c2s 65536
1783134950.2681 c2s 65536
1783134950.2682 c2s 65536
1783134950.2685 c2s 65536
1783134950.2686 c2s 65536
1783134950.2688 c2s 65536
1783134950.2689 c2s 65536
1783134950.2691 c2s 65536
1783134950.2692 c2s 65536
1783134950.2694 c2s 65536
1783134950.2695 c2s 65536
1783134950.2698 c2s 65536
1783134950.2699 c2s 65536
1783134950.2700 c2s 65536
1783134950.2701 c2s 65536
1783134950.2703 c2s 65536
1783134950.2704 c2s 65536
1783134950.2706 c2s 65536
1783134950.2707 c2s 65536
1783134950.2709 c2s 65536
1783134950.2710 c2s 65536
1783134950.2712 c2s 65536
1783134950.2712 c2s 65536
1783134950.2716 c2s 65536
1783134950.2717 c2s 65536
1783134950.2718 c2s 65536
1783134950.2719 c2s 65536
1783134950.2722 c2s 65536
1783134950.2723 c2s 65536
1783134950.2724 c2s 65536
1783134950.2725 c2s 65536
1783134950.2728 c2s 65536
1783134950.2729 c2s 65536
1783134950.2730 c2s 65536
1783134950.2730 c2s 65536
1783134950.2733 c2s 65536
1783134950.2734 c2s 65536
1783134950.2735 c2s 65536
1783134950.2736 c2s 65536
1783134950.2739 c2s 65536
1783134950.2740 c2s 65536
1783134950.2741 c2s 65536
1783134950.2742 c2s 65536
1783134950.2745 c2s 65536
1783134950.2746 c2s 65536
1783134950.2747 c2s 65536
1783134950.2748 c2s 65536
1783134950.2751 c2s 65536
1783134950.2753 c2s 65536
1783134950.2754 c2s 65536
1783134950.2755 c2s 65536
1783134950.2759 c2s 65536
1783134950.2760 c2s 65536
1783134950.2761 c2s 65536
1783134950.2762 c2s 65536
1783134950.2765 c2s 65536
1783134950.2766 c2s 65536
1783134950.2767 c2s 65536
1783134950.2768 c2s 65536
1783134950.2771 c2s 65536
1783134950.2772 c2s 65536
1783134950.2773 c2s 65536
1783134950.2774 c2s 65536
1783134950.2777 c2s 65536
1783134950.2778 c2s 65536
1783134950.2779 c2s 65536
1783134950.2780 c2s 65536
1783134950.2783 c2s 65536
1783134950.2784 c2s 65536
1783134950.2786 c2s 65536
1783134950.2786 c2s 65536
1783134950.2790 c2s 65536
1783134950.2791 c2s 65536
1783134950.2792 c2s 65536
1783134950.2793 c2s 65536
1783134950.2796 c2s 65536
1783134950.2797 c2s 65536
1783134950.2799 c2s 65536
1783134950.2799 c2s 65536
1783134950.2803 c2s 65536
1783134950.2804 c2s 65536
1783134950.2805 c2s 65536
1783134950.2806 c2s 65536
1783134950.2809 c2s 65536
1783134950.2810 c2s 65536
1783134950.2811 c2s 65536
1783134950.2812 c2s 65536
1783134950.2815 c2s 65536
1783134950.2816 c2s 65536
1783134950.2817 c2s 65536
1783134950.2818 c2s 65536
1783134950.2822 c2s 65536
1783134950.2823 c2s 65536
1783134950.2824 c2s 65536
1783134950.2825 c2s 65536
1783134950.2828 c2s 65536
1783134950.2829 c2s 65536
1783134950.2830 c2s 65536
1783134950.2831 c2s 65536
1783134950.2834 c2s 65536
1783134950.2835 c2s 65536
1783134950.2837 c2s 65536
1783134950.2838 c2s 65536
1783134950.2841 c2s 65536
1783134950.2842 c2s 65536
1783134950.2843 c2s 65536
1783134950.2844 c2s 65536
1783134950.2847 c2s 65536
1783134950.2848 c2s 65536
1783134950.2849 c2s 65536
1783134950.2850 c2s 65536
1783134950.2853 c2s 65536
1783134950.2854 c2s 65536
1783134950.2855 c2s 65536
1783134950.2856 c2s 65536
1783134950.2859 c2s 65536
1783134950.2860 c2s 65536
1783134950.2861 c2s 65536
1783134950.2862 c2s 65536
1783134950.2865 c2s 65536
1783134950.2866 c2s 65536
1783134950.2868 c2s 65536
1783134950.2868 c2s 65536
1783134950.2872 c2s 65536
1783134950.2873 c2s 65536
1783134950.2874 c2s 65536
1783134950.2875 c2s 65536
1783134950.2879 c2s 65536
1783134950.2880 c2s 65536
1783134950.2881 c2s 65536
1783134950.2882 c2s 65536
1783134950.2885 c2s 65536
1783134950.2886 c2s 65536
1783134950.2887 c2s 65536
1783134950.2888 c2s 65536
1783134950.2891 c2s 65536
1783134950.2892 c2s 65536
1783134950.2893 c2s 65536
1783134950.2894 c2s 65536
1783134950.2897 c2s 65536
1783134950.2898 c2s 65536
1783134950.2899 c2s 65536
1783134950.2900 c2s 65536
1783134950.2903 c2s 65536
1783134950.2904 c2s 65536
1783134950.2905 c2s 65536
1783134950.2906 c2s 65536
1783134950.2909 c2s 65536
1783134950.2910 c2s 65536
1783134950.2912 c2s 65536
1783134950.2912 c2s 65536
1783134950.2916 c2s 65536
1783134950.2917 c2s 65536
1783134950.2918 c2s 65536
1783134950.2919 c2s 65536
1783134950.2922 c2s 65536
1783134950.2923 c2s 65536
1783134950.2924 c2s 65536
1783134950.2925 c2s 65536
1783134950.2928 c2s 65536
1783134950.2929 c2s 65536
1783134950.2930 c2s 65536
1783134950.2931 c2s 65536
1783134950.2934 c2s 65536
1783134950.2935 c2s 65536
1783134950.2936 c2s 65536
1783134950.2937 c2s 65536
1783134950.2940 c2s 65536
1783134950.2941 c2s 65536
1783134950.2942 c2s 65536
1783134950.2943 c2s 65536
1783134950.2946 c2s 65536
1783134950.2947 c2s 65536
1783134950.2948 c2s 65536
1783134950.2949 c2s 65536
1783134950.2952 c2s 65536
1783134950.2953 c2s 65536
1783134950.2954 c2s 65536
1783134950.2956 c2s 65536
1783134950.2959 c2s 65536
1783134950.2960 c2s 65536
1783134950.2962 c2s 65536
1783134950.2962 c2s 65536
1783134950.2966 c2s 65536
1783134950.2967 c2s 65536
1783134950.2968 c2s 65536
1783134950.2969 c2s 65536
1783134950.2972 c2s 65536
1783134950.2973 c2s 65536
1783134950.2974 c2s 65536
1783134950.2975 c2s 65536
1783134950.2978 c2s 65536
1783134950.2979 c2s 65536
1783134950.2980 c2s 65536
1783134950.2981 c2s 65536
1783134950.2984 c2s 65536
1783134950.2985 c2s 65536
1783134950.2987 c2s 65536
1783134950.2988 c2s 65536
1783134950.2991 c2s 65536
1783134950.2992 c2s 65536
1783134950.2994 c2s 65536
1783134950.2995 c2s 65536
1783134950.2998 c2s 65536
1783134950.2999 c2s 65536
1783134950.3000 c2s 65536
1783134950.3001 c2s 65536
1783134950.3005 c2s 65536
1783134950.3006 c2s 65536
1783134950.3007 c2s 65536
1783134950.3008 c2s 65536
1783134950.3011 c2s 65536
1783134950.3012 c2s 65536
1783134950.3013 c2s 65536
1783134950.3014 c2s 65536
1783134950.3017 c2s 65536
1783134950.3019 c2s 65536
1783134950.3020 c2s 65536
1783134950.3021 c2s 65536
1783134950.3024 c2s 65536
1783134950.3025 c2s 65536
1783134950.3026 c2s 65536
1783134950.3027 c2s 65536
1783134950.3030 c2s 65536
1783134950.3031 c2s 65536
1783134950.3032 c2s 65536
1783134950.3033 c2s 65536
1783134950.3037 c2s 65536
1783134950.3038 c2s 65536
1783134950.3039 c2s 65536
1783134950.3040 c2s 65536
1783134950.3043 c2s 65536
1783134950.3044 c2s 65536
1783134950.3046 c2s 65536
1783134950.3046 c2s 65536
1783134950.3050 c2s 65536
1783134950.3051 c2s 65536
1783134950.3052 c2s 65536
1783134950.3053 c2s 65536
1783134950.3056 c2s 65536
1783134950.3057 c2s 65536
1783134950.3059 c2s 65536
1783134950.3059 c2s 65536
1783134950.3063 c2s 65536
1783134950.3064 c2s 65536
1783134950.3065 c2s 65536
1783134950.3066 c2s 65536
1783134950.3069 c2s 65536
1783134950.3070 c2s 65536
1783134950.3072 c2s 65536
1783134950.3073 c2s 65536
1783134950.3076 c2s 65536
1783134950.3077 c2s 65536
1783134950.3079 c2s 65536
1783134950.3080 c2s 65536
1783134950.3083 c2s 65536
1783134950.3084 c2s 65536
1783134950.3085 c2s 65536
1783134950.3086 c2s 65536
1783134950.3089 c2s 65536
1783134950.3090 c2s 65536
1783134950.3091 c2s 65536
1783134950.3092 c2s 65536
1783134950.3095 c2s 65536
1783134950.3097 c2s 65536
1783134950.3098 c2s 65536
1783134950.3099 c2s 65536
1783134950.3102 c2s 65536
1783134950.3103 c2s 65536
1783134950.3104 c2s 65536
1783134950.3105 c2s 65536
1783134950.3108 c2s 65536
1783134950.3109 c2s 65536
1783134950.3111 c2s 65536
1783134950.3112 c2s 65536
1783134950.3115 c2s 65536
1783134950.3116 c2s 65536
1783134950.3118 c2s 65536
1783134950.3119 c2s 65536
1783134950.3121 c2s 65536
1783134950.3122 c2s 65536
1783134950.3124 c2s 65536
1783134950.3125 c2s 65536
1783134950.3128 c2s 65536
1783134950.3129 c2s 65536
1783134950.3130 c2s 65536
1783134950.3131 c2s 65536
1783134950.3134 c2s 65536
1783134950.3135 c2s 65536
1783134950.3136 c2s 65536
1783134950.3137 c2s 65536
1783134950.3139 c2s 65536
1783134950.3140 c2s 65536
1783134950.3142 c2s 65536
1783134950.3143 c2s 65536
1783134950.3146 c2s 65536
1783134950.3147 c2s 65536
1783134950.3148 c2s 65536
1783134950.3149 c2s 65536
1783134950.3152 c2s 65536
1783134950.3153 c2s 65536
1783134950.3154 c2s 65536
1783134950.3155 c2s 65536
1783134950.3158 c2s 65536
1783134950.3159 c2s 65536
1783134950.3160 c2s 65536
1783134950.3161 c2s 65536
1783134950.3164 c2s 65536
1783134950.3165 c2s 65536
1783134950.3166 c2s 65536
1783134950.3167 c2s 65536
1783134950.3170 c2s 65536
1783134950.3171 c2s 65536
1783134950.3173 c2s 65536
1783134950.3173 c2s 65536
1783134950.3177 c2s 65536
1783134950.3178 c2s 65536
1783134950.3179 c2s 65536
1783134950.3180 c2s 65536
1783134950.3183 c2s 65536
1783134950.3184 c2s 65536
1783134950.3185 c2s 65536
1783134950.3186 c2s 65536
1783134950.3189 c2s 65536
1783134950.3190 c2s 65536
1783134950.3191 c2s 65536
1783134950.3192 c2s 65536
1783134950.3195 c2s 65536
1783134950.3196 c2s 65536
1783134950.3197 c2s 65536
1783134950.3198 c2s 65536
1783134950.3201 c2s 65536
1783134950.3202 c2s 65536
1783134950.3203 c2s 65536
1783134950.3204 c2s 65536
1783134950.3207 c2s 65536
1783134950.3208 c2s 65536
1783134950.3209 c2s 65536
1783134950.3210 c2s 65536
1783134950.3213 c2s 65536
1783134950.3214 c2s 65536
1783134950.3215 c2s 65536
1783134950.3216 c2s 65536
1783134950.3219 c2s 65536
1783134950.3220 c2s 65536
1783134950.3221 c2s 65536
1783134950.3222 c2s 65536
1783134950.3225 c2s 65536
1783134950.3226 c2s 65536
1783134950.3227 c2s 65536
1783134950.3228 c2s 65536
1783134950.3231 c2s 65536
1783134950.3232 c2s 65536
1783134950.3233 c2s 65536
1783134950.3234 c2s 65536
1783134950.3238 c2s 65536
1783134950.3239 c2s 65536
1783134950.3240 c2s 65536
1783134950.3241 c2s 65536
1783134950.3244 c2s 65536
1783134950.3245 c2s 65536
1783134950.3246 c2s 65536
1783134950.3247 c2s 65536
1783134950.3250 c2s 65536
1783134950.3251 c2s 65536
1783134950.3253 c2s 65536
1783134950.3253 c2s 65536
1783134950.3256 c2s 65536
1783134950.3257 c2s 65536
1783134950.3258 c2s 65536
1783134950.3259 c2s 65536
1783134950.3262 c2s 65536
1783134950.3263 c2s 65536
1783134950.3265 c2s 65536
1783134950.3265 c2s 65536
1783134950.3268 c2s 65536
1783134950.3269 c2s 65536
1783134950.3270 c2s 65536
1783134950.3271 c2s 65536
1783134950.3274 c2s 65536
1783134950.3276 c2s 65536
1783134950.3277 c2s 65536
1783134950.3278 c2s 65536
1783134950.3281 c2s 65536
1783134950.3282 c2s 65536
1783134950.3283 c2s 65536
1783134950.3284 c2s 65536
1783134950.3287 c2s 65536
1783134950.3288 c2s 65536
1783134950.3289 c2s 65536
1783134950.3290 c2s 65536
1783134950.3293 c2s 65536
1783134950.3293 c2s 65536
1783134950.3295 c2s 65536
1783134950.3296 c2s 65536
1783134950.3299 c2s 65536
1783134950.3300 c2s 65536
1783134950.3301 c2s 65536
1783134950.3302 c2s 65536
1783134950.3305 c2s 65536
1783134950.3306 c2s 65536
1783134950.3307 c2s 65536
1783134950.3308 c2s 65536
1783134950.3311 c2s 65536
1783134950.3312 c2s 65536
1783134950.3313 c2s 65536
1783134950.3314 c2s 65536
1783134950.3318 c2s 65536
1783134950.3319 c2s 65536
1783134950.3320 c2s 65536
1783134950.3321 c2s 65536
1783134950.3324 c2s 65536
1783134950.3325 c2s 65536
1783134950.3326 c2s 65536
1783134950.3327 c2s 65536
1783134950.3330 c2s 65536
1783134950.3331 c2s 65536
1783134950.3333 c2s 65536
1783134950.3333 c2s 65536
1783134950.3336 c2s 65536
1783134950.3337 c2s 65536
1783134950.3339 c2s 65536
1783134950.3340 c2s 65536
1783134950.3343 c2s 65536
1783134950.3344 c2s 65536
1783134950.3345 c2s 65536
1783134950.3346 c2s 65536
1783134950.3349 c2s 65536
1783134950.3350 c2s 65536
1783134950.3351 c2s 65536
1783134950.3352 c2s 65536
1783134950.3355 c2s 65536
1783134950.3356 c2s 65536
1783134950.3357 c2s 65536
1783134950.3358 c2s 65536
1783134950.3361 c2s 65536
1783134950.3362 c2s 65536
1783134950.3363 c2s 65536
1783134950.3364 c2s 65536
1783134950.3367 c2s 65536
1783134950.3368 c2s 65536
1783134950.3369 c2s 65536
1783134950.3370 c2s 65536
1783134950.3373 c2s 65536
1783134950.3374 c2s 65536
1783134950.3376 c2s 65536
1783134950.3377 c2s 65536
1783134950.3380 c2s 65536
1783134950.3381 c2s 65536
1783134950.3382 c2s 65536
1783134950.3383 c2s 65536
1783134950.3386 c2s 65536
1783134950.3387 c2s 65536
1783134950.3388 c2s 65536
1783134950.3389 c2s 65536
1783134950.3392 c2s 65536
1783134950.3393 c2s 65536
1783134950.3394 c2s 65536
1783134950.3395 c2s 65536
1783134950.3399 c2s 65536
1783134950.3400 c2s 65536
1783134950.3401 c2s 65536
1783134950.3402 c2s 65536
1783134950.3405 c2s 65536
1783134950.3406 c2s 65536
1783134950.3407 c2s 65536
1783134950.3408 c2s 65536
1783134950.3411 c2s 65536
1783134950.3412 c2s 65536
1783134950.3413 c2s 65536
1783134950.3414 c2s 65536
1783134950.3417 c2s 65536
1783134950.3418 c2s 65536
1783134950.3419 c2s 65536
1783134950.3420 c2s 65536
1783134950.3423 c2s 65536
1783134950.3424 c2s 65536
1783134950.3425 c2s 65536
1783134950.3426 c2s 65536
1783134950.3429 c2s 65536
1783134950.3430 c2s 65536
1783134950.3431 c2s 65536
1783134950.3432 c2s 65536
1783134950.3435 c2s 65536
1783134950.3436 c2s 65536
1783134950.3438 c2s 65536
1783134950.3438 c2s 65536
1783134950.3441 c2s 65536
1783134950.3442 c2s 65536
1783134950.3444 c2s 65536
1783134950.3445 c2s 65536
1783134950.3447 c2s 65536
1783134950.3448 c2s 65536
1783134950.3450 c2s 65536
1783134950.3450 c2s 65536
1783134950.3453 c2s 65536
1783134950.3454 c2s 65536
1783134950.3456 c2s 65536
1783134950.3456 c2s 65536
1783134950.3459 c2s 65536
1783134950.3460 c2s 65536
1783134950.3461 c2s 65536
1783134950.3462 c2s 65536
1783134950.3465 c2s 65536
1783134950.3466 c2s 65536
1783134950.3467 c2s 65536
1783134950.3468 c2s 65536
1783134950.3470 c2s 65536
1783134950.3471 c2s 65536
1783134950.3472 c2s 65536
1783134950.3473 c2s 65536
1783134950.3477 c2s 65536
1783134950.3478 c2s 65536
1783134950.3479 c2s 65536
1783134950.3480 c2s 65536
1783134950.3483 c2s 65536
1783134950.3484 c2s 65536
1783134950.3485 c2s 65536
1783134950.3486 c2s 65536
1783134950.3489 c2s 65536
1783134950.3490 c2s 65536
1783134950.3491 c2s 65536
1783134950.3492 c2s 65536
1783134950.3495 c2s 65536
1783134950.3496 c2s 65536
1783134950.3497 c2s 65536
1783134950.3498 c2s 65536
1783134950.3500 c2s 65536
1783134950.3501 c2s 65536
1783134950.3502 c2s 65536
1783134950.3503 c2s 65536
1783134950.3506 c2s 65536
1783134950.3507 c2s 65536
1783134950.3508 c2s 65536
1783134950.3509 c2s 65536
1783134950.3511 c2s 65536
1783134950.3512 c2s 65536
1783134950.3514 c2s 65536
1783134950.3515 c2s 65536
1783134950.3518 c2s 65536
1783134950.3519 c2s 65536
1783134950.3520 c2s 65536
1783134950.3521 c2s 65536
1783134950.3523 c2s 65536
1783134950.3524 c2s 65536
1783134950.3526 c2s 65536
1783134950.3526 c2s 65536
1783134950.3529 c2s 65536
1783134950.3530 c2s 65536
1783134950.3531 c2s 65536
1783134950.3532 c2s 65536
1783134950.3535 c2s 65536
1783134950.3536 c2s 65536
1783134950.3537 c2s 65536
1783134950.3538 c2s 65536
1783134950.3540 c2s 65536
1783134950.3541 c2s 65536
1783134950.3543 c2s 65536
1783134950.3543 c2s 65536
1783134950.3546 c2s 65536
1783134950.3547 c2s 65536
1783134950.3548 c2s 65536
1783134950.3549 c2s 65536
1783134950.3551 c2s 65536
1783134950.3555 c2s 65536
1783134950.3557 c2s 65536
1783134950.3558 c2s 65536
1783134950.3560 c2s 65536
1783134950.3561 c2s 65536
1783134950.3563 c2s 65536
1783134950.3564 c2s 65536
1783134950.3567 c2s 65536
1783134950.3568 c2s 65536
1783134950.3569 c2s 65536
1783134950.3570 c2s 65536
1783134950.3573 c2s 65536
1783134950.3574 c2s 65536
1783134950.3575 c2s 65536
1783134950.3576 c2s 65536
1783134950.3578 c2s 65536
1783134950.3579 c2s 65536
1783134950.3580 c2s 49456
1783134950.4637 c2s 321
1783134950.4646 s2c 9
1783134950.4819 c2s 65492
1783134950.4823 c2s 65536
1783134950.4824 c2s 65536
1783134950.4826 c2s 65536
1783134950.4828 c2s 65536
1783134950.4831 c2s 65536
1783134950.4832 c2s 65536
1783134950.4834 c2s 65536
1783134950.4836 c2s 65536
1783134950.4839 c2s 65536
1783134950.4840 c2s 65536
1783134950.4842 c2s 65536
1783134950.4843 c2s 65536
1783134950.4846 c2s 65536
1783134950.4848 c2s 65536
1783134950.4849 c2s 65536
1783134950.4850 c2s 65536
1783134950.4853 c2s 65536
1783134950.4855 c2s 65536
1783134950.4856 c2s 65536
1783134950.4857 c2s 65536
1783134950.4860 c2s 65536
1783134950.4862 c2s 65536
1783134950.4863 c2s 65536
1783134950.4864 c2s 65536
1783134950.4867 c2s 65536
1783134950.4869 c2s 65536
1783134950.4870 c2s 65536
1783134950.4871 c2s 65536
1783134950.4875 c2s 65536
1783134950.4877 c2s 65536
1783134950.4878 c2s 65536
1783134950.4879 c2s 65536
1783134950.4882 c2s 65536
1783134950.4883 c2s 65536
1783134950.4885 c2s 65536
1783134950.4885 c2s 65536
1783134950.4889 c2s 65536
1783134950.4890 c2s 65536
1783134950.4891 c2s 65536
1783134950.4892 c2s 65536
1783134950.4895 c2s 65536
1783134950.4896 c2s 65536
1783134950.4897 c2s 65536
1783134950.4898 c2s 65536
1783134950.4902 c2s 65536
1783134950.4902 c2s 65536
1783134950.4904 c2s 65536
1783134950.4904 c2s 65536
1783134950.4907 c2s 65536
1783134950.4908 c2s 65536
1783134950.4909 c2s 65536
1783134950.4910 c2s 65536
1783134950.4913 c2s 65536
1783134950.4914 c2s 65536
1783134950.4916 c2s 65536
1783134950.4917 c2s 65536
1783134950.4920 c2s 65536
1783134950.4921 c2s 65536
1783134950.4922 c2s 65536
1783134950.4923 c2s 65536
1783134950.4926 c2s 65536
1783134950.4928 c2s 65536
1783134950.4930 c2s 65536
1783134950.4931 c2s 65536
1783134950.4934 c2s 65536
1783134950.4935 c2s 65536
1783134950.4937 c2s 65536
1783134950.4938 c2s 65536
1783134950.4941 c2s 65536
1783134950.4942 c2s 65536
1783134950.4944 c2s 65536
1783134950.4945 c2s 65536
1783134950.4948 c2s 65536
1783134950.4949 c2s 65536
1783134950.4951 c2s 65536
1783134950.4952 c2s 65536
1783134950.4956 c2s 65536
1783134950.4957 c2s 65536
1783134950.4958 c2s 65536
1783134950.4959 c2s 65536
1783134950.4963 c2s 65536
1783134950.4964 c2s 65536
1783134950.4966 c2s 65536
1783134950.4967 c2s 65536
1783134950.4970 c2s 65536
1783134950.4971 c2s 65536
1783134950.4973 c2s 65536
1783134950.4974 c2s 65536
1783134950.4978 c2s 65536
1783134950.4979 c2s 65536
1783134950.4980 c2s 65536
1783134950.4981 c2s 65536
1783134950.4985 c2s 65536
1783134950.4986 c2s 65536
1783134950.4988 c2s 65536
1783134950.4989 c2s 65536
1783134950.4992 c2s 65536
1783134950.4993 c2s 65536
1783134950.4995 c2s 65536
1783134950.4996 c2s 65536
1783134950.4999 c2s 65536
1783134950.5000 c2s 65536
1783134950.5001 c2s 65536
1783134950.5002 c2s 65536
1783134950.5005 c2s 65536
1783134950.5005 c2s 65536
1783134950.5007 c2s 65536
1783134950.5008 c2s 65536
1783134950.5011 c2s 65536
1783134950.5011 c2s 65536
1783134950.5013 c2s 65536
1783134950.5013 c2s 65536
1783134950.5017 c2s 65536
1783134950.5018 c2s 65536
1783134950.5019 c2s 65536
1783134950.5020 c2s 65536
1783134950.5023 c2s 65536
1783134950.5024 c2s 65536
1783134950.5025 c2s 65536
1783134950.5026 c2s 65536
1783134950.5029 c2s 65536
1783134950.5030 c2s 65536
1783134950.5031 c2s 65536
1783134950.5032 c2s 65536
1783134950.5035 c2s 65536
1783134950.5037 c2s 65536
1783134950.5038 c2s 65536
1783134950.5039 c2s 65536
1783134950.5043 c2s 65536
1783134950.5044 c2s 65536
1783134950.5045 c2s 65536
1783134950.5046 c2s 65536
1783134950.5050 c2s 65536
1783134950.5051 c2s 65536
1783134950.5053 c2s 65536
1783134950.5054 c2s 65536
1783134950.5057 c2s 65536
1783134950.5059 c2s 65536
1783134950.5060 c2s 65536
1783134950.5061 c2s 65536
1783134950.5065 c2s 65536
1783134950.5066 c2s 65536
1783134950.5068 c2s 65536
1783134950.5069 c2s 65536
1783134950.5072 c2s 65536
1783134950.5073 c2s 65536
1783134950.5075 c2s 65536
1783134950.5076 c2s 65536
1783134950.5080 c2s 65536
1783134950.5081 c2s 65536
1783134950.5083 c2s 65536
1783134950.5084 c2s 65536
1783134950.5087 c2s 65536
1783134950.5088 c2s 65536
1783134950.5090 c2s 65536
1783134950.5091 c2s 65536
1783134950.5095 c2s 65536
1783134950.5096 c2s 65536
1783134950.5098 c2s 65536
1783134950.5099 c2s 65536
1783134950.5102 c2s 65536
1783134950.5103 c2s 65536
1783134950.5105 c2s 65536
1783134950.5106 c2s 65536
1783134950.5110 c2s 65536
1783134950.5111 c2s 65536
1783134950.5113 c2s 65536
1783134950.5114 c2s 65536
1783134950.5118 c2s 65536
1783134950.5119 c2s 65536
1783134950.5121 c2s 65536
1783134950.5122 c2s 65536
1783134950.5125 c2s 65536
1783134950.5126 c2s 65536
1783134950.5128 c2s 65536
1783134950.5129 c2s 65536
1783134950.5132 c2s 65536
1783134950.5133 c2s 65536
1783134950.5135 c2s 65536
1783134950.5136 c2s 65536
1783134950.5139 c2s 65536
1783134950.5140 c2s 65536
1783134950.5142 c2s 65536
1783134950.5143 c2s 65536
1783134950.5146 c2s 65536
1783134950.5147 c2s 65536
1783134950.5148 c2s 65536
1783134950.5149 c2s 65536
1783134950.5153 c2s 65536
1783134950.5155 c2s 65536
1783134950.5156 c2s 65536
1783134950.5157 c2s 65536
1783134950.5161 c2s 65536
1783134950.5162 c2s 65536
1783134950.5164 c2s 65536
1783134950.5165 c2s 65536
1783134950.5169 c2s 65536
1783134950.5170 c2s 65536
1783134950.5171 c2s 65536
1783134950.5173 c2s 65536
1783134950.5176 c2s 65536
1783134950.5178 c2s 65536
1783134950.5179 c2s 65536
1783134950.5180 c2s 65536
1783134950.5184 c2s 65536
1783134950.5185 c2s 65536
1783134950.5186 c2s 65536
1783134950.5188 c2s 65536
1783134950.5191 c2s 65536
1783134950.5192 c2s 65536
1783134950.5194 c2s 65536
1783134950.5195 c2s 65536
1783134950.5199 c2s 65536
1783134950.5200 c2s 65536
1783134950.5202 c2s 65536
1783134950.5203 c2s 65536
1783134950.5207 c2s 65536
1783134950.5208 c2s 65536
1783134950.5210 c2s 65536
1783134950.5211 c2s 65536
1783134950.5214 c2s 65536
1783134950.5215 c2s 65536
1783134950.5217 c2s 65536
1783134950.5218 c2s 65536
1783134950.5221 c2s 65536
1783134950.5222 c2s 65536
1783134950.5224 c2s 65536
1783134950.5225 c2s 65536
1783134950.5228 c2s 65536
1783134950.5229 c2s 65536
1783134950.5231 c2s 65536
1783134950.5231 c2s 65536
1783134950.5234 c2s 65536
1783134950.5235 c2s 65536
1783134950.5237 c2s 65536
1783134950.5238 c2s 65536
1783134950.5241 c2s 65536
1783134950.5242 c2s 65536
1783134950.5243 c2s 65536
1783134950.5244 c2s 65536
1783134950.5247 c2s 65536
1783134950.5248 c2s 65536
1783134950.5249 c2s 65536
1783134950.5250 c2s 65536
1783134950.5254 c2s 65536
1783134950.5255 c2s 65536
1783134950.5256 c2s 65536
1783134950.5257 c2s 65536
1783134950.5260 c2s 65536
1783134950.5261 c2s 65536
1783134950.5262 c2s 65536
1783134950.5263 c2s 65536
1783134950.5266 c2s 65536
1783134950.5267 c2s 65536
1783134950.5268 c2s 65536
1783134950.5269 c2s 65536
1783134950.5272 c2s 65536
1783134950.5273 c2s 65536
1783134950.5274 c2s 65536
1783134950.5275 c2s 65536
1783134950.5279 c2s 65536
1783134950.5281 c2s 65536
1783134950.5282 c2s 65536
1783134950.5283 c2s 65536
1783134950.5287 c2s 65536
1783134950.5288 c2s 65536
1783134950.5290 c2s 65536
1783134950.5291 c2s 65536
1783134950.5294 c2s 65536
1783134950.5296 c2s 65536
1783134950.5297 c2s 65536
1783134950.5298 c2s 65536
1783134950.5302 c2s 65536
1783134950.5303 c2s 65536
1783134950.5305 c2s 65536
1783134950.5306 c2s 65536
1783134950.5310 c2s 65536
1783134950.5311 c2s 65536
1783134950.5312 c2s 65536
1783134950.5313 c2s 65536
1783134950.5318 c2s 65536
1783134950.5319 c2s 65536
1783134950.5321 c2s 65536
1783134950.5322 c2s 65536
1783134950.5325 c2s 65536
1783134950.5326 c2s 65536
1783134950.5328 c2s 65536
1783134950.5329 c2s 65536
1783134950.5333 c2s 65536
1783134950.5334 c2s 65536
1783134950.5335 c2s 65536
1783134950.5336 c2s 65536
1783134950.5339 c2s 65536
1783134950.5341 c2s 65536
1783134950.5342 c2s 65536
1783134950.5343 c2s 65536
1783134950.5347 c2s 65536
1783134950.5348 c2s 65536
1783134950.5349 c2s 65536
1783134950.5350 c2s 65536
1783134950.5354 c2s 65536
1783134950.5355 c2s 65536
1783134950.5357 c2s 65536
1783134950.5358 c2s 65536
1783134950.5361 c2s 65536
1783134950.5362 c2s 65536
1783134950.5364 c2s 65536
1783134950.5365 c2s 65536
1783134950.5368 c2s 65536
1783134950.5369 c2s 65536
1783134950.5371 c2s 65536
1783134950.5372 c2s 65536
1783134950.5375 c2s 65536
1783134950.5376 c2s 65536
1783134950.5378 c2s 65536
1783134950.5379 c2s 65536
1783134950.5382 c2s 65536
1783134950.5383 c2s 65536
1783134950.5384 c2s 65536
1783134950.5385 c2s 65536
1783134950.5388 c2s 65536
1783134950.5389 c2s 65536
1783134950.5391 c2s 65536
1783134950.5392 c2s 65536
1783134950.5395 c2s 65536
1783134950.5397 c2s 65536
1783134950.5398 c2s 65536
1783134950.5399 c2s 65536
1783134950.5402 c2s 65536
1783134950.5403 c2s 65536
1783134950.5404 c2s 65536
1783134950.5405 c2s 65536
1783134950.5409 c2s 65536
1783134950.5410 c2s 65536
1783134950.5411 c2s 65536
1783134950.5412 c2s 65536
1783134950.5415 c2s 65536
1783134950.5416 c2s 65536
1783134950.5417 c2s 65536
1783134950.5418 c2s 65536
1783134950.5422 c2s 65536
1783134950.5423 c2s 65536
1783134950.5424 c2s 65536
1783134950.5425 c2s 65536
1783134950.5428 c2s 65536
1783134950.5429 c2s 65536
1783134950.5430 c2s 65536
1783134950.5431 c2s 65536
1783134950.5435 c2s 65536
1783134950.5436 c2s 65536
1783134950.5437 c2s 65536
1783134950.5438 c2s 65536
1783134950.5441 c2s 65536
1783134950.5442 c2s 65536
1783134950.5444 c2s 65536
1783134950.5445 c2s 65536
1783134950.5449 c2s 65536
1783134950.5450 c2s 65536
1783134950.5451 c2s 65536
1783134950.5452 c2s 65536
1783134950.5455 c2s 65536
1783134950.5456 c2s 65536
1783134950.5457 c2s 65536
1783134950.5458 c2s 65536
1783134950.5461 c2s 65536
1783134950.5462 c2s 65536
1783134950.5463 c2s 65536
1783134950.5464 c2s 65536
1783134950.5467 c2s 65536
1783134950.5468 c2s 65536
1783134950.5469 c2s 65536
1783134950.5470 c2s 65536
1783134950.5473 c2s 65536
1783134950.5474 c2s 65536
1783134950.5475 c2s 65536
1783134950.5476 c2s 65536
1783134950.5480 c2s 65536
1783134950.5481 c2s 65536
1783134950.5482 c2s 65536
1783134950.5483 c2s 65536
1783134950.5486 c2s 65536
1783134950.5487 c2s 65536
1783134950.5488 c2s 65536
1783134950.5489 c2s 65536
1783134950.5492 c2s 65536
1783134950.5493 c2s 65536
1783134950.5494 c2s 65536
1783134950.5495 c2s 65536
1783134950.5498 c2s 65536
1783134950.5499 c2s 65536
1783134950.5500 c2s 65536
1783134950.5501 c2s 65536
1783134950.5504 c2s 65536
1783134950.5505 c2s 65536
1783134950.5506 c2s 65536
1783134950.5507 c2s 65536
1783134950.5510 c2s 65536
1783134950.5511 c2s 65536
1783134950.5513 c2s 65536
1783134950.5513 c2s 65536
1783134950.5517 c2s 65536
1783134950.5518 c2s 65536
1783134950.5520 c2s 65536
1783134950.5521 c2s 65536
1783134950.5524 c2s 65536
1783134950.5525 c2s 65536
1783134950.5526 c2s 65536
1783134950.5527 c2s 65536
1783134950.5530 c2s 65536
1783134950.5531 c2s 65536
1783134950.5532 c2s 65536
1783134950.5533 c2s 65536
1783134950.5536 c2s 65536
1783134950.5537 c2s 65536
1783134950.5538 c2s 65536
1783134950.5539 c2s 65536
1783134950.5542 c2s 65536
1783134950.5543 c2s 65536
1783134950.5544 c2s 65536
1783134950.5545 c2s 65536
1783134950.5548 c2s 65536
1783134950.5549 c2s 65536
1783134950.5550 c2s 65536
1783134950.5551 c2s 65536
1783134950.5554 c2s 65536
1783134950.5556 c2s 65536
1783134950.5557 c2s 65536
1783134950.5558 c2s 65536
1783134950.5561 c2s 65536
1783134950.5562 c2s 65536
1783134950.5563 c2s 65536
1783134950.5564 c2s 65536
1783134950.5567 c2s 65536
1783134950.5568 c2s 65536
1783134950.5569 c2s 65536
1783134950.5570 c2s 65536
1783134950.5573 c2s 65536
1783134950.5574 c2s 65536
1783134950.5575 c2s 65536
1783134950.5576 c2s 65536
1783134950.5579 c2s 65536
1783134950.5580 c2s 65536
1783134950.5581 c2s 65536
1783134950.5582 c2s 65536
1783134950.5585 c2s 65536
1783134950.5586 c2s 65536
1783134950.5587 c2s 65536
1783134950.5588 c2s 65536
1783134950.5591 c2s 65536
1783134950.5592 c2s 65536
1783134950.5593 c2s 65536
1783134950.5594 c2s 65536
1783134950.5598 c2s 65536
1783134950.5599 c2s 65536
1783134950.5600 c2s 65536
1783134950.5601 c2s 65536
1783134950.5604 c2s 65536
1783134950.5605 c2s 65536
1783134950.5606 c2s 65536
1783134950.5607 c2s 65536
1783134950.5610 c2s 65536
1783134950.5611 c2s 65536
1783134950.5612 c2s 65536
1783134950.5613 c2s 65536
1783134950.5616 c2s 65536
1783134950.5617 c2s 65536
1783134950.5618 c2s 65536
1783134950.5619 c2s 65536
1783134950.5622 c2s 65536
1783134950.5623 c2s 65536
1783134950.5624 c2s 65536
1783134950.5625 c2s 65536
1783134950.5628 c2s 65536
1783134950.5629 c2s 65536
1783134950.5630 c2s 65536
1783134950.5631 c2s 65536
1783134950.5634 c2s 65536
1783134950.5635 c2s 65536
1783134950.5636 c2s 65536
1783134950.5637 c2s 65536
1783134950.5640 c2s 65536
1783134950.5644 c2s 65536
1783134950.5645 c2s 65536
1783134950.5646 c2s 65536
1783134950.5650 c2s 65536
1783134950.5651 c2s 65536
1783134950.5652 c2s 65536
1783134950.5653 c2s 65536
1783134950.5656 c2s 65536
1783134950.5657 c2s 65536
1783134950.5658 c2s 65536
1783134950.5659 c2s 65536
1783134950.5662 c2s 65536
1783134950.5663 c2s 65536
1783134950.5664 c2s 65536
1783134950.5665 c2s 65536
1783134950.5668 c2s 65536
1783134950.5669 c2s 65536
1783134950.5670 c2s 65536
1783134950.5671 c2s 65536
1783134950.5674 c2s 65536
1783134950.5675 c2s 65536
1783134950.5677 c2s 65536
1783134950.5678 c2s 65536
1783134950.5681 c2s 65536
1783134950.5682 c2s 65536
1783134950.5683 c2s 65536
1783134950.5684 c2s 65536
1783134950.5687 c2s 65536
1783134950.5688 c2s 65536
1783134950.5689 c2s 65536
1783134950.5690 c2s 65536
1783134950.5693 c2s 65536
1783134950.5694 c2s 65536
1783134950.5695 c2s 65536
1783134950.5696 c2s 65536
1783134950.5699 c2s 65536
1783134950.5700 c2s 65536
1783134950.5701 c2s 65536
1783134950.5702 c2s 65536
1783134950.5705 c2s 65536
1783134950.5706 c2s 65536
1783134950.5707 c2s 65536
1783134950.5708 c2s 65536
1783134950.5711 c2s 65536
1783134950.5712 c2s 65536
1783134950.5713 c2s 65536
1783134950.5714 c2s 65536
1783134950.5718 c2s 65536
1783134950.5719 c2s 65536
1783134950.5720 c2s 65536
1783134950.5721 c2s 65536
1783134950.5724 c2s 65536
1783134950.5725 c2s 65536
1783134950.5726 c2s 65536
1783134950.5727 c2s 65536
1783134950.5730 c2s 65536
1783134950.5731 c2s 65536
1783134950.5732 c2s 65536
1783134950.5733 c2s 65536
1783134950.5736 c2s 65536
1783134950.5737 c2s 65536
1783134950.5738 c2s 65536
1783134950.5739 c2s 65536
1783134950.5742 c2s 65536
1783134950.5743 c2s 65536
1783134950.5744 c2s 65536
1783134950.5745 c2s 65536
1783134950.5748 c2s 65536
1783134950.5749 c2s 65536
1783134950.5750 c2s 65536
1783134950.5751 c2s 65536
1783134950.5754 c2s 65536
1783134950.5756 c2s 65536
1783134950.5757 c2s 65536
1783134950.5758 c2s 65536
1783134950.5761 c2s 65536
1783134950.5762 c2s 65536
1783134950.5763 c2s 65536
1783134950.5764 c2s 65536
1783134950.5767 c2s 65536
1783134950.5768 c2s 65536
1783134950.5770 c2s 65536
1783134950.5770 c2s 65536
1783134950.5774 c2s 65536
1783134950.5775 c2s 65536
1783134950.5776 c2s 65536
1783134950.5777 c2s 65536
1783134950.5780 c2s 65536
1783134950.5781 c2s 65536
1783134950.5782 c2s 65536
1783134950.5783 c2s 65536
1783134950.5786 c2s 65536
1783134950.5787 c2s 65536
1783134950.5788 c2s 65536
1783134950.5789 c2s 65536
1783134950.5792 c2s 65536
1783134950.5793 c2s 65536
1783134950.5794 c2s 65536
1783134950.5795 c2s 65536
1783134950.5798 c2s 65536
1783134950.5799 c2s 65536
1783134950.5800 c2s 65536
1783134950.5801 c2s 65536
1783134950.5804 c2s 65536
1783134950.5805 c2s 65536
1783134950.5806 c2s 65536
1783134950.5807 c2s 65536
1783134950.5810 c2s 65536
1783134950.5811 c2s 65536
1783134950.5812 c2s 65536
1783134950.5813 c2s 65536
1783134950.5816 c2s 65536
1783134950.5818 c2s 65536
1783134950.5819 c2s 65536
1783134950.5820 c2s 65536
1783134950.5822 c2s 65536
1783134950.5823 c2s 65536
1783134950.5825 c2s 65536
1783134950.5826 c2s 65536
1783134950.5829 c2s 65536
1783134950.5830 c2s 65536
1783134950.5831 c2s 65536
1783134950.5832 c2s 65536
1783134950.5835 c2s 65536
1783134950.5836 c2s 65536
1783134950.5837 c2s 65536
1783134950.5838 c2s 65536
1783134950.5841 c2s 65536
1783134950.5842 c2s 65536
1783134950.5843 c2s 65536
1783134950.5844 c2s 65536
1783134950.5847 c2s 65536
1783134950.5848 c2s 65536
1783134950.5849 c2s 65536
1783134950.5850 c2s 65536
1783134950.5853 c2s 65536
1783134950.5854 c2s 65536
1783134950.5856 c2s 65536
1783134950.5856 c2s 65536
1783134950.5859 c2s 65536
1783134950.5860 c2s 65536
1783134950.5861 c2s 65536
1783134950.5862 c2s 65536
1783134950.5865 c2s 65536
1783134950.5867 c2s 65536
1783134950.5868 c2s 65536
1783134950.5869 c2s 65536
1783134950.5872 c2s 65536
1783134950.5873 c2s 65536
1783134950.5874 c2s 65536
1783134950.5875 c2s 65536
1783134950.5878 c2s 65536
1783134950.5879 c2s 65536
1783134950.5881 c2s 65536
1783134950.5882 c2s 65536
1783134950.5885 c2s 65536
1783134950.5886 c2s 65536
1783134950.5887 c2s 65536
1783134950.5888 c2s 65536
1783134950.5890 c2s 65536
1783134950.5891 c2s 65536
1783134950.5893 c2s 65536
1783134950.5894 c2s 65536
1783134950.5897 c2s 65536
1783134950.5898 c2s 65536
1783134950.5899 c2s 65536
1783134950.5900 c2s 65536
1783134950.5903 c2s 65536
1783134950.5904 c2s 65536
1783134950.5905 c2s 65536
1783134950.5906 c2s 65536
1783134950.5909 c2s 65536
1783134950.5910 c2s 65536
1783134950.5911 c2s 65536
1783134950.5912 c2s 65536
1783134950.5915 c2s 65536
1783134950.5916 c2s 65536
1783134950.5917 c2s 65536
1783134950.5918 c2s 65536
1783134950.5922 c2s 65536
1783134950.5922 c2s 65536
1783134950.5924 c2s 65536
1783134950.5925 c2s 65536
1783134950.5928 c2s 65536
1783134950.5929 c2s 65536
1783134950.5930 c2s 65536
1783134950.5931 c2s 65536
1783134950.5934 c2s 65536
1783134950.5935 c2s 65536
1783134950.5936 c2s 65536
1783134950.5937 c2s 65536
1783134950.5940 c2s 65536
1783134950.5941 c2s 65536
1783134950.5942 c2s 65536
1783134950.5943 c2s 65536
1783134950.5946 c2s 65536
1783134950.5947 c2s 65536
1783134950.5948 c2s 65536
1783134950.5949 c2s 65536
1783134950.5952 c2s 65536
1783134950.5953 c2s 65536
1783134950.5954 c2s 65536
1783134950.5956 c2s 65536
1783134950.5958 c2s 65536
1783134950.5959 c2s 65536
1783134950.5961 c2s 65536
1783134950.5961 c2s 65536
1783134950.5965 c2s 65536
1783134950.5966 c2s 65536
1783134950.5967 c2s 65536
1783134950.5968 c2s 65536
1783134950.5970 c2s 65536
1783134950.5971 c2s 65536
1783134950.5973 c2s 65536
1783134950.5974 c2s 65536
1783134950.5977 c2s 65536
1783134950.5978 c2s 65536
1783134950.5979 c2s 65536
1783134950.5980 c2s 65536
1783134950.5983 c2s 65536
1783134950.5984 c2s 65536
1783134950.5985 c2s 65536
1783134950.5986 c2s 65536
1783134950.5989 c2s 65536
1783134950.5990 c2s 65536
1783134950.5991 c2s 65536
1783134950.5992 c2s 65536
1783134950.5995 c2s 65536
1783134950.5996 c2s 65536
1783134950.5997 c2s 65536
1783134950.5998 c2s 65536
1783134950.6001 c2s 65536
1783134950.6002 c2s 65536
1783134950.6003 c2s 65536
1783134950.6004 c2s 65536
1783134950.6007 c2s 65536
1783134950.6009 c2s 65536
1783134950.6010 c2s 65536
1783134950.6011 c2s 65536
1783134950.6014 c2s 65536
1783134950.6015 c2s 65536
1783134950.6016 c2s 65536
1783134950.6017 c2s 65536
1783134950.6020 c2s 65536
1783134950.6021 c2s 65536
1783134950.6022 c2s 65536
1783134950.6023 c2s 65536
1783134950.6026 c2s 65536
1783134950.6027 c2s 65536
1783134950.6029 c2s 65536
1783134950.6029 c2s 65536
1783134950.6033 c2s 65536
1783134950.6034 c2s 65536
1783134950.6035 c2s 65536
1783134950.6036 c2s 65536
1783134950.6039 c2s 65536
1783134950.6040 c2s 65536
1783134950.6041 c2s 65536
1783134950.6042 c2s 65536
1783134950.6045 c2s 65536
1783134950.6046 c2s 65536
1783134950.6047 c2s 65536
1783134950.6048 c2s 65536
1783134950.6051 c2s 65536
1783134950.6052 c2s 65536
1783134950.6053 c2s 65536
1783134950.6054 c2s 65536
1783134950.6057 c2s 65536
1783134950.6058 c2s 65536
1783134950.6059 c2s 65536
1783134950.6060 c2s 65536
1783134950.6063 c2s 65536
1783134950.6064 c2s 65536
1783134950.6065 c2s 65536
1783134950.6066 c2s 65536
1783134950.6069 c2s 65536
1783134950.6070 c2s 65536
1783134950.6071 c2s 65536
1783134950.6072 c2s 65536
1783134950.6076 c2s 65536
1783134950.6077 c2s 65536
1783134950.6079 c2s 65536
1783134950.6080 c2s 65536
1783134950.6082 c2s 65536
1783134950.6083 c2s 65536
1783134950.6084 c2s 65536
1783134950.6085 c2s 65536
1783134950.6088 c2s 65536
1783134950.6089 c2s 65536
1783134950.6090 c2s 65536
1783134950.6091 c2s 65536
1783134950.6094 c2s 65536
1783134950.6095 c2s 65536
1783134950.6096 c2s 65536
1783134950.6097 c2s 65536
1783134950.6100 c2s 65536
1783134950.6101 c2s 65536
1783134950.6102 c2s 65536
1783134950.6103 c2s 65536
1783134950.6105 c2s 65536
1783134950.6106 c2s 65536
1783134950.6107 c2s 65536
1783134950.6108 c2s 65536
1783134950.6111 c2s 65536
1783134950.6112 c2s 65536
1783134950.6113 c2s 65536
1783134950.6114 c2s 65536
1783134950.6117 c2s 65536
1783134950.6118 c2s 65536
1783134950.6119 c2s 65536
1783134950.6120 c2s 65536
1783134950.6123 c2s 65536
1783134950.6124 c2s 65536
1783134950.6125 c2s 65536
1783134950.6126 c2s 65536
1783134950.6129 c2s 65536
1783134950.6129 c2s 65536
1783134950.6131 c2s 65536
1783134950.6132 c2s 65536
1783134950.6134 c2s 65536
1783134950.6135 c2s 65536
1783134950.6137 c2s 65536
1783134950.6138 c2s 65536
1783134950.6140 c2s 65536
1783134950.6141 c2s 65536
1783134950.6142 c2s 65536
1783134950.6143 c2s 65536
1783134950.6146 c2s 65536
1783134950.6147 c2s 65536
1783134950.6148 c2s 65536
1783134950.6149 c2s 65536
1783134950.6151 c2s 65536
1783134950.6152 c2s 65536
1783134950.6153 c2s 65536
1783134950.6154 c2s 65536
1783134950.6157 c2s 65536
1783134950.6158 c2s 65536
1783134950.6159 c2s 65536
1783134950.6160 c2s 65536
1783134950.6163 c2s 65536
1783134950.6164 c2s 65536
1783134950.6165 c2s 65536
1783134950.6166 c2s 65536
1783134950.6168 c2s 65536
1783134950.6169 c2s 65536
1783134950.6171 c2s 65536
1783134950.6171 c2s 65536
1783134950.6174 c2s 65536
1783134950.6175 c2s 65536
1783134950.6176 c2s 65536
1783134950.6177 c2s 65536
1783134950.6180 c2s 65536
1783134950.6181 c2s 65536
1783134950.6182 c2s 65536
1783134950.6183 c2s 65536
1783134950.6185 c2s 65536
1783134950.6186 c2s 65536
1783134950.6187 c2s 65536
1783134950.6188 c2s 65536
1783134950.6191 c2s 65536
1783134950.6192 c2s 65536
1783134950.6193 c2s 65536
1783134950.6194 c2s 65536
1783134950.6197 c2s 65536
1783134950.6198 c2s 65536
1783134950.6199 c2s 65536
1783134950.6200 c2s 65536
1783134950.6202 c2s 55653
1783134950.7105 c2s 321
1783134950.7111 s2c 9
1783134950.7230 c2s 65492
1783134950.7234 c2s 65536
1783134950.7236 c2s 65536
1783134950.7238 c2s 65536
1783134950.7239 c2s 65536
1783134950.7242 c2s 65536
1783134950.7243 c2s 65536
1783134950.7245 c2s 65536
1783134950.7246 c2s 65536
1783134950.7249 c2s 65536
1783134950.7250 c2s 65536
1783134950.7251 c2s 65536
1783134950.7252 c2s 65536
1783134950.7255 c2s 65536
1783134950.7257 c2s 65536
1783134950.7258 c2s 65536
1783134950.7259 c2s 65536
1783134950.7262 c2s 65536
1783134950.7263 c2s 65536
1783134950.7264 c2s 65536
1783134950.7265 c2s 65536
1783134950.7268 c2s 65536
1783134950.7269 c2s 65536
1783134950.7271 c2s 65536
1783134950.7272 c2s 65536
1783134950.7276 c2s 65536
1783134950.7277 c2s 65536
1783134950.7278 c2s 65536
1783134950.7279 c2s 65536
1783134950.7283 c2s 65536
1783134950.7284 c2s 65536
1783134950.7285 c2s 65536
1783134950.7286 c2s 65536
1783134950.7289 c2s 65536
1783134950.7290 c2s 65536
1783134950.7291 c2s 65536
1783134950.7292 c2s 65536
1783134950.7295 c2s 65536
1783134950.7296 c2s 65536
1783134950.7297 c2s 65536
1783134950.7297 c2s 65536
1783134950.7301 c2s 65536
1783134950.7301 c2s 65536
1783134950.7302 c2s 65536
1783134950.7303 c2s 65536
1783134950.7306 c2s 65536
1783134950.7308 c2s 65536
1783134950.7309 c2s 65536
1783134950.7310 c2s 65536
1783134950.7314 c2s 65536
1783134950.7315 c2s 65536
1783134950.7317 c2s 65536
1783134950.7317 c2s 65536
1783134950.7321 c2s 65536
1783134950.7321 c2s 65536
1783134950.7323 c2s 65536
1783134950.7324 c2s 65536
1783134950.7326 c2s 65536
1783134950.7327 c2s 65536
1783134950.7329 c2s 65536
1783134950.7329 c2s 65536
1783134950.7332 c2s 65536
1783134950.7333 c2s 65536
1783134950.7334 c2s 65536
1783134950.7335 c2s 65536
1783134950.7338 c2s 65536
1783134950.7339 c2s 65536
1783134950.7341 c2s 65536
1783134950.7341 c2s 65536
1783134950.7344 c2s 65536
1783134950.7345 c2s 65536
1783134950.7347 c2s 65536
1783134950.7348 c2s 65536
1783134950.7351 c2s 65536
1783134950.7352 c2s 65536
1783134950.7353 c2s 65536
1783134950.7354 c2s 65536
1783134950.7357 c2s 65536
1783134950.7359 c2s 65536
1783134950.7360 c2s 65536
1783134950.7361 c2s 65536
1783134950.7364 c2s 65536
1783134950.7365 c2s 65536
1783134950.7367 c2s 65536
1783134950.7368 c2s 65536
1783134950.7371 c2s 65536
1783134950.7372 c2s 65536
1783134950.7374 c2s 65536
1783134950.7375 c2s 65536
1783134950.7378 c2s 65536
1783134950.7379 c2s 65536
1783134950.7380 c2s 65536
1783134950.7381 c2s 65536
1783134950.7385 c2s 65536
1783134950.7386 c2s 65536
1783134950.7387 c2s 65536
1783134950.7388 c2s 65536
1783134950.7391 c2s 65536
1783134950.7392 c2s 65536
1783134950.7394 c2s 65536
1783134950.7395 c2s 65536
1783134950.7398 c2s 65536
1783134950.7399 c2s 65536
1783134950.7401 c2s 65536
1783134950.7402 c2s 65536
1783134950.7404 c2s 65536
1783134950.7405 c2s 65536
1783134950.7407 c2s 65536
1783134950.7408 c2s 65536
1783134950.7411 c2s 65536
1783134950.7412 c2s 65536
1783134950.7413 c2s 65536
1783134950.7414 c2s 65536
1783134950.7418 c2s 65536
1783134950.7419 c2s 65536
1783134950.7420 c2s 65536
1783134950.7421 c2s 65536
1783134950.7425 c2s 65536
1783134950.7426 c2s 65536
1783134950.7427 c2s 65536
1783134950.7428 c2s 65536
1783134950.7431 c2s 65536
1783134950.7432 c2s 65536
1783134950.7434 c2s 65536
1783134950.7436 c2s 65536
1783134950.7439 c2s 65536
1783134950.7440 c2s 65536
1783134950.7442 c2s 65536
1783134950.7443 c2s 65536
1783134950.7446 c2s 65536
1783134950.7447 c2s 65536
1783134950.7448 c2s 65536
1783134950.7449 c2s 65536
1783134950.7453 c2s 65536
1783134950.7454 c2s 65536
1783134950.7455 c2s 65536
1783134950.7456 c2s 65536
1783134950.7459 c2s 65536
1783134950.7460 c2s 65536
1783134950.7462 c2s 65536
1783134950.7463 c2s 65536
1783134950.7466 c2s 65536
1783134950.7467 c2s 65536
1783134950.7469 c2s 65536
1783134950.7470 c2s 65536
1783134950.7473 c2s 65536
1783134950.7474 c2s 65536
1783134950.7476 c2s 65536
1783134950.7477 c2s 65536
1783134950.7480 c2s 65536
1783134950.7482 c2s 65536
1783134950.7483 c2s 65536
1783134950.7484 c2s 65536
1783134950.7487 c2s 65536
1783134950.7488 c2s 65536
1783134950.7490 c2s 65536
1783134950.7491 c2s 65536
1783134950.7494 c2s 65536
1783134950.7495 c2s 65536
1783134950.7497 c2s 65536
1783134950.7498 c2s 65536
1783134950.7501 c2s 65536
1783134950.7502 c2s 65536
1783134950.7503 c2s 65536
1783134950.7504 c2s 65536
1783134950.7508 c2s 65536
1783134950.7509 c2s 65536
1783134950.7510 c2s 65536
1783134950.7511 c2s 65536
1783134950.7515 c2s 65536
1783134950.7516 c2s 65536
1783134950.7517 c2s 65536
1783134950.7518 c2s 65536
1783134950.7522 c2s 65536
1783134950.7523 c2s 65536
1783134950.7524 c2s 65536
1783134950.7525 c2s 65536
1783134950.7528 c2s 65536
1783134950.7530 c2s 65536
1783134950.7531 c2s 65536
1783134950.7532 c2s 65536
1783134950.7536 c2s 65536
1783134950.7537 c2s 65536
1783134950.7538 c2s 65536
1783134950.7539 c2s 65536
1783134950.7542 c2s 65536
1783134950.7544 c2s 65536
1783134950.7545 c2s 65536
1783134950.7546 c2s 65536
1783134950.7549 c2s 65536
1783134950.7551 c2s 65536
1783134950.7552 c2s 65536
1783134950.7553 c2s 65536
1783134950.7556 c2s 65536
1783134950.7558 c2s 65536
1783134950.7559 c2s 65536
1783134950.7560 c2s 65536
1783134950.7563 c2s 65536
1783134950.7564 c2s 65536
1783134950.7565 c2s 65536
1783134950.7566 c2s 65536
1783134950.7569 c2s 65536
1783134950.7570 c2s 65536
1783134950.7571 c2s 65536
1783134950.7572 c2s 65536
1783134950.7575 c2s 65536
1783134950.7576 c2s 65536
1783134950.7577 c2s 65536
1783134950.7578 c2s 65536
1783134950.7581 c2s 65536
1783134950.7582 c2s 65536
1783134950.7583 c2s 65536
1783134950.7584 c2s 65536
1783134950.7587 c2s 65536
1783134950.7588 c2s 65536
1783134950.7589 c2s 65536
1783134950.7590 c2s 65536
1783134950.7593 c2s 65536
1783134950.7594 c2s 65536
1783134950.7596 c2s 65536
1783134950.7597 c2s 65536
1783134950.7600 c2s 65536
1783134950.7601 c2s 65536
1783134950.7603 c2s 65536
1783134950.7604 c2s 65536
1783134950.7607 c2s 65536
1783134950.7608 c2s 65536
1783134950.7609 c2s 65536
1783134950.7610 c2s 65536
1783134950.7614 c2s 65536
1783134950.7615 c2s 65536
1783134950.7616 c2s 65536
1783134950.7617 c2s 65536
1783134950.7621 c2s 65536
1783134950.7622 c2s 65536
1783134950.7623 c2s 65536
1783134950.7624 c2s 65536
1783134950.7628 c2s 65536
1783134950.7629 c2s 65536
1783134950.7630 c2s 65536
1783134950.7631 c2s 65536
1783134950.7634 c2s 65536
1783134950.7636 c2s 65536
1783134950.7637 c2s 65536
1783134950.7638 c2s 65536
1783134950.7641 c2s 65536
1783134950.7642 c2s 65536
1783134950.7644 c2s 65536
1783134950.7645 c2s 65536
1783134950.7648 c2s 65536
1783134950.7649 c2s 65536
1783134950.7651 c2s 65536
1783134950.7652 c2s 65536
1783134950.7655 c2s 65536
1783134950.7656 c2s 65536
1783134950.7657 c2s 65536
1783134950.7658 c2s 65536
1783134950.7661 c2s 65536
1783134950.7662 c2s 65536
1783134950.7664 c2s 65536
1783134950.7665 c2s 65536
1783134950.7668 c2s 65536
1783134950.7669 c2s 65536
1783134950.7670 c2s 65536
1783134950.7671 c2s 65536
1783134950.7674 c2s 65536
1783134950.7675 c2s 65536
1783134950.7677 c2s 65536
1783134950.7678 c2s 65536
1783134950.7681 c2s 65536
1783134950.7682 c2s 65536
1783134950.7683 c2s 65536
1783134950.7684 c2s 65536
1783134950.7687 c2s 65536
1783134950.7688 c2s 65536
1783134950.7690 c2s 65536
1783134950.7690 c2s 65536
1783134950.7694 c2s 65536
1783134950.7695 c2s 65536
1783134950.7696 c2s 65536
1783134950.7697 c2s 65536
1783134950.7700 c2s 65536
1783134950.7701 c2s 65536
1783134950.7702 c2s 65536
1783134950.7703 c2s 65536
1783134950.7706 c2s 65536
1783134950.7707 c2s 65536
1783134950.7709 c2s 65536
1783134950.7710 c2s 65536
1783134950.7713 c2s 65536
1783134950.7714 c2s 65536
1783134950.7716 c2s 65536
1783134950.7717 c2s 65536
1783134950.7720 c2s 65536
1783134950.7721 c2s 65536
1783134950.7722 c2s 65536
1783134950.7723 c2s 65536
1783134950.7726 c2s 65536
1783134950.7727 c2s 65536
1783134950.7729 c2s 65536
1783134950.7730 c2s 65536
1783134950.7733 c2s 65536
1783134950.7734 c2s 65536
1783134950.7735 c2s 65536
1783134950.7736 c2s 65536
1783134950.7739 c2s 65536
1783134950.7740 c2s 65536
1783134950.7742 c2s 65536
1783134950.7743 c2s 65536
1783134950.7746 c2s 65536
1783134950.7747 c2s 65536
1783134950.7748 c2s 65536
1783134950.7749 c2s 65536
1783134950.7752 c2s 65536
1783134950.7753 c2s 65536
1783134950.7755 c2s 65536
1783134950.7756 c2s 65536
1783134950.7759 c2s 65536
1783134950.7760 c2s 65536
1783134950.7762 c2s 65536
1783134950.7763 c2s 65536
1783134950.7766 c2s 65536
1783134950.7767 c2s 65536
1783134950.7768 c2s 65536
1783134950.7769 c2s 65536
1783134950.7772 c2s 65536
1783134950.7773 c2s 65536
1783134950.7775 c2s 65536
1783134950.7775 c2s 65536
1783134950.7778 c2s 65536
1783134950.7780 c2s 65536
1783134950.7781 c2s 65536
1783134950.7782 c2s 65536
1783134950.7785 c2s 65536
1783134950.7786 c2s 65536
1783134950.7787 c2s 65536
1783134950.7788 c2s 65536
1783134950.7791 c2s 65536
1783134950.7792 c2s 65536
1783134950.7794 c2s 65536
1783134950.7795 c2s 65536
1783134950.7799 c2s 65536
1783134950.7800 c2s 65536
1783134950.7801 c2s 65536
1783134950.7802 c2s 65536
1783134950.7805 c2s 65536
1783134950.7806 c2s 65536
1783134950.7807 c2s 65536
1783134950.7808 c2s 65536
1783134950.7811 c2s 65536
1783134950.7812 c2s 65536
1783134950.7813 c2s 65536
1783134950.7814 c2s 65536
1783134950.7817 c2s 65536
1783134950.7818 c2s 65536
1783134950.7819 c2s 65536
1783134950.7820 c2s 65536
1783134950.7823 c2s 65536
1783134950.7824 c2s 65536
1783134950.7825 c2s 65536
1783134950.7826 c2s 65536
1783134950.7829 c2s 65536
1783134950.7830 c2s 65536
1783134950.7831 c2s 65536
1783134950.7832 c2s 65536
1783134950.7835 c2s 65536
1783134950.7837 c2s 65536
1783134950.7838 c2s 65536
1783134950.7839 c2s 65536
1783134950.7842 c2s 65536
1783134950.7843 c2s 65536
1783134950.7844 c2s 65536
1783134950.7845 c2s 65536
1783134950.7848 c2s 65536
1783134950.7849 c2s 65536
1783134950.7850 c2s 65536
1783134950.7851 c2s 65536
1783134950.7854 c2s 65536
1783134950.7855 c2s 65536
1783134950.7856 c2s 65536
1783134950.7857 c2s 65536
1783134950.7860 c2s 65536
1783134950.7861 c2s 65536
1783134950.7862 c2s 65536
1783134950.7863 c2s 65536
1783134950.7866 c2s 65536
1783134950.7867 c2s 65536
1783134950.7868 c2s 65536
1783134950.7869 c2s 65536
1783134950.7872 c2s 65536
1783134950.7873 c2s 65536
1783134950.7875 c2s 65536
1783134950.7876 c2s 65536
1783134950.7879 c2s 65536
1783134950.7880 c2s 65536
1783134950.7881 c2s 65536
1783134950.7882 c2s 65536
1783134950.7885 c2s 65536
1783134950.7886 c2s 65536
1783134950.7887 c2s 65536
1783134950.7888 c2s 65536
1783134950.7891 c2s 65536
1783134950.7892 c2s 65536
1783134950.7893 c2s 65536
1783134950.7894 c2s 65536
1783134950.7897 c2s 65536
1783134950.7898 c2s 65536
1783134950.7900 c2s 65536
1783134950.7900 c2s 65536
1783134950.7904 c2s 65536
1783134950.7905 c2s 65536
1783134950.7906 c2s 65536
1783134950.7907 c2s 65536
1783134950.7910 c2s 65536
1783134950.7911 c2s 65536
1783134950.7912 c2s 65536
1783134950.7913 c2s 65536
1783134950.7916 c2s 65536
1783134950.7917 c2s 65536
1783134950.7918 c2s 65536
1783134950.7919 c2s 65536
1783134950.7922 c2s 65536
1783134950.7923 c2s 65536
1783134950.7925 c2s 65536
1783134950.7926 c2s 65536
1783134950.7928 c2s 65536
1783134950.7929 c2s 65536
1783134950.7931 c2s 65536
1783134950.7931 c2s 65536
1783134950.7935 c2s 65536
1783134950.7936 c2s 65536
1783134950.7937 c2s 65536
1783134950.7938 c2s 65536
1783134950.7941 c2s 65536
1783134950.7942 c2s 65536
1783134950.7943 c2s 65536
1783134950.7944 c2s 65536
1783134950.7947 c2s 65536
1783134950.7948 c2s 65536
1783134950.7949 c2s 65536
1783134950.7950 c2s 65536
1783134950.7953 c2s 65536
1783134950.7954 c2s 65536
1783134950.7955 c2s 65536
1783134950.7956 c2s 65536
1783134950.7959 c2s 65536
1783134950.7961 c2s 65536
1783134950.7962 c2s 65536
1783134950.7963 c2s 65536
1783134950.7966 c2s 65536
1783134950.7967 c2s 65536
1783134950.7968 c2s 65536
1783134950.7969 c2s 65536
1783134950.7973 c2s 65536
1783134950.7974 c2s 65536
1783134950.7976 c2s 65536
1783134950.7977 c2s 65536
1783134950.7980 c2s 65536
1783134950.7981 c2s 65536
1783134950.7982 c2s 65536
1783134950.7983 c2s 65536
1783134950.7986 c2s 65536
1783134950.7987 c2s 65536
1783134950.7988 c2s 65536
1783134950.7989 c2s 65536
1783134950.7992 c2s 65536
1783134950.7992 c2s 65536
1783134950.7994 c2s 65536
1783134950.7995 c2s 65536
1783134950.7998 c2s 65536
1783134950.7999 c2s 65536
1783134950.8000 c2s 65536
1783134950.8001 c2s 65536
1783134950.8004 c2s 65536
1783134950.8005 c2s 65536
1783134950.8006 c2s 65536
1783134950.8007 c2s 65536
1783134950.8010 c2s 65536
1783134950.8011 c2s 65536
1783134950.8012 c2s 65536
1783134950.8013 c2s 65536
1783134950.8016 c2s 65536
1783134950.8017 c2s 65536
1783134950.8018 c2s 65536
1783134950.8019 c2s 65536
1783134950.8022 c2s 65536
1783134950.8023 c2s 65536
1783134950.8024 c2s 65536
1783134950.8025 c2s 65536
1783134950.8028 c2s 65536
1783134950.8029 c2s 65536
1783134950.8030 c2s 65536
1783134950.8031 c2s 65536
1783134950.8034 c2s 65536
1783134950.8036 c2s 65536
1783134950.8037 c2s 65536
1783134950.8038 c2s 65536
1783134950.8042 c2s 65536
1783134950.8043 c2s 65536
1783134950.8044 c2s 65536
1783134950.8045 c2s 65536
1783134950.8048 c2s 65536
1783134950.8048 c2s 65536
1783134950.8050 c2s 65536
1783134950.8051 c2s 65536
1783134950.8054 c2s 65536
1783134950.8055 c2s 65536
1783134950.8056 c2s 65536
1783134950.8057 c2s 65536
1783134950.8060 c2s 65536
1783134950.8061 c2s 65536
1783134950.8062 c2s 65536
1783134950.8063 c2s 65536
1783134950.8066 c2s 65536
1783134950.8067 c2s 65536
1783134950.8068 c2s 65536
1783134950.8069 c2s 65536
1783134950.8072 c2s 65536
1783134950.8073 c2s 65536
1783134950.8075 c2s 65536
1783134950.8076 c2s 65536
1783134950.8079 c2s 65536
1783134950.8080 c2s 65536
1783134950.8081 c2s 65536
1783134950.8082 c2s 65536
1783134950.8085 c2s 65536
1783134950.8086 c2s 65536
1783134950.8087 c2s 65536
1783134950.8088 c2s 65536
1783134950.8091 c2s 65536
1783134950.8092 c2s 65536
1783134950.8093 c2s 65536
1783134950.8094 c2s 65536
1783134950.8097 c2s 65536
1783134950.8098 c2s 65536
1783134950.8100 c2s 65536
1783134950.8100 c2s 65536
1783134950.8103 c2s 65536
1783134950.8104 c2s 65536
1783134950.8106 c2s 65536
1783134950.8106 c2s 65536
1783134950.8112 c2s 65536
1783134950.8113 c2s 65536
1783134950.8115 c2s 65536
1783134950.8116 c2s 65536
1783134950.8119 c2s 65536
1783134950.8120 c2s 65536
1783134950.8121 c2s 65536
1783134950.8122 c2s 65536
1783134950.8125 c2s 65536
1783134950.8126 c2s 65536
1783134950.8128 c2s 65536
1783134950.8128 c2s 65536
1783134950.8131 c2s 65536
1783134950.8132 c2s 65536
1783134950.8133 c2s 65536
1783134950.8134 c2s 65536
1783134950.8138 c2s 65536
1783134950.8139 c2s 65536
1783134950.8140 c2s 65536
1783134950.8141 c2s 65536
1783134950.8144 c2s 65536
1783134950.8145 c2s 65536
1783134950.8146 c2s 65536
1783134950.8147 c2s 65536
1783134950.8150 c2s 65536
1783134950.8151 c2s 65536
1783134950.8152 c2s 65536
1783134950.8153 c2s 65536
1783134950.8156 c2s 65536
1783134950.8157 c2s 65536
1783134950.8158 c2s 65536
1783134950.8159 c2s 65536
1783134950.8162 c2s 65536
1783134950.8163 c2s 65536
1783134950.8164 c2s 65536
1783134950.8165 c2s 65536
1783134950.8168 c2s 65536
1783134950.8169 c2s 65536
1783134950.8170 c2s 65536
1783134950.8171 c2s 65536
1783134950.8174 c2s 65536
1783134950.8175 c2s 65536
1783134950.8177 c2s 65536
1783134950.8177 c2s 65536
1783134950.8180 c2s 65536
1783134950.8181 c2s 65536
1783134950.8182 c2s 65536
1783134950.8183 c2s 65536
1783134950.8186 c2s 65536
1783134950.8187 c2s 65536
1783134950.8189 c2s 65536
1783134950.8189 c2s 65536
1783134950.8193 c2s 65536
1783134950.8194 c2s 65536
1783134950.8195 c2s 65536
1783134950.8196 c2s 65536
1783134950.8199 c2s 65536
1783134950.8200 c2s 65536
1783134950.8202 c2s 65536
1783134950.8202 c2s 65536
1783134950.8206 c2s 65536
1783134950.8207 c2s 65536
1783134950.8208 c2s 65536
1783134950.8209 c2s 65536
1783134950.8212 c2s 65536
1783134950.8213 c2s 65536
1783134950.8214 c2s 65536
1783134950.8215 c2s 65536
1783134950.8218 c2s 65536
1783134950.8219 c2s 65536
1783134950.8220 c2s 65536
1783134950.8221 c2s 65536
1783134950.8224 c2s 65536
1783134950.8225 c2s 65536
1783134950.8226 c2s 65536
1783134950.8226 c2s 65536
1783134950.8229 c2s 65536
1783134950.8230 c2s 65536
1783134950.8231 c2s 65536
1783134950.8231 c2s 65536
1783134950.8234 c2s 65536
1783134950.8235 c2s 65536
1783134950.8236 c2s 65536
1783134950.8237 c2s 65536
1783134950.8240 c2s 65536
1783134950.8240 c2s 65536
1783134950.8241 c2s 65536
1783134950.8242 c2s 65536
1783134950.8245 c2s 65536
1783134950.8246 c2s 65536
1783134950.8247 c2s 65536
1783134950.8248 c2s 65536
1783134950.8251 c2s 65536
1783134950.8251 c2s 65536
1783134950.8252 c2s 65536
1783134950.8253 c2s 65536
1783134950.8256 c2s 65536
1783134950.8257 c2s 65536
1783134950.8258 c2s 65536
1783134950.8259 c2s 65536
1783134950.8261 c2s 65536
1783134950.8263 c2s 65536
1783134950.8264 c2s 65536
1783134950.8266 c2s 65536
1783134950.8270 c2s 65536
1783134950.8271 c2s 65536
1783134950.8272 c2s 65536
1783134950.8273 c2s 65536
1783134950.8276 c2s 65536
1783134950.8278 c2s 65536
1783134950.8279 c2s 65536
1783134950.8280 c2s 65536
1783134950.8283 c2s 65536
1783134950.8285 c2s 65536
1783134950.8286 c2s 65536
1783134950.8287 c2s 65536
1783134950.8290 c2s 65536
1783134950.8291 c2s 65536
1783134950.8292 c2s 65536
1783134950.8293 c2s 65536
1783134950.8296 c2s 65536
1783134950.8297 c2s 65536
1783134950.8298 c2s 65536
1783134950.8299 c2s 65536
1783134950.8303 c2s 65536
1783134950.8304 c2s 65536
1783134950.8305 c2s 65536
1783134950.8306 c2s 65536
1783134950.8309 c2s 65536
1783134950.8310 c2s 65536
1783134950.8312 c2s 65536
1783134950.8313 c2s 65536
1783134950.8316 c2s 65536
1783134950.8317 c2s 65536
1783134950.8319 c2s 65536
1783134950.8319 c2s 65536
1783134950.8323 c2s 65536
1783134950.8324 c2s 65536
1783134950.8325 c2s 65536
1783134950.8326 c2s 65536
1783134950.8329 c2s 65536
1783134950.8330 c2s 65536
1783134950.8331 c2s 65536
1783134950.8332 c2s 65536
1783134950.8335 c2s 65536
1783134950.8336 c2s 65536
1783134950.8337 c2s 65536
1783134950.8338 c2s 65536
1783134950.8341 c2s 65536
1783134950.8342 c2s 65536
1783134950.8343 c2s 65536
1783134950.8344 c2s 65536
1783134950.8347 c2s 65536
1783134950.8348 c2s 65536
1783134950.8349 c2s 65536
1783134950.8350 c2s 65536
1783134950.8353 c2s 65536
1783134950.8354 c2s 65536
1783134950.8356 c2s 65536
1783134950.8357 c2s 65536
1783134950.8360 c2s 65536
1783134950.8361 c2s 65536
1783134950.8362 c2s 65536
1783134950.8363 c2s 65536
1783134950.8366 c2s 65536
1783134950.8367 c2s 65536
1783134950.8368 c2s 65536
1783134950.8369 c2s 65536
1783134950.8372 c2s 65536
1783134950.8373 c2s 65536
1783134950.8374 c2s 65536
1783134950.8375 c2s 65536
1783134950.8378 c2s 65536
1783134950.8379 c2s 65536
1783134950.8380 c2s 65536
1783134950.8381 c2s 65536
1783134950.8384 c2s 65536
1783134950.8385 c2s 65536
1783134950.8387 c2s 65536
1783134950.8387 c2s 65536
1783134950.8390 c2s 65536
1783134950.8391 c2s 65536
1783134950.8393 c2s 65536
1783134950.8393 c2s 65536
1783134950.8397 c2s 65536
1783134950.8398 c2s 65536
1783134950.8399 c2s 65536
1783134950.8400 c2s 65536
1783134950.8403 c2s 65536
1783134950.8404 c2s 65536
1783134950.8405 c2s 65536
1783134950.8406 c2s 65536
1783134950.8409 c2s 65536
1783134950.8410 c2s 65536
1783134950.8412 c2s 65536
1783134950.8412 c2s 65536
1783134950.8415 c2s 65536
1783134950.8416 c2s 65536
1783134950.8417 c2s 65536
1783134950.8418 c2s 65536
1783134950.8421 c2s 65536
1783134950.8422 c2s 65536
1783134950.8424 c2s 65536
1783134950.8425 c2s 65536
1783134950.8427 c2s 65536
1783134950.8428 c2s 65536
1783134950.8430 c2s 65536
1783134950.8430 c2s 65536
1783134950.8433 c2s 65536
1783134950.8434 c2s 65536
1783134950.8436 c2s 65536
1783134950.8437 c2s 65536
1783134950.8440 c2s 65536
1783134950.8441 c2s 65536
1783134950.8442 c2s 65536
1783134950.8443 c2s 65536
1783134950.8445 c2s 65536
1783134950.8446 c2s 65536
1783134950.8448 c2s 65536
1783134950.8449 c2s 65536
1783134950.8451 c2s 65536
1783134950.8452 c2s 65536
1783134950.8453 c2s 65536
1783134950.8454 c2s 65536
1783134950.8457 c2s 65536
1783134950.8458 c2s 65536
1783134950.8459 c2s 65536
1783134950.8460 c2s 65536
1783134950.8462 c2s 65536
1783134950.8463 c2s 65536
1783134950.8465 c2s 65536
1783134950.8466 c2s 65536
1783134950.8469 c2s 65536
1783134950.8470 c2s 65536
1783134950.8471 c2s 65536
1783134950.8472 c2s 65536
1783134950.8474 c2s 65536
1783134950.8475 c2s 65536
1783134950.8477 c2s 65536
1783134950.8478 c2s 65536
1783134950.8480 c2s 65536
1783134950.8481 c2s 65536
1783134950.8483 c2s 65536
1783134950.8484 c2s 65536
1783134950.8486 c2s 65536
1783134950.8487 c2s 65536
1783134950.8488 c2s 65536
1783134950.8489 c2s 65536
1783134950.8492 c2s 65536
1783134950.8493 c2s 65536
1783134950.8494 c2s 65536
1783134950.8495 c2s 65536
1783134950.8497 c2s 65536
1783134950.8498 c2s 65536
1783134950.8500 c2s 65536
1783134950.8501 c2s 65536
1783134950.8503 c2s 65536
1783134950.8504 c2s 65536
1783134950.8505 c2s 65536
1783134950.8506 c2s 65536
1783134950.8509 c2s 65536
1783134950.8510 c2s 65536
1783134950.8511 c2s 65536
1783134950.8512 c2s 65536
1783134950.8514 c2s 65536
1783134950.8516 c2s 65536
1783134950.8517 c2s 65536
1783134950.8518 c2s 65536
1783134950.8520 c2s 65536
1783134950.8521 c2s 65536
1783134950.8523 c2s 65536
1783134950.8524 c2s 65536
1783134950.8527 c2s 65536
1783134950.8528 c2s 65536
1783134950.8529 c2s 65536
1783134950.8530 c2s 65536
1783134950.8532 c2s 65536
1783134950.8533 c2s 65536
1783134950.8534 c2s 65536
1783134950.8535 c2s 65536
1783134950.8538 c2s 65536
1783134950.8539 c2s 65536
1783134950.8540 c2s 65536
1783134950.8541 c2s 65536
1783134950.8543 c2s 65536
1783134950.8544 c2s 65536
1783134950.8546 c2s 65536
1783134950.8546 c2s 65536
1783134950.8549 c2s 65536
1783134950.8550 c2s 65536
1783134950.8552 c2s 65536
1783134950.8552 c2s 65536
1783134950.8555 c2s 65536
1783134950.8556 c2s 65536
1783134950.8557 c2s 33894
1783134950.9419 c2s 321
1783134950.9426 s2c 9
1783134950.9546 c2s 65492
1783134950.9550 c2s 65536
1783134950.9551 c2s 65536
1783134950.9553 c2s 65536
1783134950.9554 c2s 65536
1783134950.9558 c2s 65536
1783134950.9559 c2s 65536
1783134950.9560 c2s 65536
1783134950.9561 c2s 65536
1783134950.9564 c2s 65536
1783134950.9565 c2s 65536
1783134950.9567 c2s 65536
1783134950.9568 c2s 65536
1783134950.9571 c2s 65536
1783134950.9572 c2s 65536
1783134950.9573 c2s 65536
1783134950.9574 c2s 65536
1783134950.9577 c2s 65536
1783134950.9578 c2s 65536
1783134950.9579 c2s 65536
1783134950.9580 c2s 65536
1783134950.9583 c2s 65536
1783134950.9584 c2s 65536
1783134950.9586 c2s 65536
1783134950.9587 c2s 65536
1783134950.9589 c2s 65536
1783134950.9591 c2s 65536
1783134950.9592 c2s 65536
1783134950.9593 c2s 65536
1783134950.9596 c2s 65536
1783134950.9597 c2s 65536
1783134950.9599 c2s 65536
1783134950.9600 c2s 65536
1783134950.9603 c2s 65536
1783134950.9604 c2s 65536
1783134950.9605 c2s 65536
1783134950.9606 c2s 65536
1783134950.9609 c2s 65536
1783134950.9610 c2s 65536
1783134950.9611 c2s 65536
1783134950.9612 c2s 65536
1783134950.9616 c2s 65536
1783134950.9616 c2s 65536
1783134950.9618 c2s 65536
1783134950.9618 c2s 65536
1783134950.9622 c2s 65536
1783134950.9623 c2s 65536
1783134950.9624 c2s 65536
1783134950.9625 c2s 65536
1783134950.9628 c2s 65536
1783134950.9629 c2s 65536
1783134950.9630 c2s 65536
1783134950.9632 c2s 65536
1783134950.9636 c2s 65536
1783134950.9637 c2s 65536
1783134950.9638 c2s 65536
1783134950.9639 c2s 65536
1783134950.9642 c2s 65536
1783134950.9643 c2s 65536
1783134950.9644 c2s 65536
1783134950.9645 c2s 65536
1783134950.9648 c2s 65536
1783134950.9649 c2s 65536
1783134950.9650 c2s 65536
1783134950.9651 c2s 65536
1783134950.9654 c2s 65536
1783134950.9655 c2s 65536
1783134950.9656 c2s 65536
1783134950.9657 c2s 65536
1783134950.9660 c2s 65536
1783134950.9661 c2s 65536
1783134950.9662 c2s 65536
1783134950.9663 c2s 65536
1783134950.9666 c2s 65536
1783134950.9667 c2s 65536
1783134950.9668 c2s 65536
1783134950.9669 c2s 65536
1783134950.9672 c2s 65536
1783134950.9673 c2s 65536
1783134950.9674 c2s 65536
1783134950.9675 c2s 65536
1783134950.9679 c2s 65536
1783134950.9680 c2s 65536
1783134950.9682 c2s 65536
1783134950.9683 c2s 65536
1783134950.9686 c2s 65536
1783134950.9687 c2s 65536
1783134950.9688 c2s 65536
1783134950.9689 c2s 65536
1783134950.9692 c2s 65536
1783134950.9693 c2s 65536
1783134950.9695 c2s 65536
1783134950.9696 c2s 65536
1783134950.9699 c2s 65536
1783134950.9700 c2s 65536
1783134950.9701 c2s 65536
1783134950.9702 c2s 65536
1783134950.9705 c2s 65536
1783134950.9706 c2s 65536
1783134950.9707 c2s 65536
1783134950.9708 c2s 65536
1783134950.9712 c2s 65536
1783134950.9713 c2s 65536
1783134950.9714 c2s 65536
1783134950.9715 c2s 65536
1783134950.9719 c2s 65536
1783134950.9720 c2s 65536
1783134950.9722 c2s 65536
1783134950.9723 c2s 65536
1783134950.9726 c2s 65536
1783134950.9727 c2s 65536
1783134950.9728 c2s 65536
1783134950.9729 c2s 65536
1783134950.9733 c2s 65536
1783134950.9734 c2s 65536
1783134950.9735 c2s 65536
1783134950.9736 c2s 65536
1783134950.9739 c2s 65536
1783134950.9740 c2s 65536
1783134950.9742 c2s 65536
1783134950.9743 c2s 65536
1783134950.9746 c2s 65536
1783134950.9747 c2s 65536
1783134950.9748 c2s 65536
1783134950.9749 c2s 65536
1783134950.9753 c2s 65536
1783134950.9754 c2s 65536
1783134950.9756 c2s 65536
1783134950.9757 c2s 65536
1783134950.9760 c2s 65536
1783134950.9761 c2s 65536
1783134950.9763 c2s 65536
1783134950.9764 c2s 65536
1783134950.9767 c2s 65536
1783134950.9768 c2s 65536
1783134950.9770 c2s 65536
1783134950.9771 c2s 65536
1783134950.9774 c2s 65536
1783134950.9775 c2s 65536
1783134950.9776 c2s 65536
1783134950.9777 c2s 65536
1783134950.9781 c2s 65536
1783134950.9782 c2s 65536
1783134950.9783 c2s 65536
1783134950.9784 c2s 65536
1783134950.9787 c2s 65536
1783134950.9788 c2s 65536
1783134950.9790 c2s 65536
1783134950.9791 c2s 65536
1783134950.9794 c2s 65536
1783134950.9795 c2s 65536
1783134950.9797 c2s 65536
1783134950.9798 c2s 65536
1783134950.9801 c2s 65536
1783134950.9802 c2s 65536
1783134950.9804 c2s 65536
1783134950.9805 c2s 65536
1783134950.9808 c2s 65536
1783134950.9809 c2s 65536
1783134950.9810 c2s 65536
1783134950.9811 c2s 65536
1783134950.9815 c2s 65536
1783134950.9816 c2s 65536
1783134950.9817 c2s 65536
1783134950.9818 c2s 65536
1783134950.9822 c2s 65536
1783134950.9823 c2s 65536
1783134950.9824 c2s 65536
1783134950.9825 c2s 65536
1783134950.9828 c2s 65536
1783134950.9829 c2s 65536
1783134950.9831 c2s 65536
1783134950.9832 c2s 65536
1783134950.9836 c2s 65536
1783134950.9837 c2s 65536
1783134950.9838 c2s 65536
1783134950.9839 c2s 65536
1783134950.9842 c2s 65536
1783134950.9844 c2s 65536
1783134950.9845 c2s 65536
1783134950.9846 c2s 65536
1783134950.9849 c2s 65536
1783134950.9850 c2s 65536
1783134950.9851 c2s 65536
1783134950.9852 c2s 65536
1783134950.9855 c2s 65536
1783134950.9856 c2s 65536
1783134950.9857 c2s 65536
1783134950.9858 c2s 65536
1783134950.9862 c2s 65536
1783134950.9863 c2s 65536
1783134950.9864 c2s 65536
1783134950.9865 c2s 65536
1783134950.9868 c2s 65536
1783134950.9869 c2s 65536
1783134950.9870 c2s 65536
1783134950.9871 c2s 65536
1783134950.9874 c2s 65536
1783134950.9876 c2s 65536
1783134950.9877 c2s 65536
1783134950.9878 c2s 65536
1783134950.9881 c2s 65536
1783134950.9882 c2s 65536
1783134950.9884 c2s 65536
1783134950.9885 c2s 65536
1783134950.9887 c2s 65536
1783134950.9888 c2s 65536
1783134950.9890 c2s 65536
1783134950.9891 c2s 65536
1783134950.9894 c2s 65536
1783134950.9895 c2s 65536
1783134950.9896 c2s 65536
1783134950.9897 c2s 65536
1783134950.9900 c2s 65536
1783134950.9901 c2s 65536
1783134950.9902 c2s 65536
1783134950.9903 c2s 65536
1783134950.9906 c2s 65536
1783134950.9907 c2s 65536
1783134950.9908 c2s 65536
1783134950.9909 c2s 65536
1783134950.9912 c2s 65536
1783134950.9913 c2s 65536
1783134950.9914 c2s 65536
1783134950.9916 c2s 65536
1783134950.9919 c2s 65536
1783134950.9920 c2s 65536
1783134950.9921 c2s 65536
1783134950.9922 c2s 65536
1783134950.9925 c2s 65536
1783134950.9926 c2s 65536
1783134950.9928 c2s 65536
1783134950.9929 c2s 65536
1783134950.9932 c2s 65536
1783134950.9933 c2s 65536
1783134950.9934 c2s 65536
1783134950.9935 c2s 65536
1783134950.9938 c2s 65536
1783134950.9939 c2s 65536
1783134950.9940 c2s 65536
1783134950.9941 c2s 65536
1783134950.9944 c2s 65536
1783134950.9945 c2s 65536
1783134950.9947 c2s 65536
1783134950.9948 c2s 65536
1783134950.9951 c2s 65536
1783134950.9952 c2s 65536
1783134950.9953 c2s 65536
1783134950.9954 c2s 65536
1783134950.9958 c2s 65536
1783134950.9959 c2s 65536
1783134950.9960 c2s 65536
1783134950.9961 c2s 65536
1783134950.9964 c2s 65536
1783134950.9965 c2s 65536
1783134950.9967 c2s 65536
1783134950.9967 c2s 65536
1783134950.9971 c2s 65536
1783134950.9972 c2s 65536
1783134950.9973 c2s 65536
1783134950.9974 c2s 65536
1783134950.9977 c2s 65536
1783134950.9978 c2s 65536
1783134950.9980 c2s 65536
1783134950.9981 c2s 65536
1783134950.9984 c2s 65536
1783134950.9985 c2s 65536
1783134950.9986 c2s 65536
1783134950.9987 c2s 65536
1783134950.9990 c2s 65536
1783134950.9991 c2s 65536
1783134950.9992 c2s 65536
1783134950.9993 c2s 65536
1783134950.9997 c2s 65536
1783134950.9998 c2s 65536
1783134950.9999 c2s 65536
1783134951.0000 c2s 65536
1783134951.0003 c2s 65536
1783134951.0004 c2s 65536
1783134951.0006 c2s 65536
1783134951.0007 c2s 65536
1783134951.0010 c2s 65536
1783134951.0011 c2s 65536
1783134951.0012 c2s 65536
1783134951.0013 c2s 65536
1783134951.0016 c2s 65536
1783134951.0017 c2s 65536
1783134951.0018 c2s 65536
1783134951.0020 c2s 65536
1783134951.0023 c2s 65536
1783134951.0024 c2s 65536
1783134951.0026 c2s 65536
1783134951.0027 c2s 65536
1783134951.0030 c2s 65536
1783134951.0031 c2s 65536
1783134951.0032 c2s 65536
1783134951.0033 c2s 65536
1783134951.0037 c2s 65536
1783134951.0038 c2s 65536
1783134951.0039 c2s 65536
1783134951.0040 c2s 65536
1783134951.0043 c2s 65536
1783134951.0044 c2s 65536
1783134951.0046 c2s 65536
1783134951.0047 c2s 65536
1783134951.0050 c2s 65536
1783134951.0051 c2s 65536
1783134951.0052 c2s 65536
1783134951.0053 c2s 65536
1783134951.0056 c2s 65536
1783134951.0057 c2s 65536
1783134951.0058 c2s 65536
1783134951.0059 c2s 65536
1783134951.0062 c2s 65536
1783134951.0063 c2s 65536
1783134951.0065 c2s 65536
1783134951.0066 c2s 65536
1783134951.0069 c2s 65536
1783134951.0070 c2s 65536
1783134951.0071 c2s 65536
1783134951.0072 c2s 65536
1783134951.0075 c2s 65536
1783134951.0077 c2s 65536
1783134951.0078 c2s 65536
1783134951.0079 c2s 65536
1783134951.0082 c2s 65536
1783134951.0083 c2s 65536
1783134951.0084 c2s 65536
1783134951.0085 c2s 65536
1783134951.0088 c2s 65536
1783134951.0089 c2s 65536
1783134951.0091 c2s 65536
1783134951.0092 c2s 65536
1783134951.0095 c2s 65536
1783134951.0096 c2s 65536
1783134951.0098 c2s 65536
1783134951.0098 c2s 65536
1783134951.0101 c2s 65536
1783134951.0103 c2s 65536
1783134951.0104 c2s 65536
1783134951.0105 c2s 65536
1783134951.0108 c2s 65536
1783134951.0109 c2s 65536
1783134951.0110 c2s 65536
1783134951.0111 c2s 65536
1783134951.0114 c2s 65536
1783134951.0115 c2s 65536
1783134951.0116 c2s 65536
1783134951.0117 c2s 65536
1783134951.0121 c2s 65536
1783134951.0122 c2s 65536
1783134951.0123 c2s 65536
1783134951.0124 c2s 65536
1783134951.0127 c2s 65536
1783134951.0128 c2s 65536
1783134951.0129 c2s 65536
1783134951.0130 c2s 65536
1783134951.0133 c2s 65536
1783134951.0134 c2s 65536
1783134951.0135 c2s 65536
1783134951.0136 c2s 65536
1783134951.0139 c2s 65536
1783134951.0140 c2s 65536
1783134951.0141 c2s 65536
1783134951.0142 c2s 65536
1783134951.0145 c2s 65536
1783134951.0146 c2s 65536
1783134951.0147 c2s 65536
1783134951.0148 c2s 65536
1783134951.0151 c2s 65536
1783134951.0152 c2s 65536
1783134951.0153 c2s 65536
1783134951.0154 c2s 65536
1783134951.0158 c2s 65536
1783134951.0159 c2s 65536
1783134951.0160 c2s 65536
1783134951.0161 c2s 65536
1783134951.0164 c2s 65536
1783134951.0165 c2s 65536
1783134951.0166 c2s 65536
1783134951.0167 c2s 65536
1783134951.0170 c2s 65536
1783134951.0171 c2s 65536
1783134951.0172 c2s 65536
1783134951.0173 c2s 65536
1783134951.0176 c2s 65536
1783134951.0177 c2s 65536
1783134951.0179 c2s 65536
1783134951.0179 c2s 65536
1783134951.0182 c2s 65536
1783134951.0183 c2s 65536
1783134951.0185 c2s 65536
1783134951.0186 c2s 65536
1783134951.0188 c2s 65536
1783134951.0189 c2s 65536
1783134951.0190 c2s 65536
1783134951.0191 c2s 65536
1783134951.0194 c2s 65536
1783134951.0196 c2s 65536
1783134951.0197 c2s 65536
1783134951.0198 c2s 65536
1783134951.0201 c2s 65536
1783134951.0202 c2s 65536
1783134951.0203 c2s 65536
1783134951.0204 c2s 65536
1783134951.0207 c2s 65536
1783134951.0208 c2s 65536
1783134951.0209 c2s 65536
1783134951.0210 c2s 65536
1783134951.0213 c2s 65536
1783134951.0215 c2s 65536
1783134951.0216 c2s 65536
1783134951.0217 c2s 65536
1783134951.0220 c2s 65536
1783134951.0220 c2s 65536
1783134951.0222 c2s 65536
1783134951.0223 c2s 65536
1783134951.0226 c2s 65536
1783134951.0227 c2s 65536
1783134951.0228 c2s 65536
1783134951.0229 c2s 65536
1783134951.0232 c2s 65536
1783134951.0233 c2s 65536
1783134951.0234 c2s 65536
1783134951.0235 c2s 65536
1783134951.0239 c2s 65536
1783134951.0240 c2s 65536
1783134951.0241 c2s 65536
1783134951.0242 c2s 65536
1783134951.0245 c2s 65536
1783134951.0246 c2s 65536
1783134951.0247 c2s 65536
1783134951.0248 c2s 65536
1783134951.0251 c2s 65536
1783134951.0252 c2s 65536
1783134951.0253 c2s 65536
1783134951.0254 c2s 65536
1783134951.0257 c2s 65536
1783134951.0258 c2s 65536
1783134951.0259 c2s 65536
1783134951.0260 c2s 65536
1783134951.0263 c2s 65536
1783134951.0264 c2s 65536
1783134951.0265 c2s 65536
1783134951.0266 c2s 65536
1783134951.0269 c2s 65536
1783134951.0270 c2s 65536
1783134951.0272 c2s 65536
1783134951.0273 c2s 65536
1783134951.0276 c2s 65536
1783134951.0277 c2s 65536
1783134951.0278 c2s 65536
1783134951.0279 c2s 65536
1783134951.0282 c2s 65536
1783134951.0283 c2s 65536
1783134951.0285 c2s 65536
1783134951.0286 c2s 65536
1783134951.0289 c2s 65536
1783134951.0289 c2s 65536
1783134951.0291 c2s 65536
1783134951.0292 c2s 65536
1783134951.0295 c2s 65536
1783134951.0296 c2s 65536
1783134951.0297 c2s 65536
1783134951.0298 c2s 65536
1783134951.0301 c2s 65536
1783134951.0302 c2s 65536
1783134951.0303 c2s 65536
1783134951.0304 c2s 65536
1783134951.0307 c2s 65536
1783134951.0308 c2s 65536
1783134951.0309 c2s 65536
1783134951.0310 c2s 65536
1783134951.0313 c2s 65536
1783134951.0314 c2s 65536
1783134951.0315 c2s 65536
1783134951.0316 c2s 65536
1783134951.0319 c2s 65536
1783134951.0320 c2s 65536
1783134951.0321 c2s 65536
1783134951.0322 c2s 65536
1783134951.0325 c2s 65536
1783134951.0326 c2s 65536
1783134951.0327 c2s 65536
1783134951.0328 c2s 65536
1783134951.0331 c2s 65536
1783134951.0332 c2s 65536
1783134951.0333 c2s 65536
1783134951.0334 c2s 65536
1783134951.0337 c2s 65536
1783134951.0338 c2s 65536
1783134951.0340 c2s 65536
1783134951.0341 c2s 65536
1783134951.0343 c2s 65536
1783134951.0344 c2s 65536
1783134951.0345 c2s 65536
1783134951.0346 c2s 65536
1783134951.0349 c2s 65536
1783134951.0350 c2s 65536
1783134951.0351 c2s 65536
1783134951.0352 c2s 65536
1783134951.0355 c2s 65536
1783134951.0356 c2s 65536
1783134951.0357 c2s 65536
1783134951.0358 c2s 65536
1783134951.0361 c2s 65536
1783134951.0362 c2s 65536
1783134951.0363 c2s 65536
1783134951.0364 c2s 65536
1783134951.0366 c2s 65536
1783134951.0367 c2s 65536
1783134951.0368 c2s 65536
1783134951.0369 c2s 65536
1783134951.0372 c2s 65536
1783134951.0373 c2s 65536
1783134951.0375 c2s 65536
1783134951.0375 c2s 65536
1783134951.0378 c2s 65536
1783134951.0379 c2s 65536
1783134951.0380 c2s 65536
1783134951.0381 c2s 65536
1783134951.0384 c2s 65536
1783134951.0385 c2s 65536
1783134951.0386 c2s 65536
1783134951.0387 c2s 65536
1783134951.0389 c2s 65536
1783134951.0391 c2s 65536
1783134951.0392 c2s 65536
1783134951.0393 c2s 65536
1783134951.0395 c2s 65536
1783134951.0397 c2s 65536
1783134951.0398 c2s 65536
1783134951.0399 c2s 65536
1783134951.0401 c2s 65536
1783134951.0402 c2s 65536
1783134951.0404 c2s 65536
1783134951.0405 c2s 65536
1783134951.0407 c2s 65536
1783134951.0408 c2s 65536
1783134951.0409 c2s 65536
1783134951.0410 c2s 65536
1783134951.0413 c2s 65536
1783134951.0414 c2s 65536
1783134951.0415 c2s 65536
1783134951.0416 c2s 65536
1783134951.0418 c2s 65536
1783134951.0419 c2s 65536
1783134951.0421 c2s 65536
1783134951.0424 c2s 65536
1783134951.0427 c2s 65536
1783134951.0428 c2s 65536
1783134951.0429 c2s 65536
1783134951.0430 c2s 65536
1783134951.0433 c2s 65536
1783134951.0434 c2s 65536
1783134951.0436 c2s 65536
1783134951.0437 c2s 65536
1783134951.0439 c2s 65536
1783134951.0440 c2s 65536
1783134951.0442 c2s 65536
1783134951.0443 c2s 65536
1783134951.0445 c2s 65536
1783134951.0446 c2s 65536
1783134951.0447 c2s 65536
1783134951.0448 c2s 65536
1783134951.0451 c2s 65536
1783134951.0452 c2s 65536
1783134951.0453 c2s 65536
1783134951.0454 c2s 65536
1783134951.0457 c2s 65536
1783134951.0458 c2s 65536
1783134951.0459 c2s 65536
1783134951.0460 c2s 65536
1783134951.0462 c2s 65536
1783134951.0463 c2s 65536
1783134951.0465 c2s 65536
1783134951.0465 c2s 65536
1783134951.0468 c2s 65536
1783134951.0469 c2s 65536
1783134951.0470 c2s 65536
1783134951.0471 c2s 65536
1783134951.0473 c2s 65536
1783134951.0474 c2s 49509
1783134951.1333 c2s 321
1783134951.1337 s2c 9
1783134951.1456 c2s 65492
1783134951.1463 c2s 65536
1783134951.1465 c2s 65536
1783134951.1467 c2s 65536
1783134951.1468 c2s 65536
1783134951.1472 c2s 65536
1783134951.1473 c2s 65536
1783134951.1475 c2s 65536
1783134951.1476 c2s 65536
1783134951.1480 c2s 65536
1783134951.1481 c2s 65536
1783134951.1483 c2s 65536
1783134951.1484 c2s 65536
1783134951.1487 c2s 65536
1783134951.1488 c2s 65536
1783134951.1490 c2s 65536
1783134951.1491 c2s 65536
1783134951.1494 c2s 65536
1783134951.1495 c2s 65536
1783134951.1497 c2s 65536
1783134951.1498 c2s 65536
1783134951.1502 c2s 65536
1783134951.1503 c2s 65536
1783134951.1505 c2s 65536
1783134951.1506 c2s 65536
1783134951.1509 c2s 65536
1783134951.1510 c2s 65536
1783134951.1512 c2s 65536
1783134951.1513 c2s 65536
1783134951.1517 c2s 65536
1783134951.1518 c2s 65536
1783134951.1520 c2s 65536
1783134951.1521 c2s 65536
1783134951.1525 c2s 65536
1783134951.1525 c2s 65536
1783134951.1527 c2s 65536
1783134951.1528 c2s 65536
1783134951.1532 c2s 65536
1783134951.1533 c2s 65536
1783134951.1534 c2s 65536
1783134951.1535 c2s 65536
1783134951.1539 c2s 65536
1783134951.1540 c2s 65536
1783134951.1541 c2s 65536
1783134951.1543 c2s 65536
1783134951.1548 c2s 65536
1783134951.1549 c2s 65536
1783134951.1550 c2s 65536
1783134951.1551 c2s 65536
1783134951.1555 c2s 65536
1783134951.1556 c2s 65536
1783134951.1557 c2s 65536
1783134951.1558 c2s 65536
1783134951.1561 c2s 65536
1783134951.1562 c2s 65536
1783134951.1564 c2s 65536
1783134951.1564 c2s 65536
1783134951.1568 c2s 65536
1783134951.1569 c2s 65536
1783134951.1570 c2s 65536
1783134951.1571 c2s 65536
1783134951.1574 c2s 65536
1783134951.1574 c2s 65536
1783134951.1576 c2s 65536
1783134951.1577 c2s 65536
1783134951.1579 c2s 65536
1783134951.1580 c2s 65536
1783134951.1581 c2s 65536
1783134951.1582 c2s 65536
1783134951.1585 c2s 65536
1783134951.1586 c2s 65536
1783134951.1587 c2s 65536
1783134951.1588 c2s 65536
1783134951.1591 c2s 65536
1783134951.1592 c2s 65536
1783134951.1594 c2s 65536
1783134951.1595 c2s 65536
1783134951.1598 c2s 65536
1783134951.1599 c2s 65536
1783134951.1601 c2s 65536
1783134951.1602 c2s 65536
1783134951.1605 c2s 65536
1783134951.1607 c2s 65536
1783134951.1608 c2s 65536
1783134951.1609 c2s 65536
1783134951.1613 c2s 65536
1783134951.1614 c2s 65536
1783134951.1616 c2s 65536
1783134951.1617 c2s 65536
1783134951.1621 c2s 65536
1783134951.1622 c2s 65536
1783134951.1623 c2s 65536
1783134951.1625 c2s 65536
1783134951.1628 c2s 65536
1783134951.1629 c2s 65536
1783134951.1631 c2s 65536
1783134951.1632 c2s 65536
1783134951.1636 c2s 65536
1783134951.1637 c2s 65536
1783134951.1639 c2s 65536
1783134951.1640 c2s 65536
1783134951.1644 c2s 65536
1783134951.1645 c2s 65536
1783134951.1646 c2s 65536
1783134951.1647 c2s 65536
1783134951.1651 c2s 65536
1783134951.1652 c2s 65536
1783134951.1654 c2s 65536
1783134951.1655 c2s 65536
1783134951.1659 c2s 65536
1783134951.1660 c2s 65536
1783134951.1662 c2s 65536
1783134951.1663 c2s 65536
1783134951.1666 c2s 65536
1783134951.1667 c2s 65536
1783134951.1669 c2s 65536
1783134951.1670 c2s 65536
1783134951.1674 c2s 65536
1783134951.1675 c2s 65536
1783134951.1677 c2s 65536
1783134951.1678 c2s 65536
1783134951.1682 c2s 65536
1783134951.1683 c2s 65536
1783134951.1684 c2s 65536
1783134951.1685 c2s 65536
1783134951.1690 c2s 65536
1783134951.1691 c2s 65536
1783134951.1692 c2s 65536
1783134951.1693 c2s 65536
1783134951.1697 c2s 65536
1783134951.1698 c2s 65536
1783134951.1700 c2s 65536
1783134951.1701 c2s 65536
1783134951.1705 c2s 65536
1783134951.1706 c2s 65536
1783134951.1707 c2s 65536
1783134951.1708 c2s 65536
1783134951.1712 c2s 65536
1783134951.1713 c2s 65536
1783134951.1715 c2s 65536
1783134951.1716 c2s 65536
1783134951.1720 c2s 65536
1783134951.1721 c2s 65536
1783134951.1722 c2s 65536
1783134951.1723 c2s 65536
1783134951.1726 c2s 65536
1783134951.1728 c2s 65536
1783134951.1729 c2s 65536
1783134951.1730 c2s 65536
1783134951.1733 c2s 65536
1783134951.1735 c2s 65536
1783134951.1736 c2s 65536
1783134951.1737 c2s 65536
1783134951.1740 c2s 65536
1783134951.1742 c2s 65536
1783134951.1743 c2s 65536
1783134951.1744 c2s 65536
1783134951.1748 c2s 65536
1783134951.1749 c2s 65536
1783134951.1751 c2s 65536
1783134951.1752 c2s 65536
1783134951.1755 c2s 65536
1783134951.1756 c2s 65536
1783134951.1758 c2s 65536
1783134951.1759 c2s 65536
1783134951.1763 c2s 65536
1783134951.1764 c2s 65536
1783134951.1765 c2s 65536
1783134951.1766 c2s 65536
1783134951.1770 c2s 65536
1783134951.1771 c2s 65536
1783134951.1772 c2s 65536
1783134951.1773 c2s 65536
1783134951.1777 c2s 65536
1783134951.1778 c2s 65536
1783134951.1779 c2s 65536
1783134951.1781 c2s 65536
1783134951.1784 c2s 65536
1783134951.1785 c2s 65536
1783134951.1786 c2s 65536
1783134951.1787 c2s 65536
1783134951.1790 c2s 65536
1783134951.1791 c2s 65536
1783134951.1793 c2s 65536
1783134951.1793 c2s 65536
1783134951.1796 c2s 65536
1783134951.1797 c2s 65536
1783134951.1799 c2s 65536
1783134951.1799 c2s 65536
1783134951.1803 c2s 65536
1783134951.1804 c2s 65536
1783134951.1805 c2s 65536
1783134951.1806 c2s 65536
1783134951.1809 c2s 65536
1783134951.1810 c2s 65536
1783134951.1811 c2s 65536
1783134951.1812 c2s 65536
1783134951.1815 c2s 65536
1783134951.1816 c2s 65536
1783134951.1817 c2s 65536
1783134951.1818 c2s 65536
1783134951.1821 c2s 65536
1783134951.1822 c2s 65536
1783134951.1823 c2s 65536
1783134951.1824 c2s 65536
1783134951.1827 c2s 65536
1783134951.1828 c2s 65536
1783134951.1829 c2s 65536
1783134951.1830 c2s 65536
1783134951.1833 c2s 65536
1783134951.1834 c2s 65536
1783134951.1836 c2s 65536
1783134951.1837 c2s 65536
1783134951.1840 c2s 65536
1783134951.1841 c2s 65536
1783134951.1843 c2s 65536
1783134951.1844 c2s 65536
1783134951.1847 c2s 65536
1783134951.1848 c2s 65536
1783134951.1850 c2s 65536
1783134951.1851 c2s 65536
1783134951.1854 c2s 65536
1783134951.1855 c2s 65536
1783134951.1857 c2s 65536
1783134951.1858 c2s 65536
1783134951.1861 c2s 65536
1783134951.1862 c2s 65536
1783134951.1864 c2s 65536
1783134951.1865 c2s 65536
1783134951.1869 c2s 65536
1783134951.1870 c2s 65536
1783134951.1871 c2s 65536
1783134951.1872 c2s 65536
1783134951.1876 c2s 65536
1783134951.1877 c2s 65536
1783134951.1879 c2s 65536
1783134951.1880 c2s 65536
1783134951.1883 c2s 65536
1783134951.1884 c2s 65536
1783134951.1886 c2s 65536
1783134951.1887 c2s 65536
1783134951.1890 c2s 65536
1783134951.1891 c2s 65536
1783134951.1893 c2s 65536
1783134951.1894 c2s 65536
1783134951.1898 c2s 65536
1783134951.1899 c2s 65536
1783134951.1900 c2s 65536
1783134951.1901 c2s 65536
1783134951.1905 c2s 65536
1783134951.1906 c2s 65536
1783134951.1907 c2s 65536
1783134951.1908 c2s 65536
1783134951.1912 c2s 65536
1783134951.1913 c2s 65536
1783134951.1914 c2s 65536
1783134951.1916 c2s 65536
1783134951.1919 c2s 65536
1783134951.1921 c2s 65536
1783134951.1922 c2s 65536
1783134951.1923 c2s 65536
1783134951.1926 c2s 65536
1783134951.1928 c2s 65536
1783134951.1929 c2s 65536
1783134951.1930 c2s 65536
1783134951.1934 c2s 65536
1783134951.1935 c2s 65536
1783134951.1936 c2s 65536
1783134951.1937 c2s 65536
1783134951.1941 c2s 65536
1783134951.1942 c2s 65536
1783134951.1944 c2s 65536
1783134951.1945 c2s 65536
1783134951.1948 c2s 65536
1783134951.1949 c2s 65536
1783134951.1950 c2s 65536
1783134951.1951 c2s 65536
1783134951.1956 c2s 65536
1783134951.1957 c2s 65536
1783134951.1958 c2s 65536
1783134951.1959 c2s 65536
1783134951.1963 c2s 65536
1783134951.1964 c2s 65536
1783134951.1965 c2s 65536
1783134951.1966 c2s 65536
1783134951.1969 c2s 65536
1783134951.1970 c2s 65536
1783134951.1972 c2s 65536
1783134951.1973 c2s 65536
1783134951.1976 c2s 65536
1783134951.1977 c2s 65536
1783134951.1979 c2s 65536
1783134951.1980 c2s 65536
1783134951.1983 c2s 65536
1783134951.1984 c2s 65536
1783134951.1985 c2s 65536
1783134951.1986 c2s 65536
1783134951.1989 c2s 65536
1783134951.1990 c2s 65536
1783134951.1992 c2s 65536
1783134951.1993 c2s 65536
1783134951.1996 c2s 65536
1783134951.1997 c2s 65536
1783134951.1999 c2s 65536
1783134951.2000 c2s 65536
1783134951.2003 c2s 65536
1783134951.2004 c2s 65536
1783134951.2006 c2s 65536
1783134951.2007 c2s 65536
1783134951.2010 c2s 65536
1783134951.2011 c2s 65536
1783134951.2012 c2s 65536
1783134951.2013 c2s 65536
1783134951.2016 c2s 65536
1783134951.2017 c2s 65536
1783134951.2019 c2s 65536
1783134951.2019 c2s 65536
1783134951.2023 c2s 65536
1783134951.2024 c2s 65536
1783134951.2025 c2s 65536
1783134951.2026 c2s 65536
1783134951.2029 c2s 65536
1783134951.2030 c2s 65536
1783134951.2031 c2s 65536
1783134951.2032 c2s 65536
1783134951.2036 c2s 65536
1783134951.2037 c2s 65536
1783134951.2038 c2s 65536
1783134951.2039 c2s 65536
1783134951.2042 c2s 65536
1783134951.2043 c2s 65536
1783134951.2044 c2s 65536
1783134951.2045 c2s 65536
1783134951.2048 c2s 65536
1783134951.2049 c2s 65536
1783134951.2051 c2s 65536
1783134951.2052 c2s 65536
1783134951.2054 c2s 65536
1783134951.2055 c2s 65536
1783134951.2057 c2s 65536
1783134951.2057 c2s 65536
1783134951.2061 c2s 65536
1783134951.2062 c2s 65536
1783134951.2063 c2s 65536
1783134951.2064 c2s 65536
1783134951.2068 c2s 65536
1783134951.2069 c2s 65536
1783134951.2070 c2s 65536
1783134951.2071 c2s 65536
1783134951.2074 c2s 65536
1783134951.2075 c2s 65536
1783134951.2076 c2s 65536
1783134951.2077 c2s 65536
1783134951.2080 c2s 65536
1783134951.2081 c2s 65536
1783134951.2082 c2s 65536
1783134951.2083 c2s 65536
1783134951.2086 c2s 65536
1783134951.2087 c2s 65536
1783134951.2088 c2s 65536
1783134951.2089 c2s 65536
1783134951.2092 c2s 65536
1783134951.2093 c2s 65536
1783134951.2094 c2s 65536
1783134951.2095 c2s 65536
1783134951.2098 c2s 65536
1783134951.2099 c2s 65536
1783134951.2101 c2s 65536
1783134951.2102 c2s 65536
1783134951.2105 c2s 65536
1783134951.2106 c2s 65536
1783134951.2107 c2s 65536
1783134951.2108 c2s 65536
1783134951.2111 c2s 65536
1783134951.2111 c2s 65536
1783134951.2113 c2s 65536
1783134951.2114 c2s 65536
1783134951.2117 c2s 65536
1783134951.2118 c2s 65536
1783134951.2119 c2s 65536
1783134951.2120 c2s 65536
1783134951.2123 c2s 65536
1783134951.2124 c2s 65536
1783134951.2126 c2s 65536
1783134951.2126 c2s 65536
1783134951.2129 c2s 65536
1783134951.2130 c2s 65536
1783134951.2132 c2s 65536
1783134951.2132 c2s 65536
1783134951.2135 c2s 65536
1783134951.2136 c2s 65536
1783134951.2138 c2s 65536
1783134951.2139 c2s 65536
1783134951.2142 c2s 65536
1783134951.2143 c2s 65536
1783134951.2144 c2s 65536
1783134951.2145 c2s 65536
1783134951.2148 c2s 65536
1783134951.2149 c2s 65536
1783134951.2150 c2s 65536
1783134951.2151 c2s 65536
1783134951.2154 c2s 65536
1783134951.2155 c2s 65536
1783134951.2156 c2s 65536
1783134951.2157 c2s 65536
1783134951.2160 c2s 65536
1783134951.2161 c2s 65536
1783134951.2162 c2s 65536
1783134951.2163 c2s 65536
1783134951.2166 c2s 65536
1783134951.2167 c2s 65536
1783134951.2168 c2s 65536
1783134951.2169 c2s 65536
1783134951.2172 c2s 65536
1783134951.2173 c2s 65536
1783134951.2174 c2s 65536
1783134951.2175 c2s 65536
1783134951.2178 c2s 65536
1783134951.2179 c2s 65536
1783134951.2181 c2s 65536
1783134951.2181 c2s 65536
1783134951.2184 c2s 65536
1783134951.2185 c2s 65536
1783134951.2187 c2s 65536
1783134951.2188 c2s 65536
1783134951.2190 c2s 65536
1783134951.2191 c2s 65536
1783134951.2192 c2s 65536
1783134951.2193 c2s 65536
1783134951.2197 c2s 65536
1783134951.2198 c2s 65536
1783134951.2199 c2s 65536
1783134951.2200 c2s 65536
1783134951.2203 c2s 65536
1783134951.2204 c2s 65536
1783134951.2205 c2s 65536
1783134951.2206 c2s 65536
1783134951.2209 c2s 65536
1783134951.2210 c2s 65536
1783134951.2211 c2s 65536
1783134951.2212 c2s 65536
1783134951.2215 c2s 65536
1783134951.2217 c2s 65536
1783134951.2218 c2s 65536
1783134951.2219 c2s 65536
1783134951.2222 c2s 65536
1783134951.2223 c2s 65536
1783134951.2224 c2s 65536
1783134951.2225 c2s 65536
1783134951.2228 c2s 65536
1783134951.2229 c2s 65536
1783134951.2230 c2s 65536
1783134951.2231 c2s 65536
1783134951.2234 c2s 65536
1783134951.2236 c2s 65536
1783134951.2237 c2s 65536
1783134951.2238 c2s 65536
1783134951.2241 c2s 65536
1783134951.2242 c2s 65536
1783134951.2243 c2s 65536
1783134951.2244 c2s 65536
1783134951.2247 c2s 65536
1783134951.2248 c2s 65536
1783134951.2249 c2s 65536
1783134951.2250 c2s 65536
1783134951.2253 c2s 65536
1783134951.2254 c2s 65536
1783134951.2255 c2s 65536
1783134951.2256 c2s 65536
1783134951.2259 c2s 65536
1783134951.2260 c2s 65536
1783134951.2261 c2s 65536
1783134951.2262 c2s 65536
1783134951.2265 c2s 65536
1783134951.2266 c2s 65536
1783134951.2267 c2s 65536
1783134951.2268 c2s 65536
1783134951.2271 c2s 65536
1783134951.2272 c2s 65536
1783134951.2273 c2s 65536
1783134951.2274 c2s 65536
1783134951.2277 c2s 65536
1783134951.2278 c2s 65536
1783134951.2280 c2s 65536
1783134951.2280 c2s 65536
1783134951.2283 c2s 65536
1783134951.2284 c2s 65536
1783134951.2285 c2s 65536
1783134951.2286 c2s 65536
1783134951.2289 c2s 65536
1783134951.2290 c2s 65536
1783134951.2292 c2s 65536
1783134951.2293 c2s 65536
1783134951.2296 c2s 65536
1783134951.2297 c2s 65536
1783134951.2298 c2s 65536
1783134951.2299 c2s 65536
1783134951.2302 c2s 65536
1783134951.2303 c2s 65536
1783134951.2304 c2s 65536
1783134951.2305 c2s 65536
1783134951.2307 c2s 65536
1783134951.2308 c2s 65536
1783134951.2309 c2s 65536
1783134951.2310 c2s 65536
1783134951.2313 c2s 65536
1783134951.2314 c2s 65536
1783134951.2315 c2s 65536
1783134951.2316 c2s 65536
1783134951.2319 c2s 65536
1783134951.2320 c2s 65536
1783134951.2321 c2s 65536
1783134951.2322 c2s 65536
1783134951.2325 c2s 65536
1783134951.2326 c2s 65536
1783134951.2327 c2s 65536
1783134951.2328 c2s 65536
1783134951.2330 c2s 65536
1783134951.2331 c2s 65536
1783134951.2333 c2s 65536
1783134951.2333 c2s 65536
1783134951.2336 c2s 65536
1783134951.2337 c2s 65536
1783134951.2338 c2s 65536
1783134951.2339 c2s 65536
1783134951.2342 c2s 65536
1783134951.2342 c2s 65536
1783134951.2344 c2s 65536
1783134951.2345 c2s 65536
1783134951.2347 c2s 65536
1783134951.2348 c2s 65536
1783134951.2349 c2s 65536
1783134951.2350 c2s 65536
1783134951.2353 c2s 65536
1783134951.2354 c2s 65536
1783134951.2356 c2s 65536
1783134951.2357 c2s 65536
1783134951.2359 c2s 65536
1783134951.2360 c2s 65536
1783134951.2362 c2s 65536
1783134951.2362 c2s 65536
1783134951.2365 c2s 65536
1783134951.2366 c2s 65536
1783134951.2367 c2s 65536
1783134951.2368 c2s 65536
1783134951.2371 c2s 65536
1783134951.2372 c2s 65536
1783134951.2373 c2s 65536
1783134951.2374 c2s 65536
1783134951.2377 c2s 65536
1783134951.2378 c2s 65536
1783134951.2379 c2s 65536
1783134951.2380 c2s 65536
1783134951.2382 c2s 65536
1783134951.2383 c2s 65536
1783134951.2384 c2s 65536
1783134951.2385 c2s 65536
1783134951.2388 c2s 65536
1783134951.2389 c2s 65536
1783134951.2390 c2s 65536
1783134951.2391 c2s 65536
1783134951.2393 c2s 65536
1783134951.2395 c2s 65536
1783134951.2396 c2s 65536
1783134951.2397 c2s 65536
1783134951.2400 c2s 65536
1783134951.2401 c2s 65536
1783134951.2402 c2s 65536
1783134951.2403 c2s 65536
1783134951.2405 c2s 65536
1783134951.2406 c2s 65536
1783134951.2408 c2s 65536
1783134951.2408 c2s 65536
1783134951.2411 c2s 65536
1783134951.2412 c2s 65536
1783134951.2413 c2s 65536
1783134951.2414 c2s 65536
1783134951.2417 c2s 65536
1783134951.2418 c2s 65536
1783134951.2419 c2s 65536
1783134951.2420 c2s 65536
1783134951.2422 c2s 65536
1783134951.2423 c2s 49509
1783134951.3259 c2s 321
1783134951.3265 s2c 9
1783134951.3384 c2s 65492
1783134951.3387 c2s 65536
1783134951.3389 c2s 65536
1783134951.3390 c2s 65536
1783134951.3391 c2s 65536
1783134951.3395 c2s 65536
1783134951.3396 c2s 65536
1783134951.3397 c2s 65536
1783134951.3398 c2s 65536
1783134951.3401 c2s 65536
1783134951.3402 c2s 65536
1783134951.3403 c2s 65536
1783134951.3404 c2s 65536
1783134951.3407 c2s 65536
1783134951.3408 c2s 65536
1783134951.3409 c2s 65536
1783134951.3410 c2s 65536
1783134951.3413 c2s 65536
1783134951.3414 c2s 65536
1783134951.3415 c2s 65536
1783134951.3416 c2s 65536
1783134951.3419 c2s 65536
1783134951.3420 c2s 65536
1783134951.3421 c2s 65536
1783134951.3422 c2s 65536
1783134951.3425 c2s 65536
1783134951.3426 c2s 65536
1783134951.3427 c2s 65536
1783134951.3428 c2s 65536
1783134951.3431 c2s 65536
1783134951.3432 c2s 65536
1783134951.3433 c2s 65536
1783134951.3434 c2s 65536
1783134951.3437 c2s 65536
1783134951.3437 c2s 65536
1783134951.3438 c2s 65536
1783134951.3439 c2s 65536
1783134951.3442 c2s 65536
1783134951.3443 c2s 65536
1783134951.3444 c2s 65536
1783134951.3444 c2s 65536
1783134951.3447 c2s 65536
1783134951.3448 c2s 65536
1783134951.3449 c2s 65536
1783134951.3450 c2s 65536
1783134951.3453 c2s 65536
1783134951.3453 c2s 65536
1783134951.3454 c2s 65536
1783134951.3455 c2s 65536
1783134951.3458 c2s 65536
1783134951.3459 c2s 65536
1783134951.3460 c2s 65536
1783134951.3461 c2s 65536
1783134951.3464 c2s 65536
1783134951.3465 c2s 65536
1783134951.3467 c2s 65536
1783134951.3468 c2s 65536
1783134951.3471 c2s 65536
1783134951.3472 c2s 65536
1783134951.3473 c2s 65536
1783134951.3474 c2s 65536
1783134951.3478 c2s 65536
1783134951.3479 c2s 65536
1783134951.3480 c2s 65536
1783134951.3481 c2s 65536
1783134951.3484 c2s 65536
1783134951.3485 c2s 65536
1783134951.3487 c2s 65536
1783134951.3487 c2s 65536
1783134951.3490 c2s 65536
1783134951.3491 c2s 65536
1783134951.3493 c2s 65536
1783134951.3493 c2s 65536
1783134951.3496 c2s 65536
1783134951.3497 c2s 65536
1783134951.3499 c2s 65536
1783134951.3500 c2s 65536
1783134951.3503 c2s 65536
1783134951.3504 c2s 65536
1783134951.3505 c2s 65536
1783134951.3506 c2s 65536
1783134951.3509 c2s 65536
1783134951.3510 c2s 65536
1783134951.3511 c2s 65536
1783134951.3512 c2s 65536
1783134951.3515 c2s 65536
1783134951.3516 c2s 65536
1783134951.3518 c2s 65536
1783134951.3518 c2s 65536
1783134951.3521 c2s 65536
1783134951.3522 c2s 65536
1783134951.3524 c2s 65536
1783134951.3524 c2s 65536
1783134951.3528 c2s 65536
1783134951.3528 c2s 65536
1783134951.3530 c2s 65536
1783134951.3531 c2s 65536
1783134951.3534 c2s 65536
1783134951.3535 c2s 65536
1783134951.3536 c2s 65536
1783134951.3537 c2s 65536
1783134951.3540 c2s 65536
1783134951.3541 c2s 65536
1783134951.3542 c2s 65536
1783134951.3543 c2s 65536
1783134951.3546 c2s 65536
1783134951.3547 c2s 65536
1783134951.3548 c2s 65536
1783134951.3549 c2s 65536
1783134951.3552 c2s 65536
1783134951.3553 c2s 65536
1783134951.3554 c2s 65536
1783134951.3555 c2s 65536
1783134951.3559 c2s 65536
1783134951.3560 c2s 65536
1783134951.3561 c2s 65536
1783134951.3562 c2s 65536
1783134951.3565 c2s 65536
1783134951.3566 c2s 65536
1783134951.3567 c2s 65536
1783134951.3568 c2s 65536
1783134951.3570 c2s 65536
1783134951.3571 c2s 65536
1783134951.3573 c2s 65536
1783134951.3573 c2s 65536
1783134951.3577 c2s 65536
1783134951.3578 c2s 65536
1783134951.3579 c2s 65536
1783134951.3580 c2s 65536
1783134951.3583 c2s 65536
1783134951.3584 c2s 65536
1783134951.3585 c2s 65536
1783134951.3586 c2s 65536
1783134951.3589 c2s 65536
1783134951.3590 c2s 65536
1783134951.3591 c2s 65536
1783134951.3592 c2s 65536
1783134951.3595 c2s 65536
1783134951.3596 c2s 65536
1783134951.3598 c2s 65536
1783134951.3598 c2s 65536
1783134951.3602 c2s 65536
1783134951.3603 c2s 65536
1783134951.3604 c2s 65536
1783134951.3605 c2s 65536
1783134951.3608 c2s 65536
1783134951.3609 c2s 65536
1783134951.3610 c2s 65536
1783134951.3611 c2s 65536
1783134951.3614 c2s 65536
1783134951.3615 c2s 65536
1783134951.3616 c2s 65536
1783134951.3617 c2s 65536
1783134951.3620 c2s 65536
1783134951.3621 c2s 65536
1783134951.3622 c2s 65536
1783134951.3623 c2s 65536
1783134951.3626 c2s 65536
1783134951.3627 c2s 65536
1783134951.3628 c2s 65536
1783134951.3629 c2s 65536
1783134951.3632 c2s 65536
1783134951.3633 c2s 65536
1783134951.3634 c2s 65536
1783134951.3635 c2s 65536
1783134951.3639 c2s 65536
1783134951.3640 c2s 65536
1783134951.3641 c2s 65536
1783134951.3642 c2s 65536
1783134951.3645 c2s 65536
1783134951.3646 c2s 65536
1783134951.3647 c2s 65536
1783134951.3648 c2s 65536
1783134951.3651 c2s 65536
1783134951.3652 c2s 65536
1783134951.3653 c2s 65536
1783134951.3654 c2s 65536
1783134951.3657 c2s 65536
1783134951.3658 c2s 65536
1783134951.3659 c2s 65536
1783134951.3660 c2s 65536
1783134951.3663 c2s 65536
1783134951.3664 c2s 65536
1783134951.3665 c2s 65536
1783134951.3666 c2s 65536
1783134951.3669 c2s 65536
1783134951.3670 c2s 65536
1783134951.3671 c2s 65536
1783134951.3672 c2s 65536
1783134951.3675 c2s 65536
1783134951.3676 c2s 65536
1783134951.3678 c2s 65536
1783134951.3678 c2s 65536
1783134951.3681 c2s 65536
1783134951.3682 c2s 65536
1783134951.3684 c2s 65536
1783134951.3684 c2s 65536
1783134951.3687 c2s 65536
1783134951.3688 c2s 65536
1783134951.3690 c2s 65536
1783134951.3691 c2s 65536
1783134951.3694 c2s 65536
1783134951.3695 c2s 65536
1783134951.3696 c2s 65536
1783134951.3697 c2s 65536
1783134951.3700 c2s 65536
1783134951.3701 c2s 65536
1783134951.3702 c2s 65536
1783134951.3703 c2s 65536
1783134951.3706 c2s 65536
1783134951.3707 c2s 65536
1783134951.3708 c2s 65536
1783134951.3709 c2s 65536
1783134951.3712 c2s 65536
1783134951.3713 c2s 65536
1783134951.3714 c2s 65536
1783134951.3715 c2s 65536
1783134951.3718 c2s 65536
1783134951.3719 c2s 65536
1783134951.3720 c2s 65536
1783134951.3721 c2s 65536
1783134951.3724 c2s 65536
1783134951.3726 c2s 65536
1783134951.3727 c2s 65536
1783134951.3728 c2s 65536
1783134951.3731 c2s 65536
1783134951.3732 c2s 65536
1783134951.3733 c2s 65536
1783134951.3734 c2s 65536
1783134951.3737 c2s 65536
1783134951.3738 c2s 65536
1783134951.3740 c2s 65536
1783134951.3741 c2s 65536
1783134951.3743 c2s 65536
1783134951.3744 c2s 65536
1783134951.3746 c2s 65536
1783134951.3747 c2s 65536
1783134951.3749 c2s 65536
1783134951.3750 c2s 65536
1783134951.3752 c2s 65536
1783134951.3752 c2s 65536
1783134951.3756 c2s 65536
1783134951.3757 c2s 65536
1783134951.3758 c2s 65536
1783134951.3759 c2s 65536
1783134951.3762 c2s 65536
1783134951.3763 c2s 65536
1783134951.3765 c2s 65536
1783134951.3765 c2s 65536
1783134951.3768 c2s 65536
1783134951.3769 c2s 65536
1783134951.3770 c2s 65536
1783134951.3771 c2s 65536
1783134951.3774 c2s 65536
1783134951.3775 c2s 65536
1783134951.3777 c2s 65536
1783134951.3778 c2s 65536
1783134951.3781 c2s 65536
1783134951.3781 c2s 65536
1783134951.3783 c2s 65536
1783134951.3784 c2s 65536
1783134951.3787 c2s 65536
1783134951.3788 c2s 65536
1783134951.3789 c2s 65536
1783134951.3790 c2s 65536
1783134951.3793 c2s 65536
1783134951.3794 c2s 65536
1783134951.3795 c2s 65536
1783134951.3796 c2s 65536
1783134951.3799 c2s 65536
1783134951.3800 c2s 65536
1783134951.3802 c2s 65536
1783134951.3802 c2s 65536
1783134951.3805 c2s 65536
1783134951.3806 c2s 65536
1783134951.3808 c2s 65536
1783134951.3808 c2s 65536
1783134951.3812 c2s 65536
1783134951.3813 c2s 65536
1783134951.3814 c2s 65536
1783134951.3815 c2s 65536
1783134951.3818 c2s 65536
1783134951.3819 c2s 65536
1783134951.3820 c2s 65536
1783134951.3821 c2s 65536
1783134951.3823 c2s 65536
1783134951.3824 c2s 65536
1783134951.3826 c2s 65536
1783134951.3827 c2s 65536
1783134951.3830 c2s 65536
1783134951.3831 c2s 65536
1783134951.3832 c2s 65536
1783134951.3833 c2s 65536
1783134951.3836 c2s 65536
1783134951.3837 c2s 65536
1783134951.3838 c2s 65536
1783134951.3839 c2s 65536
1783134951.3842 c2s 65536
1783134951.3843 c2s 65536
1783134951.3844 c2s 65536
1783134951.3845 c2s 65536
1783134951.3848 c2s 65536
1783134951.3849 c2s 65536
1783134951.3850 c2s 65536
1783134951.3851 c2s 65536
1783134951.3854 c2s 65536
1783134951.3855 c2s 65536
1783134951.3856 c2s 65536
1783134951.3857 c2s 65536
1783134951.3860 c2s 65536
1783134951.3861 c2s 65536
1783134951.3862 c2s 65536
1783134951.3863 c2s 65536
1783134951.3866 c2s 65536
1783134951.3867 c2s 65536
1783134951.3869 c2s 65536
1783134951.3869 c2s 65536
1783134951.3873 c2s 65536
1783134951.3873 c2s 65536
1783134951.3875 c2s 65536
1783134951.3876 c2s 65536
1783134951.3879 c2s 65536
1783134951.3880 c2s 65536
1783134951.3881 c2s 65536
1783134951.3882 c2s 65536
1783134951.3885 c2s 65536
1783134951.3886 c2s 65536
1783134951.3888 c2s 65536
1783134951.3889 c2s 65536
1783134951.3891 c2s 65536
1783134951.3892 c2s 65536
1783134951.3893 c2s 65536
1783134951.3894 c2s 65536
1783134951.3897 c2s 65536
1783134951.3898 c2s 65536
1783134951.3899 c2s 65536
1783134951.3900 c2s 65536
1783134951.3903 c2s 65536
1783134951.3904 c2s 65536
1783134951.3905 c2s 65536
1783134951.3906 c2s 65536
1783134951.3910 c2s 65536
1783134951.3911 c2s 65536
1783134951.3912 c2s 65536
1783134951.3913 c2s 65536
1783134951.3916 c2s 65536
1783134951.3917 c2s 65536
1783134951.3918 c2s 65536
1783134951.3919 c2s 65536
1783134951.3923 c2s 65536
1783134951.3924 c2s 65536
1783134951.3925 c2s 65536
1783134951.3926 c2s 65536
1783134951.3928 c2s 65536
1783134951.3929 c2s 65536
1783134951.3931 c2s 65536
1783134951.3932 c2s 65536
1783134951.3935 c2s 65536
1783134951.3936 c2s 65536
1783134951.3937 c2s 65536
1783134951.3938 c2s 65536
1783134951.3941 c2s 65536
1783134951.3942 c2s 65536
1783134951.3943 c2s 65536
1783134951.3944 c2s 65536
1783134951.3947 c2s 65536
1783134951.3948 c2s 65536
1783134951.3949 c2s 65536
1783134951.3950 c2s 65536
1783134951.3953 c2s 65536
1783134951.3954 c2s 65536
1783134951.3956 c2s 65536
1783134951.3957 c2s 65536
1783134951.3960 c2s 65536
1783134951.3961 c2s 65536
1783134951.3962 c2s 65536
1783134951.3963 c2s 65536
1783134951.3966 c2s 65536
1783134951.3967 c2s 65536
1783134951.3969 c2s 65536
1783134951.3970 c2s 65536
1783134951.3973 c2s 65536
1783134951.3974 c2s 65536
1783134951.3975 c2s 65536
1783134951.3976 c2s 65536
1783134951.3979 c2s 65536
1783134951.3980 c2s 65536
1783134951.3981 c2s 65536
1783134951.3982 c2s 65536
1783134951.3985 c2s 65536
1783134951.3986 c2s 65536
1783134951.3987 c2s 65536
1783134951.3988 c2s 65536
1783134951.3991 c2s 65536
1783134951.3992 c2s 65536
1783134951.3993 c2s 65536
1783134951.3994 c2s 65536
1783134951.3998 c2s 65536
1783134951.3999 c2s 65536
1783134951.4000 c2s 65536
1783134951.4001 c2s 65536
1783134951.4004 c2s 65536
1783134951.4005 c2s 65536
1783134951.4006 c2s 65536
1783134951.4007 c2s 65536
1783134951.4010 c2s 65536
1783134951.4011 c2s 65536
1783134951.4012 c2s 65536
1783134951.4013 c2s 65536
1783134951.4016 c2s 65536
1783134951.4017 c2s 65536
1783134951.4019 c2s 65536
1783134951.4019 c2s 65536
1783134951.4022 c2s 65536
1783134951.4023 c2s 65536
1783134951.4025 c2s 65536
1783134951.4025 c2s 65536
1783134951.4029 c2s 65536
1783134951.4030 c2s 65536
1783134951.4031 c2s 65536
1783134951.4032 c2s 65536
1783134951.4035 c2s 65536
1783134951.4036 c2s 65536
1783134951.4037 c2s 65536
1783134951.4038 c2s 65536
1783134951.4041 c2s 65536
1783134951.4042 c2s 65536
1783134951.4043 c2s 65536
1783134951.4044 c2s 65536
1783134951.4047 c2s 65536
1783134951.4048 c2s 65536
1783134951.4050 c2s 65536
1783134951.4050 c2s 65536
1783134951.4053 c2s 65536
1783134951.4054 c2s 65536
1783134951.4056 c2s 65536
1783134951.4056 c2s 65536
1783134951.4060 c2s 65536
1783134951.4060 c2s 65536
1783134951.4062 c2s 65536
1783134951.4063 c2s 65536
1783134951.4065 c2s 65536
1783134951.4066 c2s 65536
1783134951.4068 c2s 65536
1783134951.4069 c2s 65536
1783134951.4072 c2s 65536
1783134951.4073 c2s 65536
1783134951.4074 c2s 65536
1783134951.4075 c2s 65536
1783134951.4078 c2s 65536
1783134951.4079 c2s 65536
1783134951.4081 c2s 65536
1783134951.4081 c2s 65536
1783134951.4085 c2s 65536
1783134951.4086 c2s 65536
1783134951.4087 c2s 65536
1783134951.4088 c2s 65536
1783134951.4091 c2s 65536
1783134951.4092 c2s 65536
1783134951.4093 c2s 65536
1783134951.4094 c2s 65536
1783134951.4097 c2s 65536
1783134951.4098 c2s 65536
1783134951.4100 c2s 65536
1783134951.4100 c2s 65536
1783134951.4103 c2s 65536
1783134951.4104 c2s 65536
1783134951.4105 c2s 65536
1783134951.4106 c2s 65536
1783134951.4109 c2s 65536
1783134951.4110 c2s 65536
1783134951.4111 c2s 65536
1783134951.4112 c2s 65536
1783134951.4115 c2s 65536
1783134951.4117 c2s 65536
1783134951.4118 c2s 65536
1783134951.4119 c2s 65536
1783134951.4121 c2s 65536
1783134951.4122 c2s 65536
1783134951.4124 c2s 65536
1783134951.4124 c2s 65536
1783134951.4127 c2s 65536
1783134951.4128 c2s 65536
1783134951.4130 c2s 65536
1783134951.4131 c2s 65536
1783134951.4134 c2s 65536
1783134951.4135 c2s 65536
1783134951.4136 c2s 65536
1783134951.4137 c2s 65536
1783134951.4140 c2s 65536
1783134951.4141 c2s 65536
1783134951.4142 c2s 65536
1783134951.4143 c2s 65536
1783134951.4146 c2s 65536
1783134951.4147 c2s 65536
1783134951.4148 c2s 65536
1783134951.4149 c2s 65536
1783134951.4152 c2s 65536
1783134951.4153 c2s 65536
1783134951.4154 c2s 65536
1783134951.4156 c2s 65536
1783134951.4158 c2s 65536
1783134951.4159 c2s 65536
1783134951.4161 c2s 65536
1783134951.4162 c2s 65536
1783134951.4165 c2s 65536
1783134951.4166 c2s 65536
1783134951.4167 c2s 65536
1783134951.4168 c2s 65536
1783134951.4171 c2s 65536
1783134951.4172 c2s 65536
1783134951.4173 c2s 65536
1783134951.4174 c2s 65536
1783134951.4177 c2s 65536
1783134951.4178 c2s 65536
1783134951.4179 c2s 65536
1783134951.4180 c2s 65536
1783134951.4183 c2s 65536
1783134951.4184 c2s 65536
1783134951.4185 c2s 65536
1783134951.4186 c2s 65536
1783134951.4189 c2s 65536
1783134951.4190 c2s 65536
1783134951.4192 c2s 65536
1783134951.4192 c2s 65536
1783134951.4196 c2s 65536
1783134951.4197 c2s 65536
1783134951.4198 c2s 65536
1783134951.4199 c2s 65536
1783134951.4202 c2s 65536
1783134951.4203 c2s 65536
1783134951.4205 c2s 65536
1783134951.4205 c2s 65536
1783134951.4208 c2s 65536
1783134951.4209 c2s 65536
1783134951.4211 c2s 65536
1783134951.4212 c2s 65536
1783134951.4215 c2s 65536
1783134951.4216 c2s 65536
1783134951.4217 c2s 65536
1783134951.4218 c2s 65536
1783134951.4221 c2s 65536
1783134951.4222 c2s 65536
1783134951.4223 c2s 65536
1783134951.4224 c2s 65536
1783134951.4227 c2s 65536
1783134951.4228 c2s 65536
1783134951.4230 c2s 65536
1783134951.4231 c2s 65536
1783134951.4234 c2s 65536
1783134951.4236 c2s 65536
1783134951.4237 c2s 65536
1783134951.4238 c2s 65536
1783134951.4241 c2s 65536
1783134951.4242 c2s 65536
1783134951.4243 c2s 65536
1783134951.4244 c2s 65536
1783134951.4247 c2s 65536
1783134951.4248 c2s 65536
1783134951.4250 c2s 65536
1783134951.4251 c2s 65536
1783134951.4253 c2s 65536
1783134951.4254 c2s 65536
1783134951.4256 c2s 65536
1783134951.4257 c2s 65536
1783134951.4260 c2s 65536
1783134951.4260 c2s 65536
1783134951.4264 c2s 65536
1783134951.4265 c2s 65536
1783134951.4269 c2s 65536
1783134951.4270 c2s 65536
1783134951.4271 c2s 65536
1783134951.4272 c2s 65536
1783134951.4275 c2s 65536
1783134951.4276 c2s 65536
1783134951.4278 c2s 65536
1783134951.4279 c2s 65536
1783134951.4281 c2s 65536
1783134951.4282 c2s 65536
1783134951.4284 c2s 65536
1783134951.4285 c2s 65536
1783134951.4287 c2s 65536
1783134951.4288 c2s 65536
1783134951.4290 c2s 65536
1783134951.4291 c2s 65536
1783134951.4294 c2s 65536
1783134951.4295 c2s 65536
1783134951.4296 c2s 65536
1783134951.4297 c2s 65536
1783134951.4300 c2s 65536
1783134951.4301 c2s 65536
1783134951.4302 c2s 65536
1783134951.4303 c2s 65536
1783134951.4306 c2s 65536
1783134951.4307 c2s 65536
1783134951.4308 c2s 65536
1783134951.4309 c2s 65536
1783134951.4312 c2s 65536
1783134951.4313 c2s 65536
1783134951.4314 c2s 65536
1783134951.4316 c2s 65536
1783134951.4319 c2s 65536
1783134951.4320 c2s 65536
1783134951.4321 c2s 65536
1783134951.4322 c2s 65536
1783134951.4325 c2s 65536
1783134951.4326 c2s 65536
1783134951.4327 c2s 65536
1783134951.4328 c2s 65536
1783134951.4331 c2s 65536
1783134951.4332 c2s 65536
1783134951.4334 c2s 65536
1783134951.4334 c2s 65536
1783134951.4337 c2s 65536
1783134951.4338 c2s 65536
1783134951.4339 c2s 65536
1783134951.4340 c2s 65536
1783134951.4343 c2s 65536
1783134951.4343 c2s 65536
1783134951.4344 c2s 65536
1783134951.4345 c2s 65536
1783134951.4348 c2s 65536
1783134951.4349 c2s 65536
1783134951.4350 c2s 65536
1783134951.4350 c2s 65536
1783134951.4354 c2s 65536
1783134951.4354 c2s 65536
1783134951.4355 c2s 65536
1783134951.4356 c2s 65536
1783134951.4359 c2s 65536
1783134951.4360 c2s 65536
1783134951.4361 c2s 65536
1783134951.4362 c2s 65536
1783134951.4365 c2s 65536
1783134951.4365 c2s 65536
1783134951.4366 c2s 65536
1783134951.4367 c2s 65536
1783134951.4370 c2s 65536
1783134951.4371 c2s 65536
1783134951.4372 c2s 65536
1783134951.4372 c2s 65536
1783134951.4377 c2s 65536
1783134951.4378 c2s 65536
1783134951.4379 c2s 65536
1783134951.4380 c2s 65536
1783134951.4383 c2s 65536
1783134951.4384 c2s 65536
1783134951.4386 c2s 65536
1783134951.4387 c2s 65536
1783134951.4390 c2s 65536
1783134951.4391 c2s 65536
1783134951.4392 c2s 65536
1783134951.4393 c2s 65536
1783134951.4396 c2s 65536
1783134951.4398 c2s 65536
1783134951.4399 c2s 65536
1783134951.4400 c2s 65536
1783134951.4403 c2s 65536
1783134951.4404 c2s 65536
1783134951.4405 c2s 65536
1783134951.4406 c2s 65536
1783134951.4409 c2s 65536
1783134951.4410 c2s 65536
1783134951.4412 c2s 65536
1783134951.4413 c2s 65536
1783134951.4416 c2s 65536
1783134951.4417 c2s 65536
1783134951.4418 c2s 65536
1783134951.4419 c2s 65536
1783134951.4422 c2s 65536
1783134951.4423 c2s 65536
1783134951.4424 c2s 65536
1783134951.4425 c2s 65536
1783134951.4428 c2s 65536
1783134951.4429 c2s 65536
1783134951.4430 c2s 65536
1783134951.4431 c2s 65536
1783134951.4434 c2s 65536
1783134951.4436 c2s 65536
1783134951.4437 c2s 65536
1783134951.4438 c2s 65536
1783134951.4441 c2s 65536
1783134951.4442 c2s 65536
1783134951.4443 c2s 65536
1783134951.4444 c2s 65536
1783134951.4447 c2s 65536
1783134951.4448 c2s 65536
1783134951.4449 c2s 65536
1783134951.4450 c2s 65536
1783134951.4453 c2s 65536
1783134951.4454 c2s 65536
1783134951.4455 c2s 65536
1783134951.4456 c2s 65536
1783134951.4459 c2s 65536
1783134951.4461 c2s 65536
1783134951.4462 c2s 65536
1783134951.4463 c2s 65536
1783134951.4466 c2s 65536
1783134951.4467 c2s 65536
1783134951.4468 c2s 65536
1783134951.4469 c2s 65536
1783134951.4472 c2s 65536
1783134951.4473 c2s 65536
1783134951.4474 c2s 65536
1783134951.4475 c2s 65536
1783134951.4479 c2s 65536
1783134951.4479 c2s 65536
1783134951.4481 c2s 65536
1783134951.4482 c2s 65536
1783134951.4485 c2s 65536
1783134951.4486 c2s 65536
1783134951.4487 c2s 65536
1783134951.4488 c2s 65536
1783134951.4491 c2s 65536
1783134951.4492 c2s 65536
1783134951.4493 c2s 65536
1783134951.4494 c2s 65536
1783134951.4497 c2s 65536
1783134951.4498 c2s 65536
1783134951.4499 c2s 65536
1783134951.4500 c2s 65536
1783134951.4503 c2s 65536
1783134951.4504 c2s 65536
1783134951.4506 c2s 65536
1783134951.4506 c2s 65536
1783134951.4509 c2s 65536
1783134951.4510 c2s 65536
1783134951.4511 c2s 65536
1783134951.4512 c2s 65536
1783134951.4516 c2s 65536
1783134951.4517 c2s 65536
1783134951.4518 c2s 65536
1783134951.4519 c2s 65536
1783134951.4522 c2s 65536
1783134951.4523 c2s 65536
1783134951.4524 c2s 65536
1783134951.4525 c2s 65536
1783134951.4528 c2s 65536
1783134951.4529 c2s 65536
1783134951.4530 c2s 65536
1783134951.4531 c2s 65536
1783134951.4534 c2s 65536
1783134951.4535 c2s 65536
1783134951.4536 c2s 65536
1783134951.4537 c2s 65536
1783134951.4540 c2s 65536
1783134951.4541 c2s 65536
1783134951.4542 c2s 65536
1783134951.4543 c2s 65536
1783134951.4546 c2s 65536
1783134951.4547 c2s 65536
1783134951.4548 c2s 65536
1783134951.4549 c2s 65536
1783134951.4552 c2s 65536
1783134951.4553 c2s 65536
1783134951.4554 c2s 65536
1783134951.4555 c2s 65536
1783134951.4558 c2s 65536
1783134951.4559 c2s 65536
1783134951.4560 c2s 65536
1783134951.4561 c2s 65536
1783134951.4564 c2s 65536
1783134951.4565 c2s 65536
1783134951.4566 c2s 65536
1783134951.4567 c2s 65536
1783134951.4570 c2s 65536
1783134951.4571 c2s 65536
1783134951.4572 c2s 65536
1783134951.4573 c2s 65536
1783134951.4575 c2s 65536
1783134951.4576 c2s 65536
1783134951.4577 c2s 65536
1783134951.4578 c2s 65536
1783134951.4581 c2s 65536
1783134951.4582 c2s 65536
1783134951.4583 c2s 65536
1783134951.4584 c2s 65536
1783134951.4587 c2s 65536
1783134951.4588 c2s 65536
1783134951.4589 c2s 65536
1783134951.4590 c2s 65536
1783134951.4592 c2s 65536
1783134951.4593 c2s 65536
1783134951.4595 c2s 65536
1783134951.4596 c2s 65536
1783134951.4598 c2s 65536
1783134951.4599 c2s 65536
1783134951.4600 c2s 65536
1783134951.4601 c2s 65536
1783134951.4604 c2s 65536
1783134951.4605 c2s 65536
1783134951.4606 c2s 65536
1783134951.4607 c2s 65536
1783134951.4610 c2s 65536
1783134951.4611 c2s 65536
1783134951.4612 c2s 65536
1783134951.4613 c2s 65536
1783134951.4615 c2s 65536
1783134951.4616 c2s 65536
1783134951.4617 c2s 65536
1783134951.4618 c2s 65536
1783134951.4621 c2s 65536
1783134951.4622 c2s 65536
1783134951.4623 c2s 65536
1783134951.4624 c2s 65536
1783134951.4626 c2s 65536
1783134951.4627 c2s 65536
1783134951.4629 c2s 65536
1783134951.4629 c2s 65536
1783134951.4632 c2s 65536
1783134951.4633 c2s 65536
1783134951.4634 c2s 65536
1783134951.4636 c2s 65536
1783134951.4638 c2s 65536
1783134951.4639 c2s 65536
1783134951.4640 c2s 65536
1783134951.4641 c2s 65536
1783134951.4644 c2s 65536
1783134951.4645 c2s 65536
1783134951.4646 c2s 65536
1783134951.4647 c2s 65536
1783134951.4650 c2s 65536
1783134951.4651 c2s 65536
1783134951.4652 c2s 65536
1783134951.4653 c2s 65536
1783134951.4655 c2s 65536
1783134951.4656 c2s 65536
1783134951.4658 c2s 65536
1783134951.4659 c2s 65536
1783134951.4661 c2s 65536
1783134951.4662 c2s 65536
1783134951.4663 c2s 65536
1783134951.4664 c2s 65536
1783134951.4667 c2s 65536
1783134951.4668 c2s 65536
1783134951.4669 c2s 33894
1783134951.5607 c2s 321
1783134951.5613 s2c 9
1783134951.5772 c2s 65492
1783134951.5777 c2s 65536
1783134951.5778 c2s 65536
1783134951.5781 c2s 65536
1783134951.5782 c2s 65536
1783134951.5786 c2s 65536
1783134951.5788 c2s 65536
1783134951.5790 c2s 65536
1783134951.5792 c2s 65536
1783134951.5797 c2s 65536
1783134951.5799 c2s 65536
1783134951.5801 c2s 65536
1783134951.5802 c2s 65536
1783134951.5807 c2s 65536
1783134951.5809 c2s 65536
1783134951.5810 c2s 65536
1783134951.5811 c2s 65536
1783134951.5815 c2s 65536
1783134951.5817 c2s 65536
1783134951.5818 c2s 65536
1783134951.5820 c2s 65536
1783134951.5824 c2s 65536
1783134951.5825 c2s 65536
1783134951.5826 c2s 65536
1783134951.5827 c2s 65536
1783134951.5831 c2s 65536
1783134951.5832 c2s 65536
1783134951.5833 c2s 65536
1783134951.5834 c2s 65536
1783134951.5838 c2s 65536
1783134951.5839 c2s 65536
1783134951.5840 c2s 65536
1783134951.5841 c2s 65536
1783134951.5844 c2s 65536
1783134951.5845 c2s 65536
1783134951.5846 c2s 65536
1783134951.5847 c2s 65536
1783134951.5850 c2s 65536
1783134951.5851 c2s 65536
1783134951.5852 c2s 65536
1783134951.5853 c2s 65536
1783134951.5857 c2s 65536
1783134951.5858 c2s 65536
1783134951.5859 c2s 65536
1783134951.5859 c2s 65536
1783134951.5863 c2s 65536
1783134951.5863 c2s 65536
1783134951.5864 c2s 65536
1783134951.5865 c2s 65536
1783134951.5868 c2s 65536
1783134951.5869 c2s 65536
1783134951.5870 c2s 65536
1783134951.5871 c2s 65536
1783134951.5874 c2s 65536
1783134951.5874 c2s 65536
1783134951.5876 c2s 65536
1783134951.5876 c2s 65536
1783134951.5879 c2s 65536
1783134951.5883 c2s 65536
1783134951.5885 c2s 65536
1783134951.5885 c2s 65536
1783134951.5889 c2s 65536
1783134951.5891 c2s 65536
1783134951.5893 c2s 65536
1783134951.5894 c2s 65536
1783134951.5897 c2s 65536
1783134951.5899 c2s 65536
1783134951.5900 c2s 65536
1783134951.5901 c2s 65536
1783134951.5904 c2s 65536
1783134951.5905 c2s 65536
1783134951.5906 c2s 65536
1783134951.5907 c2s 65536
1783134951.5910 c2s 65536
1783134951.5911 c2s 65536
1783134951.5913 c2s 65536
1783134951.5914 c2s 65536
1783134951.5918 c2s 65536
1783134951.5919 c2s 65536
1783134951.5920 c2s 65536
1783134951.5921 c2s 65536
1783134951.5925 c2s 65536
1783134951.5926 c2s 65536
1783134951.5927 c2s 65536
1783134951.5928 c2s 65536
1783134951.5932 c2s 65536
1783134951.5933 c2s 65536
1783134951.5934 c2s 65536
1783134951.5935 c2s 65536
1783134951.5939 c2s 65536
1783134951.5940 c2s 65536
1783134951.5941 c2s 65536
1783134951.5942 c2s 65536
1783134951.5945 c2s 65536
1783134951.5946 c2s 65536
1783134951.5948 c2s 65536
1783134951.5949 c2s 65536
1783134951.5952 c2s 65536
1783134951.5953 c2s 65536
1783134951.5954 c2s 65536
1783134951.5955 c2s 65536
1783134951.5959 c2s 65536
1783134951.5960 c2s 65536
1783134951.5961 c2s 65536
1783134951.5962 c2s 65536
1783134951.5966 c2s 65536
1783134951.5967 c2s 65536
1783134951.5968 c2s 65536
1783134951.5969 c2s 65536
1783134951.5973 c2s 65536
1783134951.5974 c2s 65536
1783134951.5976 c2s 65536
1783134951.5977 c2s 65536
1783134951.5981 c2s 65536
1783134951.5982 c2s 65536
1783134951.5983 c2s 65536
1783134951.5984 c2s 65536
1783134951.5987 c2s 65536
1783134951.5988 c2s 65536
1783134951.5990 c2s 65536
1783134951.5991 c2s 65536
1783134951.5994 c2s 65536
1783134951.5996 c2s 65536
1783134951.5997 c2s 65536
1783134951.5998 c2s 65536
1783134951.6001 c2s 65536
1783134951.6002 c2s 65536
1783134951.6004 c2s 65536
1783134951.6005 c2s 65536
1783134951.6008 c2s 65536
1783134951.6009 c2s 65536
1783134951.6011 c2s 65536
1783134951.6012 c2s 65536
1783134951.6015 c2s 65536
1783134951.6016 c2s 65536
1783134951.6017 c2s 65536
1783134951.6018 c2s 65536
1783134951.6022 c2s 65536
1783134951.6023 c2s 65536
1783134951.6025 c2s 65536
1783134951.6026 c2s 65536
1783134951.6029 c2s 65536
1783134951.6030 c2s 65536
1783134951.6031 c2s 65536
1783134951.6032 c2s 65536
1783134951.6036 c2s 65536
1783134951.6037 c2s 65536
1783134951.6038 c2s 65536
1783134951.6039 c2s 65536
1783134951.6042 c2s 65536
1783134951.6043 c2s 65536
1783134951.6045 c2s 65536
1783134951.6045 c2s 65536
1783134951.6049 c2s 65536
1783134951.6050 c2s 65536
1783134951.6051 c2s 65536
1783134951.6052 c2s 65536
1783134951.6055 c2s 65536
1783134951.6057 c2s 65536
1783134951.6059 c2s 65536
1783134951.6060 c2s 65536
1783134951.6063 c2s 65536
1783134951.6064 c2s 65536
1783134951.6066 c2s 65536
1783134951.6067 c2s 65536
1783134951.6070 c2s 65536
1783134951.6071 c2s 65536
1783134951.6072 c2s 65536
1783134951.6073 c2s 65536
1783134951.6077 c2s 65536
1783134951.6078 c2s 65536
1783134951.6079 c2s 65536
1783134951.6081 c2s 65536
1783134951.6084 c2s 65536
1783134951.6085 c2s 65536
1783134951.6087 c2s 65536
1783134951.6088 c2s 65536
1783134951.6091 c2s 65536
1783134951.6092 c2s 65536
1783134951.6093 c2s 65536
1783134951.6094 c2s 65536
1783134951.6098 c2s 65536
1783134951.6099 c2s 65536
1783134951.6101 c2s 65536
1783134951.6102 c2s 65536
1783134951.6105 c2s 65536
1783134951.6106 c2s 65536
1783134951.6108 c2s 65536
1783134951.6109 c2s 65536
1783134951.6112 c2s 65536
1783134951.6113 c2s 65536
1783134951.6115 c2s 65536
1783134951.6116 c2s 65536
1783134951.6119 c2s 65536
1783134951.6120 c2s 65536
1783134951.6122 c2s 65536
1783134951.6123 c2s 65536
1783134951.6126 c2s 65536
1783134951.6127 c2s 65536
1783134951.6128 c2s 65536
1783134951.6129 c2s 65536
1783134951.6132 c2s 65536
1783134951.6133 c2s 65536
1783134951.6135 c2s 65536
1783134951.6136 c2s 65536
1783134951.6139 c2s 65536
1783134951.6140 c2s 65536
1783134951.6142 c2s 65536
1783134951.6143 c2s 65536
1783134951.6146 c2s 65536
1783134951.6147 c2s 65536
1783134951.6149 c2s 65536
1783134951.6150 c2s 65536
1783134951.6153 c2s 65536
1783134951.6154 c2s 65536
1783134951.6156 c2s 65536
1783134951.6157 c2s 65536
1783134951.6160 c2s 65536
1783134951.6161 c2s 65536
1783134951.6162 c2s 65536
1783134951.6163 c2s 65536
1783134951.6166 c2s 65536
1783134951.6167 c2s 65536
1783134951.6168 c2s 65536
1783134951.6169 c2s 65536
1783134951.6172 c2s 65536
1783134951.6173 c2s 65536
1783134951.6174 c2s 65536
1783134951.6175 c2s 65536
1783134951.6178 c2s 65536
1783134951.6180 c2s 65536
1783134951.6181 c2s 65536
1783134951.6182 c2s 65536
1783134951.6186 c2s 65536
1783134951.6187 c2s 65536
1783134951.6189 c2s 65536
1783134951.6189 c2s 65536
1783134951.6193 c2s 65536
1783134951.6194 c2s 65536
1783134951.6195 c2s 65536
1783134951.6196 c2s 65536
1783134951.6200 c2s 65536
1783134951.6201 c2s 65536
1783134951.6202 c2s 65536
1783134951.6203 c2s 65536
1783134951.6206 c2s 65536
1783134951.6207 c2s 65536
1783134951.6209 c2s 65536
1783134951.6209 c2s 65536
1783134951.6213 c2s 65536
1783134951.6214 c2s 65536
1783134951.6215 c2s 65536
1783134951.6216 c2s 65536
1783134951.6219 c2s 65536
1783134951.6220 c2s 65536
1783134951.6222 c2s 65536
1783134951.6223 c2s 65536
1783134951.6227 c2s 65536
1783134951.6228 c2s 65536
1783134951.6229 c2s 65536
1783134951.6230 c2s 65536
1783134951.6233 c2s 65536
1783134951.6235 c2s 65536
1783134951.6236 c2s 65536
1783134951.6237 c2s 65536
1783134951.6240 c2s 65536
1783134951.6241 c2s 65536
1783134951.6243 c2s 65536
1783134951.6243 c2s 65536
1783134951.6247 c2s 65536
1783134951.6248 c2s 65536
1783134951.6249 c2s 65536
1783134951.6250 c2s 65536
1783134951.6253 c2s 65536
1783134951.6254 c2s 65536
1783134951.6255 c2s 65536
1783134951.6256 c2s 65536
1783134951.6260 c2s 65536
1783134951.6261 c2s 65536
1783134951.6263 c2s 65536
1783134951.6264 c2s 65536
1783134951.6267 c2s 65536
1783134951.6268 c2s 65536
1783134951.6270 c2s 65536
1783134951.6271 c2s 65536
1783134951.6274 c2s 65536
1783134951.6275 c2s 65536
1783134951.6277 c2s 65536
1783134951.6278 c2s 65536
1783134951.6281 c2s 65536
1783134951.6282 c2s 65536
1783134951.6283 c2s 65536
1783134951.6284 c2s 65536
1783134951.6288 c2s 65536
1783134951.6289 c2s 65536
1783134951.6290 c2s 65536
1783134951.6291 c2s 65536
1783134951.6294 c2s 65536
1783134951.6296 c2s 65536
1783134951.6297 c2s 65536
1783134951.6298 c2s 65536
1783134951.6301 c2s 65536
1783134951.6302 c2s 65536
1783134951.6304 c2s 65536
1783134951.6305 c2s 65536
1783134951.6308 c2s 65536
1783134951.6309 c2s 65536
1783134951.6310 c2s 65536
1783134951.6311 c2s 65536
1783134951.6315 c2s 65536
1783134951.6316 c2s 65536
1783134951.6317 c2s 65536
1783134951.6318 c2s 65536
1783134951.6322 c2s 65536
1783134951.6323 c2s 65536
1783134951.6324 c2s 65536
1783134951.6325 c2s 65536
1783134951.6328 c2s 65536
1783134951.6329 c2s 65536
1783134951.6330 c2s 65536
1783134951.6331 c2s 65536
1783134951.6334 c2s 65536
1783134951.6335 c2s 65536
1783134951.6337 c2s 65536
1783134951.6338 c2s 65536
1783134951.6341 c2s 65536
1783134951.6342 c2s 65536
1783134951.6343 c2s 65536
1783134951.6344 c2s 65536
1783134951.6348 c2s 65536
1783134951.6349 c2s 65536
1783134951.6350 c2s 65536
1783134951.6351 c2s 65536
1783134951.6354 c2s 65536
1783134951.6355 c2s 65536
1783134951.6357 c2s 65536
1783134951.6358 c2s 65536
1783134951.6361 c2s 65536
1783134951.6362 c2s 65536
1783134951.6363 c2s 65536
1783134951.6364 c2s 65536
1783134951.6367 c2s 65536
1783134951.6368 c2s 65536
1783134951.6369 c2s 65536
1783134951.6370 c2s 65536
1783134951.6373 c2s 65536
1783134951.6374 c2s 65536
1783134951.6376 c2s 65536
1783134951.6377 c2s 65536
1783134951.6380 c2s 65536
1783134951.6381 c2s 65536
1783134951.6382 c2s 65536
1783134951.6383 c2s 65536
1783134951.6386 c2s 65536
1783134951.6387 c2s 65536
1783134951.6389 c2s 65536
1783134951.6389 c2s 65536
1783134951.6393 c2s 65536
1783134951.6394 c2s 65536
1783134951.6395 c2s 65536
1783134951.6396 c2s 65536
1783134951.6399 c2s 65536
1783134951.6400 c2s 65536
1783134951.6402 c2s 65536
1783134951.6402 c2s 65536
1783134951.6406 c2s 65536
1783134951.6407 c2s 65536
1783134951.6408 c2s 65536
1783134951.6409 c2s 65536
1783134951.6412 c2s 65536
1783134951.6413 c2s 65536
1783134951.6415 c2s 65536
1783134951.6416 c2s 65536
1783134951.6419 c2s 65536
1783134951.6420 c2s 65536
1783134951.6421 c2s 65536
1783134951.6422 c2s 65536
1783134951.6425 c2s 65536
1783134951.6426 c2s 65536
1783134951.6427 c2s 65536
1783134951.6428 c2s 65536
1783134951.6432 c2s 65536
1783134951.6433 c2s 65536
1783134951.6434 c2s 65536
1783134951.6435 c2s 65536
1783134951.6438 c2s 65536
1783134951.6439 c2s 65536
1783134951.6440 c2s 65536
1783134951.6441 c2s 65536
1783134951.6444 c2s 65536
1783134951.6445 c2s 65536
1783134951.6447 c2s 65536
1783134951.6448 c2s 65536
1783134951.6451 c2s 65536
1783134951.6452 c2s 65536
1783134951.6453 c2s 65536
1783134951.6454 c2s 65536
1783134951.6457 c2s 65536
1783134951.6458 c2s 65536
1783134951.6460 c2s 65536
1783134951.6460 c2s 65536
1783134951.6463 c2s 65536
1783134951.6464 c2s 65536
1783134951.6466 c2s 65536
1783134951.6466 c2s 65536
1783134951.6470 c2s 65536
1783134951.6471 c2s 65536
1783134951.6472 c2s 65536
1783134951.6473 c2s 65536
1783134951.6476 c2s 65536
1783134951.6477 c2s 65536
1783134951.6479 c2s 65536
1783134951.6480 c2s 65536
1783134951.6483 c2s 65536
1783134951.6484 c2s 65536
1783134951.6486 c2s 65536
1783134951.6487 c2s 65536
1783134951.6490 c2s 65536
1783134951.6491 c2s 65536
1783134951.6493 c2s 65536
1783134951.6493 c2s 65536
1783134951.6497 c2s 65536
1783134951.6498 c2s 65536
1783134951.6499 c2s 65536
1783134951.6500 c2s 65536
1783134951.6503 c2s 65536
1783134951.6504 c2s 65536
1783134951.6505 c2s 65536
1783134951.6506 c2s 65536
1783134951.6509 c2s 65536
1783134951.6510 c2s 65536
1783134951.6511 c2s 65536
1783134951.6512 c2s 65536
1783134951.6515 c2s 65536
1783134951.6516 c2s 65536
1783134951.6517 c2s 65536
1783134951.6518 c2s 65536
1783134951.6521 c2s 65536
1783134951.6522 c2s 65536
1783134951.6524 c2s 65536
1783134951.6525 c2s 65536
1783134951.6529 c2s 65536
1783134951.6530 c2s 65536
1783134951.6531 c2s 65536
1783134951.6532 c2s 65536
1783134951.6535 c2s 65536
1783134951.6536 c2s 65536
1783134951.6538 c2s 65536
1783134951.6538 c2s 65536
1783134951.6541 c2s 65536
1783134951.6542 c2s 65536
1783134951.6544 c2s 65536
1783134951.6544 c2s 65536
1783134951.6548 c2s 65536
1783134951.6549 c2s 65536
1783134951.6550 c2s 65536
1783134951.6551 c2s 65536
1783134951.6554 c2s 65536
1783134951.6556 c2s 65536
1783134951.6557 c2s 65536
1783134951.6558 c2s 65536
1783134951.6561 c2s 65536
1783134951.6562 c2s 65536
1783134951.6563 c2s 65536
1783134951.6564 c2s 65536
1783134951.6567 c2s 65536
1783134951.6568 c2s 65536
1783134951.6569 c2s 65536
1783134951.6570 c2s 65536
1783134951.6573 c2s 65536
1783134951.6574 c2s 65536
1783134951.6575 c2s 65536
1783134951.6576 c2s 65536
1783134951.6579 c2s 65536
1783134951.6580 c2s 65536
1783134951.6581 c2s 65536
1783134951.6582 c2s 65536
1783134951.6585 c2s 65536
1783134951.6586 c2s 65536
1783134951.6587 c2s 65536
1783134951.6588 c2s 65536
1783134951.6591 c2s 65536
1783134951.6592 c2s 65536
1783134951.6593 c2s 65536
1783134951.6594 c2s 65536
1783134951.6601 c2s 65536
1783134951.6602 c2s 65536
1783134951.6603 c2s 65536
1783134951.6604 c2s 65536
1783134951.6607 c2s 65536
1783134951.6608 c2s 65536
1783134951.6612 c2s 65536
1783134951.6613 c2s 65536
1783134951.6616 c2s 65536
1783134951.6617 c2s 65536
1783134951.6619 c2s 65536
1783134951.6620 c2s 65536
1783134951.6622 c2s 65536
1783134951.6623 c2s 65536
1783134951.6625 c2s 65536
1783134951.6626 c2s 65536
1783134951.6628 c2s 65536
1783134951.6629 c2s 65536
1783134951.6631 c2s 65536
1783134951.6631 c2s 65536
1783134951.6634 c2s 65536
1783134951.6635 c2s 65536
1783134951.6636 c2s 65536
1783134951.6637 c2s 65536
1783134951.6640 c2s 65536
1783134951.6641 c2s 65536
1783134951.6642 c2s 65536
1783134951.6643 c2s 65536
1783134951.6646 c2s 65536
1783134951.6647 c2s 65536
1783134951.6648 c2s 65536
1783134951.6649 c2s 65536
1783134951.6652 c2s 65536
1783134951.6653 c2s 65536
1783134951.6654 c2s 65536
1783134951.6655 c2s 65536
1783134951.6657 c2s 65536
1783134951.6658 c2s 65536
1783134951.6660 c2s 65536
1783134951.6661 c2s 65536
1783134951.6663 c2s 65536
1783134951.6664 c2s 65536
1783134951.6665 c2s 65536
1783134951.6666 c2s 65536
1783134951.6669 c2s 65536
1783134951.6670 c2s 65536
1783134951.6671 c2s 65536
1783134951.6672 c2s 65536
1783134951.6675 c2s 65536
1783134951.6676 c2s 65536
1783134951.6677 c2s 65536
1783134951.6678 c2s 65536
1783134951.6681 c2s 65536
1783134951.6681 c2s 65536
1783134951.6683 c2s 65536
1783134951.6684 c2s 65536
1783134951.6687 c2s 65536
1783134951.6687 c2s 65536
1783134951.6689 c2s 65536
1783134951.6690 c2s 65536
1783134951.6692 c2s 65536
1783134951.6693 c2s 65536
1783134951.6694 c2s 65536
1783134951.6695 c2s 65536
1783134951.6698 c2s 65536
1783134951.6699 c2s 65536
1783134951.6700 c2s 65536
1783134951.6701 c2s 65536
1783134951.6704 c2s 65536
1783134951.6705 c2s 65536
1783134951.6706 c2s 65536
1783134951.6707 c2s 65536
1783134951.6709 c2s 65536
1783134951.6710 c2s 65536
1783134951.6711 c2s 65536
1783134951.6712 c2s 65536
1783134951.6715 c2s 65536
1783134951.6716 c2s 65536
1783134951.6718 c2s 65536
1783134951.6719 c2s 65536
1783134951.6721 c2s 65536
1783134951.6722 c2s 65536
1783134951.6723 c2s 65536
1783134951.6724 c2s 65536
1783134951.6727 c2s 65536
1783134951.6728 c2s 65536
1783134951.6729 c2s 65536
1783134951.6730 c2s 65536
1783134951.6732 c2s 65536
1783134951.6733 c2s 65536
1783134951.6736 c2s 65536
1783134951.6736 c2s 65536
1783134951.6739 c2s 65536
1783134951.6740 c2s 65536
1783134951.6741 c2s 65536
1783134951.6742 c2s 65536
1783134951.6744 c2s 65536
1783134951.6745 c2s 49509
1783134951.7415 c2s 321
1783134951.7419 s2c 9
1783134951.7552 c2s 65492
1783134951.7557 c2s 65536
1783134951.7558 c2s 65536
1783134951.7561 c2s 65536
1783134951.7562 c2s 65536
1783134951.7566 c2s 65536
1783134951.7567 c2s 65536
1783134951.7569 c2s 65536
1783134951.7571 c2s 65536
1783134951.7575 c2s 65536
1783134951.7577 c2s 65536
1783134951.7579 c2s 65536
1783134951.7580 c2s 65536
1783134951.7585 c2s 65536
1783134951.7586 c2s 65536
1783134951.7588 c2s 65536
1783134951.7589 c2s 65536
1783134951.7593 c2s 65536
1783134951.7595 c2s 65536
1783134951.7597 c2s 65536
1783134951.7598 c2s 65536
1783134951.7602 c2s 65536
1783134951.7603 c2s 65536
1783134951.7604 c2s 65536
1783134951.7605 c2s 65536
1783134951.7608 c2s 65536
1783134951.7612 c2s 65536
1783134951.7614 c2s 65536
1783134951.7615 c2s 65536
1783134951.7618 c2s 65536
1783134951.7619 c2s 65536
1783134951.7620 c2s 65536
1783134951.7621 c2s 65536
1783134951.7624 c2s 65536
1783134951.7625 c2s 65536
1783134951.7626 c2s 65536
1783134951.7627 c2s 65536
1783134951.7630 c2s 65536
1783134951.7631 c2s 65536
1783134951.7632 c2s 65536
1783134951.7633 c2s 65536
1783134951.7637 c2s 65536
1783134951.7638 c2s 65536
1783134951.7639 c2s 65536
1783134951.7639 c2s 65536
1783134951.7643 c2s 65536
1783134951.7643 c2s 65536
1783134951.7644 c2s 65536
1783134951.7645 c2s 65536
1783134951.7648 c2s 65536
1783134951.7649 c2s 65536
1783134951.7650 c2s 65536
1783134951.7651 c2s 65536
1783134951.7654 c2s 65536
1783134951.7654 c2s 65536
1783134951.7655 c2s 65536
1783134951.7656 c2s 65536
1783134951.7659 c2s 65536
1783134951.7660 c2s 65536
1783134951.7661 c2s 65536
1783134951.7664 c2s 65536
1783134951.7667 c2s 65536
1783134951.7668 c2s 65536
1783134951.7670 c2s 65536
1783134951.7671 c2s 65536
1783134951.7675 c2s 65536
1783134951.7676 c2s 65536
1783134951.7678 c2s 65536
1783134951.7679 c2s 65536
1783134951.7682 c2s 65536
1783134951.7683 c2s 65536
1783134951.7684 c2s 65536
1783134951.7685 c2s 65536
1783134951.7688 c2s 65536
1783134951.7689 c2s 65536
1783134951.7690 c2s 65536
1783134951.7691 c2s 65536
1783134951.7694 c2s 65536
1783134951.7695 c2s 65536
1783134951.7697 c2s 65536
1783134951.7697 c2s 65536
1783134951.7701 c2s 65536
1783134951.7702 c2s 65536
1783134951.7703 c2s 65536
1783134951.7704 c2s 65536
1783134951.7707 c2s 65536
1783134951.7708 c2s 65536
1783134951.7710 c2s 65536
1783134951.7711 c2s 65536
1783134951.7714 c2s 65536
1783134951.7716 c2s 65536
1783134951.7717 c2s 65536
1783134951.7718 c2s 65536
1783134951.7721 c2s 65536
1783134951.7722 c2s 65536
1783134951.7724 c2s 65536
1783134951.7724 c2s 65536
1783134951.7728 c2s 65536
1783134951.7729 c2s 65536
1783134951.7730 c2s 65536
1783134951.7731 c2s 65536
1783134951.7734 c2s 65536
1783134951.7735 c2s 65536
1783134951.7736 c2s 65536
1783134951.7737 c2s 65536
1783134951.7740 c2s 65536
1783134951.7741 c2s 65536
1783134951.7742 c2s 65536
1783134951.7743 c2s 65536
1783134951.7746 c2s 65536
1783134951.7747 c2s 65536
1783134951.7749 c2s 65536
1783134951.7750 c2s 65536
1783134951.7753 c2s 65536
1783134951.7755 c2s 65536
1783134951.7756 c2s 65536
1783134951.7757 c2s 65536
1783134951.7760 c2s 65536
1783134951.7761 c2s 65536
1783134951.7762 c2s 65536
1783134951.7763 c2s 65536
1783134951.7766 c2s 65536
1783134951.7767 c2s 65536
1783134951.7769 c2s 65536
1783134951.7770 c2s 65536
1783134951.7773 c2s 65536
1783134951.7774 c2s 65536
1783134951.7775 c2s 65536
1783134951.7776 c2s 65536
1783134951.7779 c2s 65536
1783134951.7780 c2s 65536
1783134951.7781 c2s 65536
1783134951.7782 c2s 65536
1783134951.7785 c2s 65536
1783134951.7786 c2s 65536
1783134951.7788 c2s 65536
1783134951.7789 c2s 65536
1783134951.7792 c2s 65536
1783134951.7793 c2s 65536
1783134951.7795 c2s 65536
1783134951.7796 c2s 65536
1783134951.7799 c2s 65536
1783134951.7800 c2s 65536
1783134951.7801 c2s 65536
1783134951.7802 c2s 65536
1783134951.7805 c2s 65536
1783134951.7806 c2s 65536
1783134951.7808 c2s 65536
1783134951.7808 c2s 65536
1783134951.7811 c2s 65536
1783134951.7812 c2s 65536
1783134951.7814 c2s 65536
1783134951.7815 c2s 65536
1783134951.7818 c2s 65536
1783134951.7819 c2s 65536
1783134951.7820 c2s 65536
1783134951.7821 c2s 65536
1783134951.7824 c2s 65536
1783134951.7825 c2s 65536
1783134951.7827 c2s 65536
1783134951.7828 c2s 65536
1783134951.7831 c2s 65536
1783134951.7832 c2s 65536
1783134951.7834 c2s 65536
1783134951.7835 c2s 65536
1783134951.7838 c2s 65536
1783134951.7839 c2s 65536
1783134951.7840 c2s 65536
1783134951.7841 c2s 65536
1783134951.7844 c2s 65536
1783134951.7845 c2s 65536
1783134951.7846 c2s 65536
1783134951.7847 c2s 65536
1783134951.7850 c2s 65536
1783134951.7851 c2s 65536
1783134951.7853 c2s 65536
1783134951.7853 c2s 65536
1783134951.7856 c2s 65536
1783134951.7857 c2s 65536
1783134951.7859 c2s 65536
1783134951.7860 c2s 65536
1783134951.7863 c2s 65536
1783134951.7864 c2s 65536
1783134951.7866 c2s 65536
1783134951.7867 c2s 65536
1783134951.7870 c2s 65536
1783134951.7871 c2s 65536
1783134951.7872 c2s 65536
1783134951.7873 c2s 65536
1783134951.7877 c2s 65536
1783134951.7878 c2s 65536
1783134951.7879 c2s 65536
1783134951.7880 c2s 65536
1783134951.7883 c2s 65536
1783134951.7884 c2s 65536
1783134951.7885 c2s 65536
1783134951.7886 c2s 65536
1783134951.7890 c2s 65536
1783134951.7891 c2s 65536
1783134951.7892 c2s 65536
1783134951.7893 c2s 65536
1783134951.7896 c2s 65536
1783134951.7897 c2s 65536
1783134951.7898 c2s 65536
1783134951.7899 c2s 65536
1783134951.7902 c2s 65536
1783134951.7903 c2s 65536
1783134951.7905 c2s 65536
1783134951.7906 c2s 65536
1783134951.7909 c2s 65536
1783134951.7910 c2s 65536
1783134951.7912 c2s 65536
1783134951.7912 c2s 65536
1783134951.7916 c2s 65536
1783134951.7917 c2s 65536
1783134951.7919 c2s 65536
1783134951.7920 c2s 65536
1783134951.7923 c2s 65536
1783134951.7925 c2s 65536
1783134951.7926 c2s 65536
1783134951.7927 c2s 65536
1783134951.7929 c2s 65536
1783134951.7931 c2s 65536
1783134951.7932 c2s 65536
1783134951.7933 c2s 65536
1783134951.7936 c2s 65536
1783134951.7937 c2s 65536
1783134951.7938 c2s 65536
1783134951.7939 c2s 65536
1783134951.7942 c2s 65536
1783134951.7943 c2s 65536
1783134951.7945 c2s 65536
1783134951.7946 c2s 65536
1783134951.7950 c2s 65536
1783134951.7951 c2s 65536
1783134951.7952 c2s 65536
1783134951.7953 c2s 65536
1783134951.7956 c2s 65536
1783134951.7957 c2s 65536
1783134951.7959 c2s 65536
1783134951.7959 c2s 65536
1783134951.7963 c2s 65536
1783134951.7964 c2s 65536
1783134951.7965 c2s 65536
1783134951.7966 c2s 65536
1783134951.7969 c2s 65536
1783134951.7970 c2s 65536
1783134951.7971 c2s 65536
1783134951.7972 c2s 65536
1783134951.7975 c2s 65536
1783134951.7976 c2s 65536
1783134951.7977 c2s 65536
1783134951.7978 c2s 65536
1783134951.7981 c2s 65536
1783134951.7983 c2s 65536
1783134951.7984 c2s 65536
1783134951.7985 c2s 65536
1783134951.7989 c2s 65536
1783134951.7990 c2s 65536
1783134951.7991 c2s 65536
1783134951.7992 c2s 65536
1783134951.7996 c2s 65536
1783134951.7997 c2s 65536
1783134951.7998 c2s 65536
1783134951.7999 c2s 65536
1783134951.8002 c2s 65536
1783134951.8003 c2s 65536
1783134951.8004 c2s 65536
1783134951.8005 c2s 65536
1783134951.8008 c2s 65536
1783134951.8009 c2s 65536
1783134951.8010 c2s 65536
1783134951.8011 c2s 65536
1783134951.8014 c2s 65536
1783134951.8015 c2s 65536
1783134951.8016 c2s 65536
1783134951.8017 c2s 65536
1783134951.8021 c2s 65536
1783134951.8022 c2s 65536
1783134951.8023 c2s 65536
1783134951.8024 c2s 65536
1783134951.8027 c2s 65536
1783134951.8029 c2s 65536
1783134951.8030 c2s 65536
1783134951.8031 c2s 65536
1783134951.8034 c2s 65536
1783134951.8035 c2s 65536
1783134951.8037 c2s 65536
1783134951.8038 c2s 65536
1783134951.8040 c2s 65536
1783134951.8041 c2s 65536
1783134951.8043 c2s 65536
1783134951.8044 c2s 65536
1783134951.8047 c2s 65536
1783134951.8048 c2s 65536
1783134951.8049 c2s 65536
1783134951.8050 c2s 65536
1783134951.8053 c2s 65536
1783134951.8054 c2s 65536
1783134951.8056 c2s 65536
1783134951.8057 c2s 65536
1783134951.8060 c2s 65536
1783134951.8061 c2s 65536
1783134951.8062 c2s 65536
1783134951.8063 c2s 65536
1783134951.8066 c2s 65536
1783134951.8067 c2s 65536
1783134951.8069 c2s 65536
1783134951.8069 c2s 65536
1783134951.8073 c2s 65536
1783134951.8074 c2s 65536
1783134951.8075 c2s 65536
1783134951.8076 c2s 65536
1783134951.8079 c2s 65536
1783134951.8080 c2s 65536
1783134951.8082 c2s 65536
1783134951.8083 c2s 65536
1783134951.8086 c2s 65536
1783134951.8087 c2s 65536
1783134951.8088 c2s 65536
1783134951.8089 c2s 65536
1783134951.8092 c2s 65536
1783134951.8093 c2s 65536
1783134951.8095 c2s 65536
1783134951.8096 c2s 65536
1783134951.8099 c2s 65536
1783134951.8100 c2s 65536
1783134951.8101 c2s 65536
1783134951.8102 c2s 65536
1783134951.8106 c2s 65536
1783134951.8107 c2s 65536
1783134951.8108 c2s 65536
1783134951.8109 c2s 65536
1783134951.8112 c2s 65536
1783134951.8113 c2s 65536
1783134951.8114 c2s 65536
1783134951.8115 c2s 65536
1783134951.8119 c2s 65536
1783134951.8120 c2s 65536
1783134951.8121 c2s 65536
1783134951.8122 c2s 65536
1783134951.8125 c2s 65536
1783134951.8126 c2s 65536
1783134951.8127 c2s 65536
1783134951.8128 c2s 65536
1783134951.8131 c2s 65536
1783134951.8133 c2s 65536
1783134951.8134 c2s 65536
1783134951.8135 c2s 65536
1783134951.8138 c2s 65536
1783134951.8139 c2s 65536
1783134951.8141 c2s 65536
1783134951.8141 c2s 65536
1783134951.8145 c2s 65536
1783134951.8146 c2s 65536
1783134951.8147 c2s 65536
1783134951.8148 c2s 65536
1783134951.8151 c2s 65536
1783134951.8152 c2s 65536
1783134951.8153 c2s 65536
1783134951.8154 c2s 65536
1783134951.8157 c2s 65536
1783134951.8158 c2s 65536
1783134951.8160 c2s 65536
1783134951.8161 c2s 65536
1783134951.8164 c2s 65536
1783134951.8165 c2s 65536
1783134951.8167 c2s 65536
1783134951.8167 c2s 65536
1783134951.8170 c2s 65536
1783134951.8172 c2s 65536
1783134951.8173 c2s 65536
1783134951.8174 c2s 65536
1783134951.8177 c2s 65536
1783134951.8178 c2s 65536
1783134951.8180 c2s 65536
1783134951.8181 c2s 65536
1783134951.8183 c2s 65536
1783134951.8184 c2s 65536
1783134951.8186 c2s 65536
1783134951.8187 c2s 65536
1783134951.8190 c2s 65536
1783134951.8191 c2s 65536
1783134951.8192 c2s 65536
1783134951.8193 c2s 65536
1783134951.8196 c2s 65536
1783134951.8197 c2s 65536
1783134951.8198 c2s 65536
1783134951.8199 c2s 65536
1783134951.8203 c2s 65536
1783134951.8204 c2s 65536
1783134951.8205 c2s 65536
1783134951.8206 c2s 65536
1783134951.8210 c2s 65536
1783134951.8211 c2s 65536
1783134951.8212 c2s 65536
1783134951.8213 c2s 65536
1783134951.8216 c2s 65536
1783134951.8217 c2s 65536
1783134951.8218 c2s 65536
1783134951.8219 c2s 65536
1783134951.8222 c2s 65536
1783134951.8223 c2s 65536
1783134951.8225 c2s 65536
1783134951.8225 c2s 65536
1783134951.8229 c2s 65536
1783134951.8230 c2s 65536
1783134951.8231 c2s 65536
1783134951.8232 c2s 65536
1783134951.8235 c2s 65536
1783134951.8236 c2s 65536
1783134951.8237 c2s 65536
1783134951.8238 c2s 65536
1783134951.8241 c2s 65536
1783134951.8243 c2s 65536
1783134951.8244 c2s 65536
1783134951.8245 c2s 65536
1783134951.8248 c2s 65536
1783134951.8250 c2s 65536
1783134951.8251 c2s 65536
1783134951.8252 c2s 65536
1783134951.8255 c2s 65536
1783134951.8256 c2s 65536
1783134951.8257 c2s 65536
1783134951.8258 c2s 65536
1783134951.8261 c2s 65536
1783134951.8262 c2s 65536
1783134951.8264 c2s 65536
1783134951.8264 c2s 65536
1783134951.8267 c2s 65536
1783134951.8268 c2s 65536
1783134951.8269 c2s 65536
1783134951.8270 c2s 65536
1783134951.8273 c2s 65536
1783134951.8275 c2s 65536
1783134951.8276 c2s 65536
1783134951.8277 c2s 65536
1783134951.8280 c2s 65536
1783134951.8281 c2s 65536
1783134951.8283 c2s 65536
1783134951.8284 c2s 65536
1783134951.8287 c2s 65536
1783134951.8288 c2s 65536
1783134951.8290 c2s 65536
1783134951.8291 c2s 65536
1783134951.8294 c2s 65536
1783134951.8295 c2s 65536
1783134951.8296 c2s 65536
1783134951.8297 c2s 65536
1783134951.8300 c2s 65536
1783134951.8301 c2s 65536
1783134951.8302 c2s 65536
1783134951.8303 c2s 65536
1783134951.8306 c2s 65536
1783134951.8307 c2s 65536
1783134951.8308 c2s 65536
1783134951.8309 c2s 65536
1783134951.8312 c2s 65536
1783134951.8313 c2s 65536
1783134951.8314 c2s 65536
1783134951.8315 c2s 65536
1783134951.8319 c2s 65536
1783134951.8320 c2s 65536
1783134951.8321 c2s 65536
1783134951.8322 c2s 65536
1783134951.8325 c2s 65536
1783134951.8326 c2s 65536
1783134951.8327 c2s 65536
1783134951.8328 c2s 65536
1783134951.8331 c2s 65536
1783134951.8332 c2s 65536
1783134951.8333 c2s 65536
1783134951.8334 c2s 65536
1783134951.8337 c2s 65536
1783134951.8338 c2s 65536
1783134951.8339 c2s 65536
1783134951.8340 c2s 65536
1783134951.8343 c2s 65536
1783134951.8344 c2s 65536
1783134951.8345 c2s 65536
1783134951.8346 c2s 65536
1783134951.8349 c2s 65536
1783134951.8350 c2s 65536
1783134951.8351 c2s 65536
1783134951.8352 c2s 65536
1783134951.8355 c2s 65536
1783134951.8356 c2s 65536
1783134951.8358 c2s 65536
1783134951.8358 c2s 65536
1783134951.8361 c2s 65536
1783134951.8362 c2s 65536
1783134951.8363 c2s 65536
1783134951.8364 c2s 65536
1783134951.8367 c2s 65536
1783134951.8368 c2s 65536
1783134951.8370 c2s 65536
1783134951.8370 c2s 65536
1783134951.8373 c2s 65536
1783134951.8374 c2s 65536
1783134951.8375 c2s 65536
1783134951.8376 c2s 65536
1783134951.8379 c2s 65536
1783134951.8380 c2s 65536
1783134951.8381 c2s 65536
1783134951.8382 c2s 65536
1783134951.8384 c2s 65536
1783134951.8385 c2s 65536
1783134951.8387 c2s 65536
1783134951.8388 c2s 65536
1783134951.8390 c2s 65536
1783134951.8391 c2s 65536
1783134951.8393 c2s 65536
1783134951.8393 c2s 65536
1783134951.8396 c2s 65536
1783134951.8397 c2s 65536
1783134951.8399 c2s 65536
1783134951.8400 c2s 65536
1783134951.8402 c2s 65536
1783134951.8403 c2s 65536
1783134951.8404 c2s 65536
1783134951.8405 c2s 65536
1783134951.8408 c2s 65536
1783134951.8409 c2s 65536
1783134951.8410 c2s 65536
1783134951.8411 c2s 65536
1783134951.8414 c2s 65536
1783134951.8415 c2s 65536
1783134951.8416 c2s 65536
1783134951.8417 c2s 65536
1783134951.8419 c2s 65536
1783134951.8420 c2s 65536
1783134951.8421 c2s 65536
1783134951.8423 c2s 65536
1783134951.8426 c2s 65536
1783134951.8427 c2s 65536
1783134951.8428 c2s 65536
1783134951.8429 c2s 65536
1783134951.8431 c2s 65536
1783134951.8432 c2s 65536
1783134951.8433 c2s 65536
1783134951.8434 c2s 65536
1783134951.8437 c2s 65536
1783134951.8438 c2s 65536
1783134951.8440 c2s 65536
1783134951.8441 c2s 65536
1783134951.8443 c2s 65536
1783134951.8444 c2s 65536
1783134951.8445 c2s 65536
1783134951.8446 c2s 65536
1783134951.8449 c2s 65536
1783134951.8450 c2s 65536
1783134951.8451 c2s 65536
1783134951.8452 c2s 65536
1783134951.8454 c2s 65536
1783134951.8455 c2s 65536
1783134951.8457 c2s 65536
1783134951.8458 c2s 65536
1783134951.8460 c2s 65536
1783134951.8461 c2s 65536
1783134951.8462 c2s 65536
1783134951.8463 c2s 65536
1783134951.8466 c2s 65536
1783134951.8467 c2s 65536
1783134951.8468 c2s 65536
1783134951.8469 c2s 65536
1783134951.8471 c2s 65536
1783134951.8472 c2s 65536
1783134951.8474 c2s 65536
1783134951.8475 c2s 65536
1783134951.8477 c2s 65536
1783134951.8478 c2s 65536
1783134951.8479 c2s 65536
1783134951.8481 c2s 65536
1783134951.8483 c2s 65536
1783134951.8484 c2s 65536
1783134951.8485 c2s 65536
1783134951.8486 c2s 65536
1783134951.8489 c2s 65536
1783134951.8490 c2s 65536
1783134951.8491 c2s 65536
1783134951.8492 c2s 65536
1783134951.8494 c2s 65536
1783134951.8495 c2s 49509
1783134951.9169 c2s 321
1783134951.9175 s2c 9
1783134951.9309 c2s 65492
1783134951.9313 c2s 65536
1783134951.9314 c2s 65536
1783134951.9317 c2s 65536
1783134951.9318 c2s 65536
1783134951.9322 c2s 65536
1783134951.9324 c2s 65536
1783134951.9326 c2s 65536
1783134951.9327 c2s 65536
1783134951.9331 c2s 65536
1783134951.9333 c2s 65536
1783134951.9335 c2s 65536
1783134951.9336 c2s 65536
1783134951.9341 c2s 65536
1783134951.9342 c2s 65536
1783134951.9344 c2s 65536
1783134951.9345 c2s 65536
1783134951.9349 c2s 65536
1783134951.9350 c2s 65536
1783134951.9352 c2s 65536
1783134951.9353 c2s 65536
1783134951.9357 c2s 65536
1783134951.9358 c2s 65536
1783134951.9360 c2s 65536
1783134951.9360 c2s 65536
1783134951.9364 c2s 65536
1783134951.9365 c2s 65536
1783134951.9366 c2s 65536
1783134951.9367 c2s 65536
1783134951.9370 c2s 65536
1783134951.9371 c2s 65536
1783134951.9372 c2s 65536
1783134951.9373 c2s 65536
1783134951.9376 c2s 65536
1783134951.9377 c2s 65536
1783134951.9378 c2s 65536
1783134951.9379 c2s 65536
1783134951.9382 c2s 65536
1783134951.9383 c2s 65536
1783134951.9384 c2s 65536
1783134951.9385 c2s 65536
1783134951.9389 c2s 65536
1783134951.9389 c2s 65536
1783134951.9390 c2s 65536
1783134951.9391 c2s 65536
1783134951.9395 c2s 65536
1783134951.9396 c2s 65536
1783134951.9397 c2s 65536
1783134951.9397 c2s 65536
1783134951.9401 c2s 65536
1783134951.9401 c2s 65536
1783134951.9402 c2s 65536
1783134951.9403 c2s 65536
1783134951.9406 c2s 65536
1783134951.9407 c2s 65536
1783134951.9408 c2s 65536
1783134951.9408 c2s 65536
1783134951.9411 c2s 65536
1783134951.9412 c2s 65536
1783134951.9413 c2s 65536
1783134951.9414 c2s 65536
1783134951.9417 c2s 65536
1783134951.9421 c2s 65536
1783134951.9423 c2s 65536
1783134951.9424 c2s 65536
1783134951.9428 c2s 65536
1783134951.9429 c2s 65536
1783134951.9430 c2s 65536
1783134951.9431 c2s 65536
1783134951.9434 c2s 65536
1783134951.9435 c2s 65536
1783134951.9437 c2s 65536
1783134951.9438 c2s 65536
1783134951.9441 c2s 65536
1783134951.9442 c2s 65536
1783134951.9443 c2s 65536
1783134951.9444 c2s 65536
1783134951.9447 c2s 65536
1783134951.9448 c2s 65536
1783134951.9449 c2s 65536
1783134951.9450 c2s 65536
1783134951.9453 c2s 65536
1783134951.9454 c2s 65536
1783134951.9455 c2s 65536
1783134951.9456 c2s 65536
1783134951.9459 c2s 65536
1783134951.9461 c2s 65536
1783134951.9462 c2s 65536
1783134951.9463 c2s 65536
1783134951.9466 c2s 65536
1783134951.9467 c2s 65536
1783134951.9469 c2s 65536
1783134951.9469 c2s 65536
1783134951.9473 c2s 65536
1783134951.9474 c2s 65536
1783134951.9475 c2s 65536
1783134951.9476 c2s 65536
1783134951.9479 c2s 65536
1783134951.9480 c2s 65536
1783134951.9481 c2s 65536
1783134951.9482 c2s 65536
1783134951.9485 c2s 65536
1783134951.9486 c2s 65536
1783134951.9487 c2s 65536
1783134951.9488 c2s 65536
1783134951.9492 c2s 65536
1783134951.9493 c2s 65536
1783134951.9494 c2s 65536
1783134951.9495 c2s 65536
1783134951.9498 c2s 65536
1783134951.9499 c2s 65536
1783134951.9501 c2s 65536
1783134951.9502 c2s 65536
1783134951.9505 c2s 65536
1783134951.9506 c2s 65536
1783134951.9507 c2s 65536
1783134951.9508 c2s 65536
1783134951.9511 c2s 65536
1783134951.9512 c2s 65536
1783134951.9513 c2s 65536
1783134951.9514 c2s 65536
1783134951.9518 c2s 65536
1783134951.9519 c2s 65536
1783134951.9520 c2s 65536
1783134951.9521 c2s 65536
1783134951.9524 c2s 65536
1783134951.9525 c2s 65536
1783134951.9526 c2s 65536
1783134951.9527 c2s 65536
1783134951.9530 c2s 65536
1783134951.9531 c2s 65536
1783134951.9532 c2s 65536
1783134951.9533 c2s 65536
1783134951.9536 c2s 65536
1783134951.9537 c2s 65536
1783134951.9539 c2s 65536
1783134951.9540 c2s 65536
1783134951.9543 c2s 65536
1783134951.9544 c2s 65536
1783134951.9546 c2s 65536
1783134951.9547 c2s 65536
1783134951.9550 c2s 65536
1783134951.9551 c2s 65536
1783134951.9552 c2s 65536
1783134951.9553 c2s 65536
1783134951.9556 c2s 65536
1783134951.9557 c2s 65536
1783134951.9559 c2s 65536
1783134951.9560 c2s 65536
1783134951.9563 c2s 65536
1783134951.9563 c2s 65536
1783134951.9565 c2s 65536
1783134951.9566 c2s 65536
1783134951.9569 c2s 65536
1783134951.9570 c2s 65536
1783134951.9571 c2s 65536
1783134951.9572 c2s 65536
1783134951.9575 c2s 65536
1783134951.9576 c2s 65536
1783134951.9578 c2s 65536
1783134951.9579 c2s 65536
1783134951.9582 c2s 65536
1783134951.9583 c2s 65536
1783134951.9585 c2s 65536
1783134951.9586 c2s 65536
1783134951.9589 c2s 65536
1783134951.9590 c2s 65536
1783134951.9591 c2s 65536
1783134951.9592 c2s 65536
1783134951.9595 c2s 65536
1783134951.9596 c2s 65536
1783134951.9598 c2s 65536
1783134951.9598 c2s 65536
1783134951.9602 c2s 65536
1783134951.9603 c2s 65536
1783134951.9604 c2s 65536
1783134951.9605 c2s 65536
1783134951.9608 c2s 65536
1783134951.9609 c2s 65536
1783134951.9610 c2s 65536
1783134951.9611 c2s 65536
1783134951.9614 c2s 65536
1783134951.9615 c2s 65536
1783134951.9617 c2s 65536
1783134951.9618 c2s 65536
1783134951.9621 c2s 65536
1783134951.9622 c2s 65536
1783134951.9623 c2s 65536
1783134951.9624 c2s 65536
1783134951.9628 c2s 65536
1783134951.9629 c2s 65536
1783134951.9630 c2s 65536
1783134951.9631 c2s 65536
1783134951.9634 c2s 65536
1783134951.9635 c2s 65536
1783134951.9636 c2s 65536
1783134951.9637 c2s 65536
1783134951.9640 c2s 65536
1783134951.9641 c2s 65536
1783134951.9642 c2s 65536
1783134951.9643 c2s 65536
1783134951.9646 c2s 65536
1783134951.9647 c2s 65536
1783134951.9648 c2s 65536
1783134951.9649 c2s 65536
1783134951.9652 c2s 65536
1783134951.9654 c2s 65536
1783134951.9655 c2s 65536
1783134951.9656 c2s 65536
1783134951.9659 c2s 65536
1783134951.9661 c2s 65536
1783134951.9662 c2s 65536
1783134951.9663 c2s 65536
1783134951.9666 c2s 65536
1783134951.9667 c2s 65536
1783134951.9668 c2s 65536
1783134951.9669 c2s 65536
1783134951.9672 c2s 65536
1783134951.9673 c2s 65536
1783134951.9674 c2s 65536
1783134951.9676 c2s 65536
1783134951.9678 c2s 65536
1783134951.9679 c2s 65536
1783134951.9681 c2s 65536
1783134951.9681 c2s 65536
1783134951.9685 c2s 65536
1783134951.9686 c2s 65536
1783134951.9687 c2s 65536
1783134951.9688 c2s 65536
1783134951.9691 c2s 65536
1783134951.9692 c2s 65536
1783134951.9693 c2s 65536
1783134951.9694 c2s 65536
1783134951.9698 c2s 65536
1783134951.9699 c2s 65536
1783134951.9700 c2s 65536
1783134951.9701 c2s 65536
1783134951.9704 c2s 65536
1783134951.9705 c2s 65536
1783134951.9706 c2s 65536
1783134951.9707 c2s 65536
1783134951.9711 c2s 65536
1783134951.9712 c2s 65536
1783134951.9713 c2s 65536
1783134951.9714 c2s 65536
1783134951.9717 c2s 65536
1783134951.9718 c2s 65536
1783134951.9720 c2s 65536
1783134951.9720 c2s 65536
1783134951.9724 c2s 65536
1783134951.9725 c2s 65536
1783134951.9726 c2s 65536
1783134951.9727 c2s 65536
1783134951.9730 c2s 65536
1783134951.9731 c2s 65536
1783134951.9732 c2s 65536
1783134951.9733 c2s 65536
1783134951.9737 c2s 65536
1783134951.9738 c2s 65536
1783134951.9739 c2s 65536
1783134951.9740 c2s 65536
1783134951.9743 c2s 65536
1783134951.9745 c2s 65536
1783134951.9746 c2s 65536
1783134951.9747 c2s 65536
1783134951.9750 c2s 65536
1783134951.9751 c2s 65536
1783134951.9752 c2s 65536
1783134951.9753 c2s 65536
1783134951.9756 c2s 65536
1783134951.9757 c2s 65536
1783134951.9759 c2s 65536
1783134951.9759 c2s 65536
1783134951.9762 c2s 65536
1783134951.9763 c2s 65536
1783134951.9765 c2s 65536
1783134951.9765 c2s 65536
1783134951.9769 c2s 65536
1783134951.9770 c2s 65536
1783134951.9772 c2s 65536
1783134951.9773 c2s 65536
1783134951.9776 c2s 65536
1783134951.9777 c2s 65536
1783134951.9778 c2s 65536
1783134951.9779 c2s 65536
1783134951.9782 c2s 65536
1783134951.9783 c2s 65536
1783134951.9784 c2s 65536
1783134951.9785 c2s 65536
1783134951.9788 c2s 65536
1783134951.9789 c2s 65536
1783134951.9790 c2s 65536
1783134951.9791 c2s 65536
1783134951.9794 c2s 65536
1783134951.9796 c2s 65536
1783134951.9797 c2s 65536
1783134951.9798 c2s 65536
1783134951.9801 c2s 65536
1783134951.9803 c2s 65536
1783134951.9804 c2s 65536
1783134951.9805 c2s 65536
1783134951.9808 c2s 65536
1783134951.9809 c2s 65536
1783134951.9810 c2s 65536
1783134951.9811 c2s 65536
1783134951.9814 c2s 65536
1783134951.9815 c2s 65536
1783134951.9817 c2s 65536
1783134951.9818 c2s 65536
1783134951.9821 c2s 65536
1783134951.9822 c2s 65536
1783134951.9823 c2s 65536
1783134951.9824 c2s 65536
1783134951.9827 c2s 65536
1783134951.9828 c2s 65536
1783134951.9829 c2s 65536
1783134951.9830 c2s 65536
1783134951.9833 c2s 65536
1783134951.9834 c2s 65536
1783134951.9836 c2s 65536
1783134951.9837 c2s 65536
1783134951.9840 c2s 65536
1783134951.9841 c2s 65536
1783134951.9843 c2s 65536
1783134951.9844 c2s 65536
1783134951.9847 c2s 65536
1783134951.9848 c2s 65536
1783134951.9849 c2s 65536
1783134951.9850 c2s 65536
1783134951.9853 c2s 65536
1783134951.9854 c2s 65536
1783134951.9855 c2s 65536
1783134951.9856 c2s 65536
1783134951.9859 c2s 65536
1783134951.9860 c2s 65536
1783134951.9861 c2s 65536
1783134951.9862 c2s 65536
1783134951.9865 c2s 65536
1783134951.9866 c2s 65536
1783134951.9868 c2s 65536
1783134951.9868 c2s 65536
1783134951.9871 c2s 65536
1783134951.9872 c2s 65536
1783134951.9874 c2s 65536
1783134951.9875 c2s 65536
1783134951.9878 c2s 65536
1783134951.9879 c2s 65536
1783134951.9881 c2s 65536
1783134951.9882 c2s 65536
1783134951.9885 c2s 65536
1783134951.9886 c2s 65536
1783134951.9887 c2s 65536
1783134951.9888 c2s 65536
1783134951.9892 c2s 65536
1783134951.9893 c2s 65536
1783134951.9894 c2s 65536
1783134951.9895 c2s 65536
1783134951.9898 c2s 65536
1783134951.9899 c2s 65536
1783134951.9900 c2s 65536
1783134951.9901 c2s 65536
1783134951.9904 c2s 65536
1783134951.9905 c2s 65536
1783134951.9906 c2s 65536
1783134951.9907 c2s 65536
1783134951.9910 c2s 65536
1783134951.9912 c2s 65536
1783134951.9913 c2s 65536
1783134951.9914 c2s 65536
1783134951.9917 c2s 65536
1783134951.9918 c2s 65536
1783134951.9920 c2s 65536
1783134951.9921 c2s 65536
1783134951.9924 c2s 65536
1783134951.9925 c2s 65536
1783134951.9926 c2s 65536
1783134951.9927 c2s 65536
1783134951.9930 c2s 65536
1783134951.9931 c2s 65536
1783134951.9932 c2s 65536
1783134951.9933 c2s 65536
1783134951.9936 c2s 65536
1783134951.9937 c2s 65536
1783134951.9938 c2s 65536
1783134951.9939 c2s 65536
1783134951.9942 c2s 65536
1783134951.9943 c2s 65536
1783134951.9944 c2s 65536
1783134951.9945 c2s 65536
1783134951.9948 c2s 65536
1783134951.9949 c2s 65536
1783134951.9951 c2s 65536
1783134951.9952 c2s 65536
1783134951.9955 c2s 65536
1783134951.9957 c2s 65536
1783134951.9958 c2s 65536
1783134951.9959 c2s 65536
1783134951.9962 c2s 65536
1783134951.9963 c2s 65536
1783134951.9964 c2s 65536
1783134951.9965 c2s 65536
1783134951.9968 c2s 65536
1783134951.9969 c2s 65536
1783134951.9970 c2s 65536
1783134951.9971 c2s 65536
1783134951.9974 c2s 65536
1783134951.9975 c2s 65536
1783134951.9977 c2s 65536
1783134951.9977 c2s 65536
1783134951.9980 c2s 65536
1783134951.9981 c2s 65536
1783134951.9983 c2s 65536
1783134951.9983 c2s 65536
1783134951.9987 c2s 65536
1783134951.9988 c2s 65536
1783134951.9990 c2s 65536
1783134951.9991 c2s 65536
1783134951.9994 c2s 65536
1783134951.9995 c2s 65536
1783134951.9997 c2s 65536
1783134951.9998 c2s 65536
1783134952.0001 c2s 65536
1783134952.0002 c2s 65536
1783134952.0003 c2s 65536
1783134952.0004 c2s 65536
1783134952.0007 c2s 65536
1783134952.0008 c2s 65536
1783134952.0010 c2s 65536
1783134952.0011 c2s 65536
1783134952.0013 c2s 65536
1783134952.0014 c2s 65536
1783134952.0016 c2s 65536
1783134952.0017 c2s 65536
1783134952.0020 c2s 65536
1783134952.0021 c2s 65536
1783134952.0022 c2s 65536
1783134952.0023 c2s 65536
1783134952.0026 c2s 65536
1783134952.0027 c2s 65536
1783134952.0028 c2s 65536
1783134952.0029 c2s 65536
1783134952.0034 c2s 65536
1783134952.0036 c2s 65536
1783134952.0038 c2s 65536
1783134952.0039 c2s 65536
1783134952.0043 c2s 65536
1783134952.0044 c2s 65536
1783134952.0045 c2s 65536
1783134952.0046 c2s 65536
1783134952.0049 c2s 65536
1783134952.0050 c2s 65536
1783134952.0052 c2s 65536
1783134952.0053 c2s 65536
1783134952.0056 c2s 65536
1783134952.0057 c2s 65536
1783134952.0058 c2s 65536
1783134952.0059 c2s 65536
1783134952.0062 c2s 65536
1783134952.0063 c2s 65536
1783134952.0064 c2s 65536
1783134952.0065 c2s 65536
1783134952.0068 c2s 65536
1783134952.0069 c2s 65536
1783134952.0071 c2s 65536
1783134952.0071 c2s 65536
1783134952.0075 c2s 65536
1783134952.0076 c2s 65536
1783134952.0077 c2s 65536
1783134952.0078 c2s 65536
1783134952.0081 c2s 65536
1783134952.0082 c2s 65536
1783134952.0083 c2s 65536
1783134952.0084 c2s 65536
1783134952.0087 c2s 65536
1783134952.0088 c2s 65536
1783134952.0089 c2s 65536
1783134952.0090 c2s 65536
1783134952.0094 c2s 65536
1783134952.0095 c2s 65536
1783134952.0096 c2s 65536
1783134952.0097 c2s 65536
1783134952.0101 c2s 65536
1783134952.0102 c2s 65536
1783134952.0103 c2s 65536
1783134952.0104 c2s 65536
1783134952.0107 c2s 65536
1783134952.0108 c2s 65536
1783134952.0109 c2s 65536
1783134952.0110 c2s 65536
1783134952.0113 c2s 65536
1783134952.0114 c2s 65536
1783134952.0116 c2s 65536
1783134952.0117 c2s 65536
1783134952.0120 c2s 65536
1783134952.0121 c2s 65536
1783134952.0122 c2s 65536
1783134952.0123 c2s 65536
1783134952.0126 c2s 65536
1783134952.0127 c2s 65536
1783134952.0129 c2s 65536
1783134952.0130 c2s 65536
1783134952.0133 c2s 65536
1783134952.0134 c2s 65536
1783134952.0136 c2s 65536
1783134952.0137 c2s 65536
1783134952.0140 c2s 65536
1783134952.0141 c2s 65536
1783134952.0142 c2s 65536
1783134952.0143 c2s 65536
1783134952.0146 c2s 65536
1783134952.0147 c2s 65536
1783134952.0148 c2s 65536
1783134952.0149 c2s 65536
1783134952.0152 c2s 65536
1783134952.0153 c2s 65536
1783134952.0154 c2s 65536
1783134952.0155 c2s 65536
1783134952.0159 c2s 65536
1783134952.0160 c2s 65536
1783134952.0161 c2s 65536
1783134952.0162 c2s 65536
1783134952.0165 c2s 65536
1783134952.0166 c2s 65536
1783134952.0167 c2s 65536
1783134952.0168 c2s 65536
1783134952.0172 c2s 65536
1783134952.0176 c2s 65536
1783134952.0177 c2s 65536
1783134952.0178 c2s 65536
1783134952.0181 c2s 65536
1783134952.0182 c2s 65536
1783134952.0183 c2s 65536
1783134952.0184 c2s 65536
1783134952.0188 c2s 65536
1783134952.0188 c2s 65536
1783134952.0190 c2s 65536
1783134952.0191 c2s 65536
1783134952.0193 c2s 65536
1783134952.0194 c2s 65536
1783134952.0196 c2s 65536
1783134952.0197 c2s 65536
1783134952.0200 c2s 65536
1783134952.0201 c2s 65536
1783134952.0202 c2s 65536
1783134952.0203 c2s 65536
1783134952.0206 c2s 65536
1783134952.0207 c2s 65536
1783134952.0209 c2s 65536
1783134952.0210 c2s 65536
1783134952.0213 c2s 65536
1783134952.0214 c2s 65536
1783134952.0216 c2s 65536
1783134952.0217 c2s 65536
1783134952.0220 c2s 65536
1783134952.0221 c2s 65536
1783134952.0222 c2s 65536
1783134952.0223 c2s 65536
1783134952.0226 c2s 65536
1783134952.0227 c2s 65536
1783134952.0228 c2s 65536
1783134952.0229 c2s 65536
1783134952.0232 c2s 65536
1783134952.0233 c2s 65536
1783134952.0235 c2s 65536
1783134952.0236 c2s 65536
1783134952.0239 c2s 65536
1783134952.0240 c2s 65536
1783134952.0241 c2s 65536
1783134952.0242 c2s 65536
1783134952.0245 c2s 65536
1783134952.0246 c2s 65536
1783134952.0247 c2s 65536
1783134952.0248 c2s 65536
1783134952.0251 c2s 65536
1783134952.0252 c2s 65536
1783134952.0254 c2s 65536
1783134952.0255 c2s 65536
1783134952.0259 c2s 65536
1783134952.0260 c2s 65536
1783134952.0262 c2s 65536
1783134952.0263 c2s 65536
1783134952.0266 c2s 65536
1783134952.0267 c2s 65536
1783134952.0268 c2s 65536
1783134952.0269 c2s 65536
1783134952.0272 c2s 65536
1783134952.0273 c2s 65536
1783134952.0275 c2s 65536
1783134952.0276 c2s 65536
1783134952.0279 c2s 65536
1783134952.0280 c2s 65536
1783134952.0281 c2s 65536
1783134952.0282 c2s 65536
1783134952.0285 c2s 65536
1783134952.0286 c2s 65536
1783134952.0287 c2s 65536
1783134952.0288 c2s 65536
1783134952.0291 c2s 65536
1783134952.0292 c2s 65536
1783134952.0293 c2s 65536
1783134952.0294 c2s 65536
1783134952.0297 c2s 65536
1783134952.0298 c2s 65536
1783134952.0300 c2s 65536
1783134952.0302 c2s 65536
1783134952.0306 c2s 65536
1783134952.0307 c2s 65536
1783134952.0309 c2s 65536
1783134952.0310 c2s 65536
1783134952.0313 c2s 65536
1783134952.0314 c2s 65536
1783134952.0316 c2s 65536
1783134952.0317 c2s 65536
1783134952.0321 c2s 65536
1783134952.0321 c2s 65536
1783134952.0323 c2s 65536
1783134952.0323 c2s 65536
1783134952.0327 c2s 65536
1783134952.0327 c2s 65536
1783134952.0329 c2s 65536
1783134952.0329 c2s 65536
1783134952.0333 c2s 65536
1783134952.0333 c2s 65536
1783134952.0334 c2s 65536
1783134952.0335 c2s 65536
1783134952.0338 c2s 65536
1783134952.0339 c2s 65536
1783134952.0340 c2s 65536
1783134952.0340 c2s 65536
1783134952.0343 c2s 65536
1783134952.0344 c2s 65536
1783134952.0345 c2s 65536
1783134952.0346 c2s 65536
1783134952.0349 c2s 65536
1783134952.0350 c2s 65536
1783134952.0352 c2s 65536
1783134952.0352 c2s 65536
1783134952.0356 c2s 65536
1783134952.0357 c2s 65536
1783134952.0358 c2s 65536
1783134952.0360 c2s 65536
1783134952.0363 c2s 65536
1783134952.0364 c2s 65536
1783134952.0366 c2s 65536
1783134952.0367 c2s 65536
1783134952.0370 c2s 65536
1783134952.0371 c2s 65536
1783134952.0372 c2s 65536
1783134952.0373 c2s 65536
1783134952.0376 c2s 65536
1783134952.0377 c2s 65536
1783134952.0379 c2s 65536
1783134952.0380 c2s 65536
1783134952.0383 c2s 65536
1783134952.0384 c2s 65536
1783134952.0385 c2s 65536
1783134952.0386 c2s 65536
1783134952.0389 c2s 65536
1783134952.0390 c2s 65536
1783134952.0391 c2s 65536
1783134952.0392 c2s 65536
1783134952.0396 c2s 65536
1783134952.0397 c2s 65536
1783134952.0399 c2s 65536
1783134952.0400 c2s 65536
1783134952.0403 c2s 65536
1783134952.0404 c2s 65536
1783134952.0405 c2s 65536
1783134952.0406 c2s 65536
1783134952.0409 c2s 65536
1783134952.0410 c2s 65536
1783134952.0412 c2s 65536
1783134952.0413 c2s 65536
1783134952.0416 c2s 65536
1783134952.0417 c2s 65536
1783134952.0418 c2s 65536
1783134952.0419 c2s 65536
1783134952.0422 c2s 65536
1783134952.0423 c2s 65536
1783134952.0424 c2s 65536
1783134952.0425 c2s 65536
1783134952.0428 c2s 65536
1783134952.0429 c2s 65536
1783134952.0430 c2s 65536
1783134952.0431 c2s 65536
1783134952.0434 c2s 65536
1783134952.0436 c2s 65536
1783134952.0437 c2s 65536
1783134952.0439 c2s 65536
1783134952.0442 c2s 65536
1783134952.0443 c2s 65536
1783134952.0445 c2s 65536
1783134952.0445 c2s 65536
1783134952.0449 c2s 65536
1783134952.0450 c2s 65536
1783134952.0451 c2s 65536
1783134952.0452 c2s 65536
1783134952.0455 c2s 65536
1783134952.0456 c2s 65536
1783134952.0457 c2s 65536
1783134952.0458 c2s 65536
1783134952.0461 c2s 65536
1783134952.0462 c2s 65536
1783134952.0463 c2s 65536
1783134952.0464 c2s 65536
1783134952.0467 c2s 65536
1783134952.0468 c2s 65536
1783134952.0469 c2s 65536
1783134952.0470 c2s 65536
1783134952.0473 c2s 65536
1783134952.0475 c2s 65536
1783134952.0476 c2s 65536
1783134952.0477 c2s 65536
1783134952.0481 c2s 65536
1783134952.0482 c2s 65536
1783134952.0483 c2s 65536
1783134952.0484 c2s 65536
1783134952.0487 c2s 65536
1783134952.0488 c2s 65536
1783134952.0489 c2s 65536
1783134952.0490 c2s 65536
1783134952.0493 c2s 65536
1783134952.0494 c2s 65536
1783134952.0495 c2s 65536
1783134952.0496 c2s 65536
1783134952.0499 c2s 65536
1783134952.0500 c2s 65536
1783134952.0502 c2s 65536
1783134952.0502 c2s 65536
1783134952.0506 c2s 65536
1783134952.0507 c2s 65536
1783134952.0508 c2s 65536
1783134952.0509 c2s 65536
1783134952.0512 c2s 65536
1783134952.0513 c2s 65536
1783134952.0514 c2s 65536
1783134952.0515 c2s 65536
1783134952.0519 c2s 65536
1783134952.0520 c2s 65536
1783134952.0521 c2s 65536
1783134952.0522 c2s 65536
1783134952.0525 c2s 65536
1783134952.0526 c2s 65536
1783134952.0527 c2s 65536
1783134952.0528 c2s 65536
1783134952.0531 c2s 65536
1783134952.0532 c2s 65536
1783134952.0533 c2s 65536
1783134952.0534 c2s 65536
1783134952.0537 c2s 65536
1783134952.0538 c2s 65536
1783134952.0539 c2s 65536
1783134952.0540 c2s 65536
1783134952.0543 c2s 65536
1783134952.0544 c2s 65536
1783134952.0546 c2s 65536
1783134952.0547 c2s 65536
1783134952.0550 c2s 65536
1783134952.0551 c2s 65536
1783134952.0552 c2s 65536
1783134952.0553 c2s 65536
1783134952.0556 c2s 65536
1783134952.0557 c2s 65536
1783134952.0558 c2s 65536
1783134952.0559 c2s 65536
1783134952.0561 c2s 65536
1783134952.0562 c2s 65536
1783134952.0564 c2s 65536
1783134952.0565 c2s 65536
1783134952.0567 c2s 65536
1783134952.0568 c2s 65536
1783134952.0569 c2s 65536
1783134952.0570 c2s 65536
1783134952.0573 c2s 65536
1783134952.0574 c2s 65536
1783134952.0575 c2s 65536
1783134952.0576 c2s 65536
1783134952.0579 c2s 65536
1783134952.0580 c2s 65536
1783134952.0581 c2s 65536
1783134952.0582 c2s 65536
1783134952.0584 c2s 65536
1783134952.0585 c2s 65536
1783134952.0586 c2s 65536
1783134952.0587 c2s 65536
1783134952.0590 c2s 65536
1783134952.0591 c2s 65536
1783134952.0592 c2s 65536
1783134952.0593 c2s 65536
1783134952.0596 c2s 65536
1783134952.0597 c2s 65536
1783134952.0598 c2s 65536
1783134952.0599 c2s 65536
1783134952.0602 c2s 65536
1783134952.0603 c2s 65536
1783134952.0604 c2s 65536
1783134952.0605 c2s 65536
1783134952.0607 c2s 65536
1783134952.0608 c2s 65536
1783134952.0610 c2s 65536
1783134952.0611 c2s 65536
1783134952.0613 c2s 65536
1783134952.0614 c2s 65536
1783134952.0615 c2s 65536
1783134952.0616 c2s 65536
1783134952.0619 c2s 65536
1783134952.0620 c2s 65536
1783134952.0621 c2s 65536
1783134952.0622 c2s 65536
1783134952.0625 c2s 65536
1783134952.0626 c2s 65536
1783134952.0627 c2s 65536
1783134952.0628 c2s 65536
1783134952.0630 c2s 65536
1783134952.0631 c2s 65536
1783134952.0632 c2s 65536
1783134952.0633 c2s 65536
1783134952.0636 c2s 65536
1783134952.0637 c2s 65536
1783134952.0639 c2s 65536
1783134952.0640 c2s 65536
1783134952.0642 c2s 65536
1783134952.0643 c2s 65536
1783134952.0644 c2s 65536
1783134952.0645 c2s 65536
1783134952.0648 c2s 65536
1783134952.0649 c2s 65536
1783134952.0650 c2s 65536
1783134952.0651 c2s 65536
1783134952.0653 c2s 65536
1783134952.0654 c2s 65536
1783134952.0656 c2s 65536
1783134952.0656 c2s 65536
1783134952.0659 c2s 65536
1783134952.0660 c2s 65536
1783134952.0661 c2s 65536
1783134952.0662 c2s 65536
1783134952.0665 c2s 65536
1783134952.0666 c2s 65536
1783134952.0667 c2s 65536
1783134952.0668 c2s 65536
1783134952.0670 c2s 65536
1783134952.0671 c2s 48230
1783134952.1368 c2s 321
1783134952.1374 s2c 9
1783134952.1508 c2s 65492
1783134952.1512 c2s 65536
1783134952.1514 c2s 65536
1783134952.1517 c2s 65536
1783134952.1518 c2s 65536
1783134952.1522 c2s 65536
1783134952.1523 c2s 65536
1783134952.1526 c2s 65536
1783134952.1527 c2s 65536
1783134952.1531 c2s 65536
1783134952.1533 c2s 65536
1783134952.1535 c2s 65536
1783134952.1536 c2s 65536
1783134952.1540 c2s 65536
1783134952.1541 c2s 65536
1783134952.1543 c2s 65536
1783134952.1544 c2s 65536
1783134952.1549 c2s 65536
1783134952.1550 c2s 65536
1783134952.1551 c2s 65536
1783134952.1552 c2s 65536
1783134952.1556 c2s 65536
1783134952.1557 c2s 65536
1783134952.1559 c2s 65536
1783134952.1560 c2s 65536
1783134952.1563 c2s 65536
1783134952.1565 c2s 65536
1783134952.1567 c2s 65536
1783134952.1568 c2s 65536
1783134952.1571 c2s 65536
1783134952.1572 c2s 65536
1783134952.1574 c2s 65536
1783134952.1575 c2s 65536
1783134952.1578 c2s 65536
1783134952.1579 c2s 65536
1783134952.1580 c2s 65536
1783134952.1580 c2s 65536
1783134952.1583 c2s 65536
1783134952.1584 c2s 65536
1783134952.1585 c2s 65536
1783134952.1586 c2s 65536
1783134952.1589 c2s 65536
1783134952.1590 c2s 65536
1783134952.1591 c2s 65536
1783134952.1591 c2s 65536
1783134952.1594 c2s 65536
1783134952.1595 c2s 65536
1783134952.1596 c2s 65536
1783134952.1598 c2s 65536
1783134952.1601 c2s 65536
1783134952.1602 c2s 65536
1783134952.1604 c2s 65536
1783134952.1605 c2s 65536
1783134952.1608 c2s 65536
1783134952.1609 c2s 65536
1783134952.1610 c2s 65536
1783134952.1611 c2s 65536
1783134952.1614 c2s 65536
1783134952.1615 c2s 65536
1783134952.1616 c2s 65536
1783134952.1617 c2s 65536
1783134952.1620 c2s 65536
1783134952.1621 c2s 65536
1783134952.1623 c2s 65536
1783134952.1624 c2s 65536
1783134952.1627 c2s 65536
1783134952.1628 c2s 65536
1783134952.1630 c2s 65536
1783134952.1631 c2s 65536
1783134952.1634 c2s 65536
1783134952.1635 c2s 65536
1783134952.1637 c2s 65536
1783134952.1638 c2s 65536
1783134952.1641 c2s 65536
1783134952.1643 c2s 65536
1783134952.1644 c2s 65536
1783134952.1645 c2s 65536
1783134952.1649 c2s 65536
1783134952.1650 c2s 65536
1783134952.1651 c2s 65536
1783134952.1652 c2s 65536
1783134952.1655 c2s 65536
1783134952.1656 c2s 65536
1783134952.1657 c2s 65536
1783134952.1658 c2s 65536
1783134952.1662 c2s 65536
1783134952.1663 c2s 65536
1783134952.1664 c2s 65536
1783134952.1665 c2s 65536
1783134952.1668 c2s 65536
1783134952.1669 c2s 65536
1783134952.1670 c2s 65536
1783134952.1671 c2s 65536
1783134952.1674 c2s 65536
1783134952.1676 c2s 65536
1783134952.1677 c2s 65536
1783134952.1678 c2s 65536
1783134952.1681 c2s 65536
1783134952.1683 c2s 65536
1783134952.1684 c2s 65536
1783134952.1685 c2s 65536
1783134952.1689 c2s 65536
1783134952.1690 c2s 65536
1783134952.1691 c2s 65536
1783134952.1692 c2s 65536
1783134952.1696 c2s 65536
1783134952.1697 c2s 65536
1783134952.1698 c2s 65536
1783134952.1699 c2s 65536
1783134952.1702 c2s 65536
1783134952.1703 c2s 65536
1783134952.1705 c2s 65536
1783134952.1705 c2s 65536
1783134952.1709 c2s 65536
1783134952.1710 c2s 65536
1783134952.1711 c2s 65536
1783134952.1712 c2s 65536
1783134952.1715 c2s 65536
1783134952.1716 c2s 65536
1783134952.1718 c2s 65536
1783134952.1719 c2s 65536
1783134952.1722 c2s 65536
1783134952.1723 c2s 65536
1783134952.1724 c2s 65536
1783134952.1725 c2s 65536
1783134952.1728 c2s 65536
1783134952.1729 c2s 65536
1783134952.1731 c2s 65536
1783134952.1732 c2s 65536
1783134952.1736 c2s 65536
1783134952.1737 c2s 65536
1783134952.1738 c2s 65536
1783134952.1739 c2s 65536
1783134952.1743 c2s 65536
1783134952.1744 c2s 65536
1783134952.1745 c2s 65536
1783134952.1746 c2s 65536
1783134952.1750 c2s 65536
1783134952.1751 c2s 65536
1783134952.1752 c2s 65536
1783134952.1753 c2s 65536
1783134952.1756 c2s 65536
1783134952.1758 c2s 65536
1783134952.1759 c2s 65536
1783134952.1760 c2s 65536
1783134952.1764 c2s 65536
1783134952.1765 c2s 65536
1783134952.1766 c2s 65536
1783134952.1767 c2s 65536
1783134952.1770 c2s 65536
1783134952.1771 c2s 65536
1783134952.1773 c2s 65536
1783134952.1774 c2s 65536
1783134952.1777 c2s 65536
1783134952.1778 c2s 65536
1783134952.1779 c2s 65536
1783134952.1780 c2s 65536
1783134952.1783 c2s 65536
1783134952.1784 c2s 65536
1783134952.1785 c2s 65536
1783134952.1786 c2s 65536
1783134952.1789 c2s 65536
1783134952.1790 c2s 65536
1783134952.1792 c2s 65536
1783134952.1793 c2s 65536
1783134952.1796 c2s 65536
1783134952.1797 c2s 65536
1783134952.1798 c2s 65536
1783134952.1799 c2s 65536
1783134952.1802 c2s 65536
1783134952.1803 c2s 65536
1783134952.1804 c2s 65536
1783134952.1805 c2s 65536
1783134952.1808 c2s 65536
1783134952.1810 c2s 65536
1783134952.1811 c2s 65536
1783134952.1812 c2s 65536
1783134952.1815 c2s 65536
1783134952.1816 c2s 65536
1783134952.1818 c2s 65536
1783134952.1818 c2s 65536
1783134952.1822 c2s 65536
1783134952.1823 c2s 65536
1783134952.1824 c2s 65536
1783134952.1825 c2s 65536
1783134952.1828 c2s 65536
1783134952.1829 c2s 65536
1783134952.1830 c2s 65536
1783134952.1831 c2s 65536
1783134952.1834 c2s 65536
1783134952.1835 c2s 65536
1783134952.1837 c2s 65536
1783134952.1837 c2s 65536
1783134952.1840 c2s 65536
1783134952.1841 c2s 65536
1783134952.1843 c2s 65536
1783134952.1844 c2s 65536
1783134952.1847 c2s 65536
1783134952.1848 c2s 65536
1783134952.1850 c2s 65536
1783134952.1851 c2s 65536
1783134952.1854 c2s 65536
1783134952.1855 c2s 65536
1783134952.1856 c2s 65536
1783134952.1857 c2s 65536
1783134952.1861 c2s 65536
1783134952.1862 c2s 65536
1783134952.1863 c2s 65536
1783134952.1864 c2s 65536
1783134952.1867 c2s 65536
1783134952.1868 c2s 65536
1783134952.1869 c2s 65536
1783134952.1870 c2s 65536
1783134952.1873 c2s 65536
1783134952.1874 c2s 65536
1783134952.1876 c2s 65536
1783134952.1877 c2s 65536
1783134952.1880 c2s 65536
1783134952.1881 c2s 65536
1783134952.1882 c2s 65536
1783134952.1883 c2s 65536
1783134952.1886 c2s 65536
1783134952.1887 c2s 65536
1783134952.1889 c2s 65536
1783134952.1890 c2s 65536
1783134952.1893 c2s 65536
1783134952.1894 c2s 65536
1783134952.1895 c2s 65536
1783134952.1896 c2s 65536
1783134952.1899 c2s 65536
1783134952.1900 c2s 65536
1783134952.1901 c2s 65536
1783134952.1902 c2s 65536
1783134952.1905 c2s 65536
1783134952.1906 c2s 65536
1783134952.1907 c2s 65536
1783134952.1908 c2s 65536
1783134952.1911 c2s 65536
1783134952.1912 c2s 65536
1783134952.1913 c2s 65536
1783134952.1914 c2s 65536
1783134952.1917 c2s 65536
1783134952.1919 c2s 65536
1783134952.1920 c2s 65536
1783134952.1921 c2s 65536
1783134952.1924 c2s 65536
1783134952.1925 c2s 65536
1783134952.1927 c2s 65536
1783134952.1928 c2s 65536
1783134952.1931 c2s 65536
1783134952.1932 c2s 65536
1783134952.1933 c2s 65536
1783134952.1934 c2s 65536
1783134952.1937 c2s 65536
1783134952.1938 c2s 65536
1783134952.1939 c2s 65536
1783134952.1940 c2s 65536
1783134952.1943 c2s 65536
1783134952.1944 c2s 65536
1783134952.1945 c2s 65536
1783134952.1946 c2s 65536
1783134952.1949 c2s 65536
1783134952.1950 c2s 65536
1783134952.1952 c2s 65536
1783134952.1953 c2s 65536
1783134952.1956 c2s 65536
1783134952.1957 c2s 65536
1783134952.1959 c2s 65536
1783134952.1960 c2s 65536
1783134952.1963 c2s 65536
1783134952.1964 c2s 65536
1783134952.1965 c2s 65536
1783134952.1966 c2s 65536
1783134952.1969 c2s 65536
1783134952.1970 c2s 65536
1783134952.1971 c2s 65536
1783134952.1972 c2s 65536
1783134952.1975 c2s 65536
1783134952.1976 c2s 65536
1783134952.1978 c2s 65536
1783134952.1979 c2s 65536
1783134952.1981 c2s 65536
1783134952.1982 c2s 65536
1783134952.1984 c2s 65536
1783134952.1984 c2s 65536
1783134952.1988 c2s 65536
1783134952.1989 c2s 65536
1783134952.1990 c2s 65536
1783134952.1991 c2s 65536
1783134952.1994 c2s 65536
1783134952.1995 c2s 65536
1783134952.1997 c2s 65536
1783134952.1998 c2s 65536
1783134952.2001 c2s 65536
1783134952.2002 c2s 65536
1783134952.2004 c2s 65536
1783134952.2004 c2s 65536
1783134952.2008 c2s 65536
1783134952.2009 c2s 65536
1783134952.2010 c2s 65536
1783134952.2011 c2s 65536
1783134952.2013 c2s 65536
1783134952.2014 c2s 65536
1783134952.2016 c2s 65536
1783134952.2016 c2s 65536
1783134952.2019 c2s 65536
1783134952.2020 c2s 65536
1783134952.2022 c2s 65536
1783134952.2022 c2s 65536
1783134952.2026 c2s 65536
1783134952.2027 c2s 65536
1783134952.2028 c2s 65536
1783134952.2029 c2s 65536
1783134952.2032 c2s 65536
1783134952.2033 c2s 65536
1783134952.2035 c2s 65536
1783134952.2036 c2s 65536
1783134952.2039 c2s 65536
1783134952.2040 c2s 65536
1783134952.2042 c2s 65536
1783134952.2042 c2s 65536
1783134952.2045 c2s 65536
1783134952.2046 c2s 65536
1783134952.2048 c2s 65536
1783134952.2049 c2s 65536
1783134952.2051 c2s 65536
1783134952.2052 c2s 65536
1783134952.2053 c2s 65536
1783134952.2054 c2s 65536
1783134952.2057 c2s 65536
1783134952.2058 c2s 65536
1783134952.2060 c2s 65536
1783134952.2060 c2s 65536
1783134952.2063 c2s 65536
1783134952.2064 c2s 65536
1783134952.2066 c2s 65536
1783134952.2066 c2s 65536
1783134952.2070 c2s 65536
1783134952.2071 c2s 65536
1783134952.2072 c2s 65536
1783134952.2073 c2s 65536
1783134952.2077 c2s 65536
1783134952.2078 c2s 65536
1783134952.2079 c2s 65536
1783134952.2080 c2s 65536
1783134952.2083 c2s 65536
1783134952.2084 c2s 65536
1783134952.2085 c2s 65536
1783134952.2086 c2s 65536
1783134952.2089 c2s 65536
1783134952.2090 c2s 65536
1783134952.2091 c2s 65536
1783134952.2092 c2s 65536
1783134952.2095 c2s 65536
1783134952.2096 c2s 65536
1783134952.2097 c2s 65536
1783134952.2098 c2s 65536
1783134952.2101 c2s 65536
1783134952.2102 c2s 65536
1783134952.2103 c2s 65536
1783134952.2104 c2s 65536
1783134952.2107 c2s 65536
1783134952.2109 c2s 65536
1783134952.2111 c2s 65536
1783134952.2112 c2s 65536
1783134952.2116 c2s 65536
1783134952.2117 c2s 65536
1783134952.2118 c2s 65536
1783134952.2119 c2s 65536
1783134952.2122 c2s 65536
1783134952.2123 c2s 65536
1783134952.2124 c2s 65536
1783134952.2125 c2s 65536
1783134952.2128 c2s 65536
1783134952.2129 c2s 65536
1783134952.2130 c2s 65536
1783134952.2131 c2s 65536
1783134952.2134 c2s 65536
1783134952.2135 c2s 65536
1783134952.2136 c2s 65536
1783134952.2137 c2s 65536
1783134952.2141 c2s 65536
1783134952.2142 c2s 65536
1783134952.2143 c2s 65536
1783134952.2144 c2s 65536
1783134952.2147 c2s 65536
1783134952.2148 c2s 65536
1783134952.2149 c2s 65536
1783134952.2150 c2s 65536
1783134952.2154 c2s 65536
1783134952.2155 c2s 65536
1783134952.2156 c2s 65536
1783134952.2157 c2s 65536
1783134952.2160 c2s 65536
1783134952.2161 c2s 65536
1783134952.2162 c2s 65536
1783134952.2163 c2s 65536
1783134952.2166 c2s 65536
1783134952.2167 c2s 65536
1783134952.2169 c2s 65536
1783134952.2170 c2s 65536
1783134952.2173 c2s 65536
1783134952.2174 c2s 65536
1783134952.2175 c2s 65536
1783134952.2176 c2s 65536
1783134952.2179 c2s 65536
1783134952.2180 c2s 65536
1783134952.2181 c2s 65536
1783134952.2182 c2s 65536
1783134952.2185 c2s 65536
1783134952.2186 c2s 65536
1783134952.2188 c2s 65536
1783134952.2188 c2s 65536
1783134952.2192 c2s 65536
1783134952.2193 c2s 65536
1783134952.2194 c2s 65536
1783134952.2195 c2s 65536
1783134952.2199 c2s 65536
1783134952.2200 c2s 65536
1783134952.2201 c2s 65536
1783134952.2202 c2s 65536
1783134952.2205 c2s 65536
1783134952.2206 c2s 65536
1783134952.2207 c2s 65536
1783134952.2208 c2s 65536
1783134952.2211 c2s 65536
1783134952.2212 c2s 65536
1783134952.2213 c2s 65536
1783134952.2214 c2s 65536
1783134952.2217 c2s 65536
1783134952.2218 c2s 65536
1783134952.2219 c2s 65536
1783134952.2220 c2s 65536
1783134952.2223 c2s 65536
1783134952.2224 c2s 65536
1783134952.2225 c2s 65536
1783134952.2226 c2s 65536
1783134952.2229 c2s 65536
1783134952.2230 c2s 65536
1783134952.2232 c2s 65536
1783134952.2233 c2s 65536
1783134952.2237 c2s 65536
1783134952.2238 c2s 65536
1783134952.2239 c2s 65536
1783134952.2240 c2s 65536
1783134952.2243 c2s 65536
1783134952.2244 c2s 65536
1783134952.2245 c2s 65536
1783134952.2246 c2s 65536
1783134952.2249 c2s 65536
1783134952.2250 c2s 65536
1783134952.2252 c2s 65536
1783134952.2252 c2s 65536
1783134952.2255 c2s 65536
1783134952.2256 c2s 65536
1783134952.2258 c2s 65536
1783134952.2259 c2s 65536
1783134952.2262 c2s 65536
1783134952.2263 c2s 65536
1783134952.2264 c2s 65536
1783134952.2265 c2s 65536
1783134952.2268 c2s 65536
1783134952.2269 c2s 65536
1783134952.2270 c2s 65536
1783134952.2271 c2s 65536
1783134952.2274 c2s 65536
1783134952.2275 c2s 65536
1783134952.2276 c2s 65536
1783134952.2277 c2s 65536
1783134952.2280 c2s 65536
1783134952.2281 c2s 65536
1783134952.2283 c2s 65536
1783134952.2283 c2s 65536
1783134952.2286 c2s 65536
1783134952.2287 c2s 65536
1783134952.2288 c2s 65536
1783134952.2289 c2s 65536
1783134952.2292 c2s 65536
1783134952.2293 c2s 65536
1783134952.2294 c2s 65536
1783134952.2295 c2s 65536
1783134952.2298 c2s 65536
1783134952.2299 c2s 65536
1783134952.2301 c2s 65536
1783134952.2302 c2s 65536
1783134952.2305 c2s 65536
1783134952.2306 c2s 65536
1783134952.2307 c2s 65536
1783134952.2308 c2s 65536
1783134952.2310 c2s 65536
1783134952.2311 c2s 65536
1783134952.2313 c2s 65536
1783134952.2313 c2s 65536
1783134952.2317 c2s 65536
1783134952.2318 c2s 65536
1783134952.2319 c2s 65536
1783134952.2320 c2s 65536
1783134952.2323 c2s 65536
1783134952.2324 c2s 65536
1783134952.2325 c2s 65536
1783134952.2326 c2s 65536
1783134952.2329 c2s 65536
1783134952.2330 c2s 65536
1783134952.2331 c2s 65536
1783134952.2332 c2s 65536
1783134952.2334 c2s 65536
1783134952.2335 c2s 65536
1783134952.2337 c2s 65536
1783134952.2337 c2s 65536
1783134952.2340 c2s 65536
1783134952.2341 c2s 65536
1783134952.2343 c2s 65536
1783134952.2343 c2s 65536
1783134952.2346 c2s 65536
1783134952.2347 c2s 65536
1783134952.2348 c2s 65536
1783134952.2349 c2s 65536
1783134952.2352 c2s 65536
1783134952.2353 c2s 65536
1783134952.2354 c2s 65536
1783134952.2356 c2s 65536
1783134952.2358 c2s 65536
1783134952.2359 c2s 65536
1783134952.2361 c2s 65536
1783134952.2361 c2s 65536
1783134952.2364 c2s 65536
1783134952.2365 c2s 65536
1783134952.2366 c2s 65536
1783134952.2367 c2s 65536
1783134952.2370 c2s 65536
1783134952.2373 c2s 65536
1783134952.2375 c2s 65536
1783134952.2376 c2s 65536
1783134952.2378 c2s 65536
1783134952.2379 c2s 65536
1783134952.2381 c2s 65536
1783134952.2382 c2s 65536
1783134952.2384 c2s 65536
1783134952.2385 c2s 65536
1783134952.2386 c2s 65536
1783134952.2387 c2s 65536
1783134952.2390 c2s 65536
1783134952.2391 c2s 65536
1783134952.2392 c2s 65536
1783134952.2393 c2s 65536
1783134952.2396 c2s 65536
1783134952.2397 c2s 65536
1783134952.2398 c2s 65536
1783134952.2399 c2s 65536
1783134952.2402 c2s 65536
1783134952.2403 c2s 65536
1783134952.2404 c2s 65536
1783134952.2405 c2s 65536
1783134952.2408 c2s 65536
1783134952.2409 c2s 65536
1783134952.2410 c2s 65536
1783134952.2411 c2s 65536
1783134952.2413 c2s 65536
1783134952.2414 c2s 65536
1783134952.2415 c2s 65536
1783134952.2416 c2s 65536
1783134952.2419 c2s 65536
1783134952.2420 c2s 65536
1783134952.2421 c2s 65536
1783134952.2422 c2s 65536
1783134952.2424 c2s 65536
1783134952.2425 c2s 65536
1783134952.2427 c2s 65536
1783134952.2428 c2s 65536
1783134952.2430 c2s 65536
1783134952.2431 c2s 65536
1783134952.2432 c2s 65536
1783134952.2433 c2s 65536
1783134952.2436 c2s 65536
1783134952.2437 c2s 65536
1783134952.2438 c2s 65536
1783134952.2439 c2s 65536
1783134952.2442 c2s 65536
1783134952.2443 c2s 65536
1783134952.2444 c2s 65536
1783134952.2445 c2s 65536
1783134952.2447 c2s 65536
1783134952.2448 c2s 49509
1783134952.3513 c2s 321
1783134952.3521 s2c 9
1783134952.3714 c2s 65536
1783134952.3716 c2s 65439
1783134952.3720 c2s 65536
1783134952.3721 c2s 65536
1783134952.3724 c2s 65536
1783134952.3725 c2s 65536
1783134952.3729 c2s 65536
1783134952.3730 c2s 65536
1783134952.3732 c2s 65536
1783134952.3733 c2s 65536
1783134952.3738 c2s 65536
1783134952.3739 c2s 65536
1783134952.3741 c2s 65536
1783134952.3743 c2s 65536
1783134952.3747 c2s 65536
1783134952.3748 c2s 65536
1783134952.3750 c2s 65536
1783134952.3751 c2s 65536
1783134952.3756 c2s 65536
1783134952.3757 c2s 65536
1783134952.3758 c2s 65536
1783134952.3759 c2s 65536
1783134952.3763 c2s 65536
1783134952.3764 c2s 65536
1783134952.3765 c2s 65536
1783134952.3766 c2s 65536
1783134952.3770 c2s 65536
1783134952.3771 c2s 65536
1783134952.3773 c2s 65536
1783134952.3774 c2s 65536
1783134952.3778 c2s 65536
1783134952.3779 c2s 65536
1783134952.3780 c2s 65536
1783134952.3781 c2s 65536
1783134952.3784 c2s 65536
1783134952.3785 c2s 65536
1783134952.3786 c2s 65536
1783134952.3787 c2s 65536
1783134952.3790 c2s 65536
1783134952.3791 c2s 65536
1783134952.3792 c2s 65536
1783134952.3793 c2s 65536
1783134952.3796 c2s 65536
1783134952.3797 c2s 65536
1783134952.3798 c2s 65536
1783134952.3799 c2s 65536
1783134952.3802 c2s 65536
1783134952.3803 c2s 65536
1783134952.3804 c2s 65536
1783134952.3805 c2s 65536
1783134952.3808 c2s 65536
1783134952.3809 c2s 65536
1783134952.3810 c2s 65536
1783134952.3811 c2s 65536
1783134952.3815 c2s 65536
1783134952.3816 c2s 65536
1783134952.3817 c2s 65536
1783134952.3817 c2s 65536
1783134952.3821 c2s 65536
1783134952.3822 c2s 65536
1783134952.3823 c2s 65536
1783134952.3823 c2s 65536
1783134952.3827 c2s 65536
1783134952.3827 c2s 65536
1783134952.3828 c2s 65536
1783134952.3830 c2s 65536
1783134952.3876 c2s 65536
1783134952.3877 c2s 65536
1783134952.3879 c2s 65536
1783134952.3880 c2s 65536
1783134952.3883 c2s 65536
1783134952.3884 c2s 65536
1783134952.3886 c2s 65536
1783134952.3887 c2s 65536
1783134952.3890 c2s 65536
1783134952.3891 c2s 65536
1783134952.3893 c2s 65536
1783134952.3894 c2s 65536
1783134952.3898 c2s 65536
1783134952.3899 c2s 65536
1783134952.3900 c2s 65536
1783134952.3901 c2s 65536
1783134952.3904 c2s 65536
1783134952.3905 c2s 65536
1783134952.3907 c2s 65536
1783134952.3907 c2s 65536
1783134952.3911 c2s 65536
1783134952.3912 c2s 65536
1783134952.3913 c2s 65536
1783134952.3914 c2s 65536
1783134952.3917 c2s 65536
1783134952.3919 c2s 65536
1783134952.3920 c2s 65536
1783134952.3922 c2s 65536
1783134952.3925 c2s 65536
1783134952.3926 c2s 65536
1783134952.3928 c2s 65536
1783134952.3929 c2s 65536
1783134952.3932 c2s 65536
1783134952.3934 c2s 65536
1783134952.3935 c2s 65536
1783134952.3936 c2s 65536
1783134952.3940 c2s 65536
1783134952.3941 c2s 65536
1783134952.3943 c2s 65536
1783134952.3944 c2s 65536
1783134952.3947 c2s 65536
1783134952.3948 c2s 65536
1783134952.3950 c2s 65536
1783134952.3951 c2s 65536
1783134952.3954 c2s 65536
1783134952.3955 c2s 65536
1783134952.3957 c2s 65536
1783134952.3958 c2s 65536
1783134952.3962 c2s 65536
1783134952.3963 c2s 65536
1783134952.3964 c2s 65536
1783134952.3965 c2s 65536
1783134952.3968 c2s 65536
1783134952.3969 c2s 65536
1783134952.3971 c2s 65536
1783134952.3972 c2s 65536
1783134952.3975 c2s 65536
1783134952.3976 c2s 65536
1783134952.3977 c2s 65536
1783134952.3978 c2s 65536
1783134952.3982 c2s 65536
1783134952.3983 c2s 65536
1783134952.3984 c2s 65536
1783134952.3985 c2s 65536
1783134952.3990 c2s 65536
1783134952.3991 c2s 65536
1783134952.3992 c2s 65536
1783134952.3993 c2s 65536
1783134952.3997 c2s 65536
1783134952.3998 c2s 65536
1783134952.3999 c2s 65536
1783134952.4000 c2s 65536
1783134952.4004 c2s 65536
1783134952.4005 c2s 65536
1783134952.4006 c2s 65536
1783134952.4007 c2s 65536
1783134952.4010 c2s 65536
1783134952.4011 c2s 65536
1783134952.4012 c2s 65536
1783134952.4013 c2s 65536
1783134952.4017 c2s 65536
1783134952.4018 c2s 65536
1783134952.4019 c2s 65536
1783134952.4020 c2s 65536
1783134952.4023 c2s 65536
1783134952.4024 c2s 65536
1783134952.4026 c2s 65536
1783134952.4027 c2s 65536
1783134952.4031 c2s 65536
1783134952.4032 c2s 65536
1783134952.4034 c2s 65536
1783134952.4035 c2s 65536
1783134952.4039 c2s 65536
1783134952.4040 c2s 65536
1783134952.4041 c2s 65536
1783134952.4042 c2s 65536
1783134952.4046 c2s 65536
1783134952.4047 c2s 65536
1783134952.4048 c2s 65536
1783134952.4049 c2s 65536
1783134952.4052 c2s 65536
1783134952.4053 c2s 65536
1783134952.4055 c2s 65536
1783134952.4056 c2s 65536
1783134952.4059 c2s 65536
1783134952.4060 c2s 65536
1783134952.4062 c2s 65536
1783134952.4063 c2s 65536
1783134952.4066 c2s 65536
1783134952.4068 c2s 65536
1783134952.4069 c2s 65536
1783134952.4070 c2s 65536
1783134952.4074 c2s 65536
1783134952.4076 c2s 65536
1783134952.4077 c2s 65536
1783134952.4078 c2s 65536
1783134952.4082 c2s 65536
1783134952.4083 c2s 65536
1783134952.4084 c2s 65536
1783134952.4085 c2s 65536
1783134952.4089 c2s 65536
1783134952.4090 c2s 65536
1783134952.4091 c2s 65536
1783134952.4092 c2s 65536
1783134952.4095 c2s 65536
1783134952.4096 c2s 65536
1783134952.4097 c2s 65536
1783134952.4098 c2s 65536
1783134952.4101 c2s 65536
1783134952.4102 c2s 65536
1783134952.4103 c2s 65536
1783134952.4104 c2s 65536
1783134952.4107 c2s 65536
1783134952.4108 c2s 65536
1783134952.4110 c2s 65536
1783134952.4111 c2s 65536
1783134952.4114 c2s 65536
1783134952.4116 c2s 65536
1783134952.4118 c2s 65536
1783134952.4119 c2s 65536
1783134952.4122 c2s 65536
1783134952.4123 c2s 65536
1783134952.4125 c2s 65536
1783134952.4126 c2s 65536
1783134952.4129 c2s 65536
1783134952.4130 c2s 65536
1783134952.4132 c2s 65536
1783134952.4133 c2s 65536
1783134952.4136 c2s 65536
1783134952.4137 c2s 65536
1783134952.4139 c2s 65536
1783134952.4140 c2s 65536
1783134952.4143 c2s 65536
1783134952.4145 c2s 65536
1783134952.4146 c2s 65536
1783134952.4147 c2s 65536
1783134952.4151 c2s 65536
1783134952.4152 c2s 65536
1783134952.4153 c2s 65536
1783134952.4154 c2s 65536
1783134952.4158 c2s 65536
1783134952.4159 c2s 65536
1783134952.4161 c2s 65536
1783134952.4162 c2s 65536
1783134952.4165 c2s 65536
1783134952.4166 c2s 65536
1783134952.4167 c2s 65536
1783134952.4168 c2s 65536
1783134952.4172 c2s 65536
1783134952.4173 c2s 65536
1783134952.4174 c2s 65536
1783134952.4175 c2s 65536
1783134952.4179 c2s 65536
1783134952.4180 c2s 65536
1783134952.4181 c2s 65536
1783134952.4182 c2s 65536
1783134952.4186 c2s 65536
1783134952.4187 c2s 65536
1783134952.4189 c2s 65536
1783134952.4190 c2s 65536
1783134952.4193 c2s 65536
1783134952.4194 c2s 65536
1783134952.4196 c2s 65536
1783134952.4197 c2s 65536
1783134952.4201 c2s 65536
1783134952.4202 c2s 65536
1783134952.4204 c2s 65536
1783134952.4205 c2s 65536
1783134952.4208 c2s 65536
1783134952.4209 c2s 65536
1783134952.4211 c2s 65536
1783134952.4212 c2s 65536
1783134952.4215 c2s 65536
1783134952.4216 c2s 65536
1783134952.4217 c2s 65536
1783134952.4218 c2s 65536
1783134952.4222 c2s 65536
1783134952.4223 c2s 65536
1783134952.4224 c2s 65536
1783134952.4225 c2s 65536
1783134952.4228 c2s 65536
1783134952.4230 c2s 65536
1783134952.4231 c2s 65536
1783134952.4233 c2s 65536
1783134952.4237 c2s 65536
1783134952.4238 c2s 65536
1783134952.4240 c2s 65536
1783134952.4241 c2s 65536
1783134952.4244 c2s 65536
1783134952.4245 c2s 65536
1783134952.4246 c2s 65536
1783134952.4247 c2s 65536
1783134952.4251 c2s 65536
1783134952.4252 c2s 65536
1783134952.4254 c2s 65536
1783134952.4255 c2s 65536
1783134952.4258 c2s 65536
1783134952.4259 c2s 65536
1783134952.4260 c2s 65536
1783134952.4261 c2s 65536
1783134952.4265 c2s 65536
1783134952.4266 c2s 65536
1783134952.4267 c2s 65536
1783134952.4268 c2s 65536
1783134952.4271 c2s 65536
1783134952.4272 c2s 65536
1783134952.4274 c2s 65536
1783134952.4275 c2s 65536
1783134952.4279 c2s 65536
1783134952.4280 c2s 65536
1783134952.4281 c2s 65536
1783134952.4282 c2s 65536
1783134952.4285 c2s 65536
1783134952.4286 c2s 65536
1783134952.4288 c2s 65536
1783134952.4288 c2s 65536
1783134952.4291 c2s 65536
1783134952.4292 c2s 65536
1783134952.4293 c2s 65536
1783134952.4294 c2s 65536
1783134952.4297 c2s 65536
1783134952.4298 c2s 65536
1783134952.4300 c2s 65536
1783134952.4300 c2s 65536
1783134952.4304 c2s 65536
1783134952.4305 c2s 65536
1783134952.4306 c2s 65536
1783134952.4307 c2s 65536
1783134952.4310 c2s 65536
1783134952.4311 c2s 65536
1783134952.4313 c2s 65536
1783134952.4314 c2s 65536
1783134952.4318 c2s 65536
1783134952.4319 c2s 65536
1783134952.4321 c2s 65536
1783134952.4322 c2s 65536
1783134952.4325 c2s 65536
1783134952.4326 c2s 65536
1783134952.4327 c2s 65536
1783134952.4328 c2s 65536
1783134952.4331 c2s 65536
1783134952.4332 c2s 65536
1783134952.4334 c2s 65536
1783134952.4334 c2s 65536
1783134952.4338 c2s 65536
1783134952.4339 c2s 65536
1783134952.4340 c2s 65536
1783134952.4341 c2s 65536
1783134952.4344 c2s 65536
1783134952.4345 c2s 65536
1783134952.4346 c2s 65536
1783134952.4347 c2s 65536
1783134952.4351 c2s 65536
1783134952.4352 c2s 65536
1783134952.4354 c2s 65536
1783134952.4355 c2s 65536
1783134952.4358 c2s 65536
1783134952.4360 c2s 65536
1783134952.4361 c2s 65536
1783134952.4362 c2s 65536
1783134952.4365 c2s 65536
1783134952.4366 c2s 65536
1783134952.4367 c2s 65536
1783134952.4368 c2s 65536
1783134952.4371 c2s 65536
1783134952.4372 c2s 65536
1783134952.4373 c2s 65536
1783134952.4374 c2s 65536
1783134952.4377 c2s 65536
1783134952.4378 c2s 65536
1783134952.4379 c2s 65536
1783134952.4380 c2s 65536
1783134952.4383 c2s 65536
1783134952.4384 c2s 65536
1783134952.4386 c2s 65536
1783134952.4387 c2s 65536
1783134952.4390 c2s 65536
1783134952.4391 c2s 65536
1783134952.4393 c2s 65536
1783134952.4394 c2s 65536
1783134952.4398 c2s 65536
1783134952.4399 c2s 65536
1783134952.4400 c2s 65536
1783134952.4401 c2s 65536
1783134952.4404 c2s 65536
1783134952.4405 c2s 65536
1783134952.4406 c2s 65536
1783134952.4407 c2s 65536
1783134952.4410 c2s 65536
1783134952.4411 c2s 65536
1783134952.4412 c2s 65536
1783134952.4413 c2s 65536
1783134952.4416 c2s 65536
1783134952.4417 c2s 65536
1783134952.4418 c2s 65536
1783134952.4419 c2s 65536
1783134952.4422 c2s 65536
1783134952.4423 c2s 65536
1783134952.4425 c2s 65536
1783134952.4425 c2s 65536
1783134952.4428 c2s 65536
1783134952.4430 c2s 65536
1783134952.4431 c2s 65536
1783134952.4432 c2s 65536
1783134952.4436 c2s 65536
1783134952.4437 c2s 65536
1783134952.4438 c2s 65536
1783134952.4439 c2s 65536
1783134952.4442 c2s 65536
1783134952.4443 c2s 65536
1783134952.4444 c2s 65536
1783134952.4445 c2s 65536
1783134952.4449 c2s 65536
1783134952.4450 c2s 65536
1783134952.4452 c2s 65536
1783134952.4452 c2s 65536
1783134952.4455 c2s 65536
1783134952.4456 c2s 65536
1783134952.4458 c2s 65536
1783134952.4458 c2s 65536
1783134952.4462 c2s 65536
1783134952.4463 c2s 65536
1783134952.4464 c2s 65536
1783134952.4465 c2s 65536
1783134952.4468 c2s 65536
1783134952.4469 c2s 65536
1783134952.4471 c2s 65536
1783134952.4472 c2s 65536
1783134952.4476 c2s 65536
1783134952.4477 c2s 65536
1783134952.4479 c2s 65536
1783134952.4479 c2s 65536
1783134952.4483 c2s 65536
1783134952.4484 c2s 65536
1783134952.4485 c2s 65536
1783134952.4486 c2s 65536
1783134952.4489 c2s 65536
1783134952.4490 c2s 65536
1783134952.4491 c2s 65536
1783134952.4492 c2s 65536
1783134952.4495 c2s 65536
1783134952.4496 c2s 65536
1783134952.4497 c2s 65536
1783134952.4498 c2s 65536
1783134952.4501 c2s 65536
1783134952.4502 c2s 65536
1783134952.4503 c2s 65536
1783134952.4504 c2s 65536
1783134952.4507 c2s 65536
1783134952.4508 c2s 65536
1783134952.4509 c2s 65536
1783134952.4510 c2s 65536
1783134952.4513 c2s 65536
1783134952.4515 c2s 65536
1783134952.4520 c2s 65536
1783134952.4521 c2s 65536
1783134952.4524 c2s 65536
1783134952.4525 c2s 65536
1783134952.4527 c2s 65536
1783134952.4528 c2s 65536
1783134952.4531 c2s 65536
1783134952.4532 c2s 65536
1783134952.4533 c2s 65536
1783134952.4534 c2s 65536
1783134952.4537 c2s 65536
1783134952.4538 c2s 65536
1783134952.4539 c2s 65536
1783134952.4540 c2s 65536
1783134952.4543 c2s 65536
1783134952.4544 c2s 65536
1783134952.4545 c2s 65536
1783134952.4546 c2s 65536
1783134952.4550 c2s 65536
1783134952.4550 c2s 65536
1783134952.4552 c2s 65536
1783134952.4553 c2s 65536
1783134952.4556 c2s 65536
1783134952.4558 c2s 65536
1783134952.4559 c2s 65536
1783134952.4560 c2s 65536
1783134952.4564 c2s 65536
1783134952.4565 c2s 65536
1783134952.4566 c2s 65536
1783134952.4567 c2s 65536
1783134952.4570 c2s 65536
1783134952.4571 c2s 65536
1783134952.4572 c2s 65536
1783134952.4573 c2s 65536
1783134952.4576 c2s 65536
1783134952.4577 c2s 65536
1783134952.4578 c2s 65536
1783134952.4579 c2s 65536
1783134952.4582 c2s 65536
1783134952.4583 c2s 65536
1783134952.4584 c2s 65536
1783134952.4585 c2s 65536
1783134952.4588 c2s 65536
1783134952.4589 c2s 65536
1783134952.4591 c2s 65536
1783134952.4592 c2s 65536
1783134952.4595 c2s 65536
1783134952.4596 c2s 65536
1783134952.4598 c2s 65536
1783134952.4599 c2s 65536
1783134952.4602 c2s 65536
1783134952.4603 c2s 65536
1783134952.4604 c2s 65536
1783134952.4605 c2s 65536
1783134952.4609 c2s 65536
1783134952.4609 c2s 65536
1783134952.4611 c2s 65536
1783134952.4612 c2s 65536
1783134952.4615 c2s 65536
1783134952.4616 c2s 65536
1783134952.4617 c2s 65536
1783134952.4618 c2s 65536
1783134952.4621 c2s 65536
1783134952.4622 c2s 65536
1783134952.4623 c2s 65536
1783134952.4624 c2s 65536
1783134952.4627 c2s 65536
1783134952.4628 c2s 65536
1783134952.4629 c2s 65536
1783134952.4630 c2s 65536
1783134952.4633 c2s 65536
1783134952.4635 c2s 65536
1783134952.4636 c2s 65536
1783134952.4637 c2s 65536
1783134952.4641 c2s 65536
1783134952.4642 c2s 65536
1783134952.4643 c2s 65536
1783134952.4644 c2s 65536
1783134952.4647 c2s 65536
1783134952.4648 c2s 65536
1783134952.4649 c2s 65536
1783134952.4650 c2s 65536
1783134952.4653 c2s 65536
1783134952.4654 c2s 65536
1783134952.4656 c2s 65536
1783134952.4657 c2s 65536
1783134952.4660 c2s 65536
1783134952.4661 c2s 65536
1783134952.4662 c2s 65536
1783134952.4663 c2s 65536
1783134952.4666 c2s 65536
1783134952.4667 c2s 65536
1783134952.4669 c2s 65536
1783134952.4670 c2s 65536
1783134952.4673 c2s 65536
1783134952.4674 c2s 65536
1783134952.4676 c2s 65536
1783134952.4677 c2s 65536
1783134952.4680 c2s 65536
1783134952.4681 c2s 65536
1783134952.4682 c2s 65536
1783134952.4683 c2s 65536
1783134952.4686 c2s 65536
1783134952.4687 c2s 65536
1783134952.4689 c2s 65536
1783134952.4689 c2s 65536
1783134952.4693 c2s 65536
1783134952.4694 c2s 65536
1783134952.4695 c2s 65536
1783134952.4696 c2s 65536
1783134952.4699 c2s 65536
1783134952.4700 c2s 65536
1783134952.4701 c2s 65536
1783134952.4702 c2s 65536
1783134952.4705 c2s 65536
1783134952.4706 c2s 65536
1783134952.4708 c2s 65536
1783134952.4709 c2s 65536
1783134952.4712 c2s 65536
1783134952.4713 c2s 65536
1783134952.4714 c2s 65536
1783134952.4715 c2s 65536
1783134952.4719 c2s 65536
1783134952.4720 c2s 65536
1783134952.4721 c2s 65536
1783134952.4722 c2s 65536
1783134952.4726 c2s 65536
1783134952.4727 c2s 65536
1783134952.4728 c2s 65536
1783134952.4729 c2s 65536
1783134952.4732 c2s 65536
1783134952.4733 c2s 65536
1783134952.4734 c2s 65536
1783134952.4735 c2s 65536
1783134952.4738 c2s 65536
1783134952.4739 c2s 65536
1783134952.4740 c2s 65536
1783134952.4741 c2s 65536
1783134952.4744 c2s 65536
1783134952.4746 c2s 65536
1783134952.4747 c2s 65536
1783134952.4748 c2s 65536
1783134952.4751 c2s 65536
1783134952.4752 c2s 65536
1783134952.4753 c2s 65536
1783134952.4754 c2s 65536
1783134952.4758 c2s 65536
1783134952.4759 c2s 65536
1783134952.4760 c2s 65536
1783134952.4761 c2s 65536
1783134952.4764 c2s 65536
1783134952.4765 c2s 65536
1783134952.4766 c2s 65536
1783134952.4767 c2s 65536
1783134952.4770 c2s 65536
1783134952.4771 c2s 65536
1783134952.4772 c2s 65536
1783134952.4773 c2s 65536
1783134952.4776 c2s 65536
1783134952.4777 c2s 65536
1783134952.4779 c2s 65536
1783134952.4780 c2s 65536
1783134952.4783 c2s 65536
1783134952.4784 c2s 65536
1783134952.4785 c2s 65536
1783134952.4786 c2s 65536
1783134952.4790 c2s 65536
1783134952.4791 c2s 65536
1783134952.4792 c2s 65536
1783134952.4793 c2s 65536
1783134952.4797 c2s 65536
1783134952.4798 c2s 65536
1783134952.4799 c2s 65536
1783134952.4800 c2s 65536
1783134952.4803 c2s 65536
1783134952.4804 c2s 65536
1783134952.4805 c2s 65536
1783134952.4806 c2s 65536
1783134952.4809 c2s 65536
1783134952.4810 c2s 65536
1783134952.4811 c2s 65536
1783134952.4812 c2s 65536
1783134952.4815 c2s 65536
1783134952.4816 c2s 65536
1783134952.4818 c2s 65536
1783134952.4818 c2s 65536
1783134952.4821 c2s 65536
1783134952.4823 c2s 65536
1783134952.4824 c2s 65536
1783134952.4825 c2s 65536
1783134952.4829 c2s 65536
1783134952.4830 c2s 65536
1783134952.4831 c2s 65536
1783134952.4832 c2s 65536
1783134952.4835 c2s 65536
1783134952.4837 c2s 65536
1783134952.4838 c2s 65536
1783134952.4839 c2s 65536
1783134952.4842 c2s 65536
1783134952.4843 c2s 65536
1783134952.4844 c2s 65536
1783134952.4845 c2s 65536
1783134952.4848 c2s 65536
1783134952.4849 c2s 65536
1783134952.4850 c2s 65536
1783134952.4851 c2s 65536
1783134952.4854 c2s 65536
1783134952.4855 c2s 65536
1783134952.4856 c2s 65536
1783134952.4857 c2s 65536
1783134952.4860 c2s 65536
1783134952.4861 c2s 65536
1783134952.4863 c2s 65536
1783134952.4864 c2s 65536
1783134952.4867 c2s 65536
1783134952.4868 c2s 65536
1783134952.4869 c2s 65536
1783134952.4870 c2s 65536
1783134952.4873 c2s 65536
1783134952.4875 c2s 65536
1783134952.4876 c2s 65536
1783134952.4877 c2s 65536
1783134952.4880 c2s 65536
1783134952.4881 c2s 65536
1783134952.4882 c2s 65536
1783134952.4883 c2s 65536
1783134952.4886 c2s 65536
1783134952.4887 c2s 65536
1783134952.4888 c2s 65536
1783134952.4889 c2s 65536
1783134952.4892 c2s 65536
1783134952.4893 c2s 65536
1783134952.4894 c2s 65536
1783134952.4895 c2s 65536
1783134952.4898 c2s 65536
1783134952.4900 c2s 65536
1783134952.4901 c2s 65536
1783134952.4902 c2s 65536
1783134952.4905 c2s 65536
1783134952.4906 c2s 65536
1783134952.4908 c2s 65536
1783134952.4908 c2s 65536
1783134952.4912 c2s 65536
1783134952.4913 c2s 65536
1783134952.4914 c2s 65536
1783134952.4916 c2s 65536
1783134952.4919 c2s 65536
1783134952.4920 c2s 65536
1783134952.4921 c2s 65536
1783134952.4922 c2s 65536
1783134952.4925 c2s 65536
1783134952.4926 c2s 65536
1783134952.4928 c2s 65536
1783134952.4929 c2s 65536
1783134952.4932 c2s 65536
1783134952.4933 c2s 65536
1783134952.4934 c2s 65536
1783134952.4935 c2s 65536
1783134952.4938 c2s 65536
1783134952.4939 c2s 65536
1783134952.4940 c2s 65536
1783134952.4941 c2s 65536
1783134952.4945 c2s 65536
1783134952.4946 c2s 65536
1783134952.4947 c2s 65536
1783134952.4948 c2s 65536
1783134952.4951 c2s 65536
1783134952.4953 c2s 65536
1783134952.4954 c2s 65536
1783134952.4955 c2s 65536
1783134952.4959 c2s 65536
1783134952.4960 c2s 65536
1783134952.4961 c2s 65536
1783134952.4962 c2s 65536
1783134952.4965 c2s 65536
1783134952.4966 c2s 65536
1783134952.4967 c2s 65536
1783134952.4968 c2s 65536
1783134952.4971 c2s 65536
1783134952.4972 c2s 65536
1783134952.4973 c2s 65536
1783134952.4974 c2s 65536
1783134952.4977 c2s 65536
1783134952.4978 c2s 65536
1783134952.4980 c2s 65536
1783134952.4980 c2s 65536
1783134952.4984 c2s 65536
1783134952.4985 c2s 65536
1783134952.4986 c2s 65536
1783134952.4987 c2s 65536
1783134952.4990 c2s 65536
1783134952.4991 c2s 65536
1783134952.4992 c2s 65536
1783134952.4993 c2s 65536
1783134952.4996 c2s 65536
1783134952.4997 c2s 65536
1783134952.4998 c2s 65536
1783134952.4999 c2s 65536
1783134952.5002 c2s 65536
1783134952.5003 c2s 65536
1783134952.5005 c2s 65536
1783134952.5005 c2s 65536
1783134952.5008 c2s 65536
1783134952.5009 c2s 65536
1783134952.5010 c2s 65536
1783134952.5011 c2s 65536
1783134952.5014 c2s 65536
1783134952.5015 c2s 65536
1783134952.5016 c2s 65536
1783134952.5017 c2s 65536
1783134952.5020 c2s 65536
1783134952.5021 c2s 65536
1783134952.5022 c2s 65536
1783134952.5023 c2s 65536
1783134952.5026 c2s 65536
1783134952.5027 c2s 65536
1783134952.5029 c2s 65536
1783134952.5029 c2s 65536
1783134952.5032 c2s 65536
1783134952.5033 c2s 65536
1783134952.5035 c2s 65536
1783134952.5036 c2s 65536
1783134952.5038 c2s 65536
1783134952.5039 c2s 65536
1783134952.5041 c2s 65536
1783134952.5042 c2s 65536
1783134952.5044 c2s 65536
1783134952.5045 c2s 65536
1783134952.5046 c2s 65536
1783134952.5047 c2s 65536
1783134952.5050 c2s 65536
1783134952.5051 c2s 65536
1783134952.5052 c2s 65536
1783134952.5053 c2s 65536
1783134952.5056 c2s 65536
1783134952.5057 c2s 65536
1783134952.5058 c2s 65536
1783134952.5059 c2s 65536
1783134952.5061 c2s 65536
1783134952.5062 c2s 65536
1783134952.5064 c2s 65536
1783134952.5065 c2s 65536
1783134952.5067 c2s 65536
1783134952.5068 c2s 65536
1783134952.5069 c2s 65536
1783134952.5070 c2s 65536
1783134952.5073 c2s 65536
1783134952.5074 c2s 65536
1783134952.5075 c2s 65536
1783134952.5076 c2s 65536
1783134952.5079 c2s 65536
1783134952.5080 c2s 65536
1783134952.5081 c2s 65536
1783134952.5082 c2s 65536
1783134952.5084 c2s 65536
1783134952.5085 c2s 65536
1783134952.5087 c2s 65536
1783134952.5088 c2s 65536
1783134952.5090 c2s 65536
1783134952.5091 c2s 65536
1783134952.5092 c2s 65536
1783134952.5093 c2s 65536
1783134952.5096 c2s 65536
1783134952.5097 c2s 65536
1783134952.5099 c2s 65536
1783134952.5100 c2s 65536
1783134952.5102 c2s 65536
1783134952.5103 c2s 65536
1783134952.5105 c2s 65536
1783134952.5105 c2s 65536
1783134952.5108 c2s 65536
1783134952.5109 c2s 65536
1783134952.5110 c2s 65536
1783134952.5111 c2s 65536
1783134952.5114 c2s 65536
1783134952.5115 c2s 65536
1783134952.5117 c2s 65536
1783134952.5118 c2s 65536
1783134952.5120 c2s 65536
1783134952.5121 c2s 65536
1783134952.5122 c2s 65536
1783134952.5123 c2s 65536
1783134952.5126 c2s 65536
1783134952.5127 c2s 65536
1783134952.5128 c2s 65536
1783134952.5129 c2s 65536
1783134952.5132 c2s 65536
1783134952.5132 c2s 65536
1783134952.5134 c2s 65536
1783134952.5135 c2s 65536
1783134952.5137 c2s 65536
1783134952.5138 c2s 65536
1783134952.5140 c2s 65536
1783134952.5141 c2s 65536
1783134952.5143 c2s 65536
1783134952.5144 c2s 65536
1783134952.5145 c2s 65536
1783134952.5146 c2s 65536
1783134952.5149 c2s 65536
1783134952.5150 c2s 65536
1783134952.5151 c2s 65536
1783134952.5152 c2s 65536
1783134952.5154 c2s 65536
1783134952.5156 c2s 65536
1783134952.5157 c2s 65536
1783134952.5158 c2s 65536
1783134952.5160 c2s 65536
1783134952.5161 c2s 65536
1783134952.5163 c2s 65536
1783134952.5164 c2s 55706
1783134952.5836 c2s 321
1783134952.5842 s2c 9
1783134952.5977 c2s 65492
1783134952.5981 c2s 65536
1783134952.5983 c2s 65536
1783134952.5985 c2s 65536
1783134952.5986 c2s 65536
1783134952.5991 c2s 65536
1783134952.5992 c2s 65536
1783134952.5995 c2s 65536
1783134952.5996 c2s 65536
1783134952.6001 c2s 65536
1783134952.6003 c2s 65536
1783134952.6005 c2s 65536
1783134952.6006 c2s 65536
1783134952.6011 c2s 65536
1783134952.6012 c2s 65536
1783134952.6014 c2s 65536
1783134952.6015 c2s 65536
1783134952.6019 c2s 65536
1783134952.6020 c2s 65536
1783134952.6022 c2s 65536
1783134952.6024 c2s 65536
1783134952.6028 c2s 65536
1783134952.6029 c2s 65536
1783134952.6030 c2s 65536
1783134952.6031 c2s 65536
1783134952.6035 c2s 65536
1783134952.6036 c2s 65536
1783134952.6038 c2s 65536
1783134952.6039 c2s 65536
1783134952.6043 c2s 65536
1783134952.6044 c2s 65536
1783134952.6045 c2s 65536
1783134952.6046 c2s 65536
1783134952.6050 c2s 65536
1783134952.6050 c2s 65536
1783134952.6052 c2s 65536
1783134952.6052 c2s 65536
1783134952.6056 c2s 65536
1783134952.6057 c2s 65536
1783134952.6058 c2s 65536
1783134952.6059 c2s 65536
1783134952.6063 c2s 65536
1783134952.6064 c2s 65536
1783134952.6065 c2s 65536
1783134952.6066 c2s 65536
1783134952.6070 c2s 65536
1783134952.6070 c2s 65536
1783134952.6072 c2s 65536
1783134952.6072 c2s 65536
1783134952.6077 c2s 65536
1783134952.6077 c2s 65536
1783134952.6079 c2s 65536
1783134952.6079 c2s 65536
1783134952.6083 c2s 65536
1783134952.6084 c2s 65536
1783134952.6085 c2s 65536
1783134952.6085 c2s 65536
1783134952.6089 c2s 65536
1783134952.6090 c2s 65536
1783134952.6091 c2s 65536
1783134952.6092 c2s 65536
1783134952.6096 c2s 65536
1783134952.6097 c2s 65536
1783134952.6099 c2s 65536
1783134952.6100 c2s 65536
1783134952.6103 c2s 65536
1783134952.6104 c2s 65536
1783134952.6106 c2s 65536
1783134952.6107 c2s 65536
1783134952.6110 c2s 65536
1783134952.6111 c2s 65536
1783134952.6112 c2s 65536
1783134952.6113 c2s 65536
1783134952.6117 c2s 65536
1783134952.6118 c2s 65536
1783134952.6119 c2s 65536
1783134952.6120 c2s 65536
1783134952.6124 c2s 65536
1783134952.6125 c2s 65536
1783134952.6126 c2s 65536
1783134952.6127 c2s 65536
1783134952.6130 c2s 65536
1783134952.6131 c2s 65536
1783134952.6133 c2s 65536
1783134952.6134 c2s 65536
1783134952.6137 c2s 65536
1783134952.6138 c2s 65536
1783134952.6140 c2s 65536
1783134952.6141 c2s 65536
1783134952.6145 c2s 65536
1783134952.6146 c2s 65536
1783134952.6147 c2s 65536
1783134952.6148 c2s 65536
1783134952.6151 c2s 65536
1783134952.6152 c2s 65536
1783134952.6153 c2s 65536
1783134952.6154 c2s 65536
1783134952.6158 c2s 65536
1783134952.6159 c2s 65536
1783134952.6160 c2s 65536
1783134952.6161 c2s 65536
1783134952.6164 c2s 65536
1783134952.6165 c2s 65536
1783134952.6166 c2s 65536
1783134952.6167 c2s 65536
1783134952.6170 c2s 65536
1783134952.6171 c2s 65536
1783134952.6172 c2s 65536
1783134952.6173 c2s 65536
1783134952.6177 c2s 65536
1783134952.6178 c2s 65536
1783134952.6180 c2s 65536
1783134952.6181 c2s 65536
1783134952.6184 c2s 65536
1783134952.6186 c2s 65536
1783134952.6187 c2s 65536
1783134952.6188 c2s 65536
1783134952.6191 c2s 65536
1783134952.6192 c2s 65536
1783134952.6193 c2s 65536
1783134952.6194 c2s 65536
1783134952.6198 c2s 65536
1783134952.6199 c2s 65536
1783134952.6201 c2s 65536
1783134952.6202 c2s 65536
1783134952.6205 c2s 65536
1783134952.6206 c2s 65536
1783134952.6207 c2s 65536
1783134952.6208 c2s 65536
1783134952.6211 c2s 65536
1783134952.6212 c2s 65536
1783134952.6214 c2s 65536
1783134952.6215 c2s 65536
1783134952.6218 c2s 65536
1783134952.6219 c2s 65536
1783134952.6221 c2s 65536
1783134952.6222 c2s 65536
1783134952.6226 c2s 65536
1783134952.6227 c2s 65536
1783134952.6228 c2s 65536
1783134952.6229 c2s 65536
1783134952.6232 c2s 65536
1783134952.6233 c2s 65536
1783134952.6235 c2s 65536
1783134952.6236 c2s 65536
1783134952.6239 c2s 65536
1783134952.6241 c2s 65536
1783134952.6242 c2s 65536
1783134952.6243 c2s 65536
1783134952.6246 c2s 65536
1783134952.6247 c2s 65536
1783134952.6248 c2s 65536
1783134952.6249 c2s 65536
1783134952.6253 c2s 65536
1783134952.6254 c2s 65536
1783134952.6255 c2s 65536
1783134952.6256 c2s 65536
1783134952.6259 c2s 65536
1783134952.6260 c2s 65536
1783134952.6262 c2s 65536
1783134952.6263 c2s 65536
1783134952.6267 c2s 65536
1783134952.6268 c2s 65536
1783134952.6269 c2s 65536
1783134952.6270 c2s 65536
1783134952.6273 c2s 65536
1783134952.6274 c2s 65536
1783134952.6276 c2s 65536
1783134952.6277 c2s 65536
1783134952.6280 c2s 65536
1783134952.6281 c2s 65536
1783134952.6282 c2s 65536
1783134952.6283 c2s 65536
1783134952.6287 c2s 65536
1783134952.6288 c2s 65536
1783134952.6289 c2s 65536
1783134952.6290 c2s 65536
1783134952.6293 c2s 65536
1783134952.6294 c2s 65536
1783134952.6295 c2s 65536
1783134952.6296 c2s 65536
1783134952.6300 c2s 65536
1783134952.6301 c2s 65536
1783134952.6303 c2s 65536
1783134952.6304 c2s 65536
1783134952.6307 c2s 65536
1783134952.6308 c2s 65536
1783134952.6310 c2s 65536
1783134952.6311 c2s 65536
1783134952.6315 c2s 65536
1783134952.6316 c2s 65536
1783134952.6317 c2s 65536
1783134952.6318 c2s 65536
1783134952.6321 c2s 65536
1783134952.6323 c2s 65536
1783134952.6324 c2s 65536
1783134952.6325 c2s 65536
1783134952.6328 c2s 65536
1783134952.6329 c2s 65536
1783134952.6330 c2s 65536
1783134952.6331 c2s 65536
1783134952.6334 c2s 65536
1783134952.6335 c2s 65536
1783134952.6337 c2s 65536
1783134952.6338 c2s 65536
1783134952.6341 c2s 65536
1783134952.6342 c2s 65536
1783134952.6344 c2s 65536
1783134952.6345 c2s 65536
1783134952.6349 c2s 65536
1783134952.6350 c2s 65536
1783134952.6351 c2s 65536
1783134952.6352 c2s 65536
1783134952.6355 c2s 65536
1783134952.6357 c2s 65536
1783134952.6358 c2s 65536
1783134952.6359 c2s 65536
1783134952.6362 c2s 65536
1783134952.6363 c2s 65536
1783134952.6365 c2s 65536
1783134952.6365 c2s 65536
1783134952.6368 c2s 65536
1783134952.6369 c2s 65536
1783134952.6370 c2s 65536
1783134952.6371 c2s 65536
1783134952.6374 c2s 65536
1783134952.6375 c2s 65536
1783134952.6376 c2s 65536
1783134952.6377 c2s 65536
1783134952.6380 c2s 65536
1783134952.6382 c2s 65536
1783134952.6383 c2s 65536
1783134952.6384 c2s 65536
1783134952.6388 c2s 65536
1783134952.6389 c2s 65536
1783134952.6391 c2s 65536
1783134952.6392 c2s 65536
1783134952.6395 c2s 65536
1783134952.6396 c2s 65536
1783134952.6397 c2s 65536
1783134952.6398 c2s 65536
1783134952.6402 c2s 65536
1783134952.6403 c2s 65536
1783134952.6404 c2s 65536
1783134952.6405 c2s 65536
1783134952.6408 c2s 65536
1783134952.6409 c2s 65536
1783134952.6410 c2s 65536
1783134952.6411 c2s 65536
1783134952.6415 c2s 65536
1783134952.6416 c2s 65536
1783134952.6417 c2s 65536
1783134952.6418 c2s 65536
1783134952.6421 c2s 65536
1783134952.6422 c2s 65536
1783134952.6424 c2s 65536
1783134952.6425 c2s 65536
1783134952.6428 c2s 65536
1783134952.6429 c2s 65536
1783134952.6430 c2s 65536
1783134952.6431 c2s 65536
1783134952.6435 c2s 65536
1783134952.6436 c2s 65536
1783134952.6437 c2s 65536
1783134952.6438 c2s 65536
1783134952.6441 c2s 65536
1783134952.6442 c2s 65536
1783134952.6443 c2s 65536
1783134952.6444 c2s 65536
1783134952.6447 c2s 65536
1783134952.6448 c2s 65536
1783134952.6449 c2s 65536
1783134952.6450 c2s 65536
1783134952.6453 c2s 65536
1783134952.6454 c2s 65536
1783134952.6455 c2s 65536
1783134952.6456 c2s 65536
1783134952.6459 c2s 65536
1783134952.6460 c2s 65536
1783134952.6462 c2s 65536
1783134952.6463 c2s 65536
1783134952.6466 c2s 65536
1783134952.6467 c2s 65536
1783134952.6468 c2s 65536
1783134952.6469 c2s 65536
1783134952.6473 c2s 65536
1783134952.6474 c2s 65536
1783134952.6475 c2s 65536
1783134952.6476 c2s 65536
1783134952.6479 c2s 65536
1783134952.6480 c2s 65536
1783134952.6481 c2s 65536
1783134952.6482 c2s 65536
1783134952.6485 c2s 65536
1783134952.6486 c2s 65536
1783134952.6488 c2s 65536
1783134952.6488 c2s 65536
1783134952.6492 c2s 65536
1783134952.6493 c2s 65536
1783134952.6494 c2s 65536
1783134952.6495 c2s 65536
1783134952.6498 c2s 65536
1783134952.6499 c2s 65536
1783134952.6501 c2s 65536
1783134952.6502 c2s 65536
1783134952.6505 c2s 65536
1783134952.6506 c2s 65536
1783134952.6507 c2s 65536
1783134952.6509 c2s 65536
1783134952.6512 c2s 65536
1783134952.6513 c2s 65536
1783134952.6514 c2s 65536
1783134952.6515 c2s 65536
1783134952.6519 c2s 65536
1783134952.6520 c2s 65536
1783134952.6521 c2s 65536
1783134952.6522 c2s 65536
1783134952.6525 c2s 65536
1783134952.6526 c2s 65536
1783134952.6527 c2s 65536
1783134952.6528 c2s 65536
1783134952.6531 c2s 65536
1783134952.6532 c2s 65536
1783134952.6534 c2s 65536
1783134952.6535 c2s 65536
1783134952.6538 c2s 65536
1783134952.6539 c2s 65536
1783134952.6540 c2s 65536
1783134952.6541 c2s 65536
1783134952.6544 c2s 65536
1783134952.6545 c2s 65536
1783134952.6547 c2s 65536
1783134952.6548 c2s 65536
1783134952.6551 c2s 65536
1783134952.6552 c2s 65536
1783134952.6553 c2s 65536
1783134952.6554 c2s 65536
1783134952.6557 c2s 65536
1783134952.6558 c2s 65536
1783134952.6560 c2s 65536
1783134952.6560 c2s 65536
1783134952.6563 c2s 65536
1783134952.6564 c2s 65536
1783134952.6566 c2s 65536
1783134952.6567 c2s 65536
1783134952.6570 c2s 65536
1783134952.6571 c2s 65536
1783134952.6573 c2s 65536
1783134952.6574 c2s 65536
1783134952.6577 c2s 65536
1783134952.6578 c2s 65536
1783134952.6579 c2s 65536
1783134952.6580 c2s 65536
1783134952.6583 c2s 65536
1783134952.6584 c2s 65536
1783134952.6585 c2s 65536
1783134952.6586 c2s 65536
1783134952.6590 c2s 65536
1783134952.6591 c2s 65536
1783134952.6592 c2s 65536
1783134952.6593 c2s 65536
1783134952.6596 c2s 65536
1783134952.6597 c2s 65536
1783134952.6599 c2s 65536
1783134952.6599 c2s 65536
1783134952.6603 c2s 65536
1783134952.6604 c2s 65536
1783134952.6605 c2s 65536
1783134952.6606 c2s 65536
1783134952.6609 c2s 65536
1783134952.6610 c2s 65536
1783134952.6611 c2s 65536
1783134952.6612 c2s 65536
1783134952.6616 c2s 65536
1783134952.6617 c2s 65536
1783134952.6618 c2s 65536
1783134952.6619 c2s 65536
1783134952.6622 c2s 65536
1783134952.6623 c2s 65536
1783134952.6624 c2s 65536
1783134952.6625 c2s 65536
1783134952.6628 c2s 65536
1783134952.6629 c2s 65536
1783134952.6630 c2s 65536
1783134952.6631 c2s 65536
1783134952.6634 c2s 65536
1783134952.6635 c2s 65536
1783134952.6637 c2s 65536
1783134952.6638 c2s 65536
1783134952.6641 c2s 65536
1783134952.6642 c2s 65536
1783134952.6643 c2s 65536
1783134952.6644 c2s 65536
1783134952.6648 c2s 65536
1783134952.6649 c2s 65536
1783134952.6650 c2s 65536
1783134952.6651 c2s 65536
1783134952.6654 c2s 65536
1783134952.6655 c2s 65536
1783134952.6657 c2s 65536
1783134952.6657 c2s 65536
1783134952.6660 c2s 65536
1783134952.6661 c2s 65536
1783134952.6663 c2s 65536
1783134952.6663 c2s 65536
1783134952.6667 c2s 65536
1783134952.6668 c2s 65536
1783134952.6669 c2s 65536
1783134952.6670 c2s 65536
1783134952.6673 c2s 65536
1783134952.6674 c2s 65536
1783134952.6675 c2s 65536
1783134952.6676 c2s 65536
1783134952.6679 c2s 65536
1783134952.6681 c2s 65536
1783134952.6682 c2s 65536
1783134952.6683 c2s 65536
1783134952.6686 c2s 65536
1783134952.6687 c2s 65536
1783134952.6689 c2s 65536
1783134952.6690 c2s 65536
1783134952.6693 c2s 65536
1783134952.6694 c2s 65536
1783134952.6695 c2s 65536
1783134952.6696 c2s 65536
1783134952.6699 c2s 65536
1783134952.6700 c2s 65536
1783134952.6701 c2s 65536
1783134952.6702 c2s 65536
1783134952.6705 c2s 65536
1783134952.6706 c2s 65536
1783134952.6707 c2s 65536
1783134952.6708 c2s 65536
1783134952.6711 c2s 65536
1783134952.6712 c2s 65536
1783134952.6713 c2s 65536
1783134952.6714 c2s 65536
1783134952.6718 c2s 65536
1783134952.6719 c2s 65536
1783134952.6720 c2s 65536
1783134952.6721 c2s 65536
1783134952.6726 c2s 65536
1783134952.6728 c2s 65536
1783134952.6729 c2s 65536
1783134952.6730 c2s 65536
1783134952.6734 c2s 65536
1783134952.6735 c2s 65536
1783134952.6737 c2s 65536
1783134952.6738 c2s 65536
1783134952.6740 c2s 65536
1783134952.6742 c2s 65536
1783134952.6743 c2s 65536
1783134952.6744 c2s 65536
1783134952.6747 c2s 65536
1783134952.6748 c2s 65536
1783134952.6750 c2s 65536
1783134952.6751 c2s 65536
1783134952.6754 c2s 65536
1783134952.6755 c2s 65536
1783134952.6756 c2s 65536
1783134952.6757 c2s 65536
1783134952.6760 c2s 65536
1783134952.6761 c2s 65536
1783134952.6762 c2s 65536
1783134952.6763 c2s 65536
1783134952.6766 c2s 65536
1783134952.6767 c2s 65536
1783134952.6769 c2s 65536
1783134952.6769 c2s 65536
1783134952.6773 c2s 65536
1783134952.6774 c2s 65536
1783134952.6775 c2s 65536
1783134952.6776 c2s 65536
1783134952.6778 c2s 65536
1783134952.6780 c2s 65536
1783134952.6781 c2s 65536
1783134952.6782 c2s 65536
1783134952.6786 c2s 65536
1783134952.6787 c2s 65536
1783134952.6788 c2s 65536
1783134952.6789 c2s 65536
1783134952.6792 c2s 65536
1783134952.6793 c2s 65536
1783134952.6794 c2s 65536
1783134952.6796 c2s 65536
1783134952.6799 c2s 65536
1783134952.6800 c2s 65536
1783134952.6801 c2s 65536
1783134952.6802 c2s 65536
1783134952.6805 c2s 65536
1783134952.6806 c2s 65536
1783134952.6807 c2s 65536
1783134952.6808 c2s 65536
1783134952.6811 c2s 65536
1783134952.6812 c2s 65536
1783134952.6813 c2s 65536
1783134952.6814 c2s 65536
1783134952.6817 c2s 65536
1783134952.6818 c2s 65536
1783134952.6820 c2s 65536
1783134952.6821 c2s 65536
1783134952.6824 c2s 65536
1783134952.6826 c2s 65536
1783134952.6827 c2s 65536
1783134952.6828 c2s 65536
1783134952.6831 c2s 65536
1783134952.6832 c2s 65536
1783134952.6833 c2s 65536
1783134952.6834 c2s 65536
1783134952.6838 c2s 65536
1783134952.6841 c2s 65536
1783134952.6844 c2s 65536
1783134952.6845 c2s 65536
1783134952.6848 c2s 65536
1783134952.6849 c2s 65536
1783134952.6850 c2s 65536
1783134952.6851 c2s 65536
1783134952.6854 c2s 65536
1783134952.6855 c2s 65536
1783134952.6856 c2s 65536
1783134952.6857 c2s 65536
1783134952.6860 c2s 65536
1783134952.6861 c2s 65536
1783134952.6863 c2s 65536
1783134952.6864 c2s 65536
1783134952.6867 c2s 65536
1783134952.6868 c2s 65536
1783134952.6870 c2s 65536
1783134952.6871 c2s 65536
1783134952.6874 c2s 65536
1783134952.6876 c2s 65536
1783134952.6877 c2s 65536
1783134952.6878 c2s 65536
1783134952.6881 c2s 65536
1783134952.6882 c2s 65536
1783134952.6883 c2s 65536
1783134952.6884 c2s 65536
1783134952.6887 c2s 65536
1783134952.6888 c2s 65536
1783134952.6889 c2s 65536
1783134952.6890 c2s 65536
1783134952.6893 c2s 65536
1783134952.6894 c2s 65536
1783134952.6895 c2s 65536
1783134952.6896 c2s 65536
1783134952.6899 c2s 65536
1783134952.6901 c2s 65536
1783134952.6902 c2s 65536
1783134952.6903 c2s 65536
1783134952.6907 c2s 65536
1783134952.6908 c2s 65536
1783134952.6910 c2s 65536
1783134952.6911 c2s 65536
1783134952.6914 c2s 65536
1783134952.6916 c2s 65536
1783134952.6917 c2s 65536
1783134952.6918 c2s 65536
1783134952.6921 c2s 65536
1783134952.6922 c2s 65536
1783134952.6923 c2s 65536
1783134952.6924 c2s 65536
1783134952.6927 c2s 65536
1783134952.6928 c2s 65536
1783134952.6930 c2s 65536
1783134952.6931 c2s 65536
1783134952.6934 c2s 65536
1783134952.6935 c2s 65536
1783134952.6936 c2s 65536
1783134952.6937 c2s 65536
1783134952.6940 c2s 65536
1783134952.6941 c2s 65536
1783134952.6942 c2s 65536
1783134952.6943 c2s 65536
1783134952.6946 c2s 65536
1783134952.6947 c2s 65536
1783134952.6948 c2s 65536
1783134952.6949 c2s 65536
1783134952.6953 c2s 65536
1783134952.6955 c2s 65536
1783134952.6957 c2s 65536
1783134952.6959 c2s 65536
1783134952.6963 c2s 65536
1783134952.6964 c2s 65536
1783134952.6966 c2s 65536
1783134952.6967 c2s 65536
1783134952.6970 c2s 65536
1783134952.6971 c2s 65536
1783134952.6973 c2s 65536
1783134952.6974 c2s 65536
1783134952.6977 c2s 65536
1783134952.6978 c2s 65536
1783134952.6979 c2s 65536
1783134952.6980 c2s 65536
1783134952.6983 c2s 65536
1783134952.6984 c2s 65536
1783134952.6985 c2s 65536
1783134952.6986 c2s 65536
1783134952.6989 c2s 65536
1783134952.6990 c2s 65536
1783134952.6992 c2s 65536
1783134952.6992 c2s 65536
1783134952.6996 c2s 65536
1783134952.6997 c2s 65536
1783134952.6998 c2s 65536
1783134952.6999 c2s 65536
1783134952.7002 c2s 65536
1783134952.7003 c2s 65536
1783134952.7005 c2s 65536
1783134952.7005 c2s 65536
1783134952.7008 c2s 65536
1783134952.7010 c2s 65536
1783134952.7011 c2s 65536
1783134952.7012 c2s 65536
1783134952.7016 c2s 65536
1783134952.7017 c2s 65536
1783134952.7018 c2s 65536
1783134952.7019 c2s 65536
1783134952.7022 c2s 65536
1783134952.7023 c2s 65536
1783134952.7024 c2s 65536
1783134952.7024 c2s 65536
1783134952.7027 c2s 65536
1783134952.7028 c2s 65536
1783134952.7029 c2s 65536
1783134952.7030 c2s 65536
1783134952.7033 c2s 65536
1783134952.7034 c2s 65536
1783134952.7035 c2s 65536
1783134952.7036 c2s 65536
1783134952.7039 c2s 65536
1783134952.7040 c2s 65536
1783134952.7041 c2s 65536
1783134952.7041 c2s 65536
1783134952.7044 c2s 65536
1783134952.7047 c2s 65536
1783134952.7049 c2s 65536
1783134952.7050 c2s 65536
1783134952.7053 c2s 65536
1783134952.7054 c2s 65536
1783134952.7055 c2s 65536
1783134952.7056 c2s 65536
1783134952.7059 c2s 65536
1783134952.7060 c2s 65536
1783134952.7062 c2s 65536
1783134952.7063 c2s 65536
1783134952.7066 c2s 65536
1783134952.7067 c2s 65536
1783134952.7068 c2s 65536
1783134952.7069 c2s 65536
1783134952.7072 c2s 65536
1783134952.7073 c2s 65536
1783134952.7074 c2s 65536
1783134952.7075 c2s 65536
1783134952.7078 c2s 65536
1783134952.7080 c2s 65536
1783134952.7081 c2s 65536
1783134952.7082 c2s 65536
1783134952.7085 c2s 65536
1783134952.7086 c2s 65536
1783134952.7088 c2s 65536
1783134952.7089 c2s 65536
1783134952.7093 c2s 65536
1783134952.7094 c2s 65536
1783134952.7095 c2s 65536
1783134952.7096 c2s 65536
1783134952.7099 c2s 65536
1783134952.7100 c2s 65536
1783134952.7101 c2s 65536
1783134952.7102 c2s 65536
1783134952.7105 c2s 65536
1783134952.7106 c2s 65536
1783134952.7108 c2s 65536
1783134952.7109 c2s 65536
1783134952.7112 c2s 65536
1783134952.7113 c2s 65536
1783134952.7114 c2s 65536
1783134952.7115 c2s 65536
1783134952.7118 c2s 65536
1783134952.7119 c2s 65536
1783134952.7121 c2s 65536
1783134952.7122 c2s 65536
1783134952.7126 c2s 65536
1783134952.7127 c2s 65536
1783134952.7128 c2s 65536
1783134952.7129 c2s 65536
1783134952.7132 c2s 65536
1783134952.7133 c2s 65536
1783134952.7134 c2s 65536
1783134952.7135 c2s 65536
1783134952.7138 c2s 65536
1783134952.7139 c2s 65536
1783134952.7141 c2s 65536
1783134952.7142 c2s 65536
1783134952.7145 c2s 65536
1783134952.7146 c2s 65536
1783134952.7147 c2s 65536
1783134952.7148 c2s 65536
1783134952.7150 c2s 65536
1783134952.7151 c2s 65536
1783134952.7153 c2s 65536
1783134952.7154 c2s 65536
1783134952.7157 c2s 65536
1783134952.7158 c2s 65536
1783134952.7160 c2s 65536
1783134952.7160 c2s 65536
1783134952.7163 c2s 65536
1783134952.7164 c2s 65536
1783134952.7166 c2s 65536
1783134952.7167 c2s 65536
1783134952.7170 c2s 65536
1783134952.7171 c2s 65536
1783134952.7172 c2s 65536
1783134952.7173 c2s 65536
1783134952.7176 c2s 65536
1783134952.7177 c2s 65536
1783134952.7178 c2s 65536
1783134952.7179 c2s 65536
1783134952.7182 c2s 65536
1783134952.7183 c2s 65536
1783134952.7185 c2s 65536
1783134952.7186 c2s 65536
1783134952.7188 c2s 65536
1783134952.7189 c2s 65536
1783134952.7191 c2s 65536
1783134952.7191 c2s 65536
1783134952.7195 c2s 65536
1783134952.7196 c2s 65536
1783134952.7197 c2s 65536
1783134952.7198 c2s 65536
1783134952.7201 c2s 65536
1783134952.7202 c2s 65536
1783134952.7203 c2s 65536
1783134952.7204 c2s 65536
1783134952.7207 c2s 65536
1783134952.7208 c2s 65536
1783134952.7210 c2s 65536
1783134952.7210 c2s 65536
1783134952.7213 c2s 65536
1783134952.7214 c2s 65536
1783134952.7216 c2s 65536
1783134952.7217 c2s 65536
1783134952.7219 c2s 65536
1783134952.7220 c2s 65536
1783134952.7222 c2s 65536
1783134952.7223 c2s 65536
1783134952.7226 c2s 65536
1783134952.7227 c2s 65536
1783134952.7228 c2s 65536
1783134952.7229 c2s 65536
1783134952.7231 c2s 65536
1783134952.7232 c2s 65536
1783134952.7234 c2s 65536
1783134952.7235 c2s 65536
1783134952.7237 c2s 65536
1783134952.7238 c2s 65536
1783134952.7240 c2s 65536
1783134952.7240 c2s 65536
1783134952.7243 c2s 65536
1783134952.7244 c2s 65536
1783134952.7246 c2s 65536
1783134952.7246 c2s 65536
1783134952.7249 c2s 65536
1783134952.7250 c2s 65536
1783134952.7251 c2s 65536
1783134952.7252 c2s 65536
1783134952.7254 c2s 65536
1783134952.7255 c2s 65536
1783134952.7257 c2s 65536
1783134952.7258 c2s 65536
1783134952.7260 c2s 65536
1783134952.7261 c2s 65536
1783134952.7262 c2s 65536
1783134952.7263 c2s 65536
1783134952.7266 c2s 65536
1783134952.7267 c2s 65536
1783134952.7268 c2s 65536
1783134952.7269 c2s 65536
1783134952.7272 c2s 65536
1783134952.7273 c2s 65536
1783134952.7274 c2s 65536
1783134952.7275 c2s 65536
1783134952.7278 c2s 65536
1783134952.7279 c2s 65536
1783134952.7280 c2s 65536
1783134952.7281 c2s 65536
1783134952.7284 c2s 65536
1783134952.7285 c2s 65536
1783134952.7286 c2s 65536
1783134952.7287 c2s 65536
1783134952.7289 c2s 65536
1783134952.7290 c2s 65536
1783134952.7292 c2s 65536
1783134952.7292 c2s 65536
1783134952.7295 c2s 65536
1783134952.7296 c2s 65536
1783134952.7297 c2s 65536
1783134952.7298 c2s 65536
1783134952.7301 c2s 65536
1783134952.7302 c2s 65536
1783134952.7303 c2s 65536
1783134952.7304 c2s 65536
1783134952.7306 c2s 65536
1783134952.7307 c2s 65536
1783134952.7308 c2s 65536
1783134952.7309 c2s 65536
1783134952.7312 c2s 65536
1783134952.7313 c2s 65536
1783134952.7314 c2s 65536
1783134952.7315 c2s 65536
1783134952.7318 c2s 65536
1783134952.7319 c2s 65536
1783134952.7320 c2s 65536
1783134952.7321 c2s 65536
1783134952.7324 c2s 65536
1783134952.7325 c2s 65536
1783134952.7326 c2s 65536
1783134952.7327 c2s 65536
1783134952.7330 c2s 65536
1783134952.7331 c2s 65536
1783134952.7332 c2s 65536
1783134952.7333 c2s 65536
1783134952.7335 c2s 65536
1783134952.7336 c2s 65536
1783134952.7337 c2s 65536
1783134952.7338 c2s 65536
1783134952.7341 c2s 65536
1783134952.7342 c2s 65536
1783134952.7343 c2s 65536
1783134952.7344 c2s 65536
1783134952.7347 c2s 65536
1783134952.7348 c2s 65536
1783134952.7349 c2s 65536
1783134952.7350 c2s 65536
1783134952.7352 c2s 65536
1783134952.7353 c2s 65536
1783134952.7354 c2s 33894
1783134952.8063 c2s 321
1783134952.8068 s2c 9
1783134952.8200 c2s 65492
1783134952.8205 c2s 65536
1783134952.8207 c2s 65536
1783134952.8209 c2s 65536
1783134952.8210 c2s 65536
1783134952.8214 c2s 65536
1783134952.8216 c2s 65536
1783134952.8218 c2s 65536
1783134952.8219 c2s 65536
1783134952.8223 c2s 65536
1783134952.8224 c2s 65536
1783134952.8226 c2s 65536
1783134952.8228 c2s 65536
1783134952.8232 c2s 65536
1783134952.8234 c2s 65536
1783134952.8236 c2s 65536
1783134952.8237 c2s 65536
1783134952.8241 c2s 65536
1783134952.8243 c2s 65536
1783134952.8244 c2s 65536
1783134952.8245 c2s 65536
1783134952.8249 c2s 65536
1783134952.8250 c2s 65536
1783134952.8251 c2s 65536
1783134952.8252 c2s 65536
1783134952.8256 c2s 65536
1783134952.8257 c2s 65536
1783134952.8259 c2s 65536
1783134952.8260 c2s 65536
1783134952.8264 c2s 65536
1783134952.8265 c2s 65536
1783134952.8267 c2s 65536
1783134952.8268 c2s 65536
1783134952.8271 c2s 65536
1783134952.8272 c2s 65536
1783134952.8274 c2s 65536
1783134952.8274 c2s 65536
1783134952.8278 c2s 65536
1783134952.8279 c2s 65536
1783134952.8280 c2s 65536
1783134952.8280 c2s 65536
1783134952.8284 c2s 65536
1783134952.8285 c2s 65536
1783134952.8286 c2s 65536
1783134952.8286 c2s 65536
1783134952.8290 c2s 65536
1783134952.8290 c2s 65536
1783134952.8292 c2s 65536
1783134952.8292 c2s 65536
1783134952.8296 c2s 65536
1783134952.8297 c2s 65536
1783134952.8298 c2s 65536
1783134952.8299 c2s 65536
1783134952.8303 c2s 65536
1783134952.8303 c2s 65536
1783134952.8305 c2s 65536
1783134952.8305 c2s 65536
1783134952.8309 c2s 65536
1783134952.8309 c2s 65536
1783134952.8311 c2s 65536
1783134952.8315 c2s 65536
1783134952.8318 c2s 65536
1783134952.8320 c2s 65536
1783134952.8321 c2s 65536
1783134952.8322 c2s 65536
1783134952.8326 c2s 65536
1783134952.8327 c2s 65536
1783134952.8328 c2s 65536
1783134952.8329 c2s 65536
1783134952.8332 c2s 65536
1783134952.8334 c2s 65536
1783134952.8335 c2s 65536
1783134952.8336 c2s 65536
1783134952.8339 c2s 65536
1783134952.8341 c2s 65536
1783134952.8342 c2s 65536
1783134952.8343 c2s 65536
1783134952.8347 c2s 65536
1783134952.8348 c2s 65536
1783134952.8349 c2s 65536
1783134952.8350 c2s 65536
1783134952.8353 c2s 65536
1783134952.8354 c2s 65536
1783134952.8356 c2s 65536
1783134952.8357 c2s 65536
1783134952.8360 c2s 65536
1783134952.8361 c2s 65536
1783134952.8362 c2s 65536
1783134952.8363 c2s 65536
1783134952.8366 c2s 65536
1783134952.8367 c2s 65536
1783134952.8369 c2s 65536
1783134952.8369 c2s 65536
1783134952.8373 c2s 65536
1783134952.8374 c2s 65536
1783134952.8375 c2s 65536
1783134952.8376 c2s 65536
1783134952.8379 c2s 65536
1783134952.8380 c2s 65536
1783134952.8382 c2s 65536
1783134952.8383 c2s 65536
1783134952.8386 c2s 65536
1783134952.8388 c2s 65536
1783134952.8389 c2s 65536
1783134952.8390 c2s 65536
1783134952.8393 c2s 65536
1783134952.8394 c2s 65536
1783134952.8396 c2s 65536
1783134952.8397 c2s 65536
1783134952.8400 c2s 65536
1783134952.8401 c2s 65536
1783134952.8403 c2s 65536
1783134952.8404 c2s 65536
1783134952.8407 c2s 65536
1783134952.8408 c2s 65536
1783134952.8409 c2s 65536
1783134952.8410 c2s 65536
1783134952.8413 c2s 65536
1783134952.8414 c2s 65536
1783134952.8416 c2s 65536
1783134952.8417 c2s 65536
1783134952.8420 c2s 65536
1783134952.8421 c2s 65536
1783134952.8422 c2s 65536
1783134952.8423 c2s 65536
1783134952.8426 c2s 65536
1783134952.8428 c2s 65536
1783134952.8429 c2s 65536
1783134952.8430 c2s 65536
1783134952.8434 c2s 65536
1783134952.8436 c2s 65536
1783134952.8437 c2s 65536
1783134952.8438 c2s 65536
1783134952.8441 c2s 65536
1783134952.8442 c2s 65536
1783134952.8444 c2s 65536
1783134952.8445 c2s 65536
1783134952.8448 c2s 65536
1783134952.8449 c2s 65536
1783134952.8451 c2s 65536
1783134952.8452 c2s 65536
1783134952.8455 c2s 65536
1783134952.8456 c2s 65536
1783134952.8457 c2s 65536
1783134952.8458 c2s 65536
1783134952.8461 c2s 65536
1783134952.8462 c2s 65536
1783134952.8463 c2s 65536
1783134952.8464 c2s 65536
1783134952.8467 c2s 65536
1783134952.8468 c2s 65536
1783134952.8470 c2s 65536
1783134952.8471 c2s 65536
1783134952.8475 c2s 65536
1783134952.8476 c2s 65536
1783134952.8477 c2s 65536
1783134952.8478 c2s 65536
1783134952.8481 c2s 65536
1783134952.8482 c2s 65536
1783134952.8484 c2s 65536
1783134952.8485 c2s 65536
1783134952.8488 c2s 65536
1783134952.8489 c2s 65536
1783134952.8490 c2s 65536
1783134952.8491 c2s 65536
1783134952.8495 c2s 65536
1783134952.8496 c2s 65536
1783134952.8497 c2s 65536
1783134952.8498 c2s 65536
1783134952.8501 c2s 65536
1783134952.8502 c2s 65536
1783134952.8503 c2s 65536
1783134952.8504 c2s 65536
1783134952.8508 c2s 65536
1783134952.8509 c2s 65536
1783134952.8510 c2s 65536
1783134952.8511 c2s 65536
1783134952.8515 c2s 65536
1783134952.8516 c2s 65536
1783134952.8517 c2s 65536
1783134952.8518 c2s 65536
1783134952.8521 c2s 65536
1783134952.8522 c2s 65536
1783134952.8524 c2s 65536
1783134952.8524 c2s 65536
1783134952.8527 c2s 65536
1783134952.8528 c2s 65536
1783134952.8530 c2s 65536
1783134952.8531 c2s 65536
1783134952.8534 c2s 65536
1783134952.8535 c2s 65536
1783134952.8536 c2s 65536
1783134952.8537 c2s 65536
1783134952.8540 c2s 65536
1783134952.8541 c2s 65536
1783134952.8543 c2s 65536
1783134952.8543 c2s 65536
1783134952.8547 c2s 65536
1783134952.8548 c2s 65536
1783134952.8550 c2s 65536
1783134952.8551 c2s 65536
1783134952.8554 c2s 65536
1783134952.8556 c2s 65536
1783134952.8557 c2s 65536
1783134952.8558 c2s 65536
1783134952.8562 c2s 65536
1783134952.8563 c2s 65536
1783134952.8564 c2s 65536
1783134952.8565 c2s 65536
1783134952.8568 c2s 65536
1783134952.8569 c2s 65536
1783134952.8571 c2s 65536
1783134952.8572 c2s 65536
1783134952.8575 c2s 65536
1783134952.8576 c2s 65536
1783134952.8577 c2s 65536
1783134952.8578 c2s 65536
1783134952.8581 c2s 65536
1783134952.8583 c2s 65536
1783134952.8584 c2s 65536
1783134952.8585 c2s 65536
1783134952.8588 c2s 65536
1783134952.8589 c2s 65536
1783134952.8591 c2s 65536
1783134952.8592 c2s 65536
1783134952.8596 c2s 65536
1783134952.8597 c2s 65536
1783134952.8598 c2s 65536
1783134952.8599 c2s 65536
1783134952.8602 c2s 65536
1783134952.8603 c2s 65536
1783134952.8604 c2s 65536
1783134952.8605 c2s 65536
1783134952.8609 c2s 65536
1783134952.8610 c2s 65536
1783134952.8611 c2s 65536
1783134952.8612 c2s 65536
1783134952.8615 c2s 65536
1783134952.8616 c2s 65536
1783134952.8617 c2s 65536
1783134952.8618 c2s 65536
1783134952.8622 c2s 65536
1783134952.8623 c2s 65536
1783134952.8625 c2s 65536
1783134952.8626 c2s 65536
1783134952.8629 c2s 65536
1783134952.8630 c2s 65536
1783134952.8632 c2s 65536
1783134952.8633 c2s 65536
1783134952.8637 c2s 65536
1783134952.8638 c2s 65536
1783134952.8639 c2s 65536
1783134952.8640 c2s 65536
1783134952.8643 c2s 65536
1783134952.8644 c2s 65536
1783134952.8645 c2s 65536
1783134952.8646 c2s 65536
1783134952.8649 c2s 65536
1783134952.8650 c2s 65536
1783134952.8652 c2s 65536
1783134952.8652 c2s 65536
1783134952.8656 c2s 65536
1783134952.8656 c2s 65536
1783134952.8658 c2s 65536
1783134952.8659 c2s 65536
1783134952.8661 c2s 65536
1783134952.8663 c2s 65536
1783134952.8664 c2s 65536
1783134952.8665 c2s 65536
1783134952.8669 c2s 65536
1783134952.8670 c2s 65536
1783134952.8671 c2s 65536
1783134952.8672 c2s 65536
1783134952.8675 c2s 65536
1783134952.8676 c2s 65536
1783134952.8678 c2s 65536
1783134952.8679 c2s 65536
1783134952.8682 c2s 65536
1783134952.8683 c2s 65536
1783134952.8684 c2s 65536
1783134952.8685 c2s 65536
1783134952.8688 c2s 65536
1783134952.8689 c2s 65536
1783134952.8690 c2s 65536
1783134952.8691 c2s 65536
1783134952.8694 c2s 65536
1783134952.8695 c2s 65536
1783134952.8696 c2s 65536
1783134952.8697 c2s 65536
1783134952.8700 c2s 65536
1783134952.8701 c2s 65536
1783134952.8703 c2s 65536
1783134952.8704 c2s 65536
1783134952.8707 c2s 65536
1783134952.8709 c2s 65536
1783134952.8710 c2s 65536
1783134952.8711 c2s 65536
1783134952.8714 c2s 65536
1783134952.8715 c2s 65536
1783134952.8717 c2s 65536
1783134952.8717 c2s 65536
1783134952.8720 c2s 65536
1783134952.8721 c2s 65536
1783134952.8722 c2s 65536
1783134952.8723 c2s 65536
1783134952.8726 c2s 65536
1783134952.8727 c2s 65536
1783134952.8729 c2s 65536
1783134952.8730 c2s 65536
1783134952.8733 c2s 65536
1783134952.8734 c2s 65536
1783134952.8735 c2s 65536
1783134952.8736 c2s 65536
1783134952.8739 c2s 65536
1783134952.8740 c2s 65536
1783134952.8742 c2s 65536
1783134952.8743 c2s 65536
1783134952.8746 c2s 65536
1783134952.8747 c2s 65536
1783134952.8749 c2s 65536
1783134952.8750 c2s 65536
1783134952.8753 c2s 65536
1783134952.8754 c2s 65536
1783134952.8756 c2s 65536
1783134952.8757 c2s 65536
1783134952.8759 c2s 65536
1783134952.8760 c2s 65536
1783134952.8762 c2s 65536
1783134952.8762 c2s 65536
1783134952.8766 c2s 65536
1783134952.8767 c2s 65536
1783134952.8768 c2s 65536
1783134952.8769 c2s 65536
1783134952.8772 c2s 65536
1783134952.8772 c2s 65536
1783134952.8774 c2s 65536
1783134952.8775 c2s 65536
1783134952.8778 c2s 65536
1783134952.8779 c2s 65536
1783134952.8781 c2s 65536
1783134952.8782 c2s 65536
1783134952.8785 c2s 65536
1783134952.8786 c2s 65536
1783134952.8787 c2s 65536
1783134952.8788 c2s 65536
1783134952.8791 c2s 65536
1783134952.8792 c2s 65536
1783134952.8794 c2s 65536
1783134952.8794 c2s 65536
1783134952.8798 c2s 65536
1783134952.8799 c2s 65536
1783134952.8800 c2s 65536
1783134952.8801 c2s 65536
1783134952.8804 c2s 65536
1783134952.8805 c2s 65536
1783134952.8806 c2s 65536
1783134952.8807 c2s 65536
1783134952.8810 c2s 65536
1783134952.8811 c2s 65536
1783134952.8812 c2s 65536
1783134952.8813 c2s 65536
1783134952.8816 c2s 65536
1783134952.8817 c2s 65536
1783134952.8819 c2s 65536
1783134952.8820 c2s 65536
1783134952.8824 c2s 65536
1783134952.8825 c2s 65536
1783134952.8826 c2s 65536
1783134952.8827 c2s 65536
1783134952.8830 c2s 65536
1783134952.8831 c2s 65536
1783134952.8832 c2s 65536
1783134952.8833 c2s 65536
1783134952.8836 c2s 65536
1783134952.8837 c2s 65536
1783134952.8839 c2s 65536
1783134952.8840 c2s 65536
1783134952.8842 c2s 65536
1783134952.8843 c2s 65536
1783134952.8845 c2s 65536
1783134952.8845 c2s 65536
1783134952.8849 c2s 65536
1783134952.8850 c2s 65536
1783134952.8851 c2s 65536
1783134952.8852 c2s 65536
1783134952.8855 c2s 65536
1783134952.8856 c2s 65536
1783134952.8858 c2s 65536
1783134952.8859 c2s 65536
1783134952.8862 c2s 65536
1783134952.8863 c2s 65536
1783134952.8865 c2s 65536
1783134952.8866 c2s 65536
1783134952.8869 c2s 65536
1783134952.8870 c2s 65536
1783134952.8871 c2s 65536
1783134952.8872 c2s 65536
1783134952.8876 c2s 65536
1783134952.8877 c2s 65536
1783134952.8878 c2s 65536
1783134952.8879 c2s 65536
1783134952.8882 c2s 65536
1783134952.8883 c2s 65536
1783134952.8884 c2s 65536
1783134952.8885 c2s 65536
1783134952.8888 c2s 65536
1783134952.8889 c2s 65536
1783134952.8891 c2s 65536
1783134952.8892 c2s 65536
1783134952.8895 c2s 65536
1783134952.8896 c2s 65536
1783134952.8897 c2s 65536
1783134952.8898 c2s 65536
1783134952.8902 c2s 65536
1783134952.8903 c2s 65536
1783134952.8904 c2s 65536
1783134952.8905 c2s 65536
1783134952.8908 c2s 65536
1783134952.8909 c2s 65536
1783134952.8910 c2s 65536
1783134952.8911 c2s 65536
1783134952.8914 c2s 65536
1783134952.8916 c2s 65536
1783134952.8917 c2s 65536
1783134952.8918 c2s 65536
1783134952.8921 c2s 65536
1783134952.8922 c2s 65536
1783134952.8923 c2s 65536
1783134952.8924 c2s 65536
1783134952.8927 c2s 65536
1783134952.8928 c2s 65536
1783134952.8929 c2s 65536
1783134952.8930 c2s 65536
1783134952.8933 c2s 65536
1783134952.8934 c2s 65536
1783134952.8935 c2s 65536
1783134952.8936 c2s 65536
1783134952.8939 c2s 65536
1783134952.8940 c2s 65536
1783134952.8942 c2s 65536
1783134952.8942 c2s 65536
1783134952.8946 c2s 65536
1783134952.8947 c2s 65536
1783134952.8949 c2s 65536
1783134952.8950 c2s 65536
1783134952.8953 c2s 65536
1783134952.8954 c2s 65536
1783134952.8956 c2s 65536
1783134952.8957 c2s 65536
1783134952.8959 c2s 65536
1783134952.8960 c2s 65536
1783134952.8962 c2s 65536
1783134952.8963 c2s 65536
1783134952.8966 c2s 65536
1783134952.8967 c2s 65536
1783134952.8969 c2s 65536
1783134952.8969 c2s 65536
1783134952.8973 c2s 65536
1783134952.8974 c2s 65536
1783134952.8975 c2s 65536
1783134952.8976 c2s 65536
1783134952.8979 c2s 65536
1783134952.8980 c2s 65536
1783134952.8981 c2s 65536
1783134952.8982 c2s 65536
1783134952.8985 c2s 65536
1783134952.8986 c2s 65536
1783134952.8987 c2s 65536
1783134952.8988 c2s 65536
1783134952.8991 c2s 65536
1783134952.8992 c2s 65536
1783134952.8993 c2s 65536
1783134952.8994 c2s 65536
1783134952.8997 c2s 65536
1783134952.8998 c2s 65536
1783134952.8999 c2s 65536
1783134952.9000 c2s 65536
1783134952.9003 c2s 65536
1783134952.9004 c2s 65536
1783134952.9005 c2s 65536
1783134952.9006 c2s 65536
1783134952.9009 c2s 65536
1783134952.9010 c2s 65536
1783134952.9012 c2s 65536
1783134952.9013 c2s 65536
1783134952.9016 c2s 65536
1783134952.9017 c2s 65536
1783134952.9018 c2s 65536
1783134952.9019 c2s 65536
1783134952.9021 c2s 65536
1783134952.9022 c2s 65536
1783134952.9024 c2s 65536
1783134952.9024 c2s 65536
1783134952.9027 c2s 65536
1783134952.9028 c2s 65536
1783134952.9030 c2s 65536
1783134952.9031 c2s 65536
1783134952.9033 c2s 65536
1783134952.9034 c2s 65536
1783134952.9036 c2s 65536
1783134952.9037 c2s 65536
1783134952.9039 c2s 65536
1783134952.9040 c2s 65536
1783134952.9042 c2s 65536
1783134952.9043 c2s 65536
1783134952.9045 c2s 65536
1783134952.9046 c2s 65536
1783134952.9047 c2s 65536
1783134952.9048 c2s 65536
1783134952.9051 c2s 65536
1783134952.9052 c2s 65536
1783134952.9053 c2s 65536
1783134952.9054 c2s 65536
1783134952.9057 c2s 65536
1783134952.9057 c2s 65536
1783134952.9059 c2s 65536
1783134952.9060 c2s 65536
1783134952.9062 c2s 65536
1783134952.9063 c2s 65536
1783134952.9064 c2s 65536
1783134952.9068 c2s 65536
1783134952.9071 c2s 65536
1783134952.9072 c2s 65536
1783134952.9073 c2s 65536
1783134952.9074 c2s 65536
1783134952.9077 c2s 65536
1783134952.9078 c2s 65536
1783134952.9079 c2s 65536
1783134952.9080 c2s 65536
1783134952.9083 c2s 65536
1783134952.9084 c2s 65536
1783134952.9085 c2s 65536
1783134952.9086 c2s 65536
1783134952.9089 c2s 65536
1783134952.9090 c2s 65536
1783134952.9091 c2s 65536
1783134952.9092 c2s 65536
1783134952.9094 c2s 65536
1783134952.9095 c2s 65536
1783134952.9097 c2s 65536
1783134952.9097 c2s 65536
1783134952.9100 c2s 65536
1783134952.9101 c2s 65536
1783134952.9103 c2s 65536
1783134952.9103 c2s 65536
1783134952.9106 c2s 65536
1783134952.9107 c2s 65536
1783134952.9108 c2s 65536
1783134952.9109 c2s 65536
1783134952.9112 c2s 65536
1783134952.9112 c2s 65536
1783134952.9114 c2s 65536
1783134952.9115 c2s 65536
1783134952.9118 c2s 65536
1783134952.9119 c2s 65536
1783134952.9120 c2s 65536
1783134952.9121 c2s 65536
1783134952.9123 c2s 65536
1783134952.9125 c2s 65536
1783134952.9126 c2s 65536
1783134952.9127 c2s 65536
1783134952.9129 c2s 65536
1783134952.9130 c2s 65536
1783134952.9132 c2s 65536
1783134952.9133 c2s 65536
1783134952.9135 c2s 65536
1783134952.9136 c2s 65536
1783134952.9137 c2s 65536
1783134952.9138 c2s 65536
1783134952.9141 c2s 65536
1783134952.9142 c2s 65536
1783134952.9143 c2s 65536
1783134952.9144 c2s 65536
1783134952.9146 c2s 65536
1783134952.9147 c2s 65536
1783134952.9149 c2s 65536
1783134952.9150 c2s 65536
1783134952.9152 c2s 65536
1783134952.9153 c2s 65536
1783134952.9154 c2s 65536
1783134952.9155 c2s 65536
1783134952.9158 c2s 65536
1783134952.9158 c2s 49509
1783134952.9825 c2s 321
1783134952.9829 s2c 9
1783134952.9964 c2s 65492
1783134952.9968 c2s 65536
1783134952.9970 c2s 65536
1783134952.9972 c2s 65536
1783134952.9973 c2s 65536
1783134952.9978 c2s 65536
1783134952.9979 c2s 65536
1783134952.9981 c2s 65536
1783134952.9983 c2s 65536
1783134952.9987 c2s 65536
1783134952.9989 c2s 65536
1783134952.9991 c2s 65536
1783134952.9992 c2s 65536
1783134952.9997 c2s 65536
1783134952.9999 c2s 65536
1783134953.0000 c2s 65536
1783134953.0001 c2s 65536
1783134953.0005 c2s 65536
1783134953.0007 c2s 65536
1783134953.0008 c2s 65536
1783134953.0010 c2s 65536
1783134953.0014 c2s 65536
1783134953.0015 c2s 65536
1783134953.0017 c2s 65536
1783134953.0018 c2s 65536
1783134953.0022 c2s 65536
1783134953.0023 c2s 65536
1783134953.0025 c2s 65536
1783134953.0026 c2s 65536
1783134953.0030 c2s 65536
1783134953.0031 c2s 65536
1783134953.0032 c2s 65536
1783134953.0033 c2s 65536
1783134953.0037 c2s 65536
1783134953.0038 c2s 65536
1783134953.0040 c2s 65536
1783134953.0041 c2s 65536
1783134953.0044 c2s 65536
1783134953.0045 c2s 65536
1783134953.0047 c2s 65536
1783134953.0047 c2s 65536
1783134953.0051 c2s 65536
1783134953.0052 c2s 65536
1783134953.0053 c2s 65536
1783134953.0054 c2s 65536
1783134953.0058 c2s 65536
1783134953.0058 c2s 65536
1783134953.0059 c2s 65536
1783134953.0060 c2s 65536
1783134953.0063 c2s 65536
1783134953.0064 c2s 65536
1783134953.0065 c2s 65536
1783134953.0068 c2s 65536
1783134953.0072 c2s 65536
1783134953.0073 c2s 65536
1783134953.0077 c2s 65536
1783134953.0078 c2s 65536
1783134953.0082 c2s 65536
1783134953.0084 c2s 65536
1783134953.0085 c2s 65536
1783134953.0086 c2s 65536
1783134953.0090 c2s 65536
1783134953.0092 c2s 65536
1783134953.0093 c2s 65536
1783134953.0095 c2s 65536
1783134953.0099 c2s 65536
1783134953.0100 c2s 65536
1783134953.0101 c2s 65536
1783134953.0103 c2s 65536
1783134953.0106 c2s 65536
1783134953.0107 c2s 65536
1783134953.0109 c2s 65536
1783134953.0110 c2s 65536
1783134953.0114 c2s 65536
1783134953.0115 c2s 65536
1783134953.0117 c2s 65536
1783134953.0118 c2s 65536
1783134953.0121 c2s 65536
1783134953.0123 c2s 65536
1783134953.0124 c2s 65536
1783134953.0125 c2s 65536
1783134953.0129 c2s 65536
1783134953.0130 c2s 65536
1783134953.0131 c2s 65536
1783134953.0132 c2s 65536
1783134953.0135 c2s 65536
1783134953.0136 c2s 65536
1783134953.0138 c2s 65536
1783134953.0139 c2s 65536
1783134953.0142 c2s 65536
1783134953.0143 c2s 65536
1783134953.0145 c2s 65536
1783134953.0145 c2s 65536
1783134953.0149 c2s 65536
1783134953.0150 c2s 65536
1783134953.0151 c2s 65536
1783134953.0152 c2s 65536
1783134953.0156 c2s 65536
1783134953.0157 c2s 65536
1783134953.0159 c2s 65536
1783134953.0160 c2s 65536
1783134953.0163 c2s 65536
1783134953.0164 c2s 65536
1783134953.0166 c2s 65536
1783134953.0167 c2s 65536
1783134953.0170 c2s 65536
1783134953.0171 c2s 65536
1783134953.0172 c2s 65536
1783134953.0174 c2s 65536
1783134953.0177 c2s 65536
1783134953.0178 c2s 65536
1783134953.0180 c2s 65536
1783134953.0181 c2s 65536
1783134953.0185 c2s 65536
1783134953.0186 c2s 65536
1783134953.0187 c2s 65536
1783134953.0188 c2s 65536
1783134953.0191 c2s 65536
1783134953.0192 c2s 65536
1783134953.0194 c2s 65536
1783134953.0195 c2s 65536
1783134953.0198 c2s 65536
1783134953.0200 c2s 65536
1783134953.0201 c2s 65536
1783134953.0202 c2s 65536
1783134953.0205 c2s 65536
1783134953.0206 c2s 65536
1783134953.0207 c2s 65536
1783134953.0208 c2s 65536
1783134953.0212 c2s 65536
1783134953.0213 c2s 65536
1783134953.0214 c2s 65536
1783134953.0215 c2s 65536
1783134953.0218 c2s 65536
1783134953.0220 c2s 65536
1783134953.0221 c2s 65536
1783134953.0223 c2s 65536
1783134953.0226 c2s 65536
1783134953.0228 c2s 65536
1783134953.0229 c2s 65536
1783134953.0230 c2s 65536
1783134953.0233 c2s 65536
1783134953.0235 c2s 65536
1783134953.0236 c2s 65536
1783134953.0237 c2s 65536
1783134953.0241 c2s 65536
1783134953.0242 c2s 65536
1783134953.0243 c2s 65536
1783134953.0244 c2s 65536
1783134953.0248 c2s 65536
1783134953.0249 c2s 65536
1783134953.0250 c2s 65536
1783134953.0251 c2s 65536
1783134953.0255 c2s 65536
1783134953.0256 c2s 65536
1783134953.0257 c2s 65536
1783134953.0258 c2s 65536
1783134953.0261 c2s 65536
1783134953.0263 c2s 65536
1783134953.0265 c2s 65536
1783134953.0266 c2s 65536
1783134953.0269 c2s 65536
1783134953.0271 c2s 65536
1783134953.0272 c2s 65536
1783134953.0273 c2s 65536
1783134953.0277 c2s 65536
1783134953.0278 c2s 65536
1783134953.0279 c2s 65536
1783134953.0280 c2s 65536
1783134953.0284 c2s 65536
1783134953.0285 c2s 65536
1783134953.0286 c2s 65536
1783134953.0287 c2s 65536
1783134953.0291 c2s 65536
1783134953.0292 c2s 65536
1783134953.0293 c2s 65536
1783134953.0294 c2s 65536
1783134953.0297 c2s 65536
1783134953.0299 c2s 65536
1783134953.0300 c2s 65536
1783134953.0301 c2s 65536
1783134953.0305 c2s 65536
1783134953.0307 c2s 65536
1783134953.0308 c2s 65536
1783134953.0309 c2s 65536
1783134953.0313 c2s 65536
1783134953.0314 c2s 65536
1783134953.0316 c2s 65536
1783134953.0317 c2s 65536
1783134953.0320 c2s 65536
1783134953.0321 c2s 65536
1783134953.0322 c2s 65536
1783134953.0323 c2s 65536
1783134953.0326 c2s 65536
1783134953.0327 c2s 65536
1783134953.0328 c2s 65536
1783134953.0329 c2s 65536
1783134953.0332 c2s 65536
1783134953.0333 c2s 65536
1783134953.0335 c2s 65536
1783134953.0336 c2s 65536
1783134953.0338 c2s 65536
1783134953.0339 c2s 65536
1783134953.0341 c2s 65536
1783134953.0341 c2s 65536
1783134953.0345 c2s 65536
1783134953.0346 c2s 65536
1783134953.0348 c2s 65536
1783134953.0349 c2s 65536
1783134953.0353 c2s 65536
1783134953.0354 c2s 65536
1783134953.0356 c2s 65536
1783134953.0357 c2s 65536
1783134953.0361 c2s 65536
1783134953.0362 c2s 65536
1783134953.0363 c2s 65536
1783134953.0364 c2s 65536
1783134953.0368 c2s 65536
1783134953.0369 c2s 65536
1783134953.0370 c2s 65536
1783134953.0371 c2s 65536
1783134953.0374 c2s 65536
1783134953.0376 c2s 65536
1783134953.0377 c2s 65536
1783134953.0378 c2s 65536
1783134953.0381 c2s 65536
1783134953.0383 c2s 65536
1783134953.0385 c2s 65536
1783134953.0386 c2s 65536
1783134953.0389 c2s 65536
1783134953.0390 c2s 65536
1783134953.0392 c2s 65536
1783134953.0393 c2s 65536
1783134953.0397 c2s 65536
1783134953.0398 c2s 65536
1783134953.0400 c2s 65536
1783134953.0401 c2s 65536
1783134953.0404 c2s 65536
1783134953.0405 c2s 65536
1783134953.0407 c2s 65536
1783134953.0408 c2s 65536
1783134953.0411 c2s 65536
1783134953.0412 c2s 65536
1783134953.0414 c2s 65536
1783134953.0415 c2s 65536
1783134953.0418 c2s 65536
1783134953.0419 c2s 65536
1783134953.0420 c2s 65536
1783134953.0421 c2s 65536
1783134953.0425 c2s 65536
1783134953.0426 c2s 65536
1783134953.0427 c2s 65536
1783134953.0428 c2s 65536
1783134953.0432 c2s 65536
1783134953.0433 c2s 65536
1783134953.0435 c2s 65536
1783134953.0436 c2s 65536
1783134953.0440 c2s 65536
1783134953.0441 c2s 65536
1783134953.0443 c2s 65536
1783134953.0444 c2s 65536
1783134953.0447 c2s 65536
1783134953.0448 c2s 65536
1783134953.0450 c2s 65536
1783134953.0451 c2s 65536
1783134953.0453 c2s 65536
1783134953.0455 c2s 65536
1783134953.0456 c2s 65536
1783134953.0457 c2s 65536
1783134953.0460 c2s 65536
1783134953.0461 c2s 65536
1783134953.0463 c2s 65536
1783134953.0464 c2s 65536
1783134953.0467 c2s 65536
1783134953.0468 c2s 65536
1783134953.0469 c2s 65536
1783134953.0470 c2s 65536
1783134953.0473 c2s 65536
1783134953.0475 c2s 65536
1783134953.0477 c2s 65536
1783134953.0478 c2s 65536
1783134953.0481 c2s 65536
1783134953.0482 c2s 65536
1783134953.0484 c2s 65536
1783134953.0484 c2s 65536
1783134953.0488 c2s 65536
1783134953.0489 c2s 65536
1783134953.0490 c2s 65536
1783134953.0491 c2s 65536
1783134953.0494 c2s 65536
1783134953.0495 c2s 65536
1783134953.0497 c2s 65536
1783134953.0498 c2s 65536
1783134953.0501 c2s 65536
1783134953.0502 c2s 65536
1783134953.0503 c2s 65536
1783134953.0504 c2s 65536
1783134953.0508 c2s 65536
1783134953.0509 c2s 65536
1783134953.0511 c2s 65536
1783134953.0512 c2s 65536
1783134953.0515 c2s 65536
1783134953.0516 c2s 65536
1783134953.0518 c2s 65536
1783134953.0519 c2s 65536
1783134953.0522 c2s 65536
1783134953.0523 c2s 65536
1783134953.0524 c2s 65536
1783134953.0525 c2s 65536
1783134953.0528 c2s 65536
1783134953.0529 c2s 65536
1783134953.0530 c2s 65536
1783134953.0531 c2s 65536
1783134953.0534 c2s 65536
1783134953.0535 c2s 65536
1783134953.0537 c2s 65536
1783134953.0537 c2s 65536
1783134953.0541 c2s 65536
1783134953.0542 c2s 65536
1783134953.0543 c2s 65536
1783134953.0544 c2s 65536
1783134953.0547 c2s 65536
1783134953.0548 c2s 65536
1783134953.0550 c2s 65536
1783134953.0551 c2s 65536
1783134953.0554 c2s 65536
1783134953.0555 c2s 65536
1783134953.0556 c2s 65536
1783134953.0557 c2s 65536
1783134953.0561 c2s 65536
1783134953.0562 c2s 65536
1783134953.0563 c2s 65536
1783134953.0564 c2s 65536
1783134953.0567 c2s 65536
1783134953.0568 c2s 65536
1783134953.0569 c2s 65536
1783134953.0570 c2s 65536
1783134953.0573 c2s 65536
1783134953.0574 c2s 65536
1783134953.0576 c2s 65536
1783134953.0577 c2s 65536
1783134953.0580 c2s 65536
1783134953.0581 c2s 65536
1783134953.0582 c2s 65536
1783134953.0583 c2s 65536
1783134953.0586 c2s 65536
1783134953.0587 c2s 65536
1783134953.0589 c2s 65536
1783134953.0590 c2s 65536
1783134953.0593 c2s 65536
1783134953.0594 c2s 65536
1783134953.0596 c2s 65536
1783134953.0597 c2s 65536
1783134953.0600 c2s 65536
1783134953.0601 c2s 65536
1783134953.0602 c2s 65536
1783134953.0603 c2s 65536
1783134953.0606 c2s 65536
1783134953.0607 c2s 65536
1783134953.0608 c2s 65536
1783134953.0609 c2s 65536
1783134953.0612 c2s 65536
1783134953.0613 c2s 65536
1783134953.0614 c2s 65536
1783134953.0615 c2s 65536
1783134953.0619 c2s 65536
1783134953.0620 c2s 65536
1783134953.0621 c2s 65536
1783134953.0622 c2s 65536
1783134953.0625 c2s 65536
1783134953.0626 c2s 65536
1783134953.0628 c2s 65536
1783134953.0629 c2s 65536
1783134953.0632 c2s 65536
1783134953.0633 c2s 65536
1783134953.0634 c2s 65536
1783134953.0635 c2s 65536
1783134953.0638 c2s 65536
1783134953.0639 c2s 65536
1783134953.0640 c2s 65536
1783134953.0641 c2s 65536
1783134953.0644 c2s 65536
1783134953.0645 c2s 65536
1783134953.0647 c2s 65536
1783134953.0648 c2s 65536
1783134953.0650 c2s 65536
1783134953.0651 c2s 65536
1783134953.0653 c2s 65536
1783134953.0653 c2s 65536
1783134953.0657 c2s 65536
1783134953.0658 c2s 65536
1783134953.0659 c2s 65536
1783134953.0660 c2s 65536
1783134953.0664 c2s 65536
1783134953.0665 c2s 65536
1783134953.0666 c2s 65536
1783134953.0667 c2s 65536
1783134953.0670 c2s 65536
1783134953.0671 c2s 65536
1783134953.0672 c2s 65536
1783134953.0673 c2s 65536
1783134953.0676 c2s 65536
1783134953.0677 c2s 65536
1783134953.0679 c2s 65536
1783134953.0679 c2s 65536
1783134953.0683 c2s 65536
1783134953.0684 c2s 65536
1783134953.0685 c2s 65536
1783134953.0686 c2s 65536
1783134953.0689 c2s 65536
1783134953.0690 c2s 65536
1783134953.0691 c2s 65536
1783134953.0692 c2s 65536
1783134953.0695 c2s 65536
1783134953.0696 c2s 65536
1783134953.0698 c2s 65536
1783134953.0699 c2s 65536
1783134953.0702 c2s 65536
1783134953.0703 c2s 65536
1783134953.0704 c2s 65536
1783134953.0705 c2s 65536
1783134953.0708 c2s 65536
1783134953.0709 c2s 65536
1783134953.0711 c2s 65536
1783134953.0712 c2s 65536
1783134953.0715 c2s 65536
1783134953.0716 c2s 65536
1783134953.0717 c2s 65536
1783134953.0718 c2s 65536
1783134953.0722 c2s 65536
1783134953.0723 c2s 65536
1783134953.0724 c2s 65536
1783134953.0725 c2s 65536
1783134953.0728 c2s 65536
1783134953.0729 c2s 65536
1783134953.0730 c2s 65536
1783134953.0731 c2s 65536
1783134953.0734 c2s 65536
1783134953.0735 c2s 65536
1783134953.0737 c2s 65536
1783134953.0738 c2s 65536
1783134953.0741 c2s 65536
1783134953.0742 c2s 65536
1783134953.0744 c2s 65536
1783134953.0745 c2s 65536
1783134953.0748 c2s 65536
1783134953.0749 c2s 65536
1783134953.0750 c2s 65536
1783134953.0751 c2s 65536
1783134953.0754 c2s 65536
1783134953.0755 c2s 65536
1783134953.0756 c2s 65536
1783134953.0757 c2s 65536
1783134953.0760 c2s 65536
1783134953.0761 c2s 65536
1783134953.0762 c2s 65536
1783134953.0763 c2s 65536
1783134953.0766 c2s 65536
1783134953.0767 c2s 65536
1783134953.0769 c2s 65536
1783134953.0769 c2s 65536
1783134953.0772 c2s 65536
1783134953.0773 c2s 65536
1783134953.0775 c2s 65536
1783134953.0775 c2s 65536
1783134953.0779 c2s 65536
1783134953.0780 c2s 65536
1783134953.0781 c2s 65536
1783134953.0782 c2s 65536
1783134953.0785 c2s 65536
1783134953.0786 c2s 65536
1783134953.0787 c2s 65536
1783134953.0788 c2s 65536
1783134953.0791 c2s 65536
1783134953.0791 c2s 65536
1783134953.0793 c2s 65536
1783134953.0794 c2s 65536
1783134953.0797 c2s 65536
1783134953.0798 c2s 65536
1783134953.0799 c2s 65536
1783134953.0800 c2s 65536
1783134953.0803 c2s 65536
1783134953.0804 c2s 65536
1783134953.0805 c2s 65536
1783134953.0806 c2s 65536
1783134953.0809 c2s 65536
1783134953.0810 c2s 65536
1783134953.0811 c2s 65536
1783134953.0812 c2s 65536
1783134953.0815 c2s 65536
1783134953.0816 c2s 65536
1783134953.0817 c2s 65536
1783134953.0818 c2s 65536
1783134953.0821 c2s 65536
1783134953.0822 c2s 65536
1783134953.0823 c2s 65536
1783134953.0824 c2s 65536
1783134953.0827 c2s 65536
1783134953.0828 c2s 65536
1783134953.0830 c2s 65536
1783134953.0830 c2s 65536
1783134953.0833 c2s 65536
1783134953.0834 c2s 65536
1783134953.0836 c2s 65536
1783134953.0836 c2s 65536
1783134953.0839 c2s 65536
1783134953.0840 c2s 65536
1783134953.0841 c2s 65536
1783134953.0842 c2s 65536
1783134953.0845 c2s 65536
1783134953.0846 c2s 65536
1783134953.0847 c2s 65536
1783134953.0848 c2s 65536
1783134953.0850 c2s 65536
1783134953.0851 c2s 65536
1783134953.0853 c2s 65536
1783134953.0854 c2s 65536
1783134953.0856 c2s 65536
1783134953.0857 c2s 65536
1783134953.0858 c2s 65536
1783134953.0859 c2s 65536
1783134953.0862 c2s 65536
1783134953.0863 c2s 65536
1783134953.0864 c2s 65536
1783134953.0865 c2s 65536
1783134953.0867 c2s 65536
1783134953.0868 c2s 65536
1783134953.0870 c2s 65536
1783134953.0871 c2s 65536
1783134953.0873 c2s 65536
1783134953.0874 c2s 65536
1783134953.0876 c2s 65536
1783134953.0877 c2s 65536
1783134953.0879 c2s 65536
1783134953.0880 c2s 65536
1783134953.0881 c2s 65536
1783134953.0882 c2s 65536
1783134953.0885 c2s 65536
1783134953.0886 c2s 65536
1783134953.0887 c2s 65536
1783134953.0888 c2s 65536
1783134953.0891 c2s 65536
1783134953.0892 c2s 65536
1783134953.0893 c2s 65536
1783134953.0894 c2s 65536
1783134953.0896 c2s 65536
1783134953.0897 c2s 65536
1783134953.0899 c2s 65536
1783134953.0899 c2s 65536
1783134953.0902 c2s 65536
1783134953.0903 c2s 65536
1783134953.0904 c2s 65536
1783134953.0905 c2s 65536
1783134953.0908 c2s 65536
1783134953.0909 c2s 65536
1783134953.0910 c2s 65536
1783134953.0911 c2s 65536
1783134953.0913 c2s 65536
1783134953.0914 c2s 65536
1783134953.0916 c2s 65536
1783134953.0916 c2s 65536
1783134953.0919 c2s 65536
1783134953.0920 c2s 65536
1783134953.0921 c2s 65536
1783134953.0922 c2s 65536
1783134953.0925 c2s 65536
1783134953.0926 c2s 65536
1783134953.0927 c2s 65536
1783134953.0928 c2s 65536
1783134953.0930 c2s 65536
1783134953.0931 c2s 65536
1783134953.0933 c2s 65536
1783134953.0934 c2s 65536
1783134953.0936 c2s 65536
1783134953.0937 c2s 65536
1783134953.0938 c2s 65536
1783134953.0939 c2s 65536
1783134953.0941 c2s 65536
1783134953.0942 c2s 65536
1783134953.0944 c2s 65536
1783134953.0945 c2s 65536
1783134953.0947 c2s 65536
1783134953.0948 c2s 49509
1783134953.1633 c2s 321
1783134953.1640 s2c 9
1783134953.1775 c2s 65492
1783134953.1779 c2s 65536
1783134953.1781 c2s 65536
1783134953.1783 c2s 65536
1783134953.1784 c2s 65536
1783134953.1788 c2s 65536
1783134953.1790 c2s 65536
1783134953.1792 c2s 65536
1783134953.1793 c2s 65536
1783134953.1798 c2s 65536
1783134953.1800 c2s 65536
1783134953.1802 c2s 65536
1783134953.1803 c2s 65536
1783134953.1808 c2s 65536
1783134953.1809 c2s 65536
1783134953.1811 c2s 65536
1783134953.1812 c2s 65536
1783134953.1816 c2s 65536
1783134953.1817 c2s 65536
1783134953.1819 c2s 65536
1783134953.1820 c2s 65536
1783134953.1824 c2s 65536
1783134953.1825 c2s 65536
1783134953.1826 c2s 65536
1783134953.1827 c2s 65536
1783134953.1831 c2s 65536
1783134953.1832 c2s 65536
1783134953.1833 c2s 65536
1783134953.1834 c2s 65536
1783134953.1838 c2s 65536
1783134953.1840 c2s 65536
1783134953.1841 c2s 65536
1783134953.1842 c2s 65536
1783134953.1846 c2s 65536
1783134953.1847 c2s 65536
1783134953.1848 c2s 65536
1783134953.1849 c2s 65536
1783134953.1852 c2s 65536
1783134953.1853 c2s 65536
1783134953.1855 c2s 65536
1783134953.1856 c2s 65536
1783134953.1860 c2s 65536
1783134953.1861 c2s 65536
1783134953.1862 c2s 65536
1783134953.1863 c2s 65536
1783134953.1866 c2s 65536
1783134953.1867 c2s 65536
1783134953.1869 c2s 65536
1783134953.1869 c2s 65536
1783134953.1873 c2s 65536
1783134953.1874 c2s 65536
1783134953.1875 c2s 65536
1783134953.1876 c2s 65536
1783134953.1880 c2s 65536
1783134953.1881 c2s 65536
1783134953.1882 c2s 65536
1783134953.1883 c2s 65536
1783134953.1886 c2s 65536
1783134953.1888 c2s 65536
1783134953.1889 c2s 65536
1783134953.1890 c2s 65536
1783134953.1894 c2s 65536
1783134953.1896 c2s 65536
1783134953.1898 c2s 65536
1783134953.1899 c2s 65536
1783134953.1903 c2s 65536
1783134953.1904 c2s 65536
1783134953.1906 c2s 65536
1783134953.1907 c2s 65536
1783134953.1910 c2s 65536
1783134953.1912 c2s 65536
1783134953.1914 c2s 65536
1783134953.1915 c2s 65536
1783134953.1919 c2s 65536
1783134953.1920 c2s 65536
1783134953.1921 c2s 65536
1783134953.1923 c2s 65536
1783134953.1926 c2s 65536
1783134953.1927 c2s 65536
1783134953.1929 c2s 65536
1783134953.1930 c2s 65536
1783134953.1934 c2s 65536
1783134953.1935 c2s 65536
1783134953.1936 c2s 65536
1783134953.1937 c2s 65536
1783134953.1940 c2s 65536
1783134953.1941 c2s 65536
1783134953.1943 c2s 65536
1783134953.1944 c2s 65536
1783134953.1947 c2s 65536
1783134953.1948 c2s 65536
1783134953.1950 c2s 65536
1783134953.1951 c2s 65536
1783134953.1954 c2s 65536
1783134953.1955 c2s 65536
1783134953.1957 c2s 65536
1783134953.1958 c2s 65536
1783134953.1962 c2s 65536
1783134953.1963 c2s 65536
1783134953.1965 c2s 65536
1783134953.1966 c2s 65536
1783134953.1970 c2s 65536
1783134953.1971 c2s 65536
1783134953.1973 c2s 65536
1783134953.1974 c2s 65536
1783134953.1977 c2s 65536
1783134953.1978 c2s 65536
1783134953.1980 c2s 65536
1783134953.1981 c2s 65536
1783134953.1985 c2s 65536
1783134953.1986 c2s 65536
1783134953.1988 c2s 65536
1783134953.1989 c2s 65536
1783134953.1993 c2s 65536
1783134953.1994 c2s 65536
1783134953.1996 c2s 65536
1783134953.1997 c2s 65536
1783134953.2000 c2s 65536
1783134953.2001 c2s 65536
1783134953.2002 c2s 65536
1783134953.2003 c2s 65536
1783134953.2007 c2s 65536
1783134953.2008 c2s 65536
1783134953.2010 c2s 65536
1783134953.2011 c2s 65536
1783134953.2014 c2s 65536
1783134953.2015 c2s 65536
1783134953.2017 c2s 65536
1783134953.2018 c2s 65536
1783134953.2021 c2s 65536
1783134953.2022 c2s 65536
1783134953.2024 c2s 65536
1783134953.2025 c2s 65536
1783134953.2028 c2s 65536
1783134953.2029 c2s 65536
1783134953.2031 c2s 65536
1783134953.2032 c2s 65536
1783134953.2036 c2s 65536
1783134953.2038 c2s 65536
1783134953.2039 c2s 65536
1783134953.2040 c2s 65536
1783134953.2044 c2s 65536
1783134953.2045 c2s 65536
1783134953.2046 c2s 65536
1783134953.2047 c2s 65536
1783134953.2051 c2s 65536
1783134953.2052 c2s 65536
1783134953.2053 c2s 65536
1783134953.2054 c2s 65536
1783134953.2058 c2s 65536
1783134953.2059 c2s 65536
1783134953.2060 c2s 65536
1783134953.2061 c2s 65536
1783134953.2065 c2s 65536
1783134953.2066 c2s 65536
1783134953.2067 c2s 65536
1783134953.2068 c2s 65536
1783134953.2071 c2s 65536
1783134953.2073 c2s 65536
1783134953.2075 c2s 65536
1783134953.2076 c2s 65536
1783134953.2080 c2s 65536
1783134953.2081 c2s 65536
1783134953.2083 c2s 65536
1783134953.2084 c2s 65536
1783134953.2087 c2s 65536
1783134953.2088 c2s 65536
1783134953.2089 c2s 65536
1783134953.2090 c2s 65536
1783134953.2094 c2s 65536
1783134953.2095 c2s 65536
1783134953.2096 c2s 65536
1783134953.2097 c2s 65536
1783134953.2101 c2s 65536
1783134953.2102 c2s 65536
1783134953.2103 c2s 65536
1783134953.2104 c2s 65536
1783134953.2108 c2s 65536
1783134953.2109 c2s 65536
1783134953.2110 c2s 65536
1783134953.2111 c2s 65536
1783134953.2115 c2s 65536
1783134953.2117 c2s 65536
1783134953.2118 c2s 65536
1783134953.2119 c2s 65536
1783134953.2123 c2s 65536
1783134953.2124 c2s 65536
1783134953.2126 c2s 65536
1783134953.2127 c2s 65536
1783134953.2130 c2s 65536
1783134953.2131 c2s 65536
1783134953.2133 c2s 65536
1783134953.2134 c2s 65536
1783134953.2137 c2s 65536
1783134953.2138 c2s 65536
1783134953.2140 c2s 65536
1783134953.2141 c2s 65536
1783134953.2144 c2s 65536
1783134953.2145 c2s 65536
1783134953.2147 c2s 65536
1783134953.2148 c2s 65536
1783134953.2151 c2s 65536
1783134953.2152 c2s 65536
1783134953.2153 c2s 65536
1783134953.2154 c2s 65536
1783134953.2158 c2s 65536
1783134953.2160 c2s 65536
1783134953.2161 c2s 65536
1783134953.2162 c2s 65536
1783134953.2166 c2s 65536
1783134953.2167 c2s 65536
1783134953.2169 c2s 65536
1783134953.2170 c2s 65536
1783134953.2173 c2s 65536
1783134953.2174 c2s 65536
1783134953.2175 c2s 65536
1783134953.2176 c2s 65536
1783134953.2179 c2s 65536
1783134953.2180 c2s 65536
1783134953.2181 c2s 65536
1783134953.2182 c2s 65536
1783134953.2185 c2s 65536
1783134953.2186 c2s 65536
1783134953.2187 c2s 65536
1783134953.2188 c2s 65536
1783134953.2191 c2s 65536
1783134953.2192 c2s 65536
1783134953.2194 c2s 65536
1783134953.2196 c2s 65536
1783134953.2199 c2s 65536
1783134953.2200 c2s 65536
1783134953.2202 c2s 65536
1783134953.2203 c2s 65536
1783134953.2207 c2s 65536
1783134953.2208 c2s 65536
1783134953.2210 c2s 65536
1783134953.2211 c2s 65536
1783134953.2214 c2s 65536
1783134953.2215 c2s 65536
1783134953.2217 c2s 65536
1783134953.2217 c2s 65536
1783134953.2221 c2s 65536
1783134953.2222 c2s 65536
1783134953.2223 c2s 65536
1783134953.2224 c2s 65536
1783134953.2227 c2s 65536
1783134953.2228 c2s 65536
1783134953.2229 c2s 65536
1783134953.2230 c2s 65536
1783134953.2233 c2s 65536
1783134953.2234 c2s 65536
1783134953.2235 c2s 65536
1783134953.2236 c2s 65536
1783134953.2239 c2s 65536
1783134953.2240 c2s 65536
1783134953.2242 c2s 65536
1783134953.2243 c2s 65536
1783134953.2247 c2s 65536
1783134953.2248 c2s 65536
1783134953.2249 c2s 65536
1783134953.2250 c2s 65536
1783134953.2254 c2s 65536
1783134953.2255 c2s 65536
1783134953.2256 c2s 65536
1783134953.2257 c2s 65536
1783134953.2260 c2s 65536
1783134953.2261 c2s 65536
1783134953.2263 c2s 65536
1783134953.2264 c2s 65536
1783134953.2267 c2s 65536
1783134953.2268 c2s 65536
1783134953.2270 c2s 65536
1783134953.2271 c2s 65536
1783134953.2274 c2s 65536
1783134953.2276 c2s 65536
1783134953.2277 c2s 65536
1783134953.2278 c2s 65536
1783134953.2282 c2s 65536
1783134953.2283 c2s 65536
1783134953.2285 c2s 65536
1783134953.2286 c2s 65536
1783134953.2289 c2s 65536
1783134953.2290 c2s 65536
1783134953.2291 c2s 65536
1783134953.2292 c2s 65536
1783134953.2296 c2s 65536
1783134953.2297 c2s 65536
1783134953.2298 c2s 65536
1783134953.2299 c2s 65536
1783134953.2302 c2s 65536
1783134953.2303 c2s 65536
1783134953.2304 c2s 65536
1783134953.2305 c2s 65536
1783134953.2309 c2s 65536
1783134953.2310 c2s 65536
1783134953.2311 c2s 65536
1783134953.2312 c2s 65536
1783134953.2316 c2s 65536
1783134953.2317 c2s 65536
1783134953.2319 c2s 65536
1783134953.2320 c2s 65536
1783134953.2323 c2s 65536
1783134953.2324 c2s 65536
1783134953.2325 c2s 65536
1783134953.2326 c2s 65536
1783134953.2329 c2s 65536
1783134953.2330 c2s 65536
1783134953.2332 c2s 65536
1783134953.2332 c2s 65536
1783134953.2336 c2s 65536
1783134953.2337 c2s 65536
1783134953.2338 c2s 65536
1783134953.2339 c2s 65536
1783134953.2342 c2s 65536
1783134953.2343 c2s 65536
1783134953.2344 c2s 65536
1783134953.2345 c2s 65536
1783134953.2348 c2s 65536
1783134953.2349 c2s 65536
1783134953.2350 c2s 65536
1783134953.2351 c2s 65536
1783134953.2354 c2s 65536
1783134953.2356 c2s 65536
1783134953.2358 c2s 65536
1783134953.2359 c2s 65536
1783134953.2362 c2s 65536
1783134953.2363 c2s 65536
1783134953.2364 c2s 65536
1783134953.2365 c2s 65536
1783134953.2368 c2s 65536
1783134953.2369 c2s 65536
1783134953.2371 c2s 65536
1783134953.2372 c2s 65536
1783134953.2375 c2s 65536
1783134953.2376 c2s 65536
1783134953.2377 c2s 65536
1783134953.2378 c2s 65536
1783134953.2381 c2s 65536
1783134953.2382 c2s 65536
1783134953.2383 c2s 65536
1783134953.2384 c2s 65536
1783134953.2387 c2s 65536
1783134953.2388 c2s 65536
1783134953.2389 c2s 65536
1783134953.2390 c2s 65536
1783134953.2393 c2s 65536
1783134953.2394 c2s 65536
1783134953.2396 c2s 65536
1783134953.2397 c2s 65536
1783134953.2400 c2s 65536
1783134953.2402 c2s 65536
1783134953.2403 c2s 65536
1783134953.2404 c2s 65536
1783134953.2407 c2s 65536
1783134953.2408 c2s 65536
1783134953.2409 c2s 65536
1783134953.2410 c2s 65536
1783134953.2413 c2s 65536
1783134953.2414 c2s 65536
1783134953.2415 c2s 65536
1783134953.2416 c2s 65536
1783134953.2419 c2s 65536
1783134953.2420 c2s 65536
1783134953.2422 c2s 65536
1783134953.2422 c2s 65536
1783134953.2426 c2s 65536
1783134953.2427 c2s 65536
1783134953.2428 c2s 65536
1783134953.2429 c2s 65536
1783134953.2432 c2s 65536
1783134953.2433 c2s 65536
1783134953.2435 c2s 65536
1783134953.2436 c2s 65536
1783134953.2439 c2s 65536
1783134953.2440 c2s 65536
1783134953.2441 c2s 65536
1783134953.2442 c2s 65536
1783134953.2445 c2s 65536
1783134953.2446 c2s 65536
1783134953.2447 c2s 65536
1783134953.2448 c2s 65536
1783134953.2452 c2s 65536
1783134953.2453 c2s 65536
1783134953.2454 c2s 65536
1783134953.2455 c2s 65536
1783134953.2458 c2s 65536
1783134953.2459 c2s 65536
1783134953.2460 c2s 65536
1783134953.2461 c2s 65536
1783134953.2464 c2s 65536
1783134953.2466 c2s 65536
1783134953.2467 c2s 65536
1783134953.2468 c2s 65536
1783134953.2471 c2s 65536
1783134953.2472 c2s 65536
1783134953.2474 c2s 65536
1783134953.2475 c2s 65536
1783134953.2478 c2s 65536
1783134953.2479 c2s 65536
1783134953.2481 c2s 65536
1783134953.2482 c2s 65536
1783134953.2484 c2s 65536
1783134953.2485 c2s 65536
1783134953.2487 c2s 65536
1783134953.2488 c2s 65536
1783134953.2491 c2s 65536
1783134953.2492 c2s 65536
1783134953.2493 c2s 65536
1783134953.2494 c2s 65536
1783134953.2497 c2s 65536
1783134953.2498 c2s 65536
1783134953.2499 c2s 65536
1783134953.2500 c2s 65536
1783134953.2503 c2s 65536
1783134953.2504 c2s 65536
1783134953.2506 c2s 65536
1783134953.2507 c2s 65536
1783134953.2510 c2s 65536
1783134953.2511 c2s 65536
1783134953.2513 c2s 65536
1783134953.2513 c2s 65536
1783134953.2517 c2s 65536
1783134953.2518 c2s 65536
1783134953.2519 c2s 65536
1783134953.2520 c2s 65536
1783134953.2523 c2s 65536
1783134953.2524 c2s 65536
1783134953.2525 c2s 65536
1783134953.2526 c2s 65536
1783134953.2529 c2s 65536
1783134953.2530 c2s 65536
1783134953.2531 c2s 65536
1783134953.2532 c2s 65536
1783134953.2535 c2s 65536
1783134953.2536 c2s 65536
1783134953.2537 c2s 65536
1783134953.2538 c2s 65536
1783134953.2541 c2s 65536
1783134953.2542 c2s 65536
1783134953.2544 c2s 65536
1783134953.2545 c2s 65536
1783134953.2549 c2s 65536
1783134953.2551 c2s 65536
1783134953.2553 c2s 65536
1783134953.2554 c2s 65536
1783134953.2558 c2s 65536
1783134953.2560 c2s 65536
1783134953.2561 c2s 65536
1783134953.2562 c2s 65536
1783134953.2565 c2s 65536
1783134953.2566 c2s 65536
1783134953.2568 c2s 65536
1783134953.2569 c2s 65536
1783134953.2572 c2s 65536
1783134953.2573 c2s 65536
1783134953.2574 c2s 65536
1783134953.2575 c2s 65536
1783134953.2578 c2s 65536
1783134953.2579 c2s 65536
1783134953.2581 c2s 65536
1783134953.2581 c2s 65536
1783134953.2584 c2s 65536
1783134953.2586 c2s 65536
1783134953.2587 c2s 65536
1783134953.2588 c2s 65536
1783134953.2591 c2s 65536
1783134953.2592 c2s 65536
1783134953.2593 c2s 65536
1783134953.2594 c2s 65536
1783134953.2597 c2s 65536
1783134953.2598 c2s 65536
1783134953.2600 c2s 65536
1783134953.2600 c2s 65536
1783134953.2603 c2s 65536
1783134953.2604 c2s 65536
1783134953.2606 c2s 65536
1783134953.2607 c2s 65536
1783134953.2610 c2s 65536
1783134953.2611 c2s 65536
1783134953.2613 c2s 65536
1783134953.2613 c2s 65536
1783134953.2617 c2s 65536
1783134953.2618 c2s 65536
1783134953.2619 c2s 65536
1783134953.2620 c2s 65536
1783134953.2623 c2s 65536
1783134953.2624 c2s 65536
1783134953.2625 c2s 65536
1783134953.2626 c2s 65536
1783134953.2629 c2s 65536
1783134953.2630 c2s 65536
1783134953.2631 c2s 65536
1783134953.2632 c2s 65536
1783134953.2635 c2s 65536
1783134953.2639 c2s 65536
1783134953.2641 c2s 65536
1783134953.2641 c2s 65536
1783134953.2645 c2s 65536
1783134953.2646 c2s 65536
1783134953.2647 c2s 65536
1783134953.2648 c2s 65536
1783134953.2652 c2s 65536
1783134953.2653 c2s 65536
1783134953.2654 c2s 65536
1783134953.2655 c2s 65536
1783134953.2658 c2s 65536
1783134953.2659 c2s 65536
1783134953.2660 c2s 65536
1783134953.2661 c2s 65536
1783134953.2664 c2s 65536
1783134953.2665 c2s 65536
1783134953.2666 c2s 65536
1783134953.2667 c2s 65536
1783134953.2670 c2s 65536
1783134953.2671 c2s 65536
1783134953.2673 c2s 65536
1783134953.2674 c2s 65536
1783134953.2677 c2s 65536
1783134953.2678 c2s 65536
1783134953.2679 c2s 65536
1783134953.2680 c2s 65536
1783134953.2683 c2s 65536
1783134953.2685 c2s 65536
1783134953.2686 c2s 65536
1783134953.2687 c2s 65536
1783134953.2690 c2s 65536
1783134953.2692 c2s 65536
1783134953.2693 c2s 65536
1783134953.2694 c2s 65536
1783134953.2697 c2s 65536
1783134953.2698 c2s 65536
1783134953.2699 c2s 65536
1783134953.2700 c2s 65536
1783134953.2703 c2s 65536
1783134953.2704 c2s 65536
1783134953.2705 c2s 65536
1783134953.2706 c2s 65536
1783134953.2709 c2s 65536
1783134953.2710 c2s 65536
1783134953.2711 c2s 65536
1783134953.2712 c2s 65536
1783134953.2715 c2s 65536
1783134953.2717 c2s 65536
1783134953.2718 c2s 65536
1783134953.2719 c2s 65536
1783134953.2722 c2s 65536
1783134953.2723 c2s 65536
1783134953.2725 c2s 65536
1783134953.2726 c2s 65536
1783134953.2730 c2s 65536
1783134953.2731 c2s 65536
1783134953.2732 c2s 65536
1783134953.2733 c2s 65536
1783134953.2736 c2s 65536
1783134953.2737 c2s 65536
1783134953.2739 c2s 65536
1783134953.2740 c2s 65536
1783134953.2743 c2s 65536
1783134953.2744 c2s 65536
1783134953.2745 c2s 65536
1783134953.2746 c2s 65536
1783134953.2749 c2s 65536
1783134953.2750 c2s 65536
1783134953.2751 c2s 65536
1783134953.2752 c2s 65536
1783134953.2755 c2s 65536
1783134953.2756 c2s 65536
1783134953.2758 c2s 65536
1783134953.2759 c2s 65536
1783134953.2762 c2s 65536
1783134953.2763 c2s 65536
1783134953.2764 c2s 65536
1783134953.2765 c2s 65536
1783134953.2768 c2s 65536
1783134953.2769 c2s 65536
1783134953.2770 c2s 65536
1783134953.2771 c2s 65536
1783134953.2775 c2s 65536
1783134953.2777 c2s 65536
1783134953.2779 c2s 65536
1783134953.2780 c2s 65536
1783134953.2784 c2s 65536
1783134953.2785 c2s 65536
1783134953.2786 c2s 65536
1783134953.2787 c2s 65536
1783134953.2791 c2s 65536
1783134953.2792 c2s 65536
1783134953.2793 c2s 65536
1783134953.2794 c2s 65536
1783134953.2798 c2s 65536
1783134953.2799 c2s 65536
1783134953.2800 c2s 65536
1783134953.2801 c2s 65536
1783134953.2804 c2s 65536
1783134953.2805 c2s 65536
1783134953.2806 c2s 65536
1783134953.2807 c2s 65536
1783134953.2810 c2s 65536
1783134953.2811 c2s 65536
1783134953.2812 c2s 65536
1783134953.2813 c2s 65536
1783134953.2816 c2s 65536
1783134953.2817 c2s 65536
1783134953.2819 c2s 65536
1783134953.2819 c2s 65536
1783134953.2823 c2s 65536
1783134953.2824 c2s 65536
1783134953.2825 c2s 65536
1783134953.2826 c2s 65536
1783134953.2829 c2s 65536
1783134953.2830 c2s 65536
1783134953.2832 c2s 65536
1783134953.2833 c2s 65536
1783134953.2837 c2s 65536
1783134953.2838 c2s 65536
1783134953.2839 c2s 65536
1783134953.2840 c2s 65536
1783134953.2843 c2s 65536
1783134953.2844 c2s 65536
1783134953.2845 c2s 65536
1783134953.2845 c2s 65536
1783134953.2849 c2s 65536
1783134953.2849 c2s 65536
1783134953.2850 c2s 65536
1783134953.2851 c2s 65536
1783134953.2854 c2s 65536
1783134953.2855 c2s 65536
1783134953.2856 c2s 65536
1783134953.2856 c2s 65536
1783134953.2859 c2s 65536
1783134953.2860 c2s 65536
1783134953.2861 c2s 65536
1783134953.2862 c2s 65536
1783134953.2865 c2s 65536
1783134953.2867 c2s 65536
1783134953.2869 c2s 65536
1783134953.2870 c2s 65536
1783134953.2873 c2s 65536
1783134953.2875 c2s 65536
1783134953.2876 c2s 65536
1783134953.2877 c2s 65536
1783134953.2880 c2s 65536
1783134953.2881 c2s 65536
1783134953.2883 c2s 65536
1783134953.2883 c2s 65536
1783134953.2886 c2s 65536
1783134953.2887 c2s 65536
1783134953.2889 c2s 65536
1783134953.2889 c2s 65536
1783134953.2893 c2s 65536
1783134953.2894 c2s 65536
1783134953.2895 c2s 65536
1783134953.2896 c2s 65536
1783134953.2899 c2s 65536
1783134953.2900 c2s 65536
1783134953.2902 c2s 65536
1783134953.2903 c2s 65536
1783134953.2906 c2s 65536
1783134953.2908 c2s 65536
1783134953.2909 c2s 65536
1783134953.2910 c2s 65536
1783134953.2914 c2s 65536
1783134953.2915 c2s 65536
1783134953.2917 c2s 65536
1783134953.2917 c2s 65536
1783134953.2921 c2s 65536
1783134953.2922 c2s 65536
1783134953.2923 c2s 65536
1783134953.2924 c2s 65536
1783134953.2927 c2s 65536
1783134953.2928 c2s 65536
1783134953.2929 c2s 65536
1783134953.2930 c2s 65536
1783134953.2933 c2s 65536
1783134953.2934 c2s 65536
1783134953.2936 c2s 65536
1783134953.2937 c2s 65536
1783134953.2939 c2s 65536
1783134953.2940 c2s 65536
1783134953.2942 c2s 65536
1783134953.2943 c2s 65536
1783134953.2946 c2s 65536
1783134953.2947 c2s 65536
1783134953.2949 c2s 65536
1783134953.2950 c2s 65536
1783134953.2953 c2s 65536
1783134953.2954 c2s 65536
1783134953.2956 c2s 65536
1783134953.2957 c2s 65536
1783134953.2960 c2s 65536
1783134953.2961 c2s 65536
1783134953.2962 c2s 65536
1783134953.2963 c2s 65536
1783134953.2966 c2s 65536
1783134953.2967 c2s 65536
1783134953.2968 c2s 65536
1783134953.2969 c2s 65536
1783134953.2972 c2s 65536
1783134953.2973 c2s 65536
1783134953.2974 c2s 65536
1783134953.2975 c2s 65536
1783134953.2979 c2s 65536
1783134953.2980 c2s 65536
1783134953.2981 c2s 65536
1783134953.2982 c2s 65536
1783134953.2985 c2s 65536
1783134953.2986 c2s 65536
1783134953.2987 c2s 65536
1783134953.2988 c2s 65536
1783134953.2992 c2s 65536
1783134953.2993 c2s 65536
1783134953.2994 c2s 65536
1783134953.2995 c2s 65536
1783134953.2998 c2s 65536
1783134953.2999 c2s 65536
1783134953.3001 c2s 65536
1783134953.3002 c2s 65536
1783134953.3005 c2s 65536
1783134953.3006 c2s 65536
1783134953.3007 c2s 65536
1783134953.3008 c2s 65536
1783134953.3011 c2s 65536
1783134953.3012 c2s 65536
1783134953.3013 c2s 65536
1783134953.3014 c2s 65536
1783134953.3017 c2s 65536
1783134953.3018 c2s 65536
1783134953.3019 c2s 65536
1783134953.3020 c2s 65536
1783134953.3023 c2s 65536
1783134953.3024 c2s 65536
1783134953.3025 c2s 65536
1783134953.3026 c2s 65536
1783134953.3029 c2s 65536
1783134953.3030 c2s 65536
1783134953.3031 c2s 65536
1783134953.3032 c2s 65536
1783134953.3036 c2s 65536
1783134953.3037 c2s 65536
1783134953.3038 c2s 65536
1783134953.3039 c2s 65536
1783134953.3042 c2s 65536
1783134953.3043 c2s 65536
1783134953.3044 c2s 65536
1783134953.3045 c2s 65536
1783134953.3048 c2s 65536
1783134953.3049 c2s 65536
1783134953.3050 c2s 65536
1783134953.3051 c2s 65536
1783134953.3054 c2s 65536
1783134953.3055 c2s 65536
1783134953.3056 c2s 65536
1783134953.3057 c2s 65536
1783134953.3059 c2s 65536
1783134953.3060 c2s 65536
1783134953.3062 c2s 65536
1783134953.3063 c2s 65536
1783134953.3065 c2s 65536
1783134953.3066 c2s 65536
1783134953.3068 c2s 65536
1783134953.3068 c2s 65536
1783134953.3071 c2s 65536
1783134953.3072 c2s 65536
1783134953.3073 c2s 65536
1783134953.3074 c2s 65536
1783134953.3077 c2s 65536
1783134953.3078 c2s 65536
1783134953.3079 c2s 65536
1783134953.3080 c2s 65536
1783134953.3083 c2s 65536
1783134953.3084 c2s 65536
1783134953.3085 c2s 65536
1783134953.3086 c2s 65536
1783134953.3089 c2s 65536
1783134953.3090 c2s 65536
1783134953.3091 c2s 65536
1783134953.3092 c2s 65536
1783134953.3094 c2s 65536
1783134953.3095 c2s 65536
1783134953.3097 c2s 65536
1783134953.3097 c2s 65536
1783134953.3100 c2s 65536
1783134953.3101 c2s 65536
1783134953.3102 c2s 65536
1783134953.3103 c2s 65536
1783134953.3106 c2s 65536
1783134953.3107 c2s 65536
1783134953.3108 c2s 65536
1783134953.3109 c2s 65536
1783134953.3112 c2s 65536
1783134953.3113 c2s 65536
1783134953.3114 c2s 65536
1783134953.3115 c2s 65536
1783134953.3118 c2s 65536
1783134953.3119 c2s 65536
1783134953.3120 c2s 65536
1783134953.3121 c2s 65536
1783134953.3123 c2s 65536
1783134953.3124 c2s 65536
1783134953.3125 c2s 65536
1783134953.3126 c2s 65536
1783134953.3129 c2s 65536
1783134953.3130 c2s 65536
1783134953.3131 c2s 65536
1783134953.3132 c2s 65536
1783134953.3135 c2s 65536
1783134953.3136 c2s 65536
1783134953.3137 c2s 65536
1783134953.3138 c2s 65536
1783134953.3140 c2s 65536
1783134953.3141 c2s 65536
1783134953.3143 c2s 65536
1783134953.3143 c2s 65536
1783134953.3146 c2s 65536
1783134953.3147 c2s 65536
1783134953.3148 c2s 65536
1783134953.3149 c2s 65536
1783134953.3152 c2s 65536
1783134953.3153 c2s 65536
1783134953.3154 c2s 65536
1783134953.3155 c2s 65536
1783134953.3158 c2s 65536
1783134953.3158 c2s 65536
1783134953.3160 c2s 65536
1783134953.3161 c2s 65536
1783134953.3163 c2s 65536
1783134953.3164 c2s 65536
1783134953.3165 c2s 65536
1783134953.3166 c2s 65536
1783134953.3169 c2s 65536
1783134953.3170 c2s 65536
1783134953.3171 c2s 65536
1783134953.3172 c2s 65536
1783134953.3174 c2s 65536
1783134953.3176 c2s 65536
1783134953.3177 c2s 33894
1783134953.3892 c2s 321
1783134953.3898 s2c 9
1783134953.4031 c2s 65492
1783134953.4036 c2s 65536
1783134953.4038 c2s 65536
1783134953.4040 c2s 65536
1783134953.4041 c2s 65536
1783134953.4046 c2s 65536
1783134953.4047 c2s 65536
1783134953.4049 c2s 65536
1783134953.4050 c2s 65536
1783134953.4055 c2s 65536
1783134953.4057 c2s 65536
1783134953.4059 c2s 65536
1783134953.4060 c2s 65536
1783134953.4065 c2s 65536
1783134953.4066 c2s 65536
1783134953.4068 c2s 65536
1783134953.4069 c2s 65536
1783134953.4073 c2s 65536
1783134953.4075 c2s 65536
1783134953.4077 c2s 65536
1783134953.4078 c2s 65536
1783134953.4082 c2s 65536
1783134953.4083 c2s 65536
1783134953.4085 c2s 65536
1783134953.4086 c2s 65536
1783134953.4089 c2s 65536
1783134953.4090 c2s 65536
1783134953.4091 c2s 65536
1783134953.4092 c2s 65536
1783134953.4095 c2s 65536
1783134953.4096 c2s 65536
1783134953.4098 c2s 65536
1783134953.4099 c2s 65536
1783134953.4102 c2s 65536
1783134953.4103 c2s 65536
1783134953.4104 c2s 65536
1783134953.4105 c2s 65536
1783134953.4108 c2s 65536
1783134953.4109 c2s 65536
1783134953.4110 c2s 65536
1783134953.4111 c2s 65536
1783134953.4115 c2s 65536
1783134953.4116 c2s 65536
1783134953.4117 c2s 65536
1783134953.4118 c2s 65536
1783134953.4121 c2s 65536
1783134953.4122 c2s 65536
1783134953.4123 c2s 65536
1783134953.4123 c2s 65536
1783134953.4127 c2s 65536
1783134953.4127 c2s 65536
1783134953.4128 c2s 65536
1783134953.4129 c2s 65536
1783134953.4132 c2s 65536
1783134953.4133 c2s 65536
1783134953.4134 c2s 65536
1783134953.4135 c2s 65536
1783134953.4138 c2s 65536
1783134953.4139 c2s 65536
1783134953.4142 c2s 65536
1783134953.4144 c2s 65536
1783134953.4147 c2s 65536
1783134953.4148 c2s 65536
1783134953.4149 c2s 65536
1783134953.4151 c2s 65536
1783134953.4155 c2s 65536
1783134953.4156 c2s 65536
1783134953.4157 c2s 65536
1783134953.4158 c2s 65536
1783134953.4162 c2s 65536
1783134953.4163 c2s 65536
1783134953.4164 c2s 65536
1783134953.4165 c2s 65536
1783134953.4168 c2s 65536
1783134953.4169 c2s 65536
1783134953.4170 c2s 65536
1783134953.4171 c2s 65536
1783134953.4174 c2s 65536
1783134953.4175 c2s 65536
1783134953.4176 c2s 65536
1783134953.4177 c2s 65536
1783134953.4180 c2s 65536
1783134953.4181 c2s 65536
1783134953.4183 c2s 65536
1783134953.4183 c2s 65536
1783134953.4187 c2s 65536
1783134953.4188 c2s 65536
1783134953.4190 c2s 65536
1783134953.4191 c2s 65536
1783134953.4194 c2s 65536
1783134953.4195 c2s 65536
1783134953.4197 c2s 65536
1783134953.4197 c2s 65536
1783134953.4201 c2s 65536
1783134953.4202 c2s 65536
1783134953.4203 c2s 65536
1783134953.4204 c2s 65536
1783134953.4207 c2s 65536
1783134953.4208 c2s 65536
1783134953.4209 c2s 65536
1783134953.4210 c2s 65536
1783134953.4213 c2s 65536
1783134953.4214 c2s 65536
1783134953.4215 c2s 65536
1783134953.4216 c2s 65536
1783134953.4219 c2s 65536
1783134953.4220 c2s 65536
1783134953.4221 c2s 65536
1783134953.4222 c2s 65536
1783134953.4226 c2s 65536
1783134953.4227 c2s 65536
1783134953.4228 c2s 65536
1783134953.4229 c2s 65536
1783134953.4233 c2s 65536
1783134953.4234 c2s 65536
1783134953.4235 c2s 65536
1783134953.4236 c2s 65536
1783134953.4239 c2s 65536
1783134953.4240 c2s 65536
1783134953.4241 c2s 65536
1783134953.4242 c2s 65536
1783134953.4246 c2s 65536
1783134953.4247 c2s 65536
1783134953.4248 c2s 65536
1783134953.4249 c2s 65536
1783134953.4251 c2s 65536
1783134953.4253 c2s 65536
1783134953.4254 c2s 65536
1783134953.4255 c2s 65536
1783134953.4258 c2s 65536
1783134953.4259 c2s 65536
1783134953.4260 c2s 65536
1783134953.4261 c2s 65536
1783134953.4264 c2s 65536
1783134953.4265 c2s 65536
1783134953.4267 c2s 65536
1783134953.4268 c2s 65536
1783134953.4271 c2s 65536
1783134953.4272 c2s 65536
1783134953.4273 c2s 65536
1783134953.4274 c2s 65536
1783134953.4277 c2s 65536
1783134953.4278 c2s 65536
1783134953.4280 c2s 65536
1783134953.4281 c2s 65536
1783134953.4284 c2s 65536
1783134953.4285 c2s 65536
1783134953.4286 c2s 65536
1783134953.4287 c2s 65536
1783134953.4290 c2s 65536
1783134953.4291 c2s 65536
1783134953.4292 c2s 65536
1783134953.4293 c2s 65536
1783134953.4296 c2s 65536
1783134953.4297 c2s 65536
1783134953.4298 c2s 65536
1783134953.4299 c2s 65536
1783134953.4302 c2s 65536
1783134953.4303 c2s 65536
1783134953.4305 c2s 65536
1783134953.4306 c2s 65536
1783134953.4310 c2s 65536
1783134953.4311 c2s 65536
1783134953.4312 c2s 65536
1783134953.4313 c2s 65536
1783134953.4316 c2s 65536
1783134953.4317 c2s 65536
1783134953.4318 c2s 65536
1783134953.4319 c2s 65536
1783134953.4322 c2s 65536
1783134953.4323 c2s 65536
1783134953.4325 c2s 65536
1783134953.4326 c2s 65536
1783134953.4329 c2s 65536
1783134953.4330 c2s 65536
1783134953.4331 c2s 65536
1783134953.4332 c2s 65536
1783134953.4335 c2s 65536
1783134953.4336 c2s 65536
1783134953.4337 c2s 65536
1783134953.4338 c2s 65536
1783134953.4341 c2s 65536
1783134953.4343 c2s 65536
1783134953.4344 c2s 65536
1783134953.4345 c2s 65536
1783134953.4349 c2s 65536
1783134953.4350 c2s 65536
1783134953.4351 c2s 65536
1783134953.4352 c2s 65536
1783134953.4356 c2s 65536
1783134953.4357 c2s 65536
1783134953.4359 c2s 65536
1783134953.4359 c2s 65536
1783134953.4362 c2s 65536
1783134953.4363 c2s 65536
1783134953.4365 c2s 65536
1783134953.4366 c2s 65536
1783134953.4369 c2s 65536
1783134953.4370 c2s 65536
1783134953.4371 c2s 65536
1783134953.4372 c2s 65536
1783134953.4375 c2s 65536
1783134953.4376 c2s 65536
1783134953.4377 c2s 65536
1783134953.4378 c2s 65536
1783134953.4381 c2s 65536
1783134953.4382 c2s 65536
1783134953.4384 c2s 65536
1783134953.4385 c2s 65536
1783134953.4388 c2s 65536
1783134953.4389 c2s 65536
1783134953.4391 c2s 65536
1783134953.4392 c2s 65536
1783134953.4395 c2s 65536
1783134953.4396 c2s 65536
1783134953.4397 c2s 65536
1783134953.4398 c2s 65536
1783134953.4401 c2s 65536
1783134953.4402 c2s 65536
1783134953.4404 c2s 65536
1783134953.4405 c2s 65536
1783134953.4407 c2s 65536
1783134953.4408 c2s 65536
1783134953.4410 c2s 65536
1783134953.4410 c2s 65536
1783134953.4414 c2s 65536
1783134953.4415 c2s 65536
1783134953.4416 c2s 65536
1783134953.4417 c2s 65536
1783134953.4420 c2s 65536
1783134953.4421 c2s 65536
1783134953.4422 c2s 65536
1783134953.4423 c2s 65536
1783134953.4427 c2s 65536
1783134953.4428 c2s 65536
1783134953.4429 c2s 65536
1783134953.4430 c2s 65536
1783134953.4433 c2s 65536
1783134953.4434 c2s 65536
1783134953.4435 c2s 65536
1783134953.4436 c2s 65536
1783134953.4439 c2s 65536
1783134953.4440 c2s 65536
1783134953.4442 c2s 65536
1783134953.4443 c2s 65536
1783134953.4445 c2s 65536
1783134953.4446 c2s 65536
1783134953.4448 c2s 65536
1783134953.4449 c2s 65536
1783134953.4452 c2s 65536
1783134953.4453 c2s 65536
1783134953.4454 c2s 65536
1783134953.4455 c2s 65536
1783134953.4458 c2s 65536
1783134953.4459 c2s 65536
1783134953.4461 c2s 65536
1783134953.4462 c2s 65536
1783134953.4465 c2s 65536
1783134953.4466 c2s 65536
1783134953.4467 c2s 65536
1783134953.4468 c2s 65536
1783134953.4472 c2s 65536
1783134953.4473 c2s 65536
1783134953.4474 c2s 65536
1783134953.4475 c2s 65536
1783134953.4478 c2s 65536
1783134953.4479 c2s 65536
1783134953.4480 c2s 65536
1783134953.4481 c2s 65536
1783134953.4484 c2s 65536
1783134953.4485 c2s 65536
1783134953.4486 c2s 65536
1783134953.4487 c2s 65536
1783134953.4490 c2s 65536
1783134953.4491 c2s 65536
1783134953.4492 c2s 65536
1783134953.4493 c2s 65536
1783134953.4497 c2s 65536
1783134953.4498 c2s 65536
1783134953.4499 c2s 65536
1783134953.4500 c2s 65536
1783134953.4503 c2s 65536
1783134953.4504 c2s 65536
1783134953.4506 c2s 65536
1783134953.4507 c2s 65536
1783134953.4510 c2s 65536
1783134953.4511 c2s 65536
1783134953.4512 c2s 65536
1783134953.4513 c2s 65536
1783134953.4516 c2s 65536
1783134953.4517 c2s 65536
1783134953.4519 c2s 65536
1783134953.4519 c2s 65536
1783134953.4523 c2s 65536
1783134953.4524 c2s 65536
1783134953.4525 c2s 65536
1783134953.4526 c2s 65536
1783134953.4529 c2s 65536
1783134953.4530 c2s 65536
1783134953.4532 c2s 65536
1783134953.4532 c2s 65536
1783134953.4536 c2s 65536
1783134953.4537 c2s 65536
1783134953.4538 c2s 65536
1783134953.4539 c2s 65536
1783134953.4542 c2s 65536
1783134953.4543 c2s 65536
1783134953.4544 c2s 65536
1783134953.4545 c2s 65536
1783134953.4549 c2s 65536
1783134953.4550 c2s 65536
1783134953.4551 c2s 65536
1783134953.4552 c2s 65536
1783134953.4555 c2s 65536
1783134953.4556 c2s 65536
1783134953.4557 c2s 65536
1783134953.4558 c2s 65536
1783134953.4562 c2s 65536
1783134953.4563 c2s 65536
1783134953.4564 c2s 65536
1783134953.4565 c2s 65536
1783134953.4568 c2s 65536
1783134953.4569 c2s 65536
1783134953.4570 c2s 65536
1783134953.4571 c2s 65536
1783134953.4574 c2s 65536
1783134953.4575 c2s 65536
1783134953.4577 c2s 65536
1783134953.4578 c2s 65536
1783134953.4581 c2s 65536
1783134953.4582 c2s 65536
1783134953.4583 c2s 65536
1783134953.4584 c2s 65536
1783134953.4587 c2s 65536
1783134953.4588 c2s 65536
1783134953.4590 c2s 65536
1783134953.4591 c2s 65536
1783134953.4594 c2s 65536
1783134953.4595 c2s 65536
1783134953.4597 c2s 65536
1783134953.4597 c2s 65536
1783134953.4600 c2s 65536
1783134953.4601 c2s 65536
1783134953.4603 c2s 65536
1783134953.4604 c2s 65536
1783134953.4607 c2s 65536
1783134953.4608 c2s 65536
1783134953.4610 c2s 65536
1783134953.4611 c2s 65536
1783134953.4614 c2s 65536
1783134953.4615 c2s 65536
1783134953.4616 c2s 65536
1783134953.4617 c2s 65536
1783134953.4620 c2s 65536
1783134953.4621 c2s 65536
1783134953.4622 c2s 65536
1783134953.4623 c2s 65536
1783134953.4626 c2s 65536
1783134953.4627 c2s 65536
1783134953.4629 c2s 65536
1783134953.4630 c2s 65536
1783134953.4633 c2s 65536
1783134953.4634 c2s 65536
1783134953.4636 c2s 65536
1783134953.4637 c2s 65536
1783134953.4640 c2s 65536
1783134953.4641 c2s 65536
1783134953.4643 c2s 65536
1783134953.4644 c2s 65536
1783134953.4647 c2s 65536
1783134953.4648 c2s 65536
1783134953.4649 c2s 65536
1783134953.4650 c2s 65536
1783134953.4653 c2s 65536
1783134953.4654 c2s 65536
1783134953.4656 c2s 65536
1783134953.4656 c2s 65536
1783134953.4659 c2s 65536
1783134953.4660 c2s 65536
1783134953.4662 c2s 65536
1783134953.4662 c2s 65536
1783134953.4666 c2s 65536
1783134953.4667 c2s 65536
1783134953.4668 c2s 65536
1783134953.4669 c2s 65536
1783134953.4671 c2s 65536
1783134953.4673 c2s 65536
1783134953.4674 c2s 65536
1783134953.4675 c2s 65536
1783134953.4678 c2s 65536
1783134953.4679 c2s 65536
1783134953.4681 c2s 65536
1783134953.4682 c2s 65536
1783134953.4685 c2s 65536
1783134953.4686 c2s 65536
1783134953.4687 c2s 65536
1783134953.4688 c2s 65536
1783134953.4692 c2s 65536
1783134953.4693 c2s 65536
1783134953.4694 c2s 65536
1783134953.4695 c2s 65536
1783134953.4698 c2s 65536
1783134953.4699 c2s 65536
1783134953.4700 c2s 65536
1783134953.4701 c2s 65536
1783134953.4704 c2s 65536
1783134953.4705 c2s 65536
1783134953.4707 c2s 65536
1783134953.4708 c2s 65536
1783134953.4711 c2s 65536
1783134953.4712 c2s 65536
1783134953.4713 c2s 65536
1783134953.4714 c2s 65536
1783134953.4717 c2s 65536
1783134953.4718 c2s 65536
1783134953.4720 c2s 65536
1783134953.4721 c2s 65536
1783134953.4724 c2s 65536
1783134953.4725 c2s 65536
1783134953.4727 c2s 65536
1783134953.4728 c2s 65536
1783134953.4731 c2s 65536
1783134953.4732 c2s 65536
1783134953.4733 c2s 65536
1783134953.4734 c2s 65536
1783134953.4737 c2s 65536
1783134953.4738 c2s 65536
1783134953.4739 c2s 65536
1783134953.4740 c2s 65536
1783134953.4743 c2s 65536
1783134953.4744 c2s 65536
1783134953.4745 c2s 65536
1783134953.4746 c2s 65536
1783134953.4749 c2s 65536
1783134953.4750 c2s 65536
1783134953.4752 c2s 65536
1783134953.4752 c2s 65536
1783134953.4756 c2s 65536
1783134953.4757 c2s 65536
1783134953.4758 c2s 65536
1783134953.4759 c2s 65536
1783134953.4763 c2s 65536
1783134953.4764 c2s 65536
1783134953.4766 c2s 65536
1783134953.4766 c2s 65536
1783134953.4770 c2s 65536
1783134953.4771 c2s 65536
1783134953.4772 c2s 65536
1783134953.4773 c2s 65536
1783134953.4776 c2s 65536
1783134953.4777 c2s 65536
1783134953.4778 c2s 65536
1783134953.4779 c2s 65536
1783134953.4782 c2s 65536
1783134953.4783 c2s 65536
1783134953.4784 c2s 65536
1783134953.4785 c2s 65536
1783134953.4788 c2s 65536
1783134953.4789 c2s 65536
1783134953.4790 c2s 65536
1783134953.4791 c2s 65536
1783134953.4795 c2s 65536
1783134953.4797 c2s 65536
1783134953.4798 c2s 65536
1783134953.4799 c2s 65536
1783134953.4802 c2s 65536
1783134953.4803 c2s 65536
1783134953.4804 c2s 65536
1783134953.4805 c2s 65536
1783134953.4808 c2s 65536
1783134953.4809 c2s 65536
1783134953.4810 c2s 65536
1783134953.4811 c2s 65536
1783134953.4814 c2s 65536
1783134953.4815 c2s 65536
1783134953.4816 c2s 65536
1783134953.4817 c2s 65536
1783134953.4820 c2s 65536
1783134953.4821 c2s 65536
1783134953.4822 c2s 65536
1783134953.4823 c2s 65536
1783134953.4826 c2s 65536
1783134953.4827 c2s 65536
1783134953.4828 c2s 65536
1783134953.4829 c2s 65536
1783134953.4832 c2s 65536
1783134953.4833 c2s 65536
1783134953.4834 c2s 65536
1783134953.4835 c2s 65536
1783134953.4838 c2s 65536
1783134953.4839 c2s 65536
1783134953.4840 c2s 65536
1783134953.4841 c2s 65536
1783134953.4845 c2s 65536
1783134953.4846 c2s 65536
1783134953.4847 c2s 65536
1783134953.4848 c2s 65536
1783134953.4850 c2s 65536
1783134953.4851 c2s 65536
1783134953.4853 c2s 65536
1783134953.4853 c2s 65536
1783134953.4856 c2s 65536
1783134953.4857 c2s 65536
1783134953.4858 c2s 65536
1783134953.4859 c2s 65536
1783134953.4862 c2s 65536
1783134953.4862 c2s 65536
1783134953.4864 c2s 65536
1783134953.4865 c2s 65536
1783134953.4867 c2s 65536
1783134953.4868 c2s 65536
1783134953.4870 c2s 65536
1783134953.4871 c2s 65536
1783134953.4873 c2s 65536
1783134953.4874 c2s 65536
1783134953.4876 c2s 65536
1783134953.4877 c2s 65536
1783134953.4879 c2s 65536
1783134953.4880 c2s 65536
1783134953.4882 c2s 65536
1783134953.4882 c2s 65536
1783134953.4885 c2s 65536
1783134953.4886 c2s 65536
1783134953.4887 c2s 65536
1783134953.4888 c2s 65536
1783134953.4891 c2s 65536
1783134953.4892 c2s 65536
1783134953.4893 c2s 65536
1783134953.4896 c2s 65536
1783134953.4899 c2s 65536
1783134953.4900 c2s 65536
1783134953.4901 c2s 65536
1783134953.4902 c2s 65536
1783134953.4905 c2s 65536
1783134953.4906 c2s 65536
1783134953.4907 c2s 65536
1783134953.4908 c2s 65536
1783134953.4910 c2s 65536
1783134953.4911 c2s 65536
1783134953.4912 c2s 65536
1783134953.4913 c2s 65536
1783134953.4916 c2s 65536
1783134953.4917 c2s 65536
1783134953.4919 c2s 65536
1783134953.4920 c2s 65536
1783134953.4922 c2s 65536
1783134953.4923 c2s 65536
1783134953.4924 c2s 65536
1783134953.4925 c2s 65536
1783134953.4928 c2s 65536
1783134953.4929 c2s 65536
1783134953.4930 c2s 65536
1783134953.4931 c2s 65536
1783134953.4934 c2s 65536
1783134953.4935 c2s 65536
1783134953.4936 c2s 65536
1783134953.4937 c2s 65536
1783134953.4939 c2s 65536
1783134953.4940 c2s 65536
1783134953.4941 c2s 65536
1783134953.4942 c2s 65536
1783134953.4945 c2s 65536
1783134953.4946 c2s 65536
1783134953.4947 c2s 65536
1783134953.4948 c2s 65536
1783134953.4950 c2s 65536
1783134953.4951 c2s 65536
1783134953.4953 c2s 65536
1783134953.4953 c2s 65536
1783134953.4956 c2s 65536
1783134953.4957 c2s 65536
1783134953.4958 c2s 65536
1783134953.4959 c2s 65536
1783134953.4962 c2s 65536
1783134953.4963 c2s 65536
1783134953.4964 c2s 65536
1783134953.4965 c2s 65536
1783134953.4967 c2s 65536
1783134953.4968 c2s 65536
1783134953.4970 c2s 65536
1783134953.4971 c2s 65536
1783134953.4972 c2s 65536
1783134953.4973 c2s 49509
1783134953.5646 c2s 321
1783134953.5650 s2c 9
1783134953.5784 c2s 65492
1783134953.5788 c2s 65536
1783134953.5790 c2s 65536
1783134953.5792 c2s 65536
1783134953.5793 c2s 65536
1783134953.5798 c2s 65536
1783134953.5800 c2s 65536
1783134953.5802 c2s 65536
1783134953.5804 c2s 65536
1783134953.5808 c2s 65536
1783134953.5810 c2s 65536
1783134953.5812 c2s 65536
1783134953.5814 c2s 65536
1783134953.5818 c2s 65536
1783134953.5820 c2s 65536
1783134953.5821 c2s 65536
1783134953.5822 c2s 65536
1783134953.5826 c2s 65536
1783134953.5828 c2s 65536
1783134953.5830 c2s 65536
1783134953.5831 c2s 65536
1783134953.5835 c2s 65536
1783134953.5836 c2s 65536
1783134953.5838 c2s 65536
1783134953.5839 c2s 65536
1783134953.5842 c2s 65536
1783134953.5843 c2s 65536
1783134953.5845 c2s 65536
1783134953.5846 c2s 65536
1783134953.5849 c2s 65536
1783134953.5850 c2s 65536
1783134953.5852 c2s 65536
1783134953.5852 c2s 65536
1783134953.5856 c2s 65536
1783134953.5857 c2s 65536
1783134953.5858 c2s 65536
1783134953.5859 c2s 65536
1783134953.5862 c2s 65536
1783134953.5863 c2s 65536
1783134953.5864 c2s 65536
1783134953.5865 c2s 65536
1783134953.5869 c2s 65536
1783134953.5870 c2s 65536
1783134953.5871 c2s 65536
1783134953.5871 c2s 65536
1783134953.5875 c2s 65536
1783134953.5876 c2s 65536
1783134953.5877 c2s 65536
1783134953.5878 c2s 65536
1783134953.5881 c2s 65536
1783134953.5882 c2s 65536
1783134953.5883 c2s 65536
1783134953.5884 c2s 65536
1783134953.5887 c2s 65536
1783134953.5888 c2s 65536
1783134953.5889 c2s 65536
1783134953.5889 c2s 65536
1783134953.5892 c2s 65536
1783134953.5894 c2s 65536
1783134953.5898 c2s 65536
1783134953.5899 c2s 65536
1783134953.5902 c2s 65536
1783134953.5904 c2s 65536
1783134953.5905 c2s 65536
1783134953.5906 c2s 65536
1783134953.5910 c2s 65536
1783134953.5911 c2s 65536
1783134953.5913 c2s 65536
1783134953.5914 c2s 65536
1783134953.5917 c2s 65536
1783134953.5918 c2s 65536
1783134953.5919 c2s 65536
1783134953.5920 c2s 65536
1783134953.5923 c2s 65536
1783134953.5924 c2s 65536
1783134953.5926 c2s 65536
1783134953.5926 c2s 65536
1783134953.5930 c2s 65536
1783134953.5931 c2s 65536
1783134953.5932 c2s 65536
1783134953.5933 c2s 65536
1783134953.5936 c2s 65536
1783134953.5937 c2s 65536
1783134953.5938 c2s 65536
1783134953.5939 c2s 65536
1783134953.5942 c2s 65536
1783134953.5943 c2s 65536
1783134953.5945 c2s 65536
1783134953.5946 c2s 65536
1783134953.5949 c2s 65536
1783134953.5950 c2s 65536
1783134953.5951 c2s 65536
1783134953.5952 c2s 65536
1783134953.5956 c2s 65536
1783134953.5957 c2s 65536
1783134953.5959 c2s 65536
1783134953.5959 c2s 65536
1783134953.5963 c2s 65536
1783134953.5964 c2s 65536
1783134953.5965 c2s 65536
1783134953.5966 c2s 65536
1783134953.5969 c2s 65536
1783134953.5970 c2s 65536
1783134953.5971 c2s 65536
1783134953.5972 c2s 65536
1783134953.5975 c2s 65536
1783134953.5976 c2s 65536
1783134953.5977 c2s 65536
1783134953.5978 c2s 65536
1783134953.5981 c2s 65536
1783134953.5982 c2s 65536
1783134953.5984 c2s 65536
1783134953.5985 c2s 65536
1783134953.5988 c2s 65536
1783134953.5989 c2s 65536
1783134953.5990 c2s 65536
1783134953.5991 c2s 65536
1783134953.5994 c2s 65536
1783134953.5995 c2s 65536
1783134953.5997 c2s 65536
1783134953.5998 c2s 65536
1783134953.6001 c2s 65536
1783134953.6002 c2s 65536
1783134953.6003 c2s 65536
1783134953.6004 c2s 65536
1783134953.6007 c2s 65536
1783134953.6008 c2s 65536
1783134953.6009 c2s 65536
1783134953.6010 c2s 65536
1783134953.6013 c2s 65536
1783134953.6014 c2s 65536
1783134953.6015 c2s 65536
1783134953.6016 c2s 65536
1783134953.6019 c2s 65536
1783134953.6020 c2s 65536
1783134953.6022 c2s 65536
1783134953.6023 c2s 65536
1783134953.6026 c2s 65536
1783134953.6027 c2s 65536
1783134953.6029 c2s 65536
1783134953.6029 c2s 65536
1783134953.6033 c2s 65536
1783134953.6034 c2s 65536
1783134953.6035 c2s 65536
1783134953.6036 c2s 65536
1783134953.6039 c2s 65536
1783134953.6040 c2s 65536
1783134953.6041 c2s 65536
1783134953.6042 c2s 65536
1783134953.6045 c2s 65536
1783134953.6046 c2s 65536
1783134953.6047 c2s 65536
1783134953.6048 c2s 65536
1783134953.6051 c2s 65536
1783134953.6052 c2s 65536
1783134953.6054 c2s 65536
1783134953.6054 c2s 65536
1783134953.6057 c2s 65536
1783134953.6059 c2s 65536
1783134953.6060 c2s 65536
1783134953.6061 c2s 65536
1783134953.6065 c2s 65536
1783134953.6066 c2s 65536
1783134953.6067 c2s 65536
1783134953.6068 c2s 65536
1783134953.6071 c2s 65536
1783134953.6072 c2s 65536
1783134953.6073 c2s 65536
1783134953.6074 c2s 65536
1783134953.6077 c2s 65536
1783134953.6078 c2s 65536
1783134953.6079 c2s 65536
1783134953.6080 c2s 65536
1783134953.6083 c2s 65536
1783134953.6084 c2s 65536
1783134953.6086 c2s 65536
1783134953.6087 c2s 65536
1783134953.6089 c2s 65536
1783134953.6090 c2s 65536
1783134953.6092 c2s 65536
1783134953.6092 c2s 65536
1783134953.6096 c2s 65536
1783134953.6097 c2s 65536
1783134953.6099 c2s 65536
1783134953.6099 c2s 65536
1783134953.6103 c2s 65536
1783134953.6104 c2s 65536
1783134953.6105 c2s 65536
1783134953.6106 c2s 65536
1783134953.6109 c2s 65536
1783134953.6110 c2s 65536
1783134953.6111 c2s 65536
1783134953.6112 c2s 65536
1783134953.6115 c2s 65536
1783134953.6117 c2s 65536
1783134953.6118 c2s 65536
1783134953.6119 c2s 65536
1783134953.6122 c2s 65536
1783134953.6123 c2s 65536
1783134953.6124 c2s 65536
1783134953.6125 c2s 65536
1783134953.6128 c2s 65536
1783134953.6129 c2s 65536
1783134953.6130 c2s 65536
1783134953.6131 c2s 65536
1783134953.6134 c2s 65536
1783134953.6135 c2s 65536
1783134953.6136 c2s 65536
1783134953.6137 c2s 65536
1783134953.6141 c2s 65536
1783134953.6142 c2s 65536
1783134953.6143 c2s 65536
1783134953.6144 c2s 65536
1783134953.6147 c2s 65536
1783134953.6148 c2s 65536
1783134953.6150 c2s 65536
1783134953.6150 c2s 65536
1783134953.6153 c2s 65536
1783134953.6155 c2s 65536
1783134953.6156 c2s 65536
1783134953.6157 c2s 65536
1783134953.6160 c2s 65536
1783134953.6161 c2s 65536
1783134953.6162 c2s 65536
1783134953.6163 c2s 65536
1783134953.6167 c2s 65536
1783134953.6168 c2s 65536
1783134953.6169 c2s 65536
1783134953.6170 c2s 65536
1783134953.6173 c2s 65536
1783134953.6174 c2s 65536
1783134953.6175 c2s 65536
1783134953.6176 c2s 65536
1783134953.6180 c2s 65536
1783134953.6181 c2s 65536
1783134953.6182 c2s 65536
1783134953.6183 c2s 65536
1783134953.6186 c2s 65536
1783134953.6187 c2s 65536
1783134953.6188 c2s 65536
1783134953.6189 c2s 65536
1783134953.6192 c2s 65536
1783134953.6193 c2s 65536
1783134953.6194 c2s 65536
1783134953.6195 c2s 65536
1783134953.6198 c2s 65536
1783134953.6199 c2s 65536
1783134953.6201 c2s 65536
1783134953.6201 c2s 65536
1783134953.6205 c2s 65536
1783134953.6206 c2s 65536
1783134953.6207 c2s 65536
1783134953.6208 c2s 65536
1783134953.6211 c2s 65536
1783134953.6212 c2s 65536
1783134953.6213 c2s 65536
1783134953.6214 c2s 65536
1783134953.6218 c2s 65536
1783134953.6219 c2s 65536
1783134953.6220 c2s 65536
1783134953.6221 c2s 65536
1783134953.6224 c2s 65536
1783134953.6225 c2s 65536
1783134953.6226 c2s 65536
1783134953.6227 c2s 65536
1783134953.6230 c2s 65536
1783134953.6231 c2s 65536
1783134953.6232 c2s 65536
1783134953.6233 c2s 65536
1783134953.6236 c2s 65536
1783134953.6238 c2s 65536
1783134953.6239 c2s 65536
1783134953.6240 c2s 65536
1783134953.6243 c2s 65536
1783134953.6243 c2s 65536
1783134953.6245 c2s 65536
1783134953.6246 c2s 65536
1783134953.6249 c2s 65536
1783134953.6250 c2s 65536
1783134953.6252 c2s 65536
1783134953.6253 c2s 65536
1783134953.6256 c2s 65536
1783134953.6257 c2s 65536
1783134953.6258 c2s 65536
1783134953.6259 c2s 65536
1783134953.6262 c2s 65536
1783134953.6263 c2s 65536
1783134953.6264 c2s 65536
1783134953.6265 c2s 65536
1783134953.6268 c2s 65536
1783134953.6269 c2s 65536
1783134953.6270 c2s 65536
1783134953.6271 c2s 65536
1783134953.6274 c2s 65536
1783134953.6276 c2s 65536
1783134953.6277 c2s 65536
1783134953.6278 c2s 65536
1783134953.6281 c2s 65536
1783134953.6282 c2s 65536
1783134953.6284 c2s 65536
1783134953.6285 c2s 65536
1783134953.6287 c2s 65536
1783134953.6289 c2s 65536
1783134953.6290 c2s 65536
1783134953.6291 c2s 65536
1783134953.6294 c2s 65536
1783134953.6295 c2s 65536
1783134953.6296 c2s 65536
1783134953.6297 c2s 65536
1783134953.6300 c2s 65536
1783134953.6301 c2s 65536
1783134953.6302 c2s 65536
1783134953.6303 c2s 65536
1783134953.6306 c2s 65536
1783134953.6307 c2s 65536
1783134953.6308 c2s 65536
1783134953.6309 c2s 65536
1783134953.6312 c2s 65536
1783134953.6313 c2s 65536
1783134953.6314 c2s 65536
1783134953.6316 c2s 65536
1783134953.6319 c2s 65536
1783134953.6320 c2s 65536
1783134953.6322 c2s 65536
1783134953.6323 c2s 65536
1783134953.6326 c2s 65536
1783134953.6327 c2s 65536
1783134953.6328 c2s 65536
1783134953.6329 c2s 65536
1783134953.6332 c2s 65536
1783134953.6333 c2s 65536
1783134953.6335 c2s 65536
1783134953.6336 c2s 65536
1783134953.6339 c2s 65536
1783134953.6340 c2s 65536
1783134953.6341 c2s 65536
1783134953.6342 c2s 65536
1783134953.6345 c2s 65536
1783134953.6346 c2s 65536
1783134953.6347 c2s 65536
1783134953.6348 c2s 65536
1783134953.6351 c2s 65536
1783134953.6352 c2s 65536
1783134953.6353 c2s 65536
1783134953.6354 c2s 65536
1783134953.6358 c2s 65536
1783134953.6359 c2s 65536
1783134953.6361 c2s 65536
1783134953.6362 c2s 65536
1783134953.6365 c2s 65536
1783134953.6366 c2s 65536
1783134953.6367 c2s 65536
1783134953.6368 c2s 65536
1783134953.6371 c2s 65536
1783134953.6372 c2s 65536
1783134953.6374 c2s 65536
1783134953.6374 c2s 65536
1783134953.6378 c2s 65536
1783134953.6379 c2s 65536
1783134953.6380 c2s 65536
1783134953.6381 c2s 65536
1783134953.6384 c2s 65536
1783134953.6385 c2s 65536
1783134953.6386 c2s 65536
1783134953.6387 c2s 65536
1783134953.6390 c2s 65536
1783134953.6391 c2s 65536
1783134953.6393 c2s 65536
1783134953.6394 c2s 65536
1783134953.6397 c2s 65536
1783134953.6399 c2s 65536
1783134953.6400 c2s 65536
1783134953.6401 c2s 65536
1783134953.6404 c2s 65536
1783134953.6405 c2s 65536
1783134953.6406 c2s 65536
1783134953.6407 c2s 65536
1783134953.6410 c2s 65536
1783134953.6411 c2s 65536
1783134953.6412 c2s 65536
1783134953.6414 c2s 65536
1783134953.6417 c2s 65536
1783134953.6418 c2s 65536
1783134953.6419 c2s 65536
1783134953.6420 c2s 65536
1783134953.6423 c2s 65536
1783134953.6424 c2s 65536
1783134953.6425 c2s 65536
1783134953.6426 c2s 65536
1783134953.6429 c2s 65536
1783134953.6430 c2s 65536
1783134953.6432 c2s 65536
1783134953.6433 c2s 65536
1783134953.6437 c2s 65536
1783134953.6438 c2s 65536
1783134953.6439 c2s 65536
1783134953.6440 c2s 65536
1783134953.6443 c2s 65536
1783134953.6444 c2s 65536
1783134953.6446 c2s 65536
1783134953.6447 c2s 65536
1783134953.6450 c2s 65536
1783134953.6451 c2s 65536
1783134953.6452 c2s 65536
1783134953.6453 c2s 65536
1783134953.6456 c2s 65536
1783134953.6457 c2s 65536
1783134953.6458 c2s 65536
1783134953.6459 c2s 65536
1783134953.6462 c2s 65536
1783134953.6463 c2s 65536
1783134953.6464 c2s 65536
1783134953.6465 c2s 65536
1783134953.6468 c2s 65536
1783134953.6469 c2s 65536
1783134953.6471 c2s 65536
1783134953.6472 c2s 65536
1783134953.6476 c2s 65536
1783134953.6477 c2s 65536
1783134953.6478 c2s 65536
1783134953.6479 c2s 65536
1783134953.6483 c2s 65536
1783134953.6484 c2s 65536
1783134953.6485 c2s 65536
1783134953.6486 c2s 65536
1783134953.6489 c2s 65536
1783134953.6490 c2s 65536
1783134953.6491 c2s 65536
1783134953.6492 c2s 65536
1783134953.6495 c2s 65536
1783134953.6496 c2s 65536
1783134953.6497 c2s 65536
1783134953.6498 c2s 65536
1783134953.6501 c2s 65536
1783134953.6502 c2s 65536
1783134953.6503 c2s 65536
1783134953.6504 c2s 65536
1783134953.6507 c2s 65536
1783134953.6508 c2s 65536
1783134953.6510 c2s 65536
1783134953.6511 c2s 65536
1783134953.6514 c2s 65536
1783134953.6516 c2s 65536
1783134953.6517 c2s 65536
1783134953.6518 c2s 65536
1783134953.6522 c2s 65536
1783134953.6523 c2s 65536
1783134953.6524 c2s 65536
1783134953.6525 c2s 65536
1783134953.6528 c2s 65536
1783134953.6529 c2s 65536
1783134953.6530 c2s 65536
1783134953.6531 c2s 65536
1783134953.6534 c2s 65536
1783134953.6535 c2s 65536
1783134953.6536 c2s 65536
1783134953.6538 c2s 65536
1783134953.6541 c2s 65536
1783134953.6542 c2s 65536
1783134953.6543 c2s 65536
1783134953.6544 c2s 65536
1783134953.6547 c2s 65536
1783134953.6548 c2s 65536
1783134953.6549 c2s 65536
1783134953.6550 c2s 65536
1783134953.6553 c2s 65536
1783134953.6554 c2s 65536
1783134953.6556 c2s 65536
1783134953.6557 c2s 65536
1783134953.6560 c2s 65536
1783134953.6561 c2s 65536
1783134953.6562 c2s 65536
1783134953.6563 c2s 65536
1783134953.6566 c2s 65536
1783134953.6567 c2s 65536
1783134953.6568 c2s 65536
1783134953.6569 c2s 65536
1783134953.6572 c2s 65536
1783134953.6573 c2s 65536
1783134953.6574 c2s 65536
1783134953.6575 c2s 65536
1783134953.6578 c2s 65536
1783134953.6579 c2s 65536
1783134953.6580 c2s 65536
1783134953.6581 c2s 65536
1783134953.6584 c2s 65536
1783134953.6585 c2s 65536
1783134953.6586 c2s 65536
1783134953.6587 c2s 65536
1783134953.6590 c2s 65536
1783134953.6591 c2s 65536
1783134953.6592 c2s 65536
1783134953.6593 c2s 65536
1783134953.6596 c2s 65536
1783134953.6597 c2s 65536
1783134953.6598 c2s 65536
1783134953.6599 c2s 65536
1783134953.6602 c2s 65536
1783134953.6603 c2s 65536
1783134953.6604 c2s 65536
1783134953.6605 c2s 65536
1783134953.6608 c2s 65536
1783134953.6609 c2s 65536
1783134953.6610 c2s 65536
1783134953.6611 c2s 65536
1783134953.6613 c2s 65536
1783134953.6614 c2s 65536
1783134953.6616 c2s 65536
1783134953.6616 c2s 65536
1783134953.6619 c2s 65536
1783134953.6620 c2s 65536
1783134953.6622 c2s 65536
1783134953.6622 c2s 65536
1783134953.6625 c2s 65536
1783134953.6626 c2s 65536
1783134953.6627 c2s 65536
1783134953.6628 c2s 65536
1783134953.6631 c2s 65536
1783134953.6632 c2s 65536
1783134953.6633 c2s 65536
1783134953.6634 c2s 65536
1783134953.6637 c2s 65536
1783134953.6638 c2s 65536
1783134953.6639 c2s 65536
1783134953.6640 c2s 65536
1783134953.6642 c2s 65536
1783134953.6643 c2s 65536
1783134953.6645 c2s 65536
1783134953.6645 c2s 65536
1783134953.6648 c2s 65536
1783134953.6649 c2s 65536
1783134953.6650 c2s 65536
1783134953.6651 c2s 65536
1783134953.6654 c2s 65536
1783134953.6655 c2s 65536
1783134953.6656 c2s 65536
1783134953.6657 c2s 65536
1783134953.6659 c2s 65536
1783134953.6661 c2s 65536
1783134953.6662 c2s 65536
1783134953.6663 c2s 65536
1783134953.6666 c2s 65536
1783134953.6667 c2s 65536
1783134953.6668 c2s 65536
1783134953.6669 c2s 65536
1783134953.6672 c2s 65536
1783134953.6673 c2s 65536
1783134953.6674 c2s 65536
1783134953.6675 c2s 65536
1783134953.6678 c2s 65536
1783134953.6679 c2s 65536
1783134953.6680 c2s 65536
1783134953.6681 c2s 65536
1783134953.6683 c2s 65536
1783134953.6684 c2s 65536
1783134953.6686 c2s 65536
1783134953.6686 c2s 65536
1783134953.6689 c2s 65536
1783134953.6690 c2s 65536
1783134953.6691 c2s 65536
1783134953.6692 c2s 65536
1783134953.6695 c2s 65536
1783134953.6696 c2s 65536
1783134953.6697 c2s 65536
1783134953.6698 c2s 65536
1783134953.6700 c2s 65536
1783134953.6701 c2s 65536
1783134953.6702 c2s 65536
1783134953.6703 c2s 65536
1783134953.6706 c2s 65536
1783134953.6707 c2s 65536
1783134953.6708 c2s 65536
1783134953.6709 c2s 65536
1783134953.6711 c2s 65536
1783134953.6712 c2s 65536
1783134953.6713 c2s 65536
1783134953.6714 c2s 65536
1783134953.6717 c2s 65536
1783134953.6718 c2s 65536
1783134953.6719 c2s 65536
1783134953.6720 c2s 65536
1783134953.6722 c2s 65536
1783134953.6723 c2s 49509
1783134953.7388 c2s 321
1783134953.7394 s2c 9
1783134953.7527 c2s 65492
1783134953.7531 c2s 65536
1783134953.7533 c2s 65536
1783134953.7535 c2s 65536
1783134953.7536 c2s 65536
1783134953.7541 c2s 65536
1783134953.7542 c2s 65536
1783134953.7544 c2s 65536
1783134953.7545 c2s 65536
1783134953.7550 c2s 65536
1783134953.7551 c2s 65536
1783134953.7553 c2s 65536
1783134953.7555 c2s 65536
1783134953.7559 c2s 65536
1783134953.7560 c2s 65536
1783134953.7562 c2s 65536
1783134953.7563 c2s 65536
1783134953.7567 c2s 65536
1783134953.7568 c2s 65536
1783134953.7570 c2s 65536
1783134953.7571 c2s 65536
1783134953.7574 c2s 65536
1783134953.7575 c2s 65536
1783134953.7577 c2s 65536
1783134953.7578 c2s 65536
1783134953.7581 c2s 65536
1783134953.7582 c2s 65536
1783134953.7584 c2s 65536
1783134953.7585 c2s 65536
1783134953.7589 c2s 65536
1783134953.7590 c2s 65536
1783134953.7591 c2s 65536
1783134953.7592 c2s 65536
1783134953.7596 c2s 65536
1783134953.7597 c2s 65536
1783134953.7598 c2s 65536
1783134953.7599 c2s 65536
1783134953.7602 c2s 65536
1783134953.7603 c2s 65536
1783134953.7604 c2s 65536
1783134953.7604 c2s 65536
1783134953.7607 c2s 65536
1783134953.7608 c2s 65536
1783134953.7609 c2s 65536
1783134953.7610 c2s 65536
1783134953.7613 c2s 65536
1783134953.7613 c2s 65536
1783134953.7614 c2s 65536
1783134953.7615 c2s 65536
1783134953.7618 c2s 65536
1783134953.7619 c2s 65536
1783134953.7621 c2s 65536
1783134953.7621 c2s 65536
1783134953.7625 c2s 65536
1783134953.7626 c2s 65536
1783134953.7627 c2s 65536
1783134953.7628 c2s 65536
1783134953.7631 c2s 65536
1783134953.7632 c2s 65536
1783134953.7633 c2s 65536
1783134953.7634 c2s 65536
1783134953.7637 c2s 65536
1783134953.7638 c2s 65536
1783134953.7640 c2s 65536
1783134953.7641 c2s 65536
1783134953.7644 c2s 65536
1783134953.7645 c2s 65536
1783134953.7646 c2s 65536
1783134953.7647 c2s 65536
1783134953.7651 c2s 65536
1783134953.7652 c2s 65536
1783134953.7653 c2s 65536
1783134953.7654 c2s 65536
1783134953.7657 c2s 65536
1783134953.7658 c2s 65536
1783134953.7660 c2s 65536
1783134953.7661 c2s 65536
1783134953.7664 c2s 65536
1783134953.7666 c2s 65536
1783134953.7667 c2s 65536
1783134953.7668 c2s 65536
1783134953.7671 c2s 65536
1783134953.7672 c2s 65536
1783134953.7673 c2s 65536
1783134953.7674 c2s 65536
1783134953.7678 c2s 65536
1783134953.7679 c2s 65536
1783134953.7680 c2s 65536
1783134953.7681 c2s 65536
1783134953.7684 c2s 65536
1783134953.7685 c2s 65536
1783134953.7686 c2s 65536
1783134953.7687 c2s 65536
1783134953.7690 c2s 65536
1783134953.7691 c2s 65536
1783134953.7692 c2s 65536
1783134953.7693 c2s 65536
1783134953.7697 c2s 65536
1783134953.7698 c2s 65536
1783134953.7699 c2s 65536
1783134953.7700 c2s 65536
1783134953.7704 c2s 65536
1783134953.7705 c2s 65536
1783134953.7706 c2s 65536
1783134953.7707 c2s 65536
1783134953.7710 c2s 65536
1783134953.7711 c2s 65536
1783134953.7712 c2s 65536
1783134953.7713 c2s 65536
1783134953.7717 c2s 65536
1783134953.7718 c2s 65536
1783134953.7719 c2s 65536
1783134953.7720 c2s 65536
1783134953.7724 c2s 65536
1783134953.7725 c2s 65536
1783134953.7726 c2s 65536
1783134953.7727 c2s 65536
1783134953.7729 c2s 65536
1783134953.7730 c2s 65536
1783134953.7732 c2s 65536
1783134953.7733 c2s 65536
1783134953.7736 c2s 65536
1783134953.7737 c2s 65536
1783134953.7738 c2s 65536
1783134953.7739 c2s 65536
1783134953.7742 c2s 65536
1783134953.7744 c2s 65536
1783134953.7745 c2s 65536
1783134953.7746 c2s 65536
1783134953.7750 c2s 65536
1783134953.7751 c2s 65536
1783134953.7752 c2s 65536
1783134953.7753 c2s 65536
1783134953.7756 c2s 65536
1783134953.7757 c2s 65536
1783134953.7759 c2s 65536
1783134953.7760 c2s 65536
1783134953.7763 c2s 65536
1783134953.7764 c2s 65536
1783134953.7765 c2s 65536
1783134953.7766 c2s 65536
1783134953.7769 c2s 65536
1783134953.7770 c2s 65536
1783134953.7771 c2s 65536
1783134953.7772 c2s 65536
1783134953.7775 c2s 65536
1783134953.7776 c2s 65536
1783134953.7777 c2s 65536
1783134953.7778 c2s 65536
1783134953.7781 c2s 65536
1783134953.7782 c2s 65536
1783134953.7784 c2s 65536
1783134953.7785 c2s 65536
1783134953.7789 c2s 65536
1783134953.7790 c2s 65536
1783134953.7791 c2s 65536
1783134953.7792 c2s 65536
1783134953.7795 c2s 65536
1783134953.7796 c2s 65536
1783134953.7798 c2s 65536
1783134953.7798 c2s 65536
1783134953.7802 c2s 65536
1783134953.7803 c2s 65536
1783134953.7804 c2s 65536
1783134953.7805 c2s 65536
1783134953.7808 c2s 65536
1783134953.7808 c2s 65536
1783134953.7810 c2s 65536
1783134953.7811 c2s 65536
1783134953.7814 c2s 65536
1783134953.7815 c2s 65536
1783134953.7816 c2s 65536
1783134953.7817 c2s 65536
1783134953.7820 c2s 65536
1783134953.7821 c2s 65536
1783134953.7823 c2s 65536
1783134953.7824 c2s 65536
1783134953.7827 c2s 65536
1783134953.7828 c2s 65536
1783134953.7829 c2s 65536
1783134953.7830 c2s 65536
1783134953.7833 c2s 65536
1783134953.7834 c2s 65536
1783134953.7836 c2s 65536
1783134953.7837 c2s 65536
1783134953.7840 c2s 65536
1783134953.7841 c2s 65536
1783134953.7842 c2s 65536
1783134953.7843 c2s 65536
1783134953.7846 c2s 65536
1783134953.7847 c2s 65536
1783134953.7848 c2s 65536
1783134953.7849 c2s 65536
1783134953.7852 c2s 65536
1783134953.7853 c2s 65536
1783134953.7854 c2s 65536
1783134953.7855 c2s 65536
1783134953.7859 c2s 65536
1783134953.7860 c2s 65536
1783134953.7861 c2s 65536
1783134953.7862 c2s 65536
1783134953.7866 c2s 65536
1783134953.7867 c2s 65536
1783134953.7868 c2s 65536
1783134953.7869 c2s 65536
1783134953.7872 c2s 65536
1783134953.7873 c2s 65536
1783134953.7874 c2s 65536
1783134953.7875 c2s 65536
1783134953.7879 c2s 65536
1783134953.7880 c2s 65536
1783134953.7881 c2s 65536
1783134953.7882 c2s 65536
1783134953.7885 c2s 65536
1783134953.7886 c2s 65536
1783134953.7887 c2s 65536
1783134953.7888 c2s 65536
1783134953.7891 c2s 65536
1783134953.7892 c2s 65536
1783134953.7894 c2s 65536
1783134953.7895 c2s 65536
1783134953.7898 c2s 65536
1783134953.7899 c2s 65536
1783134953.7900 c2s 65536
1783134953.7901 c2s 65536
1783134953.7905 c2s 65536
1783134953.7906 c2s 65536
1783134953.7907 c2s 65536
1783134953.7908 c2s 65536
1783134953.7911 c2s 65536
1783134953.7912 c2s 65536
1783134953.7913 c2s 65536
1783134953.7914 c2s 65536
1783134953.7917 c2s 65536
1783134953.7919 c2s 65536
1783134953.7920 c2s 65536
1783134953.7921 c2s 65536
1783134953.7924 c2s 65536
1783134953.7925 c2s 65536
1783134953.7926 c2s 65536
1783134953.7927 c2s 65536
1783134953.7931 c2s 65536
1783134953.7932 c2s 65536
1783134953.7933 c2s 65536
1783134953.7934 c2s 65536
1783134953.7937 c2s 65536
1783134953.7938 c2s 65536
1783134953.7940 c2s 65536
1783134953.7941 c2s 65536
1783134953.7944 c2s 65536
1783134953.7945 c2s 65536
1783134953.7946 c2s 65536
1783134953.7947 c2s 65536
1783134953.7950 c2s 65536
1783134953.7951 c2s 65536
1783134953.7952 c2s 65536
1783134953.7953 c2s 65536
1783134953.7956 c2s 65536
1783134953.7957 c2s 65536
1783134953.7959 c2s 65536
1783134953.7960 c2s 65536
1783134953.7963 c2s 65536
1783134953.7964 c2s 65536
1783134953.7965 c2s 65536
1783134953.7966 c2s 65536
1783134953.7969 c2s 65536
1783134953.7970 c2s 65536
1783134953.7971 c2s 65536
1783134953.7973 c2s 65536
1783134953.7976 c2s 65536
1783134953.7978 c2s 65536
1783134953.7979 c2s 65536
1783134953.7980 c2s 65536
1783134953.7983 c2s 65536
1783134953.7984 c2s 65536
1783134953.7985 c2s 65536
1783134953.7986 c2s 65536
1783134953.7989 c2s 65536
1783134953.7990 c2s 65536
1783134953.7992 c2s 65536
1783134953.7993 c2s 65536
1783134953.7996 c2s 65536
1783134953.7997 c2s 65536
1783134953.7998 c2s 65536
1783134953.7999 c2s 65536
1783134953.8002 c2s 65536
1783134953.8003 c2s 65536
1783134953.8005 c2s 65536
1783134953.8005 c2s 65536
1783134953.8008 c2s 65536
1783134953.8010 c2s 65536
1783134953.8011 c2s 65536
1783134953.8012 c2s 65536
1783134953.8016 c2s 65536
1783134953.8017 c2s 65536
1783134953.8018 c2s 65536
1783134953.8019 c2s 65536
1783134953.8022 c2s 65536
1783134953.8023 c2s 65536
1783134953.8024 c2s 65536
1783134953.8025 c2s 65536
1783134953.8028 c2s 65536
1783134953.8029 c2s 65536
1783134953.8030 c2s 65536
1783134953.8031 c2s 65536
1783134953.8034 c2s 65536
1783134953.8036 c2s 65536
1783134953.8037 c2s 65536
1783134953.8038 c2s 65536
1783134953.8041 c2s 65536
1783134953.8042 c2s 65536
1783134953.8043 c2s 65536
1783134953.8044 c2s 65536
1783134953.8047 c2s 65536
1783134953.8049 c2s 65536
1783134953.8050 c2s 65536
1783134953.8051 c2s 65536
1783134953.8054 c2s 65536
1783134953.8055 c2s 65536
1783134953.8058 c2s 65536
1783134953.8059 c2s 65536
1783134953.8062 c2s 65536
1783134953.8063 c2s 65536
1783134953.8064 c2s 65536
1783134953.8065 c2s 65536
1783134953.8068 c2s 65536
1783134953.8069 c2s 65536
1783134953.8070 c2s 65536
1783134953.8071 c2s 65536
1783134953.8074 c2s 65536
1783134953.8075 c2s 65536
1783134953.8077 c2s 65536
1783134953.8078 c2s 65536
1783134953.8080 c2s 65536
1783134953.8081 c2s 65536
1783134953.8083 c2s 65536
1783134953.8084 c2s 65536
1783134953.8087 c2s 65536
1783134953.8088 c2s 65536
1783134953.8090 c2s 65536
1783134953.8091 c2s 65536
1783134953.8094 c2s 65536
1783134953.8095 c2s 65536
1783134953.8096 c2s 65536
1783134953.8097 c2s 65536
1783134953.8100 c2s 65536
1783134953.8101 c2s 65536
1783134953.8102 c2s 65536
1783134953.8103 c2s 65536
1783134953.8106 c2s 65536
1783134953.8107 c2s 65536
1783134953.8108 c2s 65536
1783134953.8109 c2s 65536
1783134953.8112 c2s 65536
1783134953.8113 c2s 65536
1783134953.8115 c2s 65536
1783134953.8116 c2s 65536
1783134953.8119 c2s 65536
1783134953.8120 c2s 65536
1783134953.8121 c2s 65536
1783134953.8122 c2s 65536
1783134953.8125 c2s 65536
1783134953.8126 c2s 65536
1783134953.8128 c2s 65536
1783134953.8129 c2s 65536
1783134953.8133 c2s 65536
1783134953.8134 c2s 65536
1783134953.8135 c2s 65536
1783134953.8136 c2s 65536
1783134953.8139 c2s 65536
1783134953.8140 c2s 65536
1783134953.8141 c2s 65536
1783134953.8142 c2s 65536
1783134953.8145 c2s 65536
1783134953.8146 c2s 65536
1783134953.8147 c2s 65536
1783134953.8148 c2s 65536
1783134953.8151 c2s 65536
1783134953.8152 c2s 65536
1783134953.8153 c2s 65536
1783134953.8154 c2s 65536
1783134953.8158 c2s 65536
1783134953.8159 c2s 65536
1783134953.8160 c2s 65536
1783134953.8161 c2s 65536
1783134953.8164 c2s 65536
1783134953.8165 c2s 65536
1783134953.8166 c2s 65536
1783134953.8167 c2s 65536
1783134953.8171 c2s 65536
1783134953.8172 c2s 65536
1783134953.8173 c2s 65536
1783134953.8174 c2s 65536
1783134953.8177 c2s 65536
1783134953.8178 c2s 65536
1783134953.8180 c2s 65536
1783134953.8180 c2s 65536
1783134953.8184 c2s 65536
1783134953.8185 c2s 65536
1783134953.8186 c2s 65536
1783134953.8187 c2s 65536
1783134953.8190 c2s 65536
1783134953.8191 c2s 65536
1783134953.8192 c2s 65536
1783134953.8193 c2s 65536
1783134953.8196 c2s 65536
1783134953.8197 c2s 65536
1783134953.8199 c2s 65536
1783134953.8200 c2s 65536
1783134953.8203 c2s 65536
1783134953.8204 c2s 65536
1783134953.8205 c2s 65536
1783134953.8206 c2s 65536
1783134953.8210 c2s 65536
1783134953.8211 c2s 65536
1783134953.8212 c2s 65536
1783134953.8213 c2s 65536
1783134953.8216 c2s 65536
1783134953.8217 c2s 65536
1783134953.8218 c2s 65536
1783134953.8219 c2s 65536
1783134953.8222 c2s 65536
1783134953.8223 c2s 65536
1783134953.8225 c2s 65536
1783134953.8225 c2s 65536
1783134953.8229 c2s 65536
1783134953.8230 c2s 65536
1783134953.8231 c2s 65536
1783134953.8232 c2s 65536
1783134953.8235 c2s 65536
1783134953.8237 c2s 65536
1783134953.8238 c2s 65536
1783134953.8239 c2s 65536
1783134953.8242 c2s 65536
1783134953.8243 c2s 65536
1783134953.8244 c2s 65536
1783134953.8245 c2s 65536
1783134953.8248 c2s 65536
1783134953.8249 c2s 65536
1783134953.8251 c2s 65536
1783134953.8252 c2s 65536
1783134953.8256 c2s 65536
1783134953.8258 c2s 65536
1783134953.8260 c2s 65536
1783134953.8261 c2s 65536
1783134953.8265 c2s 65536
1783134953.8266 c2s 65536
1783134953.8267 c2s 65536
1783134953.8268 c2s 65536
1783134953.8271 c2s 65536
1783134953.8272 c2s 65536
1783134953.8274 c2s 65536
1783134953.8275 c2s 65536
1783134953.8279 c2s 65536
1783134953.8280 c2s 65536
1783134953.8281 c2s 65536
1783134953.8282 c2s 65536
1783134953.8285 c2s 65536
1783134953.8286 c2s 65536
1783134953.8287 c2s 65536
1783134953.8288 c2s 65536
1783134953.8291 c2s 65536
1783134953.8292 c2s 65536
1783134953.8294 c2s 65536
1783134953.8294 c2s 65536
1783134953.8297 c2s 65536
1783134953.8298 c2s 65536
1783134953.8300 c2s 65536
1783134953.8301 c2s 65536
1783134953.8304 c2s 65536
1783134953.8305 c2s 65536
1783134953.8306 c2s 65536
1783134953.8307 c2s 65536
1783134953.8310 c2s 65536
1783134953.8311 c2s 65536
1783134953.8312 c2s 65536
1783134953.8313 c2s 65536
1783134953.8317 c2s 65536
1783134953.8318 c2s 65536
1783134953.8319 c2s 65536
1783134953.8320 c2s 65536
1783134953.8324 c2s 65536
1783134953.8325 c2s 65536
1783134953.8326 c2s 65536
1783134953.8327 c2s 65536
1783134953.8330 c2s 65536
1783134953.8331 c2s 65536
1783134953.8332 c2s 65536
1783134953.8333 c2s 65536
1783134953.8336 c2s 65536
1783134953.8337 c2s 65536
1783134953.8338 c2s 65536
1783134953.8339 c2s 65536
1783134953.8342 c2s 65536
1783134953.8343 c2s 65536
1783134953.8344 c2s 65536
1783134953.8345 c2s 65536
1783134953.8348 c2s 65536
1783134953.8349 c2s 65536
1783134953.8351 c2s 65536
1783134953.8352 c2s 65536
1783134953.8356 c2s 65536
1783134953.8357 c2s 65536
1783134953.8358 c2s 65536
1783134953.8359 c2s 65536
1783134953.8362 c2s 65536
1783134953.8363 c2s 65536
1783134953.8364 c2s 65536
1783134953.8365 c2s 65536
1783134953.8368 c2s 65536
1783134953.8370 c2s 65536
1783134953.8371 c2s 65536
1783134953.8372 c2s 65536
1783134953.8375 c2s 65536
1783134953.8376 c2s 65536
1783134953.8377 c2s 65536
1783134953.8378 c2s 65536
1783134953.8381 c2s 65536
1783134953.8382 c2s 65536
1783134953.8383 c2s 65536
1783134953.8384 c2s 65536
1783134953.8388 c2s 65536
1783134953.8389 c2s 65536
1783134953.8393 c2s 65536
1783134953.8395 c2s 65536
1783134953.8398 c2s 65536
1783134953.8399 c2s 65536
1783134953.8401 c2s 65536
1783134953.8402 c2s 65536
1783134953.8405 c2s 65536
1783134953.8406 c2s 65536
1783134953.8407 c2s 65536
1783134953.8408 c2s 65536
1783134953.8411 c2s 65536
1783134953.8412 c2s 65536
1783134953.8413 c2s 65536
1783134953.8414 c2s 65536
1783134953.8417 c2s 65536
1783134953.8418 c2s 65536
1783134953.8419 c2s 65536
1783134953.8420 c2s 65536
1783134953.8423 c2s 65536
1783134953.8424 c2s 65536
1783134953.8426 c2s 65536
1783134953.8426 c2s 65536
1783134953.8430 c2s 65536
1783134953.8431 c2s 65536
1783134953.8432 c2s 65536
1783134953.8433 c2s 65536
1783134953.8438 c2s 65536
1783134953.8439 c2s 65536
1783134953.8440 c2s 65536
1783134953.8441 c2s 65536
1783134953.8445 c2s 65536
1783134953.8446 c2s 65536
1783134953.8447 c2s 65536
1783134953.8448 c2s 65536
1783134953.8451 c2s 65536
1783134953.8452 c2s 65536
1783134953.8453 c2s 65536
1783134953.8454 c2s 65536
1783134953.8457 c2s 65536
1783134953.8458 c2s 65536
1783134953.8459 c2s 65536
1783134953.8460 c2s 65536
1783134953.8463 c2s 65536
1783134953.8464 c2s 65536
1783134953.8465 c2s 65536
1783134953.8466 c2s 65536
1783134953.8469 c2s 65536
1783134953.8471 c2s 65536
1783134953.8473 c2s 65536
1783134953.8474 c2s 65536
1783134953.8478 c2s 65536
1783134953.8479 c2s 65536
1783134953.8480 c2s 65536
1783134953.8481 c2s 65536
1783134953.8485 c2s 65536
1783134953.8486 c2s 65536
1783134953.8487 c2s 65536
1783134953.8488 c2s 65536
1783134953.8491 c2s 65536
1783134953.8492 c2s 65536
1783134953.8494 c2s 65536
1783134953.8495 c2s 65536
1783134953.8498 c2s 65536
1783134953.8499 c2s 65536
1783134953.8500 c2s 65536
1783134953.8501 c2s 65536
1783134953.8504 c2s 65536
1783134953.8505 c2s 65536
1783134953.8506 c2s 65536
1783134953.8507 c2s 65536
1783134953.8510 c2s 65536
1783134953.8511 c2s 65536
1783134953.8512 c2s 65536
1783134953.8513 c2s 65536
1783134953.8517 c2s 65536
1783134953.8518 c2s 65536
1783134953.8519 c2s 65536
1783134953.8520 c2s 65536
1783134953.8523 c2s 65536
1783134953.8525 c2s 65536
1783134953.8527 c2s 65536
1783134953.8528 c2s 65536
1783134953.8533 c2s 65536
1783134953.8534 c2s 65536
1783134953.8535 c2s 65536
1783134953.8536 c2s 65536
1783134953.8540 c2s 65536
1783134953.8541 c2s 65536
1783134953.8542 c2s 65536
1783134953.8543 c2s 65536
1783134953.8547 c2s 65536
1783134953.8548 c2s 65536
1783134953.8549 c2s 65536
1783134953.8550 c2s 65536
1783134953.8553 c2s 65536
1783134953.8554 c2s 65536
1783134953.8556 c2s 65536
1783134953.8556 c2s 65536
1783134953.8560 c2s 65536
1783134953.8560 c2s 65536
1783134953.8561 c2s 65536
1783134953.8562 c2s 65536
1783134953.8565 c2s 65536
1783134953.8566 c2s 65536
1783134953.8567 c2s 65536
1783134953.8567 c2s 65536
1783134953.8570 c2s 65536
1783134953.8571 c2s 65536
1783134953.8572 c2s 65536
1783134953.8573 c2s 65536
1783134953.8576 c2s 65536
1783134953.8577 c2s 65536
1783134953.8578 c2s 65536
1783134953.8579 c2s 65536
1783134953.8582 c2s 65536
1783134953.8583 c2s 65536
1783134953.8585 c2s 65536
1783134953.8586 c2s 65536
1783134953.8590 c2s 65536
1783134953.8591 c2s 65536
1783134953.8592 c2s 65536
1783134953.8593 c2s 65536
1783134953.8596 c2s 65536
1783134953.8597 c2s 65536
1783134953.8599 c2s 65536
1783134953.8599 c2s 65536
1783134953.8603 c2s 65536
1783134953.8604 c2s 65536
1783134953.8605 c2s 65536
1783134953.8606 c2s 65536
1783134953.8609 c2s 65536
1783134953.8610 c2s 65536
1783134953.8611 c2s 65536
1783134953.8612 c2s 65536
1783134953.8615 c2s 65536
1783134953.8616 c2s 65536
1783134953.8617 c2s 65536
1783134953.8618 c2s 65536
1783134953.8621 c2s 65536
1783134953.8623 c2s 65536
1783134953.8624 c2s 65536
1783134953.8625 c2s 65536
1783134953.8629 c2s 65536
1783134953.8630 c2s 65536
1783134953.8631 c2s 65536
1783134953.8632 c2s 65536
1783134953.8635 c2s 65536
1783134953.8636 c2s 65536
1783134953.8638 c2s 65536
1783134953.8639 c2s 65536
1783134953.8642 c2s 65536
1783134953.8643 c2s 65536
1783134953.8644 c2s 65536
1783134953.8645 c2s 65536
1783134953.8648 c2s 65536
1783134953.8649 c2s 65536
1783134953.8650 c2s 65536
1783134953.8651 c2s 65536
1783134953.8654 c2s 65536
1783134953.8655 c2s 65536
1783134953.8656 c2s 65536
1783134953.8657 c2s 65536
1783134953.8660 c2s 65536
1783134953.8661 c2s 65536
1783134953.8663 c2s 65536
1783134953.8664 c2s 65536
1783134953.8667 c2s 65536
1783134953.8668 c2s 65536
1783134953.8670 c2s 65536
1783134953.8671 c2s 65536
1783134953.8674 c2s 65536
1783134953.8675 c2s 65536
1783134953.8677 c2s 65536
1783134953.8677 c2s 65536
1783134953.8680 c2s 65536
1783134953.8681 c2s 65536
1783134953.8683 c2s 65536
1783134953.8683 c2s 65536
1783134953.8687 c2s 65536
1783134953.8688 c2s 65536
1783134953.8689 c2s 65536
1783134953.8690 c2s 65536
1783134953.8693 c2s 65536
1783134953.8694 c2s 65536
1783134953.8695 c2s 65536
1783134953.8696 c2s 65536
1783134953.8699 c2s 65536
1783134953.8700 c2s 65536
1783134953.8701 c2s 65536
1783134953.8702 c2s 65536
1783134953.8705 c2s 65536
1783134953.8706 c2s 65536
1783134953.8708 c2s 65536
1783134953.8709 c2s 65536
1783134953.8712 c2s 65536
1783134953.8713 c2s 65536
1783134953.8714 c2s 65536
1783134953.8715 c2s 65536
1783134953.8718 c2s 65536
1783134953.8719 c2s 65536
1783134953.8721 c2s 65536
1783134953.8722 c2s 65536
1783134953.8725 c2s 65536
1783134953.8726 c2s 65536
1783134953.8728 c2s 65536
1783134953.8728 c2s 65536
1783134953.8732 c2s 65536
1783134953.8732 c2s 65536
1783134953.8734 c2s 65536
1783134953.8735 c2s 65536
1783134953.8738 c2s 65536
1783134953.8739 c2s 65536
1783134953.8740 c2s 65536
1783134953.8741 c2s 65536
1783134953.8744 c2s 65536
1783134953.8745 c2s 65536
1783134953.8746 c2s 65536
1783134953.8747 c2s 65536
1783134953.8750 c2s 65536
1783134953.8751 c2s 65536
1783134953.8752 c2s 65536
1783134953.8753 c2s 65536
1783134953.8757 c2s 65536
1783134953.8758 c2s 65536
1783134953.8759 c2s 65536
1783134953.8760 c2s 65536
1783134953.8763 c2s 65536
1783134953.8764 c2s 65536
1783134953.8765 c2s 65536
1783134953.8766 c2s 65536
1783134953.8769 c2s 65536
1783134953.8770 c2s 65536
1783134953.8771 c2s 65536
1783134953.8772 c2s 65536
1783134953.8775 c2s 65536
1783134953.8776 c2s 65536
1783134953.8777 c2s 65536
1783134953.8778 c2s 65536
1783134953.8781 c2s 65536
1783134953.8782 c2s 65536
1783134953.8783 c2s 65536
1783134953.8784 c2s 65536
1783134953.8786 c2s 65536
1783134953.8787 c2s 65536
1783134953.8789 c2s 65536
1783134953.8789 c2s 65536
1783134953.8792 c2s 65536
1783134953.8793 c2s 65536
1783134953.8794 c2s 65536
1783134953.8795 c2s 65536
1783134953.8798 c2s 65536
1783134953.8799 c2s 65536
1783134953.8800 c2s 65536
1783134953.8801 c2s 65536
1783134953.8804 c2s 65536
1783134953.8805 c2s 65536
1783134953.8806 c2s 65536
1783134953.8807 c2s 65536
1783134953.8810 c2s 65536
1783134953.8811 c2s 65536
1783134953.8812 c2s 65536
1783134953.8813 c2s 65536
1783134953.8815 c2s 65536
1783134953.8816 c2s 65536
1783134953.8817 c2s 65536
1783134953.8818 c2s 65536
1783134953.8821 c2s 65536
1783134953.8822 c2s 65536
1783134953.8823 c2s 65536
1783134953.8824 c2s 65536
1783134953.8827 c2s 65536
1783134953.8828 c2s 65536
1783134953.8829 c2s 65536
1783134953.8830 c2s 65536
1783134953.8832 c2s 65536
1783134953.8833 c2s 65536
1783134953.8835 c2s 65536
1783134953.8836 c2s 65536
1783134953.8838 c2s 65536
1783134953.8839 c2s 65536
1783134953.8841 c2s 65536
1783134953.8841 c2s 65536
1783134953.8844 c2s 65536
1783134953.8845 c2s 65536
1783134953.8847 c2s 65536
1783134953.8847 c2s 65536
1783134953.8850 c2s 65536
1783134953.8851 c2s 65536
1783134953.8852 c2s 65536
1783134953.8853 c2s 65536
1783134953.8856 c2s 65536
1783134953.8857 c2s 65536
1783134953.8858 c2s 65536
1783134953.8859 c2s 65536
1783134953.8861 c2s 65536
1783134953.8862 c2s 65536
1783134953.8864 c2s 65536
1783134953.8864 c2s 65536
1783134953.8867 c2s 65536
1783134953.8868 c2s 65536
1783134953.8869 c2s 65536
1783134953.8870 c2s 65536
1783134953.8873 c2s 65536
1783134953.8874 c2s 65536
1783134953.8875 c2s 65536
1783134953.8876 c2s 65536
1783134953.8879 c2s 65536
1783134953.8880 c2s 65536
1783134953.8881 c2s 65536
1783134953.8882 c2s 65536
1783134953.8884 c2s 65536
1783134953.8886 c2s 65536
1783134953.8887 c2s 65536
1783134953.8888 c2s 65536
1783134953.8890 c2s 65536
1783134953.8891 c2s 65536
1783134953.8893 c2s 65536
1783134953.8894 c2s 65536
1783134953.8895 c2s 65536
1783134953.8896 c2s 48230
1783134953.9581 c2s 321
1783134953.9587 s2c 9
1783134953.9719 c2s 65492
1783134953.9723 c2s 65536
1783134953.9724 c2s 65536
1783134953.9727 c2s 65536
1783134953.9728 c2s 65536
1783134953.9732 c2s 65536
1783134953.9733 c2s 65536
1783134953.9735 c2s 65536
1783134953.9736 c2s 65536
1783134953.9740 c2s 65536
1783134953.9742 c2s 65536
1783134953.9744 c2s 65536
1783134953.9745 c2s 65536
1783134953.9749 c2s 65536
1783134953.9751 c2s 65536
1783134953.9753 c2s 65536
1783134953.9754 c2s 65536
1783134953.9759 c2s 65536
1783134953.9760 c2s 65536
1783134953.9761 c2s 65536
1783134953.9762 c2s 65536
1783134953.9766 c2s 65536
1783134953.9767 c2s 65536
1783134953.9768 c2s 65536
1783134953.9769 c2s 65536
1783134953.9773 c2s 65536
1783134953.9774 c2s 65536
1783134953.9776 c2s 65536
1783134953.9777 c2s 65536
1783134953.9780 c2s 65536
1783134953.9782 c2s 65536
1783134953.9783 c2s 65536
1783134953.9784 c2s 65536
1783134953.9787 c2s 65536
1783134953.9788 c2s 65536
1783134953.9790 c2s 65536
1783134953.9791 c2s 65536
1783134953.9794 c2s 65536
1783134953.9794 c2s 65536
1783134953.9796 c2s 65536
1783134953.9797 c2s 65536
1783134953.9800 c2s 65536
1783134953.9800 c2s 65536
1783134953.9802 c2s 65536
1783134953.9802 c2s 65536
1783134953.9805 c2s 65536
1783134953.9806 c2s 65536
1783134953.9807 c2s 65536
1783134953.9808 c2s 65536
1783134953.9811 c2s 65536
1783134953.9812 c2s 65536
1783134953.9813 c2s 65536
1783134953.9814 c2s 65536
1783134953.9818 c2s 65536
1783134953.9819 c2s 65536
1783134953.9820 c2s 65536
1783134953.9821 c2s 65536
1783134953.9824 c2s 65536
1783134953.9825 c2s 65536
1783134953.9826 c2s 65536
1783134953.9827 c2s 65536
1783134953.9830 c2s 65536
1783134953.9833 c2s 65536
1783134953.9835 c2s 65536
1783134953.9836 c2s 65536
1783134953.9840 c2s 65536
1783134953.9841 c2s 65536
1783134953.9842 c2s 65536
1783134953.9843 c2s 65536
1783134953.9846 c2s 65536
1783134953.9847 c2s 65536
1783134953.9848 c2s 65536
1783134953.9849 c2s 65536
1783134953.9852 c2s 65536
1783134953.9853 c2s 65536
1783134953.9855 c2s 65536
1783134953.9856 c2s 65536
1783134953.9859 c2s 65536
1783134953.9860 c2s 65536
1783134953.9861 c2s 65536
1783134953.9863 c2s 65536
1783134953.9866 c2s 65536
1783134953.9867 c2s 65536
1783134953.9868 c2s 65536
1783134953.9869 c2s 65536
1783134953.9873 c2s 65536
1783134953.9874 c2s 65536
1783134953.9875 c2s 65536
1783134953.9876 c2s 65536
1783134953.9879 c2s 65536
1783134953.9880 c2s 65536
1783134953.9881 c2s 65536
1783134953.9882 c2s 65536
1783134953.9885 c2s 65536
1783134953.9886 c2s 65536
1783134953.9888 c2s 65536
1783134953.9888 c2s 65536
1783134953.9891 c2s 65536
1783134953.9892 c2s 65536
1783134953.9894 c2s 65536
1783134953.9894 c2s 65536
1783134953.9898 c2s 65536
1783134953.9899 c2s 65536
1783134953.9900 c2s 65536
1783134953.9901 c2s 65536
1783134953.9905 c2s 65536
1783134953.9906 c2s 65536
1783134953.9907 c2s 65536
1783134953.9908 c2s 65536
1783134953.9911 c2s 65536
1783134953.9912 c2s 65536
1783134953.9913 c2s 65536
1783134953.9914 c2s 65536
1783134953.9918 c2s 65536
1783134953.9919 c2s 65536
1783134953.9920 c2s 65536
1783134953.9921 c2s 65536
1783134953.9924 c2s 65536
1783134953.9925 c2s 65536
1783134953.9926 c2s 65536
1783134953.9927 c2s 65536
1783134953.9930 c2s 65536
1783134953.9931 c2s 65536
1783134953.9932 c2s 65536
1783134953.9933 c2s 65536
1783134953.9936 c2s 65536
1783134953.9937 c2s 65536
1783134953.9939 c2s 65536
1783134953.9940 c2s 65536
1783134953.9943 c2s 65536
1783134953.9944 c2s 65536
1783134953.9946 c2s 65536
1783134953.9947 c2s 65536
1783134953.9950 c2s 65536
1783134953.9951 c2s 65536
1783134953.9952 c2s 65536
1783134953.9953 c2s 65536
1783134953.9956 c2s 65536
1783134953.9957 c2s 65536
1783134953.9959 c2s 65536
1783134953.9960 c2s 65536
1783134953.9963 c2s 65536
1783134953.9964 c2s 65536
1783134953.9965 c2s 65536
1783134953.9966 c2s 65536
1783134953.9969 c2s 65536
1783134953.9970 c2s 65536
1783134953.9971 c2s 65536
1783134953.9972 c2s 65536
1783134953.9975 c2s 65536
1783134953.9976 c2s 65536
1783134953.9978 c2s 65536
1783134953.9979 c2s 65536
1783134953.9982 c2s 65536
1783134953.9984 c2s 65536
1783134953.9985 c2s 65536
1783134953.9986 c2s 65536
1783134953.9989 c2s 65536
1783134953.9990 c2s 65536
1783134953.9991 c2s 65536
1783134953.9992 c2s 65536
1783134953.9995 c2s 65536
1783134953.9997 c2s 65536
1783134953.9998 c2s 65536
1783134953.9999 c2s 65536
1783134954.0002 c2s 65536
1783134954.0003 c2s 65536
1783134954.0004 c2s 65536
1783134954.0005 c2s 65536
1783134954.0008 c2s 65536
1783134954.0009 c2s 65536
1783134954.0010 c2s 65536
1783134954.0011 c2s 65536
1783134954.0014 c2s 65536
1783134954.0015 c2s 65536
1783134954.0017 c2s 65536
1783134954.0018 c2s 65536
1783134954.0022 c2s 65536
1783134954.0023 c2s 65536
1783134954.0024 c2s 65536
1783134954.0025 c2s 65536
1783134954.0028 c2s 65536
1783134954.0029 c2s 65536
1783134954.0031 c2s 65536
1783134954.0032 c2s 65536
1783134954.0035 c2s 65536
1783134954.0036 c2s 65536
1783134954.0037 c2s 65536
1783134954.0038 c2s 65536
1783134954.0041 c2s 65536
1783134954.0042 c2s 65536
1783134954.0043 c2s 65536
1783134954.0044 c2s 65536
1783134954.0047 c2s 65536
1783134954.0048 c2s 65536
1783134954.0049 c2s 65536
1783134954.0050 c2s 65536
1783134954.0053 c2s 65536
1783134954.0054 c2s 65536
1783134954.0055 c2s 65536
1783134954.0056 c2s 65536
1783134954.0059 c2s 65536
1783134954.0061 c2s 65536
1783134954.0062 c2s 65536
1783134954.0063 c2s 65536
1783134954.0066 c2s 65536
1783134954.0068 c2s 65536
1783134954.0069 c2s 65536
1783134954.0070 c2s 65536
1783134954.0073 c2s 65536
1783134954.0074 c2s 65536
1783134954.0076 c2s 65536
1783134954.0077 c2s 65536
1783134954.0080 c2s 65536
1783134954.0081 c2s 65536
1783134954.0083 c2s 65536
1783134954.0084 c2s 65536
1783134954.0087 c2s 65536
1783134954.0088 c2s 65536
1783134954.0089 c2s 65536
1783134954.0090 c2s 65536
1783134954.0093 c2s 65536
1783134954.0094 c2s 65536
1783134954.0095 c2s 65536
1783134954.0096 c2s 65536
1783134954.0100 c2s 65536
1783134954.0101 c2s 65536
1783134954.0102 c2s 65536
1783134954.0103 c2s 65536
1783134954.0106 c2s 65536
1783134954.0107 c2s 65536
1783134954.0108 c2s 65536
1783134954.0109 c2s 65536
1783134954.0112 c2s 65536
1783134954.0113 c2s 65536
1783134954.0115 c2s 65536
1783134954.0116 c2s 65536
1783134954.0119 c2s 65536
1783134954.0120 c2s 65536
1783134954.0121 c2s 65536
1783134954.0122 c2s 65536
1783134954.0125 c2s 65536
1783134954.0126 c2s 65536
1783134954.0127 c2s 65536
1783134954.0128 c2s 65536
1783134954.0131 c2s 65536
1783134954.0132 c2s 65536
1783134954.0134 c2s 65536
1783134954.0135 c2s 65536
1783134954.0138 c2s 65536
1783134954.0139 c2s 65536
1783134954.0141 c2s 65536
1783134954.0141 c2s 65536
1783134954.0144 c2s 65536
1783134954.0145 c2s 65536
1783134954.0147 c2s 65536
1783134954.0148 c2s 65536
1783134954.0151 c2s 65536
1783134954.0152 c2s 65536
1783134954.0153 c2s 65536
1783134954.0154 c2s 65536
1783134954.0157 c2s 65536
1783134954.0158 c2s 65536
1783134954.0160 c2s 65536
1783134954.0160 c2s 65536
1783134954.0164 c2s 65536
1783134954.0165 c2s 65536
1783134954.0166 c2s 65536
1783134954.0167 c2s 65536
1783134954.0170 c2s 65536
1783134954.0171 c2s 65536
1783134954.0173 c2s 65536
1783134954.0174 c2s 65536
1783134954.0177 c2s 65536
1783134954.0178 c2s 65536
1783134954.0180 c2s 65536
1783134954.0180 c2s 65536
1783134954.0183 c2s 65536
1783134954.0184 c2s 65536
1783134954.0186 c2s 65536
1783134954.0187 c2s 65536
1783134954.0190 c2s 65536
1783134954.0191 c2s 65536
1783134954.0192 c2s 65536
1783134954.0193 c2s 65536
1783134954.0196 c2s 65536
1783134954.0197 c2s 65536
1783134954.0199 c2s 65536
1783134954.0200 c2s 65536
1783134954.0203 c2s 65536
1783134954.0204 c2s 65536
1783134954.0205 c2s 65536
1783134954.0206 c2s 65536
1783134954.0209 c2s 65536
1783134954.0210 c2s 65536
1783134954.0212 c2s 65536
1783134954.0213 c2s 65536
1783134954.0216 c2s 65536
1783134954.0217 c2s 65536
1783134954.0218 c2s 65536
1783134954.0219 c2s 65536
1783134954.0222 c2s 65536
1783134954.0223 c2s 65536
1783134954.0225 c2s 65536
1783134954.0226 c2s 65536
1783134954.0228 c2s 65536
1783134954.0229 c2s 65536
1783134954.0231 c2s 65536
1783134954.0232 c2s 65536
1783134954.0235 c2s 65536
1783134954.0236 c2s 65536
1783134954.0237 c2s 65536
1783134954.0238 c2s 65536
1783134954.0241 c2s 65536
1783134954.0242 c2s 65536
1783134954.0244 c2s 65536
1783134954.0244 c2s 65536
1783134954.0248 c2s 65536
1783134954.0249 c2s 65536
1783134954.0250 c2s 65536
1783134954.0251 c2s 65536
1783134954.0255 c2s 65536
1783134954.0256 c2s 65536
1783134954.0257 c2s 65536
1783134954.0258 c2s 65536
1783134954.0261 c2s 65536
1783134954.0262 c2s 65536
1783134954.0263 c2s 65536
1783134954.0264 c2s 65536
1783134954.0267 c2s 65536
1783134954.0268 c2s 65536
1783134954.0269 c2s 65536
1783134954.0270 c2s 65536
1783134954.0273 c2s 65536
1783134954.0274 c2s 65536
1783134954.0275 c2s 65536
1783134954.0276 c2s 65536
1783134954.0280 c2s 65536
1783134954.0281 c2s 65536
1783134954.0282 c2s 65536
1783134954.0283 c2s 65536
1783134954.0286 c2s 65536
1783134954.0287 c2s 65536
1783134954.0288 c2s 65536
1783134954.0289 c2s 65536
1783134954.0293 c2s 65536
1783134954.0294 c2s 65536
1783134954.0295 c2s 65536
1783134954.0296 c2s 65536
1783134954.0299 c2s 65536
1783134954.0300 c2s 65536
1783134954.0301 c2s 65536
1783134954.0302 c2s 65536
1783134954.0305 c2s 65536
1783134954.0306 c2s 65536
1783134954.0308 c2s 65536
1783134954.0309 c2s 65536
1783134954.0311 c2s 65536
1783134954.0312 c2s 65536
1783134954.0314 c2s 65536
1783134954.0315 c2s 65536
1783134954.0318 c2s 65536
1783134954.0319 c2s 65536
1783134954.0320 c2s 65536
1783134954.0321 c2s 65536
1783134954.0324 c2s 65536
1783134954.0325 c2s 65536
1783134954.0327 c2s 65536
1783134954.0328 c2s 65536
1783134954.0332 c2s 65536
1783134954.0333 c2s 65536
1783134954.0334 c2s 65536
1783134954.0335 c2s 65536
1783134954.0338 c2s 65536
1783134954.0339 c2s 65536
1783134954.0340 c2s 65536
1783134954.0341 c2s 65536
1783134954.0345 c2s 65536
1783134954.0346 c2s 65536
1783134954.0347 c2s 65536
1783134954.0348 c2s 65536
1783134954.0351 c2s 65536
1783134954.0352 c2s 65536
1783134954.0354 c2s 65536
1783134954.0355 c2s 65536
1783134954.0359 c2s 65536
1783134954.0360 c2s 65536
1783134954.0361 c2s 65536
1783134954.0362 c2s 65536
1783134954.0365 c2s 65536
1783134954.0366 c2s 65536
1783134954.0368 c2s 65536
1783134954.0369 c2s 65536
1783134954.0372 c2s 65536
1783134954.0373 c2s 65536
1783134954.0374 c2s 65536
1783134954.0375 c2s 65536
1783134954.0379 c2s 65536
1783134954.0380 c2s 65536
1783134954.0381 c2s 65536
1783134954.0382 c2s 65536
1783134954.0385 c2s 65536
1783134954.0386 c2s 65536
1783134954.0387 c2s 65536
1783134954.0388 c2s 65536
1783134954.0391 c2s 65536
1783134954.0392 c2s 65536
1783134954.0393 c2s 65536
1783134954.0394 c2s 65536
1783134954.0397 c2s 65536
1783134954.0398 c2s 65536
1783134954.0400 c2s 65536
1783134954.0401 c2s 65536
1783134954.0404 c2s 65536
1783134954.0405 c2s 65536
1783134954.0406 c2s 65536
1783134954.0407 c2s 65536
1783134954.0410 c2s 65536
1783134954.0411 c2s 65536
1783134954.0413 c2s 65536
1783134954.0414 c2s 65536
1783134954.0417 c2s 65536
1783134954.0418 c2s 65536
1783134954.0420 c2s 65536
1783134954.0421 c2s 65536
1783134954.0424 c2s 65536
1783134954.0425 c2s 65536
1783134954.0426 c2s 65536
1783134954.0427 c2s 65536
1783134954.0430 c2s 65536
1783134954.0431 c2s 65536
1783134954.0432 c2s 65536
1783134954.0433 c2s 65536
1783134954.0436 c2s 65536
1783134954.0437 c2s 65536
1783134954.0439 c2s 65536
1783134954.0439 c2s 65536
1783134954.0442 c2s 65536
1783134954.0443 c2s 65536
1783134954.0445 c2s 65536
1783134954.0446 c2s 65536
1783134954.0449 c2s 65536
1783134954.0450 c2s 65536
1783134954.0452 c2s 65536
1783134954.0453 c2s 65536
1783134954.0456 c2s 65536
1783134954.0457 c2s 65536
1783134954.0458 c2s 65536
1783134954.0459 c2s 65536
1783134954.0463 c2s 65536
1783134954.0464 c2s 65536
1783134954.0465 c2s 65536
1783134954.0466 c2s 65536
1783134954.0469 c2s 65536
1783134954.0470 c2s 65536
1783134954.0471 c2s 65536
1783134954.0472 c2s 65536
1783134954.0475 c2s 65536
1783134954.0476 c2s 65536
1783134954.0478 c2s 65536
1783134954.0478 c2s 65536
1783134954.0481 c2s 65536
1783134954.0482 c2s 65536
1783134954.0484 c2s 65536
1783134954.0484 c2s 65536
1783134954.0487 c2s 65536
1783134954.0488 c2s 65536
1783134954.0490 c2s 65536
1783134954.0490 c2s 65536
1783134954.0493 c2s 65536
1783134954.0494 c2s 65536
1783134954.0496 c2s 65536
1783134954.0496 c2s 65536
1783134954.0499 c2s 65536
1783134954.0500 c2s 65536
1783134954.0502 c2s 65536
1783134954.0503 c2s 65536
1783134954.0505 c2s 65536
1783134954.0506 c2s 65536
1783134954.0508 c2s 65536
1783134954.0508 c2s 65536
1783134954.0511 c2s 65536
1783134954.0512 c2s 65536
1783134954.0514 c2s 65536
1783134954.0515 c2s 65536
1783134954.0518 c2s 65536
1783134954.0519 c2s 65536
1783134954.0520 c2s 65536
1783134954.0521 c2s 65536
1783134954.0524 c2s 65536
1783134954.0525 c2s 65536
1783134954.0526 c2s 65536
1783134954.0527 c2s 65536
1783134954.0530 c2s 65536
1783134954.0531 c2s 65536
1783134954.0532 c2s 65536
1783134954.0533 c2s 65536
1783134954.0536 c2s 65536
1783134954.0537 c2s 65536
1783134954.0538 c2s 65536
1783134954.0539 c2s 65536
1783134954.0541 c2s 65536
1783134954.0542 c2s 65536
1783134954.0544 c2s 65536
1783134954.0544 c2s 65536
1783134954.0547 c2s 65536
1783134954.0548 c2s 65536
1783134954.0549 c2s 65536
1783134954.0550 c2s 65536
1783134954.0553 c2s 65536
1783134954.0554 c2s 65536
1783134954.0556 c2s 65536
1783134954.0557 c2s 65536
1783134954.0559 c2s 65536
1783134954.0560 c2s 65536
1783134954.0562 c2s 65536
1783134954.0563 c2s 65536
1783134954.0565 c2s 65536
1783134954.0566 c2s 65536
1783134954.0567 c2s 65536
1783134954.0568 c2s 65536
1783134954.0571 c2s 65536
1783134954.0572 c2s 65536
1783134954.0573 c2s 65536
1783134954.0574 c2s 65536
1783134954.0577 c2s 65536
1783134954.0578 c2s 65536
1783134954.0579 c2s 65536
1783134954.0580 c2s 65536
1783134954.0583 c2s 65536
1783134954.0586 c2s 65536
1783134954.0588 c2s 65536
1783134954.0589 c2s 65536
1783134954.0591 c2s 65536
1783134954.0592 c2s 65536
1783134954.0593 c2s 65536
1783134954.0594 c2s 65536
1783134954.0597 c2s 65536
1783134954.0598 c2s 65536
1783134954.0600 c2s 65536
1783134954.0601 c2s 65536
1783134954.0603 c2s 65536
1783134954.0604 c2s 65536
1783134954.0605 c2s 65536
1783134954.0606 c2s 65536
1783134954.0609 c2s 65536
1783134954.0610 c2s 65536
1783134954.0611 c2s 65536
1783134954.0612 c2s 65536
1783134954.0614 c2s 65536
1783134954.0615 c2s 65536
1783134954.0617 c2s 65536
1783134954.0618 c2s 65536
1783134954.0620 c2s 65536
1783134954.0621 c2s 65536
1783134954.0622 c2s 65536
1783134954.0623 c2s 65536
1783134954.0626 c2s 65536
1783134954.0627 c2s 65536
1783134954.0628 c2s 65536
1783134954.0629 c2s 65536
1783134954.0631 c2s 65536
1783134954.0632 c2s 65536
1783134954.0634 c2s 65536
1783134954.0635 c2s 65536
1783134954.0637 c2s 65536
1783134954.0638 c2s 65536
1783134954.0639 c2s 65536
1783134954.0641 c2s 65536
1783134954.0643 c2s 65536
1783134954.0644 c2s 65536
1783134954.0646 c2s 65536
1783134954.0647 c2s 65536
1783134954.0649 c2s 65536
1783134954.0650 c2s 65536
1783134954.0651 c2s 65536
1783134954.0652 c2s 65536
1783134954.0655 c2s 65536
1783134954.0656 c2s 65536
1783134954.0657 c2s 65536
1783134954.0658 c2s 65536
1783134954.0660 c2s 65536
1783134954.0661 c2s 49509
1783134954.1717 c2s 321
1783134954.1726 s2c 9
1783134954.1918 c2s 65492
1783134954.1922 c2s 65536
1783134954.1924 c2s 65536
1783134954.1926 c2s 65536
1783134954.1927 c2s 65536
1783134954.1931 c2s 65536
1783134954.1933 c2s 65536
1783134954.1935 c2s 65536
1783134954.1936 c2s 65536
1783134954.1940 c2s 65536
1783134954.1942 c2s 65536
1783134954.1944 c2s 65536
1783134954.1945 c2s 65536
1783134954.1949 c2s 65536
1783134954.1951 c2s 65536
1783134954.1953 c2s 65536
1783134954.1954 c2s 65536
1783134954.1959 c2s 65536
1783134954.1960 c2s 65536
1783134954.1961 c2s 65536
1783134954.1962 c2s 65536
1783134954.1966 c2s 65536
1783134954.1967 c2s 65536
1783134954.1969 c2s 65536
1783134954.1970 c2s 65536
1783134954.1974 c2s 65536
1783134954.1976 c2s 65536
1783134954.1978 c2s 65536
1783134954.1979 c2s 65536
1783134954.1983 c2s 65536
1783134954.1984 c2s 65536
1783134954.1986 c2s 65536
1783134954.1987 c2s 65536
1783134954.1990 c2s 65536
1783134954.1992 c2s 65536
1783134954.1993 c2s 65536
1783134954.1994 c2s 65536
1783134954.1998 c2s 65536
1783134954.1999 c2s 65536
1783134954.2001 c2s 65536
1783134954.2001 c2s 65536
1783134954.2005 c2s 65536
1783134954.2006 c2s 65536
1783134954.2007 c2s 65536
1783134954.2008 c2s 65536
1783134954.2012 c2s 65536
1783134954.2012 c2s 65536
1783134954.2014 c2s 65536
1783134954.2014 c2s 65536
1783134954.2018 c2s 65536
1783134954.2019 c2s 65536
1783134954.2021 c2s 65536
1783134954.2022 c2s 65536
1783134954.2025 c2s 65536
1783134954.2026 c2s 65536
1783134954.2028 c2s 65536
1783134954.2028 c2s 65536
1783134954.2032 c2s 65536
1783134954.2032 c2s 65536
1783134954.2034 c2s 65536
1783134954.2034 c2s 65536
1783134954.2038 c2s 65536
1783134954.2039 c2s 65536
1783134954.2040 c2s 65536
1783134954.2041 c2s 65536
1783134954.2080 c2s 65536
1783134954.2082 c2s 65536
1783134954.2084 c2s 65536
1783134954.2086 c2s 65536
1783134954.2090 c2s 65536
1783134954.2092 c2s 65536
1783134954.2093 c2s 65536
1783134954.2095 c2s 65536
1783134954.2098 c2s 65536
1783134954.2100 c2s 65536
1783134954.2101 c2s 65536
1783134954.2103 c2s 65536
1783134954.2106 c2s 65536
1783134954.2107 c2s 65536
1783134954.2109 c2s 65536
1783134954.2110 c2s 65536
1783134954.2113 c2s 65536
1783134954.2114 c2s 65536
1783134954.2116 c2s 65536
1783134954.2117 c2s 65536
1783134954.2120 c2s 65536
1783134954.2121 c2s 65536
1783134954.2122 c2s 65536
1783134954.2123 c2s 65536
1783134954.2126 c2s 65536
1783134954.2127 c2s 65536
1783134954.2128 c2s 65536
1783134954.2129 c2s 65536
1783134954.2133 c2s 65536
1783134954.2134 c2s 65536
1783134954.2135 c2s 65536
1783134954.2136 c2s 65536
1783134954.2139 c2s 65536
1783134954.2140 c2s 65536
1783134954.2142 c2s 65536
1783134954.2143 c2s 65536
1783134954.2147 c2s 65536
1783134954.2149 c2s 65536
1783134954.2150 c2s 65536
1783134954.2152 c2s 65536
1783134954.2156 c2s 65536
1783134954.2158 c2s 65536
1783134954.2159 c2s 65536
1783134954.2161 c2s 65536
1783134954.2165 c2s 65536
1783134954.2166 c2s 65536
1783134954.2168 c2s 65536
1783134954.2169 c2s 65536
1783134954.2173 c2s 65536
1783134954.2174 c2s 65536
1783134954.2176 c2s 65536
1783134954.2177 c2s 65536
1783134954.2180 c2s 65536
1783134954.2182 c2s 65536
1783134954.2184 c2s 65536
1783134954.2185 c2s 65536
1783134954.2189 c2s 65536
1783134954.2190 c2s 65536
1783134954.2191 c2s 65536
1783134954.2192 c2s 65536
1783134954.2196 c2s 65536
1783134954.2198 c2s 65536
1783134954.2199 c2s 65536
1783134954.2200 c2s 65536
1783134954.2204 c2s 65536
1783134954.2205 c2s 65536
1783134954.2206 c2s 65536
1783134954.2207 c2s 65536
1783134954.2211 c2s 65536
1783134954.2212 c2s 65536
1783134954.2214 c2s 65536
1783134954.2215 c2s 65536
1783134954.2219 c2s 65536
1783134954.2221 c2s 65536
1783134954.2222 c2s 65536
1783134954.2224 c2s 65536
1783134954.2228 c2s 65536
1783134954.2229 c2s 65536
1783134954.2231 c2s 65536
1783134954.2233 c2s 65536
1783134954.2237 c2s 65536
1783134954.2239 c2s 65536
1783134954.2241 c2s 65536
1783134954.2242 c2s 65536
1783134954.2246 c2s 65536
1783134954.2247 c2s 65536
1783134954.2249 c2s 65536
1783134954.2250 c2s 65536
1783134954.2254 c2s 65536
1783134954.2256 c2s 65536
1783134954.2257 c2s 65536
1783134954.2259 c2s 65536
1783134954.2262 c2s 65536
1783134954.2264 c2s 65536
1783134954.2265 c2s 65536
1783134954.2266 c2s 65536
1783134954.2270 c2s 65536
1783134954.2272 c2s 65536
1783134954.2273 c2s 65536
1783134954.2275 c2s 65536
1783134954.2279 c2s 65536
1783134954.2280 c2s 65536
1783134954.2282 c2s 65536
1783134954.2284 c2s 65536
1783134954.2288 c2s 65536
1783134954.2289 c2s 65536
1783134954.2291 c2s 65536
1783134954.2292 c2s 65536
1783134954.2296 c2s 65536
1783134954.2297 c2s 65536
1783134954.2299 c2s 65536
1783134954.2300 c2s 65536
1783134954.2304 c2s 65536
1783134954.2305 c2s 65536
1783134954.2307 c2s 65536
1783134954.2308 c2s 65536
1783134954.2312 c2s 65536
1783134954.2313 c2s 65536
1783134954.2315 c2s 65536
1783134954.2317 c2s 65536
1783134954.2321 c2s 65536
1783134954.2322 c2s 65536
1783134954.2324 c2s 65536
1783134954.2325 c2s 65536
1783134954.2329 c2s 65536
1783134954.2331 c2s 65536
1783134954.2333 c2s 65536
1783134954.2334 c2s 65536
1783134954.2338 c2s 65536
1783134954.2339 c2s 65536
1783134954.2341 c2s 65536
1783134954.2342 c2s 65536
1783134954.2346 c2s 65536
1783134954.2347 c2s 65536
1783134954.2349 c2s 65536
1783134954.2350 c2s 65536
1783134954.2354 c2s 65536
1783134954.2355 c2s 65536
1783134954.2357 c2s 65536
1783134954.2358 c2s 65536
1783134954.2362 c2s 65536
1783134954.2363 c2s 65536
1783134954.2365 c2s 65536
1783134954.2366 c2s 65536
1783134954.2370 c2s 65536
1783134954.2371 c2s 65536
1783134954.2373 c2s 65536
1783134954.2374 c2s 65536
1783134954.2378 c2s 65536
1783134954.2380 c2s 65536
1783134954.2382 c2s 65536
1783134954.2383 c2s 65536
1783134954.2387 c2s 65536
1783134954.2388 c2s 65536
1783134954.2389 c2s 65536
1783134954.2390 c2s 65536
1783134954.2393 c2s 65536
1783134954.2394 c2s 65536
1783134954.2396 c2s 65536
1783134954.2397 c2s 65536
1783134954.2400 c2s 65536
1783134954.2401 c2s 65536
1783134954.2402 c2s 65536
1783134954.2403 c2s 65536
1783134954.2406 c2s 65536
1783134954.2407 c2s 65536
1783134954.2408 c2s 65536
1783134954.2409 c2s 65536
1783134954.2413 c2s 65536
1783134954.2415 c2s 65536
1783134954.2416 c2s 65536
1783134954.2417 c2s 65536
1783134954.2421 c2s 65536
1783134954.2422 c2s 65536
1783134954.2424 c2s 65536
1783134954.2426 c2s 65536
1783134954.2430 c2s 65536
1783134954.2431 c2s 65536
1783134954.2433 c2s 65536
1783134954.2434 c2s 65536
1783134954.2437 c2s 65536
1783134954.2438 c2s 65536
1783134954.2440 c2s 65536
1783134954.2440 c2s 65536
1783134954.2444 c2s 65536
1783134954.2445 c2s 65536
1783134954.2446 c2s 65536
1783134954.2447 c2s 65536
1783134954.2450 c2s 65536
1783134954.2451 c2s 65536
1783134954.2452 c2s 65536
1783134954.2453 c2s 65536
1783134954.2456 c2s 65536
1783134954.2457 c2s 65536
1783134954.2459 c2s 65536
1783134954.2460 c2s 65536
1783134954.2463 c2s 65536
1783134954.2464 c2s 65536
1783134954.2466 c2s 65536
1783134954.2467 c2s 65536
1783134954.2471 c2s 65536
1783134954.2472 c2s 65536
1783134954.2474 c2s 65536
1783134954.2475 c2s 65536
1783134954.2479 c2s 65536
1783134954.2481 c2s 65536
1783134954.2482 c2s 65536
1783134954.2483 c2s 65536
1783134954.2487 c2s 65536
1783134954.2488 c2s 65536
1783134954.2489 c2s 65536
1783134954.2490 c2s 65536
1783134954.2493 c2s 65536
1783134954.2494 c2s 65536
1783134954.2495 c2s 65536
1783134954.2496 c2s 65536
1783134954.2499 c2s 65536
1783134954.2500 c2s 65536
1783134954.2501 c2s 65536
1783134954.2502 c2s 65536
1783134954.2506 c2s 65536
1783134954.2507 c2s 65536
1783134954.2509 c2s 65536
1783134954.2510 c2s 65536
1783134954.2514 c2s 65536
1783134954.2516 c2s 65536
1783134954.2517 c2s 65536
1783134954.2518 c2s 65536
1783134954.2522 c2s 65536
1783134954.2523 c2s 65536
1783134954.2525 c2s 65536
1783134954.2526 c2s 65536
1783134954.2529 c2s 65536
1783134954.2530 c2s 65536
1783134954.2532 c2s 65536
1783134954.2533 c2s 65536
1783134954.2537 c2s 65536
1783134954.2538 c2s 65536
1783134954.2539 c2s 65536
1783134954.2540 c2s 65536
1783134954.2544 c2s 65536
1783134954.2545 c2s 65536
1783134954.2547 c2s 65536
1783134954.2548 c2s 65536
1783134954.2551 c2s 65536
1783134954.2553 c2s 65536
1783134954.2554 c2s 65536
1783134954.2555 c2s 65536
1783134954.2559 c2s 65536
1783134954.2560 c2s 65536
1783134954.2562 c2s 65536
1783134954.2563 c2s 65536
1783134954.2566 c2s 65536
1783134954.2567 c2s 65536
1783134954.2569 c2s 65536
1783134954.2570 c2s 65536
1783134954.2573 c2s 65536
1783134954.2574 c2s 65536
1783134954.2576 c2s 65536
1783134954.2577 c2s 65536
1783134954.2580 c2s 65536
1783134954.2581 c2s 65536
1783134954.2582 c2s 65536
1783134954.2583 c2s 65536
1783134954.2587 c2s 65536
1783134954.2588 c2s 65536
1783134954.2589 c2s 65536
1783134954.2590 c2s 65536
1783134954.2593 c2s 65536
1783134954.2595 c2s 65536
1783134954.2597 c2s 65536
1783134954.2598 c2s 65536
1783134954.2602 c2s 65536
1783134954.2603 c2s 65536
1783134954.2604 c2s 65536
1783134954.2605 c2s 65536
1783134954.2608 c2s 65536
1783134954.2609 c2s 65536
1783134954.2611 c2s 65536
1783134954.2612 c2s 65536
1783134954.2615 c2s 65536
1783134954.2616 c2s 65536
1783134954.2618 c2s 65536
1783134954.2618 c2s 65536
1783134954.2621 c2s 65536
1783134954.2622 c2s 65536
1783134954.2624 c2s 65536
1783134954.2624 c2s 65536
1783134954.2628 c2s 65536
1783134954.2629 c2s 65536
1783134954.2630 c2s 65536
1783134954.2631 c2s 65536
1783134954.2634 c2s 65536
1783134954.2635 c2s 65536
1783134954.2637 c2s 65536
1783134954.2638 c2s 65536
1783134954.2641 c2s 65536
1783134954.2642 c2s 65536
1783134954.2644 c2s 65536
1783134954.2645 c2s 65536
1783134954.2648 c2s 65536
1783134954.2649 c2s 65536
1783134954.2650 c2s 65536
1783134954.2651 c2s 65536
1783134954.2654 c2s 65536
1783134954.2655 c2s 65536
1783134954.2656 c2s 65536
1783134954.2657 c2s 65536
1783134954.2660 c2s 65536
1783134954.2661 c2s 65536
1783134954.2662 c2s 65536
1783134954.2663 c2s 65536
1783134954.2667 c2s 65536
1783134954.2668 c2s 65536
1783134954.2669 c2s 65536
1783134954.2670 c2s 65536
1783134954.2673 c2s 65536
1783134954.2674 c2s 65536
1783134954.2676 c2s 65536
1783134954.2677 c2s 65536
1783134954.2680 c2s 65536
1783134954.2681 c2s 65536
1783134954.2683 c2s 65536
1783134954.2684 c2s 65536
1783134954.2687 c2s 65536
1783134954.2688 c2s 65536
1783134954.2689 c2s 65536
1783134954.2690 c2s 65536
1783134954.2693 c2s 65536
1783134954.2694 c2s 65536
1783134954.2695 c2s 65536
1783134954.2696 c2s 65536
1783134954.2699 c2s 65536
1783134954.2700 c2s 65536
1783134954.2701 c2s 65536
1783134954.2702 c2s 65536
1783134954.2705 c2s 65536
1783134954.2706 c2s 65536
1783134954.2708 c2s 65536
1783134954.2708 c2s 65536
1783134954.2712 c2s 65536
1783134954.2713 c2s 65536
1783134954.2714 c2s 65536
1783134954.2716 c2s 65536
1783134954.2719 c2s 65536
1783134954.2722 c2s 65536
1783134954.2724 c2s 65536
1783134954.2725 c2s 65536
1783134954.2728 c2s 65536
1783134954.2730 c2s 65536
1783134954.2731 c2s 65536
1783134954.2732 c2s 65536
1783134954.2735 c2s 65536
1783134954.2736 c2s 65536
1783134954.2737 c2s 65536
1783134954.2738 c2s 65536
1783134954.2741 c2s 65536
1783134954.2742 c2s 65536
1783134954.2744 c2s 65536
1783134954.2745 c2s 65536
1783134954.2748 c2s 65536
1783134954.2749 c2s 65536
1783134954.2750 c2s 65536
1783134954.2751 c2s 65536
1783134954.2753 c2s 65536
1783134954.2755 c2s 65536
1783134954.2756 c2s 65536
1783134954.2757 c2s 65536
1783134954.2761 c2s 65536
1783134954.2762 c2s 65536
1783134954.2763 c2s 65536
1783134954.2764 c2s 65536
1783134954.2767 c2s 65536
1783134954.2768 c2s 65536
1783134954.2769 c2s 65536
1783134954.2770 c2s 65536
1783134954.2774 c2s 65536
1783134954.2775 c2s 65536
1783134954.2776 c2s 65536
1783134954.2777 c2s 65536
1783134954.2780 c2s 65536
1783134954.2781 c2s 65536
1783134954.2782 c2s 65536
1783134954.2783 c2s 65536
1783134954.2786 c2s 65536
1783134954.2787 c2s 65536
1783134954.2788 c2s 65536
1783134954.2789 c2s 65536
1783134954.2792 c2s 65536
1783134954.2793 c2s 65536
1783134954.2795 c2s 65536
1783134954.2796 c2s 65536
1783134954.2799 c2s 65536
1783134954.2800 c2s 65536
1783134954.2802 c2s 65536
1783134954.2803 c2s 65536
1783134954.2806 c2s 65536
1783134954.2807 c2s 65536
1783134954.2808 c2s 65536
1783134954.2809 c2s 65536
1783134954.2812 c2s 65536
1783134954.2813 c2s 65536
1783134954.2814 c2s 65536
1783134954.2815 c2s 65536
1783134954.2818 c2s 65536
1783134954.2819 c2s 65536
1783134954.2820 c2s 65536
1783134954.2821 c2s 65536
1783134954.2824 c2s 65536
1783134954.2825 c2s 65536
1783134954.2826 c2s 65536
1783134954.2827 c2s 65536
1783134954.2830 c2s 65536
1783134954.2832 c2s 65536
1783134954.2833 c2s 65536
1783134954.2834 c2s 65536
1783134954.2838 c2s 65536
1783134954.2839 c2s 65536
1783134954.2840 c2s 65536
1783134954.2841 c2s 65536
1783134954.2844 c2s 65536
1783134954.2845 c2s 65536
1783134954.2847 c2s 65536
1783134954.2848 c2s 65536
1783134954.2851 c2s 65536
1783134954.2852 c2s 65536
1783134954.2853 c2s 65536
1783134954.2854 c2s 65536
1783134954.2857 c2s 65536
1783134954.2858 c2s 65536
1783134954.2859 c2s 65536
1783134954.2860 c2s 65536
1783134954.2863 c2s 65536
1783134954.2864 c2s 65536
1783134954.2865 c2s 65536
1783134954.2866 c2s 65536
1783134954.2869 c2s 65536
1783134954.2870 c2s 65536
1783134954.2872 c2s 65536
1783134954.2872 c2s 65536
1783134954.2876 c2s 65536
1783134954.2877 c2s 65536
1783134954.2879 c2s 65536
1783134954.2880 c2s 65536
1783134954.2883 c2s 65536
1783134954.2884 c2s 65536
1783134954.2885 c2s 65536
1783134954.2886 c2s 65536
1783134954.2889 c2s 65536
1783134954.2890 c2s 65536
1783134954.2891 c2s 65536
1783134954.2892 c2s 65536
1783134954.2895 c2s 65536
1783134954.2896 c2s 65536
1783134954.2897 c2s 65536
1783134954.2898 c2s 65536
1783134954.2901 c2s 65536
1783134954.2902 c2s 65536
1783134954.2903 c2s 65536
1783134954.2904 c2s 65536
1783134954.2907 c2s 65536
1783134954.2909 c2s 65536
1783134954.2910 c2s 65536
1783134954.2911 c2s 65536
1783134954.2914 c2s 65536
1783134954.2916 c2s 65536
1783134954.2917 c2s 65536
1783134954.2918 c2s 65536
1783134954.2921 c2s 65536
1783134954.2922 c2s 65536
1783134954.2923 c2s 65536
1783134954.2924 c2s 65536
1783134954.2927 c2s 65536
1783134954.2928 c2s 65536
1783134954.2929 c2s 65536
1783134954.2930 c2s 65536
1783134954.2933 c2s 65536
1783134954.2934 c2s 65536
1783134954.2936 c2s 65536
1783134954.2937 c2s 65536
1783134954.2940 c2s 65536
1783134954.2941 c2s 65536
1783134954.2942 c2s 65536
1783134954.2943 c2s 65536
1783134954.2946 c2s 65536
1783134954.2947 c2s 65536
1783134954.2948 c2s 65536
1783134954.2949 c2s 65536
1783134954.2953 c2s 65536
1783134954.2954 c2s 65536
1783134954.2956 c2s 65536
1783134954.2957 c2s 65536
1783134954.2960 c2s 65536
1783134954.2961 c2s 65536
1783134954.2962 c2s 65536
1783134954.2963 c2s 65536
1783134954.2966 c2s 65536
1783134954.2967 c2s 65536
1783134954.2968 c2s 65536
1783134954.2969 c2s 65536
1783134954.2972 c2s 65536
1783134954.2973 c2s 65536
1783134954.2974 c2s 65536
1783134954.2975 c2s 65536
1783134954.2978 c2s 65536
1783134954.2979 c2s 65536
1783134954.2981 c2s 65536
1783134954.2982 c2s 65536
1783134954.2985 c2s 65536
1783134954.2986 c2s 65536
1783134954.2987 c2s 65536
1783134954.2988 c2s 65536
1783134954.2991 c2s 65536
1783134954.2992 c2s 65536
1783134954.2994 c2s 65536
1783134954.2995 c2s 65536
1783134954.2999 c2s 65536
1783134954.3000 c2s 65536
1783134954.3001 c2s 65536
1783134954.3002 c2s 65536
1783134954.3005 c2s 65536
1783134954.3006 c2s 65536
1783134954.3008 c2s 65536
1783134954.3009 c2s 65536
1783134954.3012 c2s 65536
1783134954.3013 c2s 65536
1783134954.3014 c2s 65536
1783134954.3015 c2s 65536
1783134954.3018 c2s 65536
1783134954.3019 c2s 65536
1783134954.3020 c2s 65536
1783134954.3021 c2s 65536
1783134954.3024 c2s 65536
1783134954.3025 c2s 65536
1783134954.3027 c2s 65536
1783134954.3028 c2s 65536
1783134954.3031 c2s 65536
1783134954.3032 c2s 65536
1783134954.3033 c2s 65536
1783134954.3034 c2s 65536
1783134954.3038 c2s 65536
1783134954.3039 c2s 65536
1783134954.3040 c2s 65536
1783134954.3041 c2s 65536
1783134954.3044 c2s 65536
1783134954.3045 c2s 65536
1783134954.3046 c2s 65536
1783134954.3047 c2s 65536
1783134954.3050 c2s 65536
1783134954.3051 c2s 65536
1783134954.3052 c2s 65536
1783134954.3053 c2s 65536
1783134954.3056 c2s 65536
1783134954.3057 c2s 65536
1783134954.3058 c2s 65536
1783134954.3059 c2s 65536
1783134954.3062 c2s 65536
1783134954.3063 c2s 65536
1783134954.3064 c2s 65536
1783134954.3065 c2s 65536
1783134954.3068 c2s 65536
1783134954.3070 c2s 65536
1783134954.3071 c2s 65536
1783134954.3072 c2s 65536
1783134954.3076 c2s 65536
1783134954.3077 c2s 65536
1783134954.3079 c2s 65536
1783134954.3080 c2s 65536
1783134954.3082 c2s 65536
1783134954.3083 c2s 65536
1783134954.3085 c2s 65536
1783134954.3086 c2s 65536
1783134954.3089 c2s 65536
1783134954.3090 c2s 65536
1783134954.3091 c2s 65536
1783134954.3092 c2s 65536
1783134954.3095 c2s 65536
1783134954.3096 c2s 65536
1783134954.3097 c2s 65536
1783134954.3098 c2s 65536
1783134954.3101 c2s 65536
1783134954.3102 c2s 65536
1783134954.3103 c2s 65536
1783134954.3104 c2s 65536
1783134954.3107 c2s 65536
1783134954.3109 c2s 65536
1783134954.3110 c2s 65536
1783134954.3111 c2s 65536
1783134954.3114 c2s 65536
1783134954.3115 c2s 65536
1783134954.3117 c2s 65536
1783134954.3118 c2s 65536
1783134954.3121 c2s 65536
1783134954.3122 c2s 65536
1783134954.3123 c2s 65536
1783134954.3124 c2s 65536
1783134954.3127 c2s 65536
1783134954.3128 c2s 65536
1783134954.3130 c2s 65536
1783134954.3130 c2s 65536
1783134954.3134 c2s 65536
1783134954.3135 c2s 65536
1783134954.3136 c2s 65536
1783134954.3137 c2s 65536
1783134954.3140 c2s 65536
1783134954.3141 c2s 65536
1783134954.3142 c2s 65536
1783134954.3143 c2s 65536
1783134954.3146 c2s 65536
1783134954.3147 c2s 65536
1783134954.3149 c2s 65536
1783134954.3150 c2s 65536
1783134954.3153 c2s 65536
1783134954.3154 c2s 65536
1783134954.3156 c2s 65536
1783134954.3157 c2s 65536
1783134954.3160 c2s 65536
1783134954.3161 c2s 65536
1783134954.3162 c2s 65536
1783134954.3163 c2s 65536
1783134954.3166 c2s 65536
1783134954.3167 c2s 65536
1783134954.3168 c2s 65536
1783134954.3169 c2s 65536
1783134954.3172 c2s 65536
1783134954.3173 c2s 65536
1783134954.3174 c2s 65536
1783134954.3175 c2s 65536
1783134954.3178 c2s 65536
1783134954.3179 c2s 65536
1783134954.3181 c2s 65536
1783134954.3181 c2s 65536
1783134954.3185 c2s 65536
1783134954.3186 c2s 65536
1783134954.3187 c2s 65536
1783134954.3188 c2s 65536
1783134954.3191 c2s 65536
1783134954.3192 c2s 65536
1783134954.3194 c2s 65536
1783134954.3195 c2s 65536
1783134954.3198 c2s 65536
1783134954.3199 c2s 65536
1783134954.3201 c2s 65536
1783134954.3202 c2s 65536
1783134954.3205 c2s 65536
1783134954.3206 c2s 65536
1783134954.3207 c2s 65536
1783134954.3208 c2s 65536
1783134954.3211 c2s 65536
1783134954.3212 c2s 65536
1783134954.3213 c2s 65536
1783134954.3214 c2s 65536
1783134954.3217 c2s 65536
1783134954.3218 c2s 65536
1783134954.3219 c2s 65536
1783134954.3220 c2s 65536
1783134954.3223 c2s 65536
1783134954.3224 c2s 65536
1783134954.3225 c2s 65536
1783134954.3226 c2s 65536
1783134954.3229 c2s 65536
1783134954.3230 c2s 65536
1783134954.3232 c2s 65536
1783134954.3233 c2s 65536
1783134954.3236 c2s 65536
1783134954.3237 c2s 65536
1783134954.3239 c2s 65536
1783134954.3240 c2s 65536
1783134954.3243 c2s 65536
1783134954.3244 c2s 65536
1783134954.3245 c2s 65536
1783134954.3246 c2s 65536
1783134954.3248 c2s 65536
1783134954.3249 c2s 65536
1783134954.3251 c2s 65536
1783134954.3252 c2s 65536
1783134954.3254 c2s 65536
1783134954.3255 c2s 65536
1783134954.3257 c2s 65536
1783134954.3258 c2s 65536
1783134954.3261 c2s 65536
1783134954.3262 c2s 65536
1783134954.3263 c2s 65536
1783134954.3264 c2s 65536
1783134954.3267 c2s 65536
1783134954.3268 c2s 65536
1783134954.3269 c2s 65536
1783134954.3270 c2s 65536
1783134954.3273 c2s 65536
1783134954.3274 c2s 65536
1783134954.3275 c2s 65536
1783134954.3276 c2s 65536
1783134954.3279 c2s 65536
1783134954.3280 c2s 65536
1783134954.3281 c2s 65536
1783134954.3282 c2s 65536
1783134954.3285 c2s 65536
1783134954.3286 c2s 65536
1783134954.3287 c2s 65536
1783134954.3288 c2s 65536
1783134954.3291 c2s 65536
1783134954.3292 c2s 65536
1783134954.3293 c2s 65536
1783134954.3294 c2s 65536
1783134954.3296 c2s 65536
1783134954.3298 c2s 65536
1783134954.3299 c2s 65536
1783134954.3300 c2s 65536
1783134954.3302 c2s 65536
1783134954.3303 c2s 65536
1783134954.3304 c2s 65536
1783134954.3305 c2s 65536
1783134954.3308 c2s 65536
1783134954.3309 c2s 65536
1783134954.3310 c2s 65536
1783134954.3311 c2s 65536
1783134954.3314 c2s 65536
1783134954.3315 c2s 65536
1783134954.3316 c2s 65536
1783134954.3317 c2s 65536
1783134954.3320 c2s 65536
1783134954.3321 c2s 65536
1783134954.3322 c2s 65536
1783134954.3323 c2s 65536
1783134954.3325 c2s 65536
1783134954.3326 c2s 65536
1783134954.3328 c2s 65536
1783134954.3329 c2s 65536
1783134954.3331 c2s 65536
1783134954.3332 c2s 65536
1783134954.3333 c2s 65536
1783134954.3334 c2s 65536
1783134954.3337 c2s 65536
1783134954.3338 c2s 65536
1783134954.3339 c2s 65536
1783134954.3340 c2s 65536
1783134954.3342 c2s 65536
1783134954.3343 c2s 65536
1783134954.3345 c2s 65536
1783134954.3346 c2s 65536
1783134954.3348 c2s 65536
1783134954.3349 c2s 65536
1783134954.3350 c2s 65536
1783134954.3351 c2s 65536
1783134954.3354 c2s 65536
1783134954.3355 c2s 65536
1783134954.3357 c2s 65536
1783134954.3358 c2s 65536
1783134954.3360 c2s 65536
1783134954.3361 c2s 65536
1783134954.3362 c2s 65536
1783134954.3363 c2s 65536
1783134954.3366 c2s 65536
1783134954.3367 c2s 65536
1783134954.3368 c2s 65536
1783134954.3369 c2s 65536
1783134954.3372 c2s 65536
1783134954.3372 c2s 65536
1783134954.3374 c2s 65536
1783134954.3375 c2s 65536
1783134954.3377 c2s 65536
1783134954.3378 c2s 65536
1783134954.3379 c2s 65536
1783134954.3380 c2s 65536
1783134954.3383 c2s 65536
1783134954.3384 c2s 65536
1783134954.3385 c2s 65536
1783134954.3386 c2s 65536
1783134954.3388 c2s 65536
1783134954.3389 c2s 65536
1783134954.3391 c2s 65536
1783134954.3391 c2s 65536
1783134954.3394 c2s 65536
1783134954.3395 c2s 65536
1783134954.3397 c2s 65536
1783134954.3398 c2s 65536
1783134954.3400 c2s 65536
1783134954.3401 c2s 65536
1783134954.3402 c2s 65536
1783134954.3403 c2s 65536
1783134954.3406 c2s 65536
1783134954.3407 c2s 65536
1783134954.3408 c2s 65536
1783134954.3409 c2s 65536
1783134954.3410 c2s 55653
1783134954.4135 c2s 321
1783134954.4141 s2c 9
1783134954.4275 c2s 65492
1783134954.4280 c2s 65536
1783134954.4281 c2s 65536
1783134954.4284 c2s 65536
1783134954.4285 c2s 65536
1783134954.4289 c2s 65536
1783134954.4291 c2s 65536
1783134954.4293 c2s 65536
1783134954.4294 c2s 65536
1783134954.4298 c2s 65536
1783134954.4300 c2s 65536
1783134954.4302 c2s 65536
1783134954.4303 c2s 65536
1783134954.4307 c2s 65536
1783134954.4308 c2s 65536
1783134954.4310 c2s 65536
1783134954.4311 c2s 65536
1783134954.4316 c2s 65536
1783134954.4317 c2s 65536
1783134954.4319 c2s 65536
1783134954.4320 c2s 65536
1783134954.4323 c2s 65536
1783134954.4324 c2s 65536
1783134954.4326 c2s 65536
1783134954.4327 c2s 65536
1783134954.4330 c2s 65536
1783134954.4331 c2s 65536
1783134954.4333 c2s 65536
1783134954.4333 c2s 65536
1783134954.4337 c2s 65536
1783134954.4338 c2s 65536
1783134954.4340 c2s 65536
1783134954.4341 c2s 65536
1783134954.4345 c2s 65536
1783134954.4346 c2s 65536
1783134954.4348 c2s 65536
1783134954.4348 c2s 65536
1783134954.4352 c2s 65536
1783134954.4353 c2s 65536
1783134954.4354 c2s 65536
1783134954.4354 c2s 65536
1783134954.4358 c2s 65536
1783134954.4359 c2s 65536
1783134954.4360 c2s 65536
1783134954.4361 c2s 65536
1783134954.4364 c2s 65536
1783134954.4364 c2s 65536
1783134954.4365 c2s 65536
1783134954.4366 c2s 65536
1783134954.4369 c2s 65536
1783134954.4370 c2s 65536
1783134954.4371 c2s 65536
1783134954.4372 c2s 65536
1783134954.4375 c2s 65536
1783134954.4376 c2s 65536
1783134954.4377 c2s 65536
1783134954.4378 c2s 65536
1783134954.4382 c2s 65536
1783134954.4383 c2s 65536
1783134954.4384 c2s 65536
1783134954.4384 c2s 65536
1783134954.4391 c2s 65536
1783134954.4392 c2s 65536
1783134954.4393 c2s 65536
1783134954.4394 c2s 65536
1783134954.4398 c2s 65536
1783134954.4399 c2s 65536
1783134954.4400 c2s 65536
1783134954.4401 c2s 65536
1783134954.4404 c2s 65536
1783134954.4405 c2s 65536
1783134954.4407 c2s 65536
1783134954.4408 c2s 65536
1783134954.4411 c2s 65536
1783134954.4412 c2s 65536
1783134954.4413 c2s 65536
1783134954.4414 c2s 65536
1783134954.4417 c2s 65536
1783134954.4418 c2s 65536
1783134954.4420 c2s 65536
1783134954.4421 c2s 65536
1783134954.4425 c2s 65536
1783134954.4426 c2s 65536
1783134954.4427 c2s 65536
1783134954.4428 c2s 65536
1783134954.4431 c2s 65536
1783134954.4432 c2s 65536
1783134954.4434 c2s 65536
1783134954.4435 c2s 65536
1783134954.4438 c2s 65536
1783134954.4440 c2s 65536
1783134954.4441 c2s 65536
1783134954.4442 c2s 65536
1783134954.4445 c2s 65536
1783134954.4446 c2s 65536
1783134954.4447 c2s 65536
1783134954.4448 c2s 65536
1783134954.4451 c2s 65536
1783134954.4452 c2s 65536
1783134954.4454 c2s 65536
1783134954.4454 c2s 65536
1783134954.4458 c2s 65536
1783134954.4459 c2s 65536
1783134954.4460 c2s 65536
1783134954.4461 c2s 65536
1783134954.4465 c2s 65536
1783134954.4466 c2s 65536
1783134954.4467 c2s 65536
1783134954.4468 c2s 65536
1783134954.4471 c2s 65536
1783134954.4472 c2s 65536
1783134954.4473 c2s 65536
1783134954.4474 c2s 65536
1783134954.4477 c2s 65536
1783134954.4478 c2s 65536
1783134954.4480 c2s 65536
1783134954.4481 c2s 65536
1783134954.4483 c2s 65536
1783134954.4484 c2s 65536
1783134954.4486 c2s 65536
1783134954.4486 c2s 65536
1783134954.4490 c2s 65536
1783134954.4491 c2s 65536
1783134954.4492 c2s 65536
1783134954.4493 c2s 65536
1783134954.4496 c2s 65536
1783134954.4497 c2s 65536
1783134954.4498 c2s 65536
1783134954.4499 c2s 65536
1783134954.4503 c2s 65536
1783134954.4504 c2s 65536
1783134954.4505 c2s 65536
1783134954.4506 c2s 65536
1783134954.4509 c2s 65536
1783134954.4510 c2s 65536
1783134954.4511 c2s 65536
1783134954.4512 c2s 65536
1783134954.4516 c2s 65536
1783134954.4517 c2s 65536
1783134954.4518 c2s 65536
1783134954.4519 c2s 65536
1783134954.4522 c2s 65536
1783134954.4523 c2s 65536
1783134954.4524 c2s 65536
1783134954.4525 c2s 65536
1783134954.4528 c2s 65536
1783134954.4529 c2s 65536
1783134954.4530 c2s 65536
1783134954.4531 c2s 65536
1783134954.4534 c2s 65536
1783134954.4535 c2s 65536
1783134954.4537 c2s 65536
1783134954.4538 c2s 65536
1783134954.4541 c2s 65536
1783134954.4542 c2s 65536
1783134954.4544 c2s 65536
1783134954.4544 c2s 65536
1783134954.4548 c2s 65536
1783134954.4549 c2s 65536
1783134954.4550 c2s 65536
1783134954.4551 c2s 65536
1783134954.4554 c2s 65536
1783134954.4555 c2s 65536
1783134954.4556 c2s 65536
1783134954.4557 c2s 65536
1783134954.4560 c2s 65536
1783134954.4561 c2s 65536
1783134954.4562 c2s 65536
1783134954.4563 c2s 65536
1783134954.4566 c2s 65536
1783134954.4567 c2s 65536
1783134954.4569 c2s 65536
1783134954.4569 c2s 65536
1783134954.4572 c2s 65536
1783134954.4574 c2s 65536
1783134954.4575 c2s 65536
1783134954.4576 c2s 65536
1783134954.4580 c2s 65536
1783134954.4581 c2s 65536
1783134954.4582 c2s 65536
1783134954.4583 c2s 65536
1783134954.4586 c2s 65536
1783134954.4587 c2s 65536
1783134954.4588 c2s 65536
1783134954.4589 c2s 65536
1783134954.4592 c2s 65536
1783134954.4593 c2s 65536
1783134954.4594 c2s 65536
1783134954.4596 c2s 65536
1783134954.4599 c2s 65536
1783134954.4600 c2s 65536
1783134954.4601 c2s 65536
1783134954.4602 c2s 65536
1783134954.4605 c2s 65536
1783134954.4606 c2s 65536
1783134954.4608 c2s 65536
1783134954.4608 c2s 65536
1783134954.4612 c2s 65536
1783134954.4613 c2s 65536
1783134954.4614 c2s 65536
1783134954.4615 c2s 65536
1783134954.4619 c2s 65536
1783134954.4620 c2s 65536
1783134954.4621 c2s 65536
1783134954.4622 c2s 65536
1783134954.4625 c2s 65536
1783134954.4626 c2s 65536
1783134954.4628 c2s 65536
1783134954.4629 c2s 65536
1783134954.4632 c2s 65536
1783134954.4633 c2s 65536
1783134954.4635 c2s 65536
1783134954.4636 c2s 65536
1783134954.4639 c2s 65536
1783134954.4640 c2s 65536
1783134954.4641 c2s 65536
1783134954.4642 c2s 65536
1783134954.4645 c2s 65536
1783134954.4646 c2s 65536
1783134954.4648 c2s 65536
1783134954.4649 c2s 65536
1783134954.4652 c2s 65536
1783134954.4653 c2s 65536
1783134954.4654 c2s 65536
1783134954.4655 c2s 65536
1783134954.4658 c2s 65536
1783134954.4659 c2s 65536
1783134954.4660 c2s 65536
1783134954.4661 c2s 65536
1783134954.4664 c2s 65536
1783134954.4665 c2s 65536
1783134954.4666 c2s 65536
1783134954.4667 c2s 65536
1783134954.4670 c2s 65536
1783134954.4671 c2s 65536
1783134954.4672 c2s 65536
1783134954.4673 c2s 65536
1783134954.4677 c2s 65536
1783134954.4678 c2s 65536
1783134954.4679 c2s 65536
1783134954.4680 c2s 65536
1783134954.4683 c2s 65536
1783134954.4684 c2s 65536
1783134954.4686 c2s 65536
1783134954.4687 c2s 65536
1783134954.4690 c2s 65536
1783134954.4691 c2s 65536
1783134954.4692 c2s 65536
1783134954.4693 c2s 65536
1783134954.4696 c2s 65536
1783134954.4697 c2s 65536
1783134954.4698 c2s 65536
1783134954.4699 c2s 65536
1783134954.4702 c2s 65536
1783134954.4703 c2s 65536
1783134954.4704 c2s 65536
1783134954.4705 c2s 65536
1783134954.4709 c2s 65536
1783134954.4710 c2s 65536
1783134954.4711 c2s 65536
1783134954.4712 c2s 65536
1783134954.4715 c2s 65536
1783134954.4716 c2s 65536
1783134954.4717 c2s 65536
1783134954.4718 c2s 65536
1783134954.4721 c2s 65536
1783134954.4723 c2s 65536
1783134954.4724 c2s 65536
1783134954.4725 c2s 65536
1783134954.4728 c2s 65536
1783134954.4729 c2s 65536
1783134954.4731 c2s 65536
1783134954.4732 c2s 65536
1783134954.4735 c2s 65536
1783134954.4736 c2s 65536
1783134954.4737 c2s 65536
1783134954.4738 c2s 65536
1783134954.4741 c2s 65536
1783134954.4742 c2s 65536
1783134954.4743 c2s 65536
1783134954.4744 c2s 65536
1783134954.4747 c2s 65536
1783134954.4748 c2s 65536
1783134954.4749 c2s 65536
1783134954.4750 c2s 65536
1783134954.4753 c2s 65536
1783134954.4754 c2s 65536
1783134954.4756 c2s 65536
1783134954.4757 c2s 65536
1783134954.4760 c2s 65536
1783134954.4761 c2s 65536
1783134954.4762 c2s 65536
1783134954.4763 c2s 65536
1783134954.4767 c2s 65536
1783134954.4768 c2s 65536
1783134954.4769 c2s 65536
1783134954.4770 c2s 65536
1783134954.4773 c2s 65536
1783134954.4774 c2s 65536
1783134954.4775 c2s 65536
1783134954.4776 c2s 65536
1783134954.4779 c2s 65536
1783134954.4780 c2s 65536
1783134954.4781 c2s 65536
1783134954.4782 c2s 65536
1783134954.4785 c2s 65536
1783134954.4786 c2s 65536
1783134954.4787 c2s 65536
1783134954.4788 c2s 65536
1783134954.4791 c2s 65536
1783134954.4792 c2s 65536
1783134954.4793 c2s 65536
1783134954.4794 c2s 65536
1783134954.4798 c2s 65536
1783134954.4799 c2s 65536
1783134954.4800 c2s 65536
1783134954.4801 c2s 65536
1783134954.4805 c2s 65536
1783134954.4806 c2s 65536
1783134954.4807 c2s 65536
1783134954.4808 c2s 65536
1783134954.4811 c2s 65536
1783134954.4812 c2s 65536
1783134954.4813 c2s 65536
1783134954.4814 c2s 65536
1783134954.4817 c2s 65536
1783134954.4818 c2s 65536
1783134954.4819 c2s 65536
1783134954.4820 c2s 65536
1783134954.4823 c2s 65536
1783134954.4824 c2s 65536
1783134954.4825 c2s 65536
1783134954.4826 c2s 65536
1783134954.4829 c2s 65536
1783134954.4830 c2s 65536
1783134954.4831 c2s 65536
1783134954.4832 c2s 65536
1783134954.4836 c2s 65536
1783134954.4837 c2s 65536
1783134954.4839 c2s 65536
1783134954.4840 c2s 65536
1783134954.4843 c2s 65536
1783134954.4844 c2s 65536
1783134954.4845 c2s 65536
1783134954.4846 c2s 65536
1783134954.4849 c2s 65536
1783134954.4850 c2s 65536
1783134954.4852 c2s 65536
1783134954.4852 c2s 65536
1783134954.4855 c2s 65536
1783134954.4857 c2s 65536
1783134954.4858 c2s 65536
1783134954.4859 c2s 65536
1783134954.4862 c2s 65536
1783134954.4863 c2s 65536
1783134954.4864 c2s 65536
1783134954.4865 c2s 65536
1783134954.4868 c2s 65536
1783134954.4869 c2s 65536
1783134954.4871 c2s 65536
1783134954.4872 c2s 65536
1783134954.4876 c2s 65536
1783134954.4877 c2s 65536
1783134954.4878 c2s 65536
1783134954.4879 c2s 65536
1783134954.4882 c2s 65536
1783134954.4883 c2s 65536
1783134954.4884 c2s 65536
1783134954.4885 c2s 65536
1783134954.4888 c2s 65536
1783134954.4889 c2s 65536
1783134954.4890 c2s 65536
1783134954.4891 c2s 65536
1783134954.4894 c2s 65536
1783134954.4895 c2s 65536
1783134954.4897 c2s 65536
1783134954.4897 c2s 65536
1783134954.4901 c2s 65536
1783134954.4902 c2s 65536
1783134954.4903 c2s 65536
1783134954.4904 c2s 65536
1783134954.4907 c2s 65536
1783134954.4908 c2s 65536
1783134954.4910 c2s 65536
1783134954.4911 c2s 65536
1783134954.4914 c2s 65536
1783134954.4916 c2s 65536
1783134954.4917 c2s 65536
1783134954.4918 c2s 65536
1783134954.4921 c2s 65536
1783134954.4922 c2s 65536
1783134954.4923 c2s 65536
1783134954.4924 c2s 65536
1783134954.4927 c2s 65536
1783134954.4928 c2s 65536
1783134954.4929 c2s 65536
1783134954.4930 c2s 65536
1783134954.4933 c2s 65536
1783134954.4934 c2s 65536
1783134954.4935 c2s 65536
1783134954.4936 c2s 65536
1783134954.4939 c2s 65536
1783134954.4940 c2s 65536
1783134954.4941 c2s 65536
1783134954.4942 c2s 65536
1783134954.4945 c2s 65536
1783134954.4947 c2s 65536
1783134954.4948 c2s 65536
1783134954.4949 c2s 65536
1783134954.4953 c2s 65536
1783134954.4954 c2s 65536
1783134954.4956 c2s 65536
1783134954.4957 c2s 65536
1783134954.4960 c2s 65536
1783134954.4961 c2s 65536
1783134954.4962 c2s 65536
1783134954.4963 c2s 65536
1783134954.4966 c2s 65536
1783134954.4967 c2s 65536
1783134954.4968 c2s 65536
1783134954.4969 c2s 65536
1783134954.4972 c2s 65536
1783134954.4973 c2s 65536
1783134954.4974 c2s 65536
1783134954.4975 c2s 65536
1783134954.4978 c2s 65536
1783134954.4980 c2s 65536
1783134954.4981 c2s 65536
1783134954.4982 c2s 65536
1783134954.4985 c2s 65536
1783134954.4986 c2s 65536
1783134954.4987 c2s 65536
1783134954.4988 c2s 65536
1783134954.4991 c2s 65536
1783134954.4992 c2s 65536
1783134954.4994 c2s 65536
1783134954.4995 c2s 65536
1783134954.4998 c2s 65536
1783134954.4999 c2s 65536
1783134954.5000 c2s 65536
1783134954.5001 c2s 65536
1783134954.5004 c2s 65536
1783134954.5005 c2s 65536
1783134954.5006 c2s 65536
1783134954.5007 c2s 65536
1783134954.5010 c2s 65536
1783134954.5011 c2s 65536
1783134954.5012 c2s 65536
1783134954.5013 c2s 65536
1783134954.5016 c2s 65536
1783134954.5017 c2s 65536
1783134954.5019 c2s 65536
1783134954.5020 c2s 65536
1783134954.5023 c2s 65536
1783134954.5024 c2s 65536
1783134954.5025 c2s 65536
1783134954.5026 c2s 65536
1783134954.5030 c2s 65536
1783134954.5031 c2s 65536
1783134954.5032 c2s 65536
1783134954.5033 c2s 65536
1783134954.5037 c2s 65536
1783134954.5038 c2s 65536
1783134954.5039 c2s 65536
1783134954.5040 c2s 65536
1783134954.5044 c2s 65536
1783134954.5045 c2s 65536
1783134954.5047 c2s 65536
1783134954.5048 c2s 65536
1783134954.5051 c2s 65536
1783134954.5052 c2s 65536
1783134954.5054 c2s 65536
1783134954.5055 c2s 65536
1783134954.5059 c2s 65536
1783134954.5060 c2s 65536
1783134954.5061 c2s 65536
1783134954.5062 c2s 65536
1783134954.5066 c2s 65536
1783134954.5067 c2s 65536
1783134954.5068 c2s 65536
1783134954.5069 c2s 65536
1783134954.5073 c2s 65536
1783134954.5074 c2s 65536
1783134954.5076 c2s 65536
1783134954.5077 c2s 65536
1783134954.5081 c2s 65536
1783134954.5082 c2s 65536
1783134954.5083 c2s 65536
1783134954.5084 c2s 65536
1783134954.5087 c2s 65536
1783134954.5088 c2s 65536
1783134954.5090 c2s 65536
1783134954.5091 c2s 65536
1783134954.5095 c2s 65536
1783134954.5096 c2s 65536
1783134954.5097 c2s 65536
1783134954.5098 c2s 65536
1783134954.5101 c2s 65536
1783134954.5102 c2s 65536
1783134954.5104 c2s 65536
1783134954.5105 c2s 65536
1783134954.5108 c2s 65536
1783134954.5109 c2s 65536
1783134954.5110 c2s 65536
1783134954.5111 c2s 65536
1783134954.5114 c2s 65536
1783134954.5116 c2s 65536
1783134954.5118 c2s 65536
1783134954.5119 c2s 65536
1783134954.5122 c2s 65536
1783134954.5124 c2s 65536
1783134954.5125 c2s 65536
1783134954.5126 c2s 65536
1783134954.5129 c2s 65536
1783134954.5130 c2s 65536
1783134954.5132 c2s 65536
1783134954.5133 c2s 65536
1783134954.5136 c2s 65536
1783134954.5140 c2s 65536
1783134954.5142 c2s 65536
1783134954.5143 c2s 65536
1783134954.5146 c2s 65536
1783134954.5148 c2s 65536
1783134954.5149 c2s 65536
1783134954.5150 c2s 65536
1783134954.5153 c2s 65536
1783134954.5154 c2s 65536
1783134954.5156 c2s 65536
1783134954.5157 c2s 65536
1783134954.5161 c2s 65536
1783134954.5162 c2s 65536
1783134954.5163 c2s 65536
1783134954.5164 c2s 65536
1783134954.5167 c2s 65536
1783134954.5168 c2s 65536
1783134954.5170 c2s 65536
1783134954.5171 c2s 65536
1783134954.5175 c2s 65536
1783134954.5176 c2s 65536
1783134954.5177 c2s 65536
1783134954.5178 c2s 65536
1783134954.5181 c2s 65536
1783134954.5182 c2s 65536
1783134954.5184 c2s 65536
1783134954.5185 c2s 65536
1783134954.5188 c2s 65536
1783134954.5189 c2s 65536
1783134954.5191 c2s 65536
1783134954.5191 c2s 65536
1783134954.5195 c2s 65536
1783134954.5196 c2s 65536
1783134954.5198 c2s 65536
1783134954.5199 c2s 65536
1783134954.5202 c2s 65536
1783134954.5203 c2s 65536
1783134954.5205 c2s 65536
1783134954.5206 c2s 65536
1783134954.5209 c2s 65536
1783134954.5210 c2s 65536
1783134954.5211 c2s 65536
1783134954.5212 c2s 65536
1783134954.5216 c2s 65536
1783134954.5217 c2s 65536
1783134954.5218 c2s 65536
1783134954.5219 c2s 65536
1783134954.5222 c2s 65536
1783134954.5223 c2s 65536
1783134954.5224 c2s 65536
1783134954.5225 c2s 65536
1783134954.5229 c2s 65536
1783134954.5230 c2s 65536
1783134954.5231 c2s 65536
1783134954.5232 c2s 65536
1783134954.5236 c2s 65536
1783134954.5237 c2s 65536
1783134954.5238 c2s 65536
1783134954.5239 c2s 65536
1783134954.5243 c2s 65536
1783134954.5244 c2s 65536
1783134954.5245 c2s 65536
1783134954.5246 c2s 65536
1783134954.5248 c2s 65536
1783134954.5249 c2s 49509
1783134955.1923 c2s 21
1783134955.2188 s2c 24
1783134955.2190 c2s 17
1783134955.2192 s2c 16
1783134955.2194 c2s 18
1783134955.2230 s2c 8
1783134955.2437 c2s 13
1783134955.2440 s2c 24
1783134955.2468 c2s 21
1783134955.3027 s2c 24
1783134955.4328 c2s 17
1783134955.4337 s2c 16
1783134955.4343 c2s 9
1783134955.4344 c2s 29988
1783134955.4346 c2s 65536
1783134955.4347 c2s 304
1783134955.4349 c2s 65492
1783134955.4353 c2s 65536
1783134955.4355 c2s 65536
1783134955.4357 c2s 22441
1783134955.7136 s2c 9
1783134955.7144 c2s 321
1783134955.7149 s2c 8
1783134955.7150 s2c 28672
1783134955.7158 c2s 321
1783134955.7161 s2c 8
1783134955.7162 s2c 32768
1783134955.9490 c2s 18
1783134955.9520 s2c 8
1783134958.1302 c2s 18
1783134958.1342 s2c 8
1783134959.9384 c2s 65536
1783134959.9392 c2s 65536
1783134959.9396 c2s 65536
1783134959.9398 c2s 65536
1783134959.9405 c2s 65536
1783134959.9407 c2s 65536
1783134959.9409 c2s 65536
1783134959.9411 c2s 65536
1783134959.9416 c2s 65536
1783134959.9417 c2s 65536
1783134959.9420 c2s 65536
1783134959.9421 c2s 65536
1783134959.9425 c2s 65536
1783134959.9427 c2s 65536
1783134959.9429 c2s 65536
1783134959.9430 c2s 65536
1783134959.9434 c2s 65536
1783134959.9436 c2s 65536
1783134959.9437 c2s 65536
1783134959.9438 c2s 65536
1783134959.9441 c2s 65536
1783134959.9442 c2s 65536
1783134959.9443 c2s 65536
1783134959.9444 c2s 65536
1783134959.9447 c2s 65536
1783134959.9448 c2s 65536
1783134959.9449 c2s 65536
1783134959.9450 c2s 65536
1783134959.9453 c2s 65536
1783134959.9454 c2s 65536
1783134959.9455 c2s 65536
1783134959.9456 c2s 65536
1783134959.9459 c2s 65536
1783134959.9461 c2s 65536
1783134959.9463 c2s 65536
1783134959.9465 c2s 65536
1783134959.9469 c2s 65536
1783134959.9470 c2s 65536
1783134959.9473 c2s 65536
1783134959.9474 c2s 65536
1783134959.9478 c2s 65536
1783134959.9479 c2s 65536
1783134959.9481 c2s 65536
1783134959.9481 c2s 27322
1783134960.8801 s2c 9
1783134960.8811 c2s 9
1783134960.8813 c2s 312
1783134960.8831 s2c 32776
1783134960.8835 s2c 65536
1783134960.8840 s2c 65536
1783134960.8842 s2c 65536
1783134960.8845 s2c 65536
1783134960.8847 s2c 65536
1783134960.8851 s2c 65536
1783134960.8853 s2c 65536
1783134960.8856 s2c 65536
1783134960.8858 s2c 65536
1783134960.8862 s2c 65536
1783134960.8864 s2c 65536
1783134960.8866 s2c 65536
1783134960.8867 s2c 65536
1783134960.8871 s2c 65536
1783134960.8873 s2c 65536
1783134960.8876 s2c 65536
1783134960.8877 s2c 65536
1783134960.8881 s2c 65536
1783134960.8883 s2c 65536
1783134960.8885 s2c 65536
1783134960.8887 s2c 65536
1783134960.8891 s2c 65536
1783134960.8893 s2c 65536
1783134960.8895 s2c 65536
1783134960.8896 s2c 65536
1783134960.8900 s2c 65536
1783134960.8902 s2c 65536
1783134960.8904 s2c 65536
1783134960.8906 s2c 65536
1783134960.8910 s2c 65536
1783134960.8912 s2c 65536
1783134960.8914 s2c 65536
1783134960.8916 s2c 65536
1783134960.8920 s2c 65536
1783134960.8922 s2c 65536
1783134960.8924 s2c 65536
1783134960.8925 s2c 30720
1783134960.8941 c2s 9
1783134960.8943 c2s 312
1783134960.8947 s2c 8
1783134960.8949 s2c 65536
1783134960.8951 s2c 32768
1783134962.5435 c2s 65536
1783134962.5441 c2s 65439
1783134962.5445 c2s 65536
1783134962.5447 c2s 65536
1783134962.5449 c2s 65536
1783134962.5451 c2s 65536
1783134962.5456 c2s 65536
1783134962.5458 c2s 65536
1783134962.5461 c2s 65536
1783134962.5462 c2s 65536
1783134962.5467 c2s 65536
1783134962.5469 c2s 65536
1783134962.5471 c2s 65536
1783134962.5473 c2s 65536
1783134962.5477 c2s 65536
1783134962.5479 c2s 65536
1783134962.5482 c2s 65536
1783134962.5483 c2s 65536
1783134962.5488 c2s 65536
1783134962.5489 c2s 65536
1783134962.5492 c2s 65536
1783134962.5493 c2s 65536
1783134962.5498 c2s 65536
1783134962.5499 c2s 65536
1783134962.5502 c2s 65536
1783134962.5503 c2s 65536
1783134962.5507 c2s 65536
1783134962.5509 c2s 65536
1783134962.5511 c2s 65536
1783134962.5512 c2s 19067
1783134963.0215 s2c 9
1783134963.0226 c2s 321
1783134963.0236 s2c 32776
1783134963.0241 s2c 65536
1783134963.0244 s2c 65536
1783134963.0246 s2c 65536
1783134963.0248 s2c 65536
1783134963.0253 s2c 65536
1783134963.0255 s2c 65536
1783134963.0257 s2c 65536
1783134963.0259 s2c 65536
1783134963.0263 s2c 65536
1783134963.0265 s2c 65536
1783134963.0268 s2c 65536
1783134963.0269 s2c 65536
1783134963.0273 s2c 65536
1783134963.0276 s2c 65536
1783134963.0279 s2c 65536
1783134963.0280 s2c 65536
1783134963.0284 s2c 65536
1783134963.0286 s2c 65536
1783134963.0289 s2c 65536
1783134963.0290 s2c 65536
1783134963.0293 s2c 65536
1783134963.0295 s2c 24576
1783134963.0308 c2s 321
1783134963.0313 s2c 65491
1783134963.0317 s2c 65536
1783134963.0318 s2c 53
1783134963.4152 c2s 65536
1783134963.4158 c2s 20793
1783134963.4163 c2s 65536
1783134963.4167 c2s 65536
1783134963.4168 c2s 1453
1783134963.4172 c2s 65536
1783134963.4175 c2s 65536
1783134963.4177 c2s 65536
1783134963.4179 c2s 22388
1783134963.7550 s2c 9
1783134963.7561 c2s 321
1783134963.7567 s2c 8
1783134963.7569 s2c 65536
1783134963.7571 s2c 20480
1783134963.7581 c2s 321
1783134963.7586 s2c 65491
1783134963.7588 s2c 53
1783134964.0704 c2s 14978
1783134964.0713 c2s 65536
1783134964.0716 c2s 65536
1783134964.0718 c2s 955
1783134964.0722 c2s 65536
1783134964.0724 c2s 65536
1783134964.0727 c2s 65536
1783134964.0729 c2s 22397
1783134964.2225 s2c 9
1783134964.2235 c2s 9
1783134964.2237 c2s 312
1783134964.2240 s2c 14344
1783134964.2251 c2s 1
1783134964.2252 c2s 320
1783134964.2256 s2c 8
1783134964.2258 s2c 65536
1783134965.1683 c2s 65536
1783134965.1691 c2s 65536
1783134965.1694 c2s 65386
1783134965.1700 c2s 65536
1783134965.1702 c2s 65536
1783134965.1705 c2s 65536
1783134965.1707 c2s 65536
1783134965.1712 c2s 65536
1783134965.1713 c2s 65536
1783134965.1716 c2s 65536
1783134965.1718 c2s 65536
1783134965.1723 c2s 65536
1783134965.1724 c2s 65536
1783134965.1727 c2s 65536
1783134965.1728 c2s 65536
1783134965.1732 c2s 65536
1783134965.1734 c2s 65536
1783134965.1736 c2s 65536
1783134965.1738 c2s 65536
1783134965.1742 c2s 65536
1783134965.1744 c2s 65536
1783134965.1746 c2s 65536
1783134965.1747 c2s 65536
1783134965.1752 c2s 65536
1783134965.1754 c2s 65536
1783134965.1756 c2s 65536
1783134965.1757 c2s 65536
1783134965.1759 c2s 65536
1783134965.1760 c2s 65536
1783134965.1761 c2s 19120
1783134965.6459 s2c 9
1783134965.6464 c2s 321
1783134965.6473 s2c 65491
1783134965.6478 s2c 65536
1783134965.6480 s2c 65536
1783134965.6483 s2c 65536
1783134965.6485 s2c 65536
1783134965.6490 s2c 65536
1783134965.6492 s2c 65536
1783134965.6494 s2c 65536
1783134965.6495 s2c 65536
1783134965.6500 s2c 65536
1783134965.6501 s2c 65536
1783134965.6504 s2c 65536
1783134965.6506 s2c 65536
1783134965.6510 s2c 65536
1783134965.6511 s2c 65536
1783134965.6514 s2c 65536
1783134965.6516 s2c 65536
1783134965.6520 s2c 65536
1783134965.6521 s2c 65536
1783134965.6524 s2c 65536
1783134965.6525 s2c 65536
1783134965.6528 s2c 57397
1783134965.6542 c2s 321
1783134965.6546 s2c 8
1783134965.6549 s2c 65536
1783134965.6551 s2c 65536
1783134966.0358 c2s 65536
1783134966.0362 c2s 21563
1783134966.0366 c2s 65536
1783134966.0367 c2s 65536
1783134966.0369 c2s 65536
1783134966.0370 c2s 65536
1783134966.0372 c2s 65536
1783134966.0373 c2s 23071
1783134966.3748 s2c 9
1783134966.3756 c2s 9
1783134966.3759 c2s 312
1783134966.3763 s2c 8
1783134966.3766 s2c 65536
1783134966.3767 s2c 20480
1783134966.3778 c2s 321
1783134966.3780 s2c 8
1783134966.3782 s2c 65536
1783134966.6874 c2s 15300
1783134966.6884 c2s 65536
1783134966.6886 c2s 65536
1783134966.6889 c2s 65536
1783134966.6891 c2s 65536
1783134966.6894 c2s 65536
1783134966.6896 c2s 23030
1783134966.8037 s2c 9
1783134966.8045 c2s 9
1783134966.8047 c2s 312
1783134966.8051 s2c 14344
1783134966.8059 c2s 9
1783134966.8060 c2s 312
1783134966.8063 s2c 8
1783134966.8064 s2c 65536
1783134967.6877 c2s 65536
1783134967.6886 c2s 65536
1783134967.6888 c2s 65386
1783134967.6894 c2s 65536
1783134967.6896 c2s 65536
1783134967.6899 c2s 65536
1783134967.6900 c2s 65536
1783134967.6906 c2s 65536
1783134967.6907 c2s 65536
1783134967.6910 c2s 65536
1783134967.6911 c2s 65536
1783134967.6916 c2s 65536
1783134967.6918 c2s 65536
1783134967.6920 c2s 65536
1783134967.6922 c2s 65536
1783134967.6926 c2s 65536
1783134967.6928 c2s 65536
1783134967.6930 c2s 65536
1783134967.6931 c2s 65536
1783134967.6936 c2s 65536
1783134967.6937 c2s 65536
1783134967.6940 c2s 65536
1783134967.6941 c2s 65536
1783134967.6946 c2s 65536
1783134967.6948 c2s 65536
1783134967.6950 c2s 65536
1783134967.6951 c2s 65536
1783134967.6956 c2s 65536
1783134967.6958 c2s 65536
1783134967.6960 c2s 19120
1783134968.1658 s2c 9
1783134968.1665 c2s 321
1783134968.1676 s2c 65491
1783134968.1682 s2c 65536
1783134968.1684 s2c 65536
1783134968.1687 s2c 65536
1783134968.1688 s2c 65536
1783134968.1693 s2c 65536
1783134968.1695 s2c 65536
1783134968.1697 s2c 65536
1783134968.1699 s2c 65536
1783134968.1703 s2c 65536
1783134968.1705 s2c 65536
1783134968.1707 s2c 65536
1783134968.1708 s2c 65536
1783134968.1711 s2c 65536
1783134968.1712 s2c 65536
1783134968.1713 s2c 65536
1783134968.1714 s2c 65536
1783134968.1717 s2c 65536
1783134968.1718 s2c 65536
1783134968.1720 s2c 65536
1783134968.1721 s2c 65536
1783134968.1722 s2c 57397
1783134968.1733 c2s 321
1783134968.1738 s2c 8
1783134968.1741 s2c 65536
1783134968.1743 s2c 65536
1783134968.5550 c2s 65492
1783134968.5559 c2s 65536
1783134968.5561 c2s 21924
1783134968.5566 c2s 65536
1783134968.5568 c2s 65536
1783134968.5571 c2s 65536
1783134968.5573 c2s 65536
1783134968.5576 c2s 22754
1783134968.8945 s2c 9
1783134968.8954 c2s 321
1783134968.8960 s2c 65491
1783134968.8962 s2c 20533
1783134968.8968 c2s 9
1783134968.8969 c2s 312
1783134968.8972 s2c 65491
1783134968.8973 s2c 53
1783134969.2063 c2s 15300
1783134969.2072 c2s 65536
1783134969.2075 c2s 65536
1783134969.2078 c2s 65536
1783134969.2080 c2s 65536
1783134969.2084 c2s 65536
1783134969.2086 c2s 23030
1783134969.3237 s2c 9
1783134969.3245 c2s 321
1783134969.3250 s2c 14344
1783134969.3257 c2s 9
1783134969.3259 c2s 312
1783134969.3263 s2c 65491
1783134969.3266 s2c 53
1783134970.2256 c2s 65536
1783134970.2263 c2s 65536
1783134970.2267 c2s 65536
1783134970.2269 c2s 65333
1783134970.2279 c2s 65536
1783134970.2281 c2s 65536
1783134970.2283 c2s 65536
1783134970.2285 c2s 65536
1783134970.2290 c2s 65536
1783134970.2291 c2s 65536
1783134970.2294 c2s 65536
1783134970.2295 c2s 65536
1783134970.2300 c2s 65536
1783134970.2301 c2s 65536
1783134970.2303 c2s 65536
1783134970.2305 c2s 65536
1783134970.2310 c2s 65536
1783134970.2311 c2s 65536
1783134970.2313 c2s 65536
1783134970.2316 c2s 65536
1783134970.2320 c2s 65536
1783134970.2322 c2s 65536
1783134970.2324 c2s 65536
1783134970.2326 c2s 65536
1783134970.2330 c2s 65536
1783134970.2332 c2s 65536
1783134970.2334 c2s 65536
1783134970.2336 c2s 65536
1783134970.2339 c2s 65536
1783134970.2341 c2s 19173
1783134970.7035 s2c 9
1783134970.7041 c2s 321
1783134970.7051 s2c 65491
1783134970.7057 s2c 65536
1783134970.7059 s2c 65536
1783134970.7062 s2c 65536
1783134970.7064 s2c 65536
1783134970.7069 s2c 65536
1783134970.7070 s2c 65536
1783134970.7072 s2c 65536
1783134970.7073 s2c 65536
1783134970.7076 s2c 65536
1783134970.7077 s2c 65536
1783134970.7079 s2c 65536
1783134970.7080 s2c 65536
1783134970.7083 s2c 65536
1783134970.7084 s2c 65536
1783134970.7085 s2c 65536
1783134970.7086 s2c 65536
1783134970.7088 s2c 65536
1783134970.7090 s2c 65536
1783134970.7091 s2c 65536
1783134970.7092 s2c 65536
1783134970.7094 s2c 57397
1783134970.7105 c2s 9
1783134970.7108 c2s 312
1783134970.7115 s2c 65536
1783134970.7117 s2c 65438
1783134970.7120 s2c 106
1783134971.0928 c2s 65536
1783134971.0934 c2s 20793
1783134971.0939 c2s 65536
1783134971.0942 c2s 65536
1783134971.0943 c2s 1444
1783134971.0948 c2s 65536
1783134971.0949 c2s 65536
1783134971.0952 c2s 65536
1783134971.0953 c2s 22397
1783134971.4324 s2c 9
1783134971.4334 c2s 321
1783134971.4339 s2c 8
1783134971.4341 s2c 65536
1783134971.4343 s2c 20480
1783134971.4352 c2s 321
1783134971.4356 s2c 8
1783134971.4359 s2c 65536
1783134971.7458 c2s 14658
1783134971.7468 c2s 65536
1783134971.7470 c2s 65536
1783134971.7471 c2s 1275
1783134971.7474 c2s 65536
1783134971.7476 c2s 65536
1783134971.7477 c2s 65536
1783134971.7478 c2s 22397
1783134971.8616 s2c 9
1783134971.8624 c2s 321
1783134971.8629 s2c 14344
1783134971.8638 c2s 9
1783134971.8639 c2s 312
1783134971.8641 s2c 8
1783134971.8642 s2c 65536
1783134971.9944 c2s 14978
1783134971.9952 c2s 65536
1783134971.9956 c2s 65536
1783134971.9957 c2s 955
1783134971.9962 c2s 65536
1783134971.9963 c2s 65536
1783134971.9966 c2s 65536
1783134971.9968 c2s 22397
1783134972.1090 s2c 9
1783134972.1100 c2s 321
1783134972.1106 s2c 14344
1783134972.1113 c2s 9
1783134972.1115 c2s 312
1783134972.1119 s2c 8
1783134972.1122 s2c 65536
1783134973.0215 c2s 65536
1783134973.0223 c2s 65536
1783134973.0225 c2s 65386
1783134973.0232 c2s 65536
1783134973.0234 c2s 65536
1783134973.0237 c2s 65536
1783134973.0238 c2s 65536
1783134973.0244 c2s 65536
1783134973.0245 c2s 65536
1783134973.0246 c2s 65536
1783134973.0247 c2s 65536
1783134973.0250 c2s 65536
1783134973.0251 c2s 65536
1783134973.0253 c2s 65536
1783134973.0253 c2s 65536
1783134973.0256 c2s 65536
1783134973.0257 c2s 65536
1783134973.0259 c2s 65536
1783134973.0260 c2s 65536
1783134973.0262 c2s 65536
1783134973.0263 c2s 65536
1783134973.0265 c2s 65536
1783134973.0265 c2s 65536
1783134973.0270 c2s 65536
1783134973.0272 c2s 65536
1783134973.0274 c2s 65536
1783134973.0276 c2s 65536
1783134973.0280 c2s 65536
1783134973.0282 c2s 65536
1783134973.0284 c2s 19120
1783134973.4998 s2c 9
1783134973.5006 c2s 9
1783134973.5008 c2s 312
1783134973.5017 s2c 8
1783134973.5022 s2c 65536
1783134973.5024 s2c 65536
1783134973.5027 s2c 65536
1783134973.5029 s2c 65536
1783134973.5033 s2c 65536
1783134973.5036 s2c 65536
1783134973.5038 s2c 65536
1783134973.5040 s2c 65536
1783134973.5044 s2c 65536
1783134973.5046 s2c 65536
1783134973.5048 s2c 65536
1783134973.5050 s2c 65536
1783134973.5054 s2c 65536
1783134973.5055 s2c 65536
1783134973.5057 s2c 65536
1783134973.5059 s2c 65536
1783134973.5063 s2c 65536
1783134973.5065 s2c 65536
1783134973.5067 s2c 65536
1783134973.5068 s2c 65536
1783134973.5071 s2c 65536
1783134973.5073 s2c 57344
1783134973.5086 c2s 321
1783134973.5091 s2c 65491
1783134973.5094 s2c 65536
1783134973.5095 s2c 53
1783134973.8901 c2s 65536
1783134973.8906 c2s 20793
1783134973.8911 c2s 65536
1783134973.8914 c2s 65536
1783134973.8915 c2s 1444
1783134973.8920 c2s 65536
1783134973.8922 c2s 65536
1783134973.8924 c2s 65536
1783134973.8926 c2s 22397
1783134974.2291 s2c 9
1783134974.2299 c2s 321
1783134974.2304 s2c 8
1783134974.2306 s2c 65536
1783134974.2308 s2c 20480
1783134974.2317 c2s 321
1783134974.2320 s2c 8
1783134974.2321 s2c 65536
1783134974.5404 c2s 15299
1783134974.5412 c2s 65536
1783134974.5415 c2s 65536
1783134974.5417 c2s 634
1783134974.5421 c2s 65536
1783134974.5423 c2s 65536
1783134974.5425 c2s 65536
1783134974.5427 c2s 22397
1783134974.6578 s2c 9
1783134974.6587 c2s 321
1783134974.6592 s2c 14344
1783134974.6600 c2s 9
1783134974.6602 c2s 312
1783134974.6606 s2c 8
1783134974.6608 s2c 65536
1783134974.7907 c2s 14987
1783134974.7914 c2s 65536
1783134974.7918 c2s 65536
1783134974.7920 c2s 946
1783134974.7924 c2s 65536
1783134974.7925 c2s 65536
1783134974.7928 c2s 65536
1783134974.7929 c2s 22397
1783134974.9055 s2c 9
1783134974.9060 c2s 9
1783134974.9062 c2s 312
1783134974.9064 s2c 14344
1783134974.9072 c2s 321
1783134974.9075 s2c 8
1783134974.9078 s2c 65536
1783134975.8143 c2s 65536
1783134975.8150 c2s 65536
1783134975.8155 c2s 65536
1783134975.8159 c2s 65333
1783134975.8169 c2s 65536
1783134975.8171 c2s 65536
1783134975.8173 c2s 65536
1783134975.8175 c2s 65536
1783134975.8180 c2s 65536
1783134975.8181 c2s 65536
1783134975.8184 c2s 65536
1783134975.8185 c2s 65536
1783134975.8190 c2s 65536
1783134975.8191 c2s 65536
1783134975.8194 c2s 65536
1783134975.8195 c2s 65536
1783134975.8200 c2s 65536
1783134975.8201 c2s 65536
1783134975.8204 c2s 65536
1783134975.8205 c2s 65536
1783134975.8209 c2s 65536
1783134975.8211 c2s 65536
1783134975.8213 c2s 65536
1783134975.8215 c2s 65536
1783134975.8219 c2s 65536
1783134975.8221 c2s 65536
1783134975.8223 c2s 65536
1783134975.8224 c2s 65536
1783134975.8228 c2s 65536
1783134975.8229 c2s 19173
1783134976.2930 s2c 9
1783134976.2940 c2s 321
1783134976.2950 s2c 8
1783134976.2954 s2c 65536
1783134976.2957 s2c 65536
1783134976.2960 s2c 65536
1783134976.2961 s2c 65536
1783134976.2966 s2c 65536
1783134976.2968 s2c 65536
1783134976.2970 s2c 65536
1783134976.2972 s2c 65536
1783134976.2976 s2c 65536
1783134976.2978 s2c 65536
1783134976.2980 s2c 65536
1783134976.2982 s2c 65536
1783134976.2986 s2c 65536
1783134976.2987 s2c 65536
1783134976.2989 s2c 65536
1783134976.2990 s2c 65536
1783134976.2992 s2c 65536
1783134976.2993 s2c 65536
1783134976.2995 s2c 65536
1783134976.2996 s2c 65536
1783134976.2998 s2c 65536
1783134976.2999 s2c 57344
1783134976.3011 c2s 321
1783134976.3015 s2c 8
1783134976.3018 s2c 65536
1783134976.3020 s2c 65536
1783134976.6831 c2s 65492
1783134976.6839 c2s 65536
1783134976.6841 c2s 21924
1783134976.6846 c2s 65536
1783134976.6848 c2s 65536
1783134976.6851 c2s 65536
1783134976.6852 c2s 65536
1783134976.6855 c2s 22754
1783134977.0228 s2c 9
1783134977.0239 c2s 9
1783134977.0241 c2s 312
1783134977.0246 s2c 8
1783134977.0249 s2c 65536
1783134977.0250 s2c 20480
1783134977.0264 c2s 9
1783134977.0266 c2s 312
1783134977.0270 s2c 65491
1783134977.0273 s2c 53
1783134977.3369 c2s 14978
1783134977.3378 c2s 65536
1783134977.3381 c2s 65536
1783134977.3383 c2s 955
1783134977.3387 c2s 65536
1783134977.3389 c2s 65536
1783134977.3391 c2s 65536
1783134977.3393 c2s 22397
1783134977.4540 s2c 9
1783134977.4551 c2s 321
1783134977.4556 s2c 14344
1783134977.4564 c2s 321
1783134977.4567 s2c 8
1783134977.4570 s2c 65536
1783134978.3663 c2s 65536
1783134978.3672 c2s 65536
1783134978.3675 c2s 65386
1783134978.3682 c2s 65536
1783134978.3684 c2s 65536
1783134978.3687 c2s 65536
1783134978.3688 c2s 65536
1783134978.3693 c2s 65536
1783134978.3695 c2s 65536
1783134978.3698 c2s 65536
1783134978.3699 c2s 65536
1783134978.3702 c2s 65536
1783134978.3704 c2s 65536
1783134978.3705 c2s 65536
1783134978.3706 c2s 65536
1783134978.3709 c2s 65536
1783134978.3710 c2s 65536
1783134978.3711 c2s 65536
1783134978.3712 c2s 65536
1783134978.3715 c2s 65536
1783134978.3716 c2s 65536
1783134978.3718 c2s 65536
1783134978.3719 c2s 65536
1783134978.3722 c2s 65536
1783134978.3723 c2s 65536
1783134978.3725 c2s 65536
1783134978.3727 c2s 65536
1783134978.3730 c2s 65536
1783134978.3733 c2s 65536
1783134978.3734 c2s 19120
1783134978.8436 s2c 9
1783134978.8446 c2s 321
1783134978.8456 s2c 8
1783134978.8460 s2c 65536
1783134978.8463 s2c 65536
1783134978.8466 s2c 65536
1783134978.8467 s2c 65536
1783134978.8472 s2c 65536
1783134978.8474 s2c 65536
1783134978.8475 s2c 65536
1783134978.8476 s2c 65536
1783134978.8479 s2c 65536
1783134978.8480 s2c 65536
1783134978.8482 s2c 65536
1783134978.8483 s2c 65536
1783134978.8485 s2c 65536
1783134978.8486 s2c 65536
1783134978.8488 s2c 65536
1783134978.8489 s2c 65536
1783134978.8491 s2c 65536
1783134978.8492 s2c 65536
1783134978.8494 s2c 65536
1783134978.8494 s2c 65536
1783134978.8498 s2c 65536
1783134978.8499 s2c 57344
1783134978.8512 c2s 321
1783134978.8517 s2c 8
1783134978.8520 s2c 65536
1783134978.8522 s2c 65536
1783134979.2336 c2s 65492
1783134979.2344 c2s 65536
1783134979.2346 c2s 21924
1783134979.2351 c2s 65536
1783134979.2352 c2s 65536
1783134979.2356 c2s 65536
1783134979.2357 c2s 65536
1783134979.2360 c2s 22754
1783134979.5730 s2c 9
1783134979.5740 c2s 321
1783134979.5744 s2c 8
1783134979.5747 s2c 65536
1783134979.5749 s2c 20480
1783134979.5758 c2s 321
1783134979.5763 s2c 65491
1783134979.5765 s2c 53
1783134979.8863 c2s 14658
1783134979.8872 c2s 65536
1783134979.8876 c2s 65536
1783134979.8877 c2s 1275
1783134979.8881 c2s 65536
1783134979.8883 c2s 65536
1783134979.8886 c2s 65536
1783134979.8887 c2s 22397
1783134980.0040 s2c 9
1783134980.0050 c2s 321
1783134980.0054 s2c 14344
1783134980.0063 c2s 9
1783134980.0065 c2s 312
1783134980.0069 s2c 65491
1783134980.0072 s2c 53
1783134980.1370 c2s 14987
1783134980.1379 c2s 65536
1783134980.1382 c2s 65536
1783134980.1384 c2s 946
1783134980.1388 c2s 65536
1783134980.1390 c2s 65536
1783134980.1392 c2s 65536
1783134980.1394 c2s 22397
1783134980.2519 s2c 9
1783134980.2529 c2s 9
1783134980.2531 c2s 312
1783134980.2535 s2c 14344
1783134980.2559 c2s 9
1783134980.2561 c2s 312
1783134980.2565 s2c 8
1783134980.2567 s2c 65536
1783134980.3864 c2s 15299
1783134980.3873 c2s 65536
1783134980.3876 c2s 65536
1783134980.3878 c2s 634
1783134980.3882 c2s 65536
1783134980.3884 c2s 65536
1783134980.3886 c2s 65536
1783134980.3888 c2s 22397
1783134980.5013 s2c 9
1783134980.5022 c2s 321
1783134980.5025 s2c 14344
1783134980.5031 c2s 9
1783134980.5032 c2s 312
1783134980.5036 s2c 8
1783134980.5038 s2c 65536
1783134980.6318 c2s 14649
1783134980.6326 c2s 65536
1783134980.6330 c2s 65536
1783134980.6332 c2s 1284
1783134980.6336 c2s 65536
1783134980.6338 c2s 65536
1783134980.6340 c2s 65536
1783134980.6342 c2s 22397
1783134980.7463 s2c 9
1783134980.7473 c2s 321
1783134980.7478 s2c 14344
1783134980.7486 c2s 9
1783134980.7487 c2s 312
1783134980.7491 s2c 8
1783134980.7494 s2c 65536
1783134981.6516 c2s 1
1783134981.6526 c2s 65536
1783134981.6528 c2s 65536
1783134981.6532 c2s 65536
1783134981.6533 c2s 65536
1783134981.6539 c2s 65536
1783134981.6541 c2s 65536
1783134981.6543 c2s 65536
1783134981.6545 c2s 65536
1783134981.6550 c2s 65536
1783134981.6551 c2s 65536
1783134981.6554 c2s 65536
1783134981.6556 c2s 65536
1783134981.6560 c2s 65536
1783134981.6562 c2s 65536
1783134981.6564 c2s 65536
1783134981.6566 c2s 65536
1783134981.6570 c2s 65536
1783134981.6572 c2s 65536
1783134981.6574 c2s 65536
1783134981.6575 c2s 65536
1783134981.6579 c2s 65536
1783134981.6581 c2s 65536
1783134981.6583 c2s 65536
1783134981.6585 c2s 65536
1783134981.6589 c2s 65536
1783134981.6591 c2s 65536
1783134981.6593 c2s 65536
1783134981.6596 c2s 65536
1783134981.6599 c2s 65536
1783134981.6601 c2s 18969
1783134982.1301 s2c 9
1783134982.1309 c2s 321
1783134982.1321 s2c 65491
1783134982.1324 s2c 65536
1783134982.1326 s2c 65536
1783134982.1328 s2c 65536
1783134982.1329 s2c 65536
1783134982.1332 s2c 65536
1783134982.1333 s2c 65536
1783134982.1334 s2c 65536
1783134982.1335 s2c 65536
1783134982.1338 s2c 65536
1783134982.1339 s2c 65536
1783134982.1340 s2c 65536
1783134982.1341 s2c 65536
1783134982.1344 s2c 65536
1783134982.1345 s2c 65536
1783134982.1347 s2c 65536
1783134982.1349 s2c 65536
1783134982.1353 s2c 65536
1783134982.1355 s2c 65536
1783134982.1357 s2c 65536
1783134982.1359 s2c 65536
1783134982.1362 s2c 57397
1783134982.1373 c2s 321
1783134982.1378 s2c 8
1783134982.1381 s2c 65536
1783134982.1383 s2c 65536
1783134982.5195 c2s 65536
1783134982.5200 c2s 21563
1783134982.5203 c2s 65536
1783134982.5205 c2s 65536
1783134982.5207 c2s 65536
1783134982.5208 c2s 65536
1783134982.5212 c2s 65536
1783134982.5214 c2s 23071
1783134982.8588 s2c 9
1783134982.8596 c2s 9
1783134982.8598 c2s 312
1783134982.8603 s2c 65491
1783134982.8605 s2c 20533
1783134982.8613 c2s 321
1783134982.8615 s2c 8
1783134982.8616 s2c 65536
1783134983.1720 c2s 15299
1783134983.1726 c2s 65536
1783134983.1728 c2s 65536
1783134983.1729 c2s 634
1783134983.1731 c2s 65536
1783134983.1732 c2s 65536
1783134983.1734 c2s 65536
1783134983.1735 c2s 22397
1783134983.2889 s2c 9
1783134983.2894 c2s 321
1783134983.2897 s2c 14344
1783134983.2904 c2s 9
1783134983.2907 c2s 312
1783134983.2910 s2c 8
1783134983.2913 s2c 65536
1783134983.4217 c2s 14987
1783134983.4224 c2s 65536
1783134983.4227 c2s 65536
1783134983.4228 c2s 946
1783134983.4232 c2s 65536
1783134983.4235 c2s 65536
1783134983.4237 c2s 65536
1783134983.4239 c2s 22397
1783134983.5377 s2c 9
1783134983.5386 c2s 9
1783134983.5388 c2s 312
1783134983.5392 s2c 8
1783134983.5395 s2c 14336
1783134983.5402 c2s 9
1783134983.5403 c2s 312
1783134983.5405 s2c 8
1783134983.5406 s2c 65536
1783134983.6685 c2s 14658
1783134983.6693 c2s 65536
1783134983.6696 c2s 65536
1783134983.6698 c2s 1275
1783134983.6702 c2s 65536
1783134983.6704 c2s 65536
1783134983.6706 c2s 65536
1783134983.6708 c2s 22397
1783134983.7830 s2c 9
1783134983.7841 c2s 9
1783134983.7843 c2s 312
1783134983.7847 s2c 14344
1783134983.7854 c2s 321
1783134983.7857 s2c 8
1783134983.7860 s2c 65536
1783134984.6783 c2s 65536
1783134984.6791 c2s 65536
1783134984.6793 c2s 65386
1783134984.6800 c2s 65536
1783134984.6803 c2s 65536
1783134984.6805 c2s 65536
1783134984.6807 c2s 65536
1783134984.6812 c2s 65536
1783134984.6813 c2s 65536
1783134984.6815 c2s 65536
1783134984.6816 c2s 65536
1783134984.6819 c2s 65536
1783134984.6820 c2s 65536
1783134984.6821 c2s 65536
1783134984.6822 c2s 65536
1783134984.6825 c2s 65536
1783134984.6826 c2s 65536
1783134984.6827 c2s 65536
1783134984.6828 c2s 65536
1783134984.6831 c2s 65536
1783134984.6832 c2s 65536
1783134984.6833 c2s 65536
1783134984.6834 c2s 65536
1783134984.6839 c2s 65536
1783134984.6841 c2s 65536
1783134984.6843 c2s 65536
1783134984.6844 c2s 65536
1783134984.6848 c2s 65536
1783134984.6851 c2s 65536
1783134984.6852 c2s 19120
1783134985.1553 s2c 9
1783134985.1562 c2s 321
1783134985.1591 s2c 65491
1783134985.1596 s2c 65536
1783134985.1599 s2c 65536
1783134985.1602 s2c 65536
1783134985.1603 s2c 65536
1783134985.1608 s2c 65536
1783134985.1610 s2c 65536
1783134985.1612 s2c 65536
1783134985.1614 s2c 65536
1783134985.1618 s2c 65536
1783134985.1620 s2c 65536
1783134985.1622 s2c 65536
1783134985.1623 s2c 65536
1783134985.1627 s2c 65536
1783134985.1629 s2c 65536
1783134985.1631 s2c 65536
1783134985.1633 s2c 65536
1783134985.1637 s2c 65536
1783134985.1639 s2c 65536
1783134985.1641 s2c 65536
1783134985.1643 s2c 65536
1783134985.1646 s2c 57397
1783134985.1657 c2s 9
1783134985.1659 c2s 312
1783134985.1664 s2c 65491
1783134985.1667 s2c 65536
1783134985.1668 s2c 53
1783134985.5485 c2s 65492
1783134985.5494 c2s 65536
1783134985.5496 c2s 21924
1783134985.5500 c2s 65536
1783134985.5502 c2s 65536
1783134985.5504 c2s 65536
1783134985.5506 c2s 65536
1783134985.5509 c2s 22754
1783134985.8881 s2c 9
1783134985.8892 c2s 9
1783134985.8894 c2s 312
1783134985.8898 s2c 8
1783134985.8901 s2c 65536
1783134985.8903 s2c 20480
1783134985.8912 c2s 321
1783134985.8915 s2c 8
1783134985.8918 s2c 65536
1783134986.2018 c2s 14658
1783134986.2027 c2s 65536
1783134986.2030 c2s 65536
1783134986.2032 c2s 1275
1783134986.2036 c2s 65536
1783134986.2038 c2s 65536
1783134986.2041 c2s 65536
1783134986.2042 c2s 22397
1783134986.3195 s2c 9
1783134986.3205 c2s 9
1783134986.3207 c2s 312
1783134986.3211 s2c 14344
1783134986.3228 c2s 9
1783134986.3230 c2s 312
1783134986.3233 s2c 8
1783134986.3236 s2c 65536
1783134986.4545 c2s 14658
1783134986.4553 c2s 65536
1783134986.4557 c2s 65536
1783134986.4558 c2s 1275
1783134986.4563 c2s 65536
1783134986.4564 c2s 65536
1783134986.4567 c2s 65536
1783134986.4569 c2s 22397
1783134986.5695 s2c 9
1783134986.5702 c2s 9
1783134986.5704 c2s 312
1783134986.5708 s2c 14344
1783134986.5718 c2s 9
1783134986.5719 c2s 312
1783134986.5723 s2c 8
1783134986.5725 s2c 65536
1783134987.4461 c2s 65536
1783134987.4466 c2s 65536
1783134987.4470 c2s 65536
1783134987.4472 c2s 65536
1783134987.4479 c2s 65536
1783134987.4481 c2s 65536
1783134987.4483 c2s 65536
1783134987.4485 c2s 65536
1783134987.4490 c2s 65536
1783134987.4492 c2s 65536
1783134987.4495 c2s 65536
1783134987.4497 c2s 65536
1783134987.4500 c2s 65536
1783134987.4501 c2s 65536
1783134987.4502 c2s 65536
1783134987.4503 c2s 65536
1783134987.4506 c2s 65536
1783134987.4507 c2s 65536
1783134987.4508 c2s 65536
1783134987.4509 c2s 65536
1783134987.4512 c2s 65536
1783134987.4513 c2s 65536
1783134987.4514 c2s 65536
1783134987.4515 c2s 65536
1783134987.4520 c2s 65536
1783134987.4522 c2s 65536
1783134987.4525 c2s 65536
1783134987.4526 c2s 65536
1783134987.4529 c2s 65536
1783134987.4531 c2s 18970
1783134987.9231 s2c 9
1783134987.9241 c2s 321
1783134987.9251 s2c 65491
1783134987.9256 s2c 65536
1783134987.9258 s2c 65536
1783134987.9261 s2c 65536
1783134987.9263 s2c 65536
1783134987.9267 s2c 65536
1783134987.9269 s2c 65536
1783134987.9271 s2c 65536
1783134987.9273 s2c 65536
1783134987.9277 s2c 65536
1783134987.9279 s2c 65536
1783134987.9281 s2c 65536
1783134987.9283 s2c 65536
1783134987.9287 s2c 65536
1783134987.9289 s2c 65536
1783134987.9291 s2c 65536
1783134987.9292 s2c 65536
1783134987.9296 s2c 65536
1783134987.9298 s2c 65536
1783134987.9300 s2c 65536
1783134987.9302 s2c 65536
1783134987.9305 s2c 57397
1783134987.9315 c2s 9
1783134987.9317 c2s 312
1783134987.9320 s2c 65491
1783134987.9322 s2c 65536
1783134987.9323 s2c 53
1783134988.3129 c2s 65536
1783134988.3135 c2s 20793
1783134988.3139 c2s 65536
1783134988.3142 c2s 65536
1783134988.3144 c2s 1444
1783134988.3148 c2s 65536
1783134988.3150 c2s 65536
1783134988.3152 c2s 65536
1783134988.3154 c2s 22397
1783134988.6523 s2c 9
1783134988.6531 c2s 9
1783134988.6532 c2s 312
1783134988.6535 s2c 8
1783134988.6537 s2c 65536
1783134988.6538 s2c 20480
1783134988.6546 c2s 321
1783134988.6550 s2c 8
1783134988.6552 s2c 65536
1783134988.9645 c2s 14658
1783134988.9653 c2s 65536
1783134988.9656 c2s 65536
1783134988.9658 c2s 1275
1783134988.9662 c2s 65536
1783134988.9664 c2s 65536
1783134988.9666 c2s 65536
1783134988.9667 c2s 22397
1783134989.0816 s2c 9
1783134989.0823 c2s 9
1783134989.0826 c2s 312
1783134989.0830 s2c 14344
1783134989.0837 c2s 9
1783134989.0839 c2s 312
1783134989.0843 s2c 8
1783134989.0845 s2c 65536
1783134989.2145 c2s 14978
1783134989.2152 c2s 65536
1783134989.2154 c2s 65536
1783134989.2155 c2s 955
1783134989.2158 c2s 65536
1783134989.2159 c2s 65536
1783134989.2160 c2s 65536
1783134989.2161 c2s 22397
1783134989.3286 s2c 9
1783134989.3296 c2s 9
1783134989.3298 c2s 312
1783134989.3302 s2c 14344
1783134989.3312 c2s 9
1783134989.3313 c2s 312
1783134989.3315 s2c 8
1783134989.3317 s2c 65536
1783134989.4587 c2s 14658
1783134989.4596 c2s 65536
1783134989.4598 c2s 65536
1783134989.4599 c2s 1275
1783134989.4602 c2s 65536
1783134989.4603 c2s 65536
1783134989.4605 c2s 65536
1783134989.4606 c2s 22397
1783134989.5723 s2c 9
1783134989.5730 c2s 9
1783134989.5732 c2s 312
1783134989.5736 s2c 14344
1783134989.5744 c2s 9
1783134989.5746 c2s 312
1783134989.5749 s2c 8
1783134989.5752 s2c 65536
1783134990.4663 c2s 65536
1783134990.4672 c2s 65536
1783134990.4674 c2s 65386
1783134990.4683 c2s 65536
1783134990.4684 c2s 65536
1783134990.4686 c2s 65536
1783134990.4687 c2s 65536
1783134990.4691 c2s 65536
1783134990.4692 c2s 65536
1783134990.4693 c2s 65536
1783134990.4694 c2s 65536
1783134990.4697 c2s 65536
1783134990.4698 c2s 65536
1783134990.4700 c2s 65536
1783134990.4701 c2s 65536
1783134990.4704 c2s 65536
1783134990.4706 c2s 65536
1783134990.4708 c2s 65536
1783134990.4710 c2s 65536
1783134990.4714 c2s 65536
1783134990.4716 c2s 65536
1783134990.4718 c2s 65536
1783134990.4720 c2s 65536
1783134990.4724 c2s 65536
1783134990.4725 c2s 65536
1783134990.4727 c2s 65536
1783134990.4728 c2s 65536
1783134990.4730 c2s 65536
1783134990.4732 c2s 65536
1783134990.4733 c2s 19120
1783134990.9431 s2c 9
1783134990.9439 c2s 9
1783134990.9441 c2s 312
1783134990.9451 s2c 65491
1783134990.9456 s2c 65536
1783134990.9458 s2c 65536
1783134990.9461 s2c 65536
1783134990.9463 s2c 65536
1783134990.9467 s2c 65536
1783134990.9469 s2c 65536
1783134990.9471 s2c 65536
1783134990.9473 s2c 65536
1783134990.9477 s2c 65536
1783134990.9479 s2c 65536
1783134990.9482 s2c 65536
1783134990.9483 s2c 65536
1783134990.9487 s2c 65536
1783134990.9489 s2c 65536
1783134990.9491 s2c 65536
1783134990.9493 s2c 65536
1783134990.9497 s2c 65536
1783134990.9498 s2c 65536
1783134990.9501 s2c 65536
1783134990.9502 s2c 65536
1783134990.9505 s2c 57397
1783134990.9516 c2s 321
1783134990.9519 s2c 8
1783134990.9521 s2c 65536
1783134990.9522 s2c 65536
1783134991.3330 c2s 65536
1783134991.3336 c2s 20793
1783134991.3341 c2s 65536
1783134991.3344 c2s 65536
1783134991.3345 c2s 1444
1783134991.3349 c2s 65536
1783134991.3351 c2s 65536
1783134991.3354 c2s 65536
1783134991.3356 c2s 22397
1783134991.6739 s2c 9
1783134991.6747 c2s 9
1783134991.6749 c2s 312
1783134991.6753 s2c 8
1783134991.6758 s2c 65536
1783134991.6759 s2c 20480
1783134991.6767 c2s 1
1783134991.6768 c2s 320
1783134991.6771 s2c 8
1783134991.6772 s2c 65536
1783134991.9864 c2s 14978
1783134991.9872 c2s 65536
1783134991.9876 c2s 65536
1783134991.9877 c2s 955
1783134991.9881 c2s 65536
1783134991.9883 c2s 65536
1783134991.9886 c2s 65536
1783134991.9887 c2s 22397
1783134992.1034 s2c 9
1783134992.1042 c2s 9
1783134992.1044 c2s 312
1783134992.1049 s2c 14344
1783134992.1056 c2s 9
1783134992.1057 c2s 312
1783134992.1059 s2c 8
1783134992.1060 s2c 65536
1783134992.2361 c2s 14658
1783134992.2369 c2s 65536
1783134992.2372 c2s 65536
1783134992.2373 c2s 1275
1783134992.2377 c2s 65536
1783134992.2379 c2s 65536
1783134992.2381 c2s 65536
1783134992.2383 c2s 22397
1783134992.3502 s2c 9
1783134992.3509 c2s 321
1783134992.3514 s2c 14344
1783134992.3521 c2s 9
1783134992.3523 c2s 312
1783134992.3527 s2c 8
1783134992.3529 s2c 65536
1783134992.4810 c2s 14650
1783134992.4818 c2s 65536
1783134992.4820 c2s 65536
1783134992.4822 c2s 1283
1783134992.4826 c2s 65536
1783134992.4828 c2s 65536
1783134992.4830 c2s 65536
1783134992.4833 c2s 22397
1783134992.5952 s2c 9
1783134992.5960 c2s 9
1783134992.5963 c2s 312
1783134992.5967 s2c 14344
1783134992.5975 c2s 9
1783134992.5976 c2s 312
1783134992.5980 s2c 8
1783134992.5982 s2c 65536
1783134993.4991 c2s 65536
1783134993.4998 c2s 65536
1783134993.5002 c2s 65536
1783134993.5004 c2s 65333
1783134993.5013 c2s 65536
1783134993.5015 c2s 65536
1783134993.5017 c2s 65536
1783134993.5019 c2s 65536
1783134993.5024 c2s 65536
1783134993.5025 c2s 65536
1783134993.5028 c2s 65536
1783134993.5029 c2s 65536
1783134993.5033 c2s 65536
1783134993.5036 c2s 65536
1783134993.5038 c2s 65536
1783134993.5040 c2s 65536
1783134993.5044 c2s 65536
1783134993.5046 c2s 65536
1783134993.5048 c2s 65536
1783134993.5050 c2s 65536
1783134993.5053 c2s 65536
1783134993.5054 c2s 65536
1783134993.5056 c2s 65536
1783134993.5057 c2s 65536
1783134993.5060 c2s 65536
1783134993.5061 c2s 65536
1783134993.5062 c2s 65536
1783134993.5063 c2s 65536
1783134993.5065 c2s 65536
1783134993.5066 c2s 19173
1783134993.9762 s2c 9
1783134993.9771 c2s 321
1783134993.9781 s2c 65491
1783134993.9786 s2c 65536
1783134993.9788 s2c 65536
1783134993.9791 s2c 65536
1783134993.9792 s2c 65536
1783134993.9798 s2c 65536
1783134993.9799 s2c 65536
1783134993.9802 s2c 65536
1783134993.9803 s2c 65536
1783134993.9807 s2c 65536
1783134993.9809 s2c 65536
1783134993.9811 s2c 65536
1783134993.9813 s2c 65536
1783134993.9817 s2c 65536
1783134993.9818 s2c 65536
1783134993.9820 s2c 65536
1783134993.9822 s2c 65536
1783134993.9826 s2c 65536
1783134993.9828 s2c 65536
1783134993.9830 s2c 65536
1783134993.9831 s2c 65536
1783134993.9834 s2c 57397
1783134993.9846 c2s 9
1783134993.9848 c2s 312
1783134993.9853 s2c 8
1783134993.9856 s2c 65536
1783134993.9857 s2c 65536
1783134994.3664 c2s 65492
1783134994.3670 c2s 65536
1783134994.3671 c2s 21924
1783134994.3672 c2s 65536
1783134994.3673 c2s 357
1783134994.3675 c2s 65492
1783134994.3679 c2s 65536
1783134994.3682 c2s 65536
1783134994.3684 c2s 22441
1783134994.7055 s2c 9
1783134994.7062 c2s 321
1783134994.7067 s2c 8
1783134994.7070 s2c 65536
1783134994.7071 s2c 20480
1783134994.7079 c2s 321
1783134994.7084 s2c 65491
1783134994.7086 s2c 53
1783134995.0179 c2s 14978
1783134995.0187 c2s 65536
1783134995.0190 c2s 65536
1783134995.0191 c2s 955
1783134995.0197 c2s 65536
1783134995.0200 c2s 65536
1783134995.0202 c2s 65536
1783134995.0204 c2s 22397
1783134995.1354 s2c 9
1783134995.1366 c2s 321
1783134995.1371 s2c 14344
1783134995.1379 c2s 321
1783134995.1383 s2c 8
1783134995.1385 s2c 65536
1783134996.0431 c2s 65536
1783134996.0439 c2s 65536
1783134996.0441 c2s 65386
1783134996.0448 c2s 65536
1783134996.0450 c2s 65536
1783134996.0452 c2s 65536
1783134996.0454 c2s 65536
1783134996.0459 c2s 65536
1783134996.0461 c2s 65536
1783134996.0463 c2s 65536
1783134996.0465 c2s 65536
1783134996.0469 c2s 65536
1783134996.0471 c2s 65536
1783134996.0473 c2s 65536
1783134996.0475 c2s 65536
1783134996.0479 c2s 65536
1783134996.0481 c2s 65536
1783134996.0483 c2s 65536
1783134996.0485 c2s 65536
1783134996.0489 c2s 65536
1783134996.0491 c2s 65536
1783134996.0493 c2s 65536
1783134996.0494 c2s 65536
1783134996.0499 c2s 65536
1783134996.0501 c2s 65536
1783134996.0503 c2s 65536
1783134996.0505 c2s 65536
1783134996.0509 c2s 65536
1783134996.0511 c2s 65536
1783134996.0513 c2s 19120
1783134996.5217 s2c 9
1783134996.5225 c2s 9
1783134996.5227 c2s 312
1783134996.5240 s2c 65536
1783134996.5242 s2c 65536
1783134996.5244 s2c 65536
1783134996.5245 s2c 65332
1783134996.5250 s2c 65536
1783134996.5251 s2c 65536
1783134996.5252 s2c 65536
1783134996.5253 s2c 65536
1783134996.5256 s2c 65536
1783134996.5257 s2c 65536
1783134996.5258 s2c 65536
1783134996.5259 s2c 65536
1783134996.5262 s2c 65536
1783134996.5263 s2c 65536
1783134996.5265 s2c 65536
1783134996.5267 s2c 65536
1783134996.5271 s2c 65536
1783134996.5272 s2c 65536
1783134996.5275 s2c 65536
1783134996.5277 s2c 65536
1783134996.5280 s2c 65536
1783134996.5281 s2c 57556
1783134996.5294 c2s 321
1783134996.5297 s2c 8
1783134996.5299 s2c 65536
1783134996.5300 s2c 65536
1783134996.9110 c2s 65492
1783134996.9119 c2s 65536
1783134996.9121 c2s 21924
1783134996.9125 c2s 65536
1783134996.9127 c2s 65536
1783134996.9130 c2s 65536
1783134996.9131 c2s 65536
1783134996.9134 c2s 22754
1783134997.2507 s2c 9
1783134997.2518 c2s 9
1783134997.2520 c2s 312
1783134997.2524 s2c 8
1783134997.2527 s2c 65536
1783134997.2529 s2c 20480
1783134997.2537 c2s 321
1783134997.2541 s2c 8
1783134997.2543 s2c 65536
1783134997.5634 c2s 14650
1783134997.5642 c2s 65536
1783134997.5646 c2s 65536
1783134997.5648 c2s 1283
1783134997.5652 c2s 65536
1783134997.5654 c2s 65536
1783134997.5656 c2s 65536
1783134997.5657 c2s 22397
1783134997.6809 s2c 9
1783134997.6819 c2s 321
1783134997.6824 s2c 14344
1783134997.6831 c2s 321
1783134997.6834 s2c 8
1783134997.6837 s2c 65536
1783134998.5874 c2s 65536
1783134998.5881 c2s 65536
1783134998.5885 c2s 65536
1783134998.5887 c2s 65536
1783134998.5893 c2s 65536
1783134998.5895 c2s 65536
1783134998.5898 c2s 65536
1783134998.5899 c2s 65536
1783134998.5905 c2s 65536
1783134998.5907 c2s 65536
1783134998.5908 c2s 65536
1783134998.5909 c2s 65536
1783134998.5912 c2s 65536
1783134998.5913 c2s 65536
1783134998.5915 c2s 65536
1783134998.5916 c2s 65536
1783134998.5918 c2s 65536
1783134998.5919 c2s 65536
1783134998.5921 c2s 65536
1783134998.5922 c2s 65536
1783134998.5924 c2s 65536
1783134998.5925 c2s 65536
1783134998.5927 c2s 65536
1783134998.5928 c2s 65536
1783134998.5932 c2s 65536
1783134998.5934 c2s 65536
1783134998.5937 c2s 65536
1783134998.5938 c2s 65536
1783134998.5941 c2s 65536
1783134998.5943 c2s 18970
1783134999.0646 s2c 9
1783134999.0656 c2s 321
1783134999.0665 s2c 8
1783134999.0669 s2c 65536
1783134999.0672 s2c 65536
1783134999.0674 s2c 65536
1783134999.0676 s2c 65536
1783134999.0681 s2c 65536
1783134999.0683 s2c 65536
1783134999.0685 s2c 65536
1783134999.0687 s2c 65536
1783134999.0691 s2c 65536
1783134999.0693 s2c 65536
1783134999.0695 s2c 65536
1783134999.0696 s2c 65536
1783134999.0701 s2c 65536
1783134999.0702 s2c 65536
1783134999.0705 s2c 65536
1783134999.0706 s2c 65536
1783134999.0710 s2c 65536
1783134999.0712 s2c 65536
1783134999.0714 s2c 65536
1783134999.0716 s2c 65536
1783134999.0720 s2c 65536
1783134999.0721 s2c 57344
1783134999.0733 c2s 321
1783134999.0737 s2c 8
1783134999.0740 s2c 65536
1783134999.0742 s2c 65536
1783134999.4550 c2s 65536
1783134999.4554 c2s 21563
1783134999.4558 c2s 65536
1783134999.4559 c2s 65536
1783134999.4561 c2s 65536
1783134999.4562 c2s 65536
1783134999.4564 c2s 65536
1783134999.4565 c2s 23071
1783134999.7935 s2c 9
1783134999.7943 c2s 9
1783134999.7945 c2s 312
1783134999.7949 s2c 8
1783134999.7952 s2c 65536
1783134999.7954 s2c 20480
1783134999.7963 c2s 321
1783134999.7968 s2c 65491
1783134999.7970 s2c 53
1783135000.1066 c2s 14978
1783135000.1075 c2s 65536
1783135000.1079 c2s 65536
1783135000.1080 c2s 955
1783135000.1085 c2s 65536
1783135000.1087 c2s 65536
1783135000.1089 c2s 65536
1783135000.1090 c2s 22397
1783135000.2241 s2c 9
1783135000.2251 c2s 321
1783135000.2256 s2c 14344
1783135000.2264 c2s 321
1783135000.2268 s2c 8
1783135000.2270 s2c 65536
